조사명,학교급,indicator_id,대분류코드,대분류,소주제코드,소주제,응답주체,지표명,조사연도,주기,코드,응답수,비율,선지라벨
경기학교교육실태조사,중학교,PR_ASPIRE_01,C10,진로·진학,S1001,교육포부,학부모,교육포부 - 교육포부,2021,1주기,1.0,152,2.56,고등학교 졸업
경기학교교육실태조사,중학교,PR_ASPIRE_01,C10,진로·진학,S1001,교육포부,학부모,교육포부 - 교육포부,2021,1주기,2.0,480,8.07,2~3년제 대학 졸업
경기학교교육실태조사,중학교,PR_ASPIRE_01,C10,진로·진학,S1001,교육포부,학부모,교육포부 - 교육포부,2021,1주기,3.0,3710,62.37,4년제 대학 졸업
경기학교교육실태조사,중학교,PR_ASPIRE_01,C10,진로·진학,S1001,교육포부,학부모,교육포부 - 교육포부,2021,1주기,4.0,718,12.07,대학원 석사 졸업
경기학교교육실태조사,중학교,PR_ASPIRE_01,C10,진로·진학,S1001,교육포부,학부모,교육포부 - 교육포부,2021,1주기,5.0,888,14.93,대학원 박사 졸업
경기학교교육실태조사,중학교,PR_ASPIRE_01,C10,진로·진학,S1001,교육포부,학부모,교육포부 - 교육포부,2025,2주기,1.0,31,2.09,고등학교 졸업
경기학교교육실태조사,중학교,PR_ASPIRE_01,C10,진로·진학,S1001,교육포부,학부모,교육포부 - 교육포부,2025,2주기,2.0,93,6.28,2~3년제 대학 졸업
경기학교교육실태조사,중학교,PR_ASPIRE_01,C10,진로·진학,S1001,교육포부,학부모,교육포부 - 교육포부,2025,2주기,3.0,953,64.3,4년제 대학 졸업
경기학교교육실태조사,중학교,PR_ASPIRE_01,C10,진로·진학,S1001,교육포부,학부모,교육포부 - 교육포부,2025,2주기,4.0,207,13.97,대학원 석사 졸업
경기학교교육실태조사,중학교,PR_ASPIRE_01,C10,진로·진학,S1001,교육포부,학부모,교육포부 - 교육포부,2025,2주기,5.0,198,13.36,대학원 박사 졸업
경기학교교육실태조사,중학교,PR_CAREER_01,C10,진로·진학,S1002,진로·진학 준비,학부모,진로·진학 준비 경험 및 인식 - 1)학교 담임교사와 상담(전화 상담 및 비대면 상담 포함),2021,1주기,1.0,4223,71.0,있다
경기학교교육실태조사,중학교,PR_CAREER_01,C10,진로·진학,S1002,진로·진학 준비,학부모,진로·진학 준비 경험 및 인식 - 1)학교 담임교사와 상담(전화 상담 및 비대면 상담 포함),2021,1주기,2.0,1725,29.0,없다
경기학교교육실태조사,중학교,PR_CAREER_01,C10,진로·진학,S1002,진로·진학 준비,학부모,진로·진학 준비 경험 및 인식 - 1)학교 담임교사와 상담(전화 상담 및 비대면 상담 포함),2025,2주기,1.0,1083,73.08,경험여부 있다
경기학교교육실태조사,중학교,PR_CAREER_01,C10,진로·진학,S1002,진로·진학 준비,학부모,진로·진학 준비 경험 및 인식 - 1)학교 담임교사와 상담(전화 상담 및 비대면 상담 포함),2025,2주기,2.0,399,26.92,경험여부 없다
경기학교교육실태조사,중학교,PR_CAREER_02,C10,진로·진학,S1002,진로·진학 준비,학부모,진로·진학 준비 경험 및 인식 - 2)학교 진로담당교사와 상담(전화 상담 및 비대면 상담 포함),2021,1주기,1.0,882,14.83,있다
경기학교교육실태조사,중학교,PR_CAREER_02,C10,진로·진학,S1002,진로·진학 준비,학부모,진로·진학 준비 경험 및 인식 - 2)학교 진로담당교사와 상담(전화 상담 및 비대면 상담 포함),2021,1주기,2.0,5066,85.17,없다
경기학교교육실태조사,중학교,PR_CAREER_02,C10,진로·진학,S1002,진로·진학 준비,학부모,진로·진학 준비 경험 및 인식 - 2)학교 진로담당교사와 상담(전화 상담 및 비대면 상담 포함),2025,2주기,1.0,341,23.01,경험여부 있다
경기학교교육실태조사,중학교,PR_CAREER_02,C10,진로·진학,S1002,진로·진학 준비,학부모,진로·진학 준비 경험 및 인식 - 2)학교 진로담당교사와 상담(전화 상담 및 비대면 상담 포함),2025,2주기,2.0,1141,76.99,경험여부 없다
경기학교교육실태조사,중학교,PR_CAREER_03,C10,진로·진학,S1002,진로·진학 준비,학부모,진로·진학 준비 경험 및 인식 - 3)학교 교과담당교사와 상담(전화 상담 및 비대면 상담 포함),2021,1주기,1.0,652,10.96,있다
경기학교교육실태조사,중학교,PR_CAREER_03,C10,진로·진학,S1002,진로·진학 준비,학부모,진로·진학 준비 경험 및 인식 - 3)학교 교과담당교사와 상담(전화 상담 및 비대면 상담 포함),2021,1주기,2.0,5296,89.04,없다
경기학교교육실태조사,중학교,PR_CAREER_03,C10,진로·진학,S1002,진로·진학 준비,학부모,진로·진학 준비 경험 및 인식 - 3)학교 교과담당교사와 상담(전화 상담 및 비대면 상담 포함),2025,2주기,1.0,285,19.23,경험여부 있다
경기학교교육실태조사,중학교,PR_CAREER_03,C10,진로·진학,S1002,진로·진학 준비,학부모,진로·진학 준비 경험 및 인식 - 3)학교 교과담당교사와 상담(전화 상담 및 비대면 상담 포함),2025,2주기,2.0,1197,80.77,경험여부 없다
경기학교교육실태조사,중학교,PR_CAREER_04,C10,진로·진학,S1002,진로·진학 준비,학부모,"진로·진학 준비 경험 및 인식 - 4)사교육종사자(학원강사, 과외교사, 입시진로 컨설팅 회사 등)와 상담",2021,1주기,1.0,3802,63.92,있다
경기학교교육실태조사,중학교,PR_CAREER_04,C10,진로·진학,S1002,진로·진학 준비,학부모,"진로·진학 준비 경험 및 인식 - 4)사교육종사자(학원강사, 과외교사, 입시진로 컨설팅 회사 등)와 상담",2021,1주기,2.0,2146,36.08,없다
경기학교교육실태조사,중학교,PR_CAREER_04,C10,진로·진학,S1002,진로·진학 준비,학부모,"진로·진학 준비 경험 및 인식 - 4)사교육종사자(학원강사, 과외교사, 입시진로 컨설팅 회사 등)와 상담",2025,2주기,1.0,978,65.99,경험여부 있다
경기학교교육실태조사,중학교,PR_CAREER_04,C10,진로·진학,S1002,진로·진학 준비,학부모,"진로·진학 준비 경험 및 인식 - 4)사교육종사자(학원강사, 과외교사, 입시진로 컨설팅 회사 등)와 상담",2025,2주기,2.0,504,34.01,경험여부 없다
경기학교교육실태조사,중학교,PR_CAREER_05,C10,진로·진학,S1002,진로·진학 준비,학부모,"진로·진학 준비 경험 및 인식 - 5)진로 관련 검사(적성, 흥미검사 등) 실시",2021,1주기,1.0,2570,43.21,있다
경기학교교육실태조사,중학교,PR_CAREER_05,C10,진로·진학,S1002,진로·진학 준비,학부모,"진로·진학 준비 경험 및 인식 - 5)진로 관련 검사(적성, 흥미검사 등) 실시",2021,1주기,2.0,3378,56.79,없다
경기학교교육실태조사,중학교,PR_CAREER_05,C10,진로·진학,S1002,진로·진학 준비,학부모,"진로·진학 준비 경험 및 인식 - 5)진로 관련 검사(적성, 흥미검사 등) 실시",2025,2주기,1.0,732,49.39,경험여부 있다
경기학교교육실태조사,중학교,PR_CAREER_05,C10,진로·진학,S1002,진로·진학 준비,학부모,"진로·진학 준비 경험 및 인식 - 5)진로 관련 검사(적성, 흥미검사 등) 실시",2025,2주기,2.0,750,50.61,경험여부 없다
경기학교교육실태조사,중학교,PR_CAREER_06,C10,진로·진학,S1002,진로·진학 준비,학부모,진로·진학 준비 경험 및 인식 - 6)상급학교(고등학교·대학교) 직접 방문(입시설명회 포함) 및 전화 상담,2021,1주기,1.0,1235,20.76,있다
경기학교교육실태조사,중학교,PR_CAREER_06,C10,진로·진학,S1002,진로·진학 준비,학부모,진로·진학 준비 경험 및 인식 - 6)상급학교(고등학교·대학교) 직접 방문(입시설명회 포함) 및 전화 상담,2021,1주기,2.0,4713,79.24,없다
경기학교교육실태조사,중학교,PR_CAREER_06,C10,진로·진학,S1002,진로·진학 준비,학부모,진로·진학 준비 경험 및 인식 - 6)상급학교(고등학교·대학교) 직접 방문(입시설명회 포함) 및 전화 상담,2025,2주기,1.0,789,53.24,경험여부 있다
경기학교교육실태조사,중학교,PR_CAREER_06,C10,진로·진학,S1002,진로·진학 준비,학부모,진로·진학 준비 경험 및 인식 - 6)상급학교(고등학교·대학교) 직접 방문(입시설명회 포함) 및 전화 상담,2025,2주기,2.0,693,46.76,경험여부 없다
경기학교교육실태조사,중학교,PR_CAREER_07,C10,진로·진학,S1002,진로·진학 준비,학부모,진로·진학 준비 경험 및 인식 - 7)상급학교 안내책자(홍보자료)를 통한 정보 수집,2021,1주기,1.0,3113,52.34,있다
경기학교교육실태조사,중학교,PR_CAREER_07,C10,진로·진학,S1002,진로·진학 준비,학부모,진로·진학 준비 경험 및 인식 - 7)상급학교 안내책자(홍보자료)를 통한 정보 수집,2021,1주기,2.0,2835,47.66,없다
경기학교교육실태조사,중학교,PR_CAREER_07,C10,진로·진학,S1002,진로·진학 준비,학부모,진로·진학 준비 경험 및 인식 - 7)상급학교 안내책자(홍보자료)를 통한 정보 수집,2025,2주기,1.0,1031,69.57,경험여부 있다
경기학교교육실태조사,중학교,PR_CAREER_07,C10,진로·진학,S1002,진로·진학 준비,학부모,진로·진학 준비 경험 및 인식 - 7)상급학교 안내책자(홍보자료)를 통한 정보 수집,2025,2주기,2.0,451,30.43,경험여부 없다
경기학교교육실태조사,중학교,PR_CAREER_08,C10,진로·진학,S1002,진로·진학 준비,학부모,"진로·진학 준비 경험 및 인식 - 8)대중매체(TV, 신문 등)를 통한 정보 수집",2021,1주기,1.0,2836,47.68,있다
경기학교교육실태조사,중학교,PR_CAREER_08,C10,진로·진학,S1002,진로·진학 준비,학부모,"진로·진학 준비 경험 및 인식 - 8)대중매체(TV, 신문 등)를 통한 정보 수집",2021,1주기,2.0,3112,52.32,없다
경기학교교육실태조사,중학교,PR_CAREER_08,C10,진로·진학,S1002,진로·진학 준비,학부모,"진로·진학 준비 경험 및 인식 - 8)대중매체(TV, 신문 등)를 통한 정보 수집",2025,2주기,1.0,945,63.77,경험여부 있다
경기학교교육실태조사,중학교,PR_CAREER_08,C10,진로·진학,S1002,진로·진학 준비,학부모,"진로·진학 준비 경험 및 인식 - 8)대중매체(TV, 신문 등)를 통한 정보 수집",2025,2주기,2.0,537,36.23,경험여부 없다
경기학교교육실태조사,중학교,PR_CAREER_09,C10,진로·진학,S1002,진로·진학 준비,학부모,진로·진학 준비 경험 및 인식 - 9)온라인 커뮤니티를 통한 정보 수집,2021,1주기,1.0,3616,60.79,있다
경기학교교육실태조사,중학교,PR_CAREER_09,C10,진로·진학,S1002,진로·진학 준비,학부모,진로·진학 준비 경험 및 인식 - 9)온라인 커뮤니티를 통한 정보 수집,2021,1주기,2.0,2332,39.21,없다
경기학교교육실태조사,중학교,PR_CAREER_09,C10,진로·진학,S1002,진로·진학 준비,학부모,진로·진학 준비 경험 및 인식 - 9)온라인 커뮤니티를 통한 정보 수집,2025,2주기,1.0,1101,74.29,경험여부 있다
경기학교교육실태조사,중학교,PR_CAREER_09,C10,진로·진학,S1002,진로·진학 준비,학부모,진로·진학 준비 경험 및 인식 - 9)온라인 커뮤니티를 통한 정보 수집,2025,2주기,2.0,381,25.71,경험여부 없다
경기학교교육실태조사,중학교,PR_CAREER_10,C10,진로·진학,S1002,진로·진학 준비,학부모,진로·진학 준비 경험 및 인식 - 1)학교 담임교사와 상담(전화 상담 및 비대면 상담 포함),2021,1주기,1.0,59,1.4,전혀 도움 되지 않는다
경기학교교육실태조사,중학교,PR_CAREER_10,C10,진로·진학,S1002,진로·진학 준비,학부모,진로·진학 준비 경험 및 인식 - 1)학교 담임교사와 상담(전화 상담 및 비대면 상담 포함),2021,1주기,2.0,305,7.22,도움 되지 않는다
경기학교교육실태조사,중학교,PR_CAREER_10,C10,진로·진학,S1002,진로·진학 준비,학부모,진로·진학 준비 경험 및 인식 - 1)학교 담임교사와 상담(전화 상담 및 비대면 상담 포함),2021,1주기,3.0,1655,39.19,보통이다
경기학교교육실태조사,중학교,PR_CAREER_10,C10,진로·진학,S1002,진로·진학 준비,학부모,진로·진학 준비 경험 및 인식 - 1)학교 담임교사와 상담(전화 상담 및 비대면 상담 포함),2021,1주기,4.0,1835,43.45,도움 된다
경기학교교육실태조사,중학교,PR_CAREER_10,C10,진로·진학,S1002,진로·진학 준비,학부모,진로·진학 준비 경험 및 인식 - 1)학교 담임교사와 상담(전화 상담 및 비대면 상담 포함),2021,1주기,5.0,369,8.74,매우 도움 된다
경기학교교육실태조사,중학교,PR_CAREER_10,C10,진로·진학,S1002,진로·진학 준비,학부모,진로·진학 준비 경험 및 인식 - 1)학교 담임교사와 상담(전화 상담 및 비대면 상담 포함),2025,2주기,1.0,9,0.83,전혀도움 되지않는다
경기학교교육실태조사,중학교,PR_CAREER_10,C10,진로·진학,S1002,진로·진학 준비,학부모,진로·진학 준비 경험 및 인식 - 1)학교 담임교사와 상담(전화 상담 및 비대면 상담 포함),2025,2주기,2.0,15,1.39,도움 되지않는다
경기학교교육실태조사,중학교,PR_CAREER_10,C10,진로·진학,S1002,진로·진학 준비,학부모,진로·진학 준비 경험 및 인식 - 1)학교 담임교사와 상담(전화 상담 및 비대면 상담 포함),2025,2주기,3.0,230,21.24,보통이다
경기학교교육실태조사,중학교,PR_CAREER_10,C10,진로·진학,S1002,진로·진학 준비,학부모,진로·진학 준비 경험 및 인식 - 1)학교 담임교사와 상담(전화 상담 및 비대면 상담 포함),2025,2주기,4.0,484,44.69,도움된다
경기학교교육실태조사,중학교,PR_CAREER_10,C10,진로·진학,S1002,진로·진학 준비,학부모,진로·진학 준비 경험 및 인식 - 1)학교 담임교사와 상담(전화 상담 및 비대면 상담 포함),2025,2주기,5.0,345,31.86,매우도움된다
경기학교교육실태조사,중학교,PR_CAREER_11,C10,진로·진학,S1002,진로·진학 준비,학부모,진로·진학 준비 경험 및 인식 - 2)학교 진로담당교사와 상담(전화 상담 및 비대면 상담 포함),2021,1주기,1.0,24,2.72,전혀 도움 되지 않는다
경기학교교육실태조사,중학교,PR_CAREER_11,C10,진로·진학,S1002,진로·진학 준비,학부모,진로·진학 준비 경험 및 인식 - 2)학교 진로담당교사와 상담(전화 상담 및 비대면 상담 포함),2021,1주기,2.0,81,9.18,도움 되지 않는다
경기학교교육실태조사,중학교,PR_CAREER_11,C10,진로·진학,S1002,진로·진학 준비,학부모,진로·진학 준비 경험 및 인식 - 2)학교 진로담당교사와 상담(전화 상담 및 비대면 상담 포함),2021,1주기,3.0,352,39.91,보통이다
경기학교교육실태조사,중학교,PR_CAREER_11,C10,진로·진학,S1002,진로·진학 준비,학부모,진로·진학 준비 경험 및 인식 - 2)학교 진로담당교사와 상담(전화 상담 및 비대면 상담 포함),2021,1주기,4.0,357,40.48,도움 된다
경기학교교육실태조사,중학교,PR_CAREER_11,C10,진로·진학,S1002,진로·진학 준비,학부모,진로·진학 준비 경험 및 인식 - 2)학교 진로담당교사와 상담(전화 상담 및 비대면 상담 포함),2021,1주기,5.0,68,7.71,매우 도움 된다
경기학교교육실태조사,중학교,PR_CAREER_11,C10,진로·진학,S1002,진로·진학 준비,학부모,진로·진학 준비 경험 및 인식 - 2)학교 진로담당교사와 상담(전화 상담 및 비대면 상담 포함),2025,2주기,1.0,4,1.17,전혀도움 되지않는다
경기학교교육실태조사,중학교,PR_CAREER_11,C10,진로·진학,S1002,진로·진학 준비,학부모,진로·진학 준비 경험 및 인식 - 2)학교 진로담당교사와 상담(전화 상담 및 비대면 상담 포함),2025,2주기,2.0,8,2.35,도움 되지않는다
경기학교교육실태조사,중학교,PR_CAREER_11,C10,진로·진학,S1002,진로·진학 준비,학부모,진로·진학 준비 경험 및 인식 - 2)학교 진로담당교사와 상담(전화 상담 및 비대면 상담 포함),2025,2주기,3.0,87,25.51,보통이다
경기학교교육실태조사,중학교,PR_CAREER_11,C10,진로·진학,S1002,진로·진학 준비,학부모,진로·진학 준비 경험 및 인식 - 2)학교 진로담당교사와 상담(전화 상담 및 비대면 상담 포함),2025,2주기,4.0,153,44.87,도움된다
경기학교교육실태조사,중학교,PR_CAREER_11,C10,진로·진학,S1002,진로·진학 준비,학부모,진로·진학 준비 경험 및 인식 - 2)학교 진로담당교사와 상담(전화 상담 및 비대면 상담 포함),2025,2주기,5.0,89,26.1,매우도움된다
경기학교교육실태조사,중학교,PR_CAREER_12,C10,진로·진학,S1002,진로·진학 준비,학부모,진로·진학 준비 경험 및 인식 - 3)학교 교과담당교사와 상담(전화 상담 및 비대면 상담 포함),2021,1주기,1.0,16,2.45,전혀 도움 되지 않는다
경기학교교육실태조사,중학교,PR_CAREER_12,C10,진로·진학,S1002,진로·진학 준비,학부모,진로·진학 준비 경험 및 인식 - 3)학교 교과담당교사와 상담(전화 상담 및 비대면 상담 포함),2021,1주기,2.0,58,8.9,도움 되지 않는다
경기학교교육실태조사,중학교,PR_CAREER_12,C10,진로·진학,S1002,진로·진학 준비,학부모,진로·진학 준비 경험 및 인식 - 3)학교 교과담당교사와 상담(전화 상담 및 비대면 상담 포함),2021,1주기,3.0,260,39.88,보통이다
경기학교교육실태조사,중학교,PR_CAREER_12,C10,진로·진학,S1002,진로·진학 준비,학부모,진로·진학 준비 경험 및 인식 - 3)학교 교과담당교사와 상담(전화 상담 및 비대면 상담 포함),2021,1주기,4.0,264,40.49,도움 된다
경기학교교육실태조사,중학교,PR_CAREER_12,C10,진로·진학,S1002,진로·진학 준비,학부모,진로·진학 준비 경험 및 인식 - 3)학교 교과담당교사와 상담(전화 상담 및 비대면 상담 포함),2021,1주기,5.0,54,8.28,매우 도움 된다
경기학교교육실태조사,중학교,PR_CAREER_12,C10,진로·진학,S1002,진로·진학 준비,학부모,진로·진학 준비 경험 및 인식 - 3)학교 교과담당교사와 상담(전화 상담 및 비대면 상담 포함),2025,2주기,1.0,4,1.4,전혀도움 되지않는다
경기학교교육실태조사,중학교,PR_CAREER_12,C10,진로·진학,S1002,진로·진학 준비,학부모,진로·진학 준비 경험 및 인식 - 3)학교 교과담당교사와 상담(전화 상담 및 비대면 상담 포함),2025,2주기,2.0,5,1.75,도움 되지않는다
경기학교교육실태조사,중학교,PR_CAREER_12,C10,진로·진학,S1002,진로·진학 준비,학부모,진로·진학 준비 경험 및 인식 - 3)학교 교과담당교사와 상담(전화 상담 및 비대면 상담 포함),2025,2주기,3.0,66,23.16,보통이다
경기학교교육실태조사,중학교,PR_CAREER_12,C10,진로·진학,S1002,진로·진학 준비,학부모,진로·진학 준비 경험 및 인식 - 3)학교 교과담당교사와 상담(전화 상담 및 비대면 상담 포함),2025,2주기,4.0,138,48.42,도움된다
경기학교교육실태조사,중학교,PR_CAREER_12,C10,진로·진학,S1002,진로·진학 준비,학부모,진로·진학 준비 경험 및 인식 - 3)학교 교과담당교사와 상담(전화 상담 및 비대면 상담 포함),2025,2주기,5.0,72,25.26,매우도움된다
경기학교교육실태조사,중학교,PR_CAREER_13,C10,진로·진학,S1002,진로·진학 준비,학부모,"진로·진학 준비 경험 및 인식 - 4)사교육종사자(학원강사, 과외교사, 입시진로 컨설팅 회사 등)와 상담",2021,1주기,1.0,36,0.95,전혀 도움 되지 않는다
경기학교교육실태조사,중학교,PR_CAREER_13,C10,진로·진학,S1002,진로·진학 준비,학부모,"진로·진학 준비 경험 및 인식 - 4)사교육종사자(학원강사, 과외교사, 입시진로 컨설팅 회사 등)와 상담",2021,1주기,2.0,256,6.73,도움 되지 않는다
경기학교교육실태조사,중학교,PR_CAREER_13,C10,진로·진학,S1002,진로·진학 준비,학부모,"진로·진학 준비 경험 및 인식 - 4)사교육종사자(학원강사, 과외교사, 입시진로 컨설팅 회사 등)와 상담",2021,1주기,3.0,1670,43.92,보통이다
경기학교교육실태조사,중학교,PR_CAREER_13,C10,진로·진학,S1002,진로·진학 준비,학부모,"진로·진학 준비 경험 및 인식 - 4)사교육종사자(학원강사, 과외교사, 입시진로 컨설팅 회사 등)와 상담",2021,1주기,4.0,1622,42.66,도움 된다
경기학교교육실태조사,중학교,PR_CAREER_13,C10,진로·진학,S1002,진로·진학 준비,학부모,"진로·진학 준비 경험 및 인식 - 4)사교육종사자(학원강사, 과외교사, 입시진로 컨설팅 회사 등)와 상담",2021,1주기,5.0,218,5.73,매우 도움 된다
경기학교교육실태조사,중학교,PR_CAREER_13,C10,진로·진학,S1002,진로·진학 준비,학부모,"진로·진학 준비 경험 및 인식 - 4)사교육종사자(학원강사, 과외교사, 입시진로 컨설팅 회사 등)와 상담",2025,2주기,2.0,11,1.12,도움 되지않는다
경기학교교육실태조사,중학교,PR_CAREER_13,C10,진로·진학,S1002,진로·진학 준비,학부모,"진로·진학 준비 경험 및 인식 - 4)사교육종사자(학원강사, 과외교사, 입시진로 컨설팅 회사 등)와 상담",2025,2주기,3.0,210,21.47,보통이다
경기학교교육실태조사,중학교,PR_CAREER_13,C10,진로·진학,S1002,진로·진학 준비,학부모,"진로·진학 준비 경험 및 인식 - 4)사교육종사자(학원강사, 과외교사, 입시진로 컨설팅 회사 등)와 상담",2025,2주기,4.0,578,59.1,도움된다
경기학교교육실태조사,중학교,PR_CAREER_13,C10,진로·진학,S1002,진로·진학 준비,학부모,"진로·진학 준비 경험 및 인식 - 4)사교육종사자(학원강사, 과외교사, 입시진로 컨설팅 회사 등)와 상담",2025,2주기,5.0,179,18.3,매우도움된다
경기학교교육실태조사,중학교,PR_CAREER_14,C10,진로·진학,S1002,진로·진학 준비,학부모,"진로·진학 준비 경험 및 인식 - 5)진로 관련 검사(적성, 흥미검사 등) 실시",2021,1주기,1.0,34,1.32,전혀 도움 되지 않는다
경기학교교육실태조사,중학교,PR_CAREER_14,C10,진로·진학,S1002,진로·진학 준비,학부모,"진로·진학 준비 경험 및 인식 - 5)진로 관련 검사(적성, 흥미검사 등) 실시",2021,1주기,2.0,251,9.77,도움 되지 않는다
경기학교교육실태조사,중학교,PR_CAREER_14,C10,진로·진학,S1002,진로·진학 준비,학부모,"진로·진학 준비 경험 및 인식 - 5)진로 관련 검사(적성, 흥미검사 등) 실시",2021,1주기,3.0,1311,51.01,보통이다
경기학교교육실태조사,중학교,PR_CAREER_14,C10,진로·진학,S1002,진로·진학 준비,학부모,"진로·진학 준비 경험 및 인식 - 5)진로 관련 검사(적성, 흥미검사 등) 실시",2021,1주기,4.0,884,34.4,도움 된다
경기학교교육실태조사,중학교,PR_CAREER_14,C10,진로·진학,S1002,진로·진학 준비,학부모,"진로·진학 준비 경험 및 인식 - 5)진로 관련 검사(적성, 흥미검사 등) 실시",2021,1주기,5.0,90,3.5,매우 도움 된다
경기학교교육실태조사,중학교,PR_CAREER_14,C10,진로·진학,S1002,진로·진학 준비,학부모,"진로·진학 준비 경험 및 인식 - 5)진로 관련 검사(적성, 흥미검사 등) 실시",2025,2주기,1.0,3,0.41,전혀도움 되지않는다
경기학교교육실태조사,중학교,PR_CAREER_14,C10,진로·진학,S1002,진로·진학 준비,학부모,"진로·진학 준비 경험 및 인식 - 5)진로 관련 검사(적성, 흥미검사 등) 실시",2025,2주기,2.0,15,2.05,도움 되지않는다
경기학교교육실태조사,중학교,PR_CAREER_14,C10,진로·진학,S1002,진로·진학 준비,학부모,"진로·진학 준비 경험 및 인식 - 5)진로 관련 검사(적성, 흥미검사 등) 실시",2025,2주기,3.0,224,30.6,보통이다
경기학교교육실태조사,중학교,PR_CAREER_14,C10,진로·진학,S1002,진로·진학 준비,학부모,"진로·진학 준비 경험 및 인식 - 5)진로 관련 검사(적성, 흥미검사 등) 실시",2025,2주기,4.0,386,52.73,도움된다
경기학교교육실태조사,중학교,PR_CAREER_14,C10,진로·진학,S1002,진로·진학 준비,학부모,"진로·진학 준비 경험 및 인식 - 5)진로 관련 검사(적성, 흥미검사 등) 실시",2025,2주기,5.0,104,14.21,매우도움된다
경기학교교육실태조사,중학교,PR_CAREER_15,C10,진로·진학,S1002,진로·진학 준비,학부모,진로·진학 준비 경험 및 인식 - 6)상급학교(고등학교·대학교) 직접 방문(입시설명회 포함) 및 전화 상담,2021,1주기,1.0,10,0.81,전혀 도움 되지 않는다
경기학교교육실태조사,중학교,PR_CAREER_15,C10,진로·진학,S1002,진로·진학 준비,학부모,진로·진학 준비 경험 및 인식 - 6)상급학교(고등학교·대학교) 직접 방문(입시설명회 포함) 및 전화 상담,2021,1주기,2.0,97,7.85,도움 되지 않는다
경기학교교육실태조사,중학교,PR_CAREER_15,C10,진로·진학,S1002,진로·진학 준비,학부모,진로·진학 준비 경험 및 인식 - 6)상급학교(고등학교·대학교) 직접 방문(입시설명회 포함) 및 전화 상담,2021,1주기,3.0,486,39.35,보통이다
경기학교교육실태조사,중학교,PR_CAREER_15,C10,진로·진학,S1002,진로·진학 준비,학부모,진로·진학 준비 경험 및 인식 - 6)상급학교(고등학교·대학교) 직접 방문(입시설명회 포함) 및 전화 상담,2021,1주기,4.0,551,44.62,도움 된다
경기학교교육실태조사,중학교,PR_CAREER_15,C10,진로·진학,S1002,진로·진학 준비,학부모,진로·진학 준비 경험 및 인식 - 6)상급학교(고등학교·대학교) 직접 방문(입시설명회 포함) 및 전화 상담,2021,1주기,5.0,91,7.37,매우 도움 된다
경기학교교육실태조사,중학교,PR_CAREER_15,C10,진로·진학,S1002,진로·진학 준비,학부모,진로·진학 준비 경험 및 인식 - 6)상급학교(고등학교·대학교) 직접 방문(입시설명회 포함) 및 전화 상담,2025,2주기,1.0,1,0.13,전혀도움 되지않는다
경기학교교육실태조사,중학교,PR_CAREER_15,C10,진로·진학,S1002,진로·진학 준비,학부모,진로·진학 준비 경험 및 인식 - 6)상급학교(고등학교·대학교) 직접 방문(입시설명회 포함) 및 전화 상담,2025,2주기,2.0,5,0.63,도움 되지않는다
경기학교교육실태조사,중학교,PR_CAREER_15,C10,진로·진학,S1002,진로·진학 준비,학부모,진로·진학 준비 경험 및 인식 - 6)상급학교(고등학교·대학교) 직접 방문(입시설명회 포함) 및 전화 상담,2025,2주기,3.0,130,16.48,보통이다
경기학교교육실태조사,중학교,PR_CAREER_15,C10,진로·진학,S1002,진로·진학 준비,학부모,진로·진학 준비 경험 및 인식 - 6)상급학교(고등학교·대학교) 직접 방문(입시설명회 포함) 및 전화 상담,2025,2주기,4.0,456,57.79,도움된다
경기학교교육실태조사,중학교,PR_CAREER_15,C10,진로·진학,S1002,진로·진학 준비,학부모,진로·진학 준비 경험 및 인식 - 6)상급학교(고등학교·대학교) 직접 방문(입시설명회 포함) 및 전화 상담,2025,2주기,5.0,197,24.97,매우도움된다
경기학교교육실태조사,중학교,PR_CAREER_16,C10,진로·진학,S1002,진로·진학 준비,학부모,진로·진학 준비 경험 및 인식 - 7)상급학교 안내책자(홍보자료)를 통한 정보 수집,2021,1주기,1.0,39,1.25,전혀 도움 되지 않는다
경기학교교육실태조사,중학교,PR_CAREER_16,C10,진로·진학,S1002,진로·진학 준비,학부모,진로·진학 준비 경험 및 인식 - 7)상급학교 안내책자(홍보자료)를 통한 정보 수집,2021,1주기,2.0,295,9.48,도움 되지 않는다
경기학교교육실태조사,중학교,PR_CAREER_16,C10,진로·진학,S1002,진로·진학 준비,학부모,진로·진학 준비 경험 및 인식 - 7)상급학교 안내책자(홍보자료)를 통한 정보 수집,2021,1주기,3.0,1596,51.27,보통이다
경기학교교육실태조사,중학교,PR_CAREER_16,C10,진로·진학,S1002,진로·진학 준비,학부모,진로·진학 준비 경험 및 인식 - 7)상급학교 안내책자(홍보자료)를 통한 정보 수집,2021,1주기,4.0,1079,34.66,도움 된다
경기학교교육실태조사,중학교,PR_CAREER_16,C10,진로·진학,S1002,진로·진학 준비,학부모,진로·진학 준비 경험 및 인식 - 7)상급학교 안내책자(홍보자료)를 통한 정보 수집,2021,1주기,5.0,104,3.34,매우 도움 된다
경기학교교육실태조사,중학교,PR_CAREER_16,C10,진로·진학,S1002,진로·진학 준비,학부모,진로·진학 준비 경험 및 인식 - 7)상급학교 안내책자(홍보자료)를 통한 정보 수집,2025,2주기,1.0,1,0.1,전혀도움 되지않는다
경기학교교육실태조사,중학교,PR_CAREER_16,C10,진로·진학,S1002,진로·진학 준비,학부모,진로·진학 준비 경험 및 인식 - 7)상급학교 안내책자(홍보자료)를 통한 정보 수집,2025,2주기,2.0,13,1.26,도움 되지않는다
경기학교교육실태조사,중학교,PR_CAREER_16,C10,진로·진학,S1002,진로·진학 준비,학부모,진로·진학 준비 경험 및 인식 - 7)상급학교 안내책자(홍보자료)를 통한 정보 수집,2025,2주기,3.0,314,30.46,보통이다
경기학교교육실태조사,중학교,PR_CAREER_16,C10,진로·진학,S1002,진로·진학 준비,학부모,진로·진학 준비 경험 및 인식 - 7)상급학교 안내책자(홍보자료)를 통한 정보 수집,2025,2주기,4.0,556,53.93,도움된다
경기학교교육실태조사,중학교,PR_CAREER_16,C10,진로·진학,S1002,진로·진학 준비,학부모,진로·진학 준비 경험 및 인식 - 7)상급학교 안내책자(홍보자료)를 통한 정보 수집,2025,2주기,5.0,147,14.26,매우도움된다
경기학교교육실태조사,중학교,PR_CAREER_17,C10,진로·진학,S1002,진로·진학 준비,학부모,"진로·진학 준비 경험 및 인식 - 8)대중매체(TV, 신문 등)를 통한 정보 수집",2021,1주기,1.0,35,1.23,전혀 도움 되지 않는다
경기학교교육실태조사,중학교,PR_CAREER_17,C10,진로·진학,S1002,진로·진학 준비,학부모,"진로·진학 준비 경험 및 인식 - 8)대중매체(TV, 신문 등)를 통한 정보 수집",2021,1주기,2.0,234,8.25,도움 되지 않는다
경기학교교육실태조사,중학교,PR_CAREER_17,C10,진로·진학,S1002,진로·진학 준비,학부모,"진로·진학 준비 경험 및 인식 - 8)대중매체(TV, 신문 등)를 통한 정보 수집",2021,1주기,3.0,1509,53.21,보통이다
경기학교교육실태조사,중학교,PR_CAREER_17,C10,진로·진학,S1002,진로·진학 준비,학부모,"진로·진학 준비 경험 및 인식 - 8)대중매체(TV, 신문 등)를 통한 정보 수집",2021,1주기,4.0,964,33.99,도움 된다
경기학교교육실태조사,중학교,PR_CAREER_17,C10,진로·진학,S1002,진로·진학 준비,학부모,"진로·진학 준비 경험 및 인식 - 8)대중매체(TV, 신문 등)를 통한 정보 수집",2021,1주기,5.0,94,3.31,매우 도움 된다
경기학교교육실태조사,중학교,PR_CAREER_17,C10,진로·진학,S1002,진로·진학 준비,학부모,"진로·진학 준비 경험 및 인식 - 8)대중매체(TV, 신문 등)를 통한 정보 수집",2025,2주기,1.0,2,0.21,전혀도움 되지않는다
경기학교교육실태조사,중학교,PR_CAREER_17,C10,진로·진학,S1002,진로·진학 준비,학부모,"진로·진학 준비 경험 및 인식 - 8)대중매체(TV, 신문 등)를 통한 정보 수집",2025,2주기,2.0,24,2.54,도움 되지않는다
경기학교교육실태조사,중학교,PR_CAREER_17,C10,진로·진학,S1002,진로·진학 준비,학부모,"진로·진학 준비 경험 및 인식 - 8)대중매체(TV, 신문 등)를 통한 정보 수집",2025,2주기,3.0,327,34.6,보통이다
경기학교교육실태조사,중학교,PR_CAREER_17,C10,진로·진학,S1002,진로·진학 준비,학부모,"진로·진학 준비 경험 및 인식 - 8)대중매체(TV, 신문 등)를 통한 정보 수집",2025,2주기,4.0,505,53.44,도움된다
경기학교교육실태조사,중학교,PR_CAREER_17,C10,진로·진학,S1002,진로·진학 준비,학부모,"진로·진학 준비 경험 및 인식 - 8)대중매체(TV, 신문 등)를 통한 정보 수집",2025,2주기,5.0,87,9.21,매우도움된다
경기학교교육실태조사,중학교,PR_CAREER_18,C10,진로·진학,S1002,진로·진학 준비,학부모,진로·진학 준비 경험 및 인식 - 9)온라인 커뮤니티를 통한 정보 수집,2021,1주기,1.0,38,1.05,전혀 도움 되지 않는다
경기학교교육실태조사,중학교,PR_CAREER_18,C10,진로·진학,S1002,진로·진학 준비,학부모,진로·진학 준비 경험 및 인식 - 9)온라인 커뮤니티를 통한 정보 수집,2021,1주기,2.0,302,8.35,도움 되지 않는다
경기학교교육실태조사,중학교,PR_CAREER_18,C10,진로·진학,S1002,진로·진학 준비,학부모,진로·진학 준비 경험 및 인식 - 9)온라인 커뮤니티를 통한 정보 수집,2021,1주기,3.0,1843,50.97,보통이다
경기학교교육실태조사,중학교,PR_CAREER_18,C10,진로·진학,S1002,진로·진학 준비,학부모,진로·진학 준비 경험 및 인식 - 9)온라인 커뮤니티를 통한 정보 수집,2021,1주기,4.0,1292,35.73,도움 된다
경기학교교육실태조사,중학교,PR_CAREER_18,C10,진로·진학,S1002,진로·진학 준비,학부모,진로·진학 준비 경험 및 인식 - 9)온라인 커뮤니티를 통한 정보 수집,2021,1주기,5.0,141,3.9,매우 도움 된다
경기학교교육실태조사,중학교,PR_CAREER_18,C10,진로·진학,S1002,진로·진학 준비,학부모,진로·진학 준비 경험 및 인식 - 9)온라인 커뮤니티를 통한 정보 수집,2025,2주기,1.0,3,0.27,전혀도움 되지않는다
경기학교교육실태조사,중학교,PR_CAREER_18,C10,진로·진학,S1002,진로·진학 준비,학부모,진로·진학 준비 경험 및 인식 - 9)온라인 커뮤니티를 통한 정보 수집,2025,2주기,2.0,16,1.45,도움 되지않는다
경기학교교육실태조사,중학교,PR_CAREER_18,C10,진로·진학,S1002,진로·진학 준비,학부모,진로·진학 준비 경험 및 인식 - 9)온라인 커뮤니티를 통한 정보 수집,2025,2주기,3.0,358,32.52,보통이다
경기학교교육실태조사,중학교,PR_CAREER_18,C10,진로·진학,S1002,진로·진학 준비,학부모,진로·진학 준비 경험 및 인식 - 9)온라인 커뮤니티를 통한 정보 수집,2025,2주기,4.0,590,53.59,도움된다
경기학교교육실태조사,중학교,PR_CAREER_18,C10,진로·진학,S1002,진로·진학 준비,학부모,진로·진학 준비 경험 및 인식 - 9)온라인 커뮤니티를 통한 정보 수집,2025,2주기,5.0,134,12.17,매우도움된다
경기학교교육실태조사,중학교,PR_OPEN_SAT_01,C08,참여·자치,S0802,학부모 참여,학부모,공개수업 만족도 - 1)학교 수업에 대하여 학부모의 의견 수렴,2021,1주기,1.0,49,4.38,전혀 도움이 되지 않는다
경기학교교육실태조사,중학교,PR_OPEN_SAT_01,C08,참여·자치,S0802,학부모 참여,학부모,공개수업 만족도 - 1)학교 수업에 대하여 학부모의 의견 수렴,2021,1주기,2.0,193,17.23,도움이 되지 않는다
경기학교교육실태조사,중학교,PR_OPEN_SAT_01,C08,참여·자치,S0802,학부모 참여,학부모,공개수업 만족도 - 1)학교 수업에 대하여 학부모의 의견 수렴,2021,1주기,3.0,681,60.8,약간 도움이 된다
경기학교교육실태조사,중학교,PR_OPEN_SAT_01,C08,참여·자치,S0802,학부모 참여,학부모,공개수업 만족도 - 1)학교 수업에 대하여 학부모의 의견 수렴,2021,1주기,4.0,197,17.59,매우 도움이 된다
경기학교교육실태조사,중학교,PR_OPEN_SAT_01,C08,참여·자치,S0802,학부모 참여,학부모,공개수업 만족도 - 1)학교 수업에 대하여 학부모의 의견 수렴,2025,2주기,1.0,19,3.09,전혀 도움이 되지 않는다
경기학교교육실태조사,중학교,PR_OPEN_SAT_01,C08,참여·자치,S0802,학부모 참여,학부모,공개수업 만족도 - 1)학교 수업에 대하여 학부모의 의견 수렴,2025,2주기,2.0,72,11.73,도움이 되지 않는다
경기학교교육실태조사,중학교,PR_OPEN_SAT_01,C08,참여·자치,S0802,학부모 참여,학부모,공개수업 만족도 - 1)학교 수업에 대하여 학부모의 의견 수렴,2025,2주기,3.0,387,63.03,약간 도움이 된다
경기학교교육실태조사,중학교,PR_OPEN_SAT_01,C08,참여·자치,S0802,학부모 참여,학부모,공개수업 만족도 - 1)학교 수업에 대하여 학부모의 의견 수렴,2025,2주기,4.0,136,22.15,매우 도움이 된다
경기학교교육실태조사,중학교,PR_OPEN_SAT_02,C08,참여·자치,S0802,학부모 참여,학부모,공개수업 만족도 - 2)교사의 수업과 자녀의 수업태도에 대한 학부모의 이해 증진,2021,1주기,1.0,19,1.7,전혀 도움이 되지 않는다
경기학교교육실태조사,중학교,PR_OPEN_SAT_02,C08,참여·자치,S0802,학부모 참여,학부모,공개수업 만족도 - 2)교사의 수업과 자녀의 수업태도에 대한 학부모의 이해 증진,2021,1주기,2.0,118,10.54,도움이 되지 않는다
경기학교교육실태조사,중학교,PR_OPEN_SAT_02,C08,참여·자치,S0802,학부모 참여,학부모,공개수업 만족도 - 2)교사의 수업과 자녀의 수업태도에 대한 학부모의 이해 증진,2021,1주기,3.0,686,61.25,약간 도움이 된다
경기학교교육실태조사,중학교,PR_OPEN_SAT_02,C08,참여·자치,S0802,학부모 참여,학부모,공개수업 만족도 - 2)교사의 수업과 자녀의 수업태도에 대한 학부모의 이해 증진,2021,1주기,4.0,297,26.52,매우 도움이 된다
경기학교교육실태조사,중학교,PR_OPEN_SAT_02,C08,참여·자치,S0802,학부모 참여,학부모,공개수업 만족도 - 2)교사의 수업과 자녀의 수업태도에 대한 학부모의 이해 증진,2025,2주기,1.0,14,2.28,전혀 도움이 되지 않는다
경기학교교육실태조사,중학교,PR_OPEN_SAT_02,C08,참여·자치,S0802,학부모 참여,학부모,공개수업 만족도 - 2)교사의 수업과 자녀의 수업태도에 대한 학부모의 이해 증진,2025,2주기,2.0,40,6.51,도움이 되지 않는다
경기학교교육실태조사,중학교,PR_OPEN_SAT_02,C08,참여·자치,S0802,학부모 참여,학부모,공개수업 만족도 - 2)교사의 수업과 자녀의 수업태도에 대한 학부모의 이해 증진,2025,2주기,3.0,363,59.12,약간 도움이 된다
경기학교교육실태조사,중학교,PR_OPEN_SAT_02,C08,참여·자치,S0802,학부모 참여,학부모,공개수업 만족도 - 2)교사의 수업과 자녀의 수업태도에 대한 학부모의 이해 증진,2025,2주기,4.0,197,32.08,매우 도움이 된다
경기학교교육실태조사,중학교,PR_OPEN_SAT_03,C08,참여·자치,S0802,학부모 참여,학부모,공개수업 만족도 - 3)학교교육에 대한 학부모의 참여와 관심증가,2021,1주기,1.0,20,1.79,전혀 도움이 되지 않는다
경기학교교육실태조사,중학교,PR_OPEN_SAT_03,C08,참여·자치,S0802,학부모 참여,학부모,공개수업 만족도 - 3)학교교육에 대한 학부모의 참여와 관심증가,2021,1주기,2.0,134,11.96,도움이 되지 않는다
경기학교교육실태조사,중학교,PR_OPEN_SAT_03,C08,참여·자치,S0802,학부모 참여,학부모,공개수업 만족도 - 3)학교교육에 대한 학부모의 참여와 관심증가,2021,1주기,3.0,708,63.21,약간 도움이 된다
경기학교교육실태조사,중학교,PR_OPEN_SAT_03,C08,참여·자치,S0802,학부모 참여,학부모,공개수업 만족도 - 3)학교교육에 대한 학부모의 참여와 관심증가,2021,1주기,4.0,258,23.04,매우 도움이 된다
경기학교교육실태조사,중학교,PR_OPEN_SAT_03,C08,참여·자치,S0802,학부모 참여,학부모,공개수업 만족도 - 3)학교교육에 대한 학부모의 참여와 관심증가,2025,2주기,1.0,13,2.12,전혀 도움이 되지 않는다
경기학교교육실태조사,중학교,PR_OPEN_SAT_03,C08,참여·자치,S0802,학부모 참여,학부모,공개수업 만족도 - 3)학교교육에 대한 학부모의 참여와 관심증가,2025,2주기,2.0,61,9.93,도움이 되지 않는다
경기학교교육실태조사,중학교,PR_OPEN_SAT_03,C08,참여·자치,S0802,학부모 참여,학부모,공개수업 만족도 - 3)학교교육에 대한 학부모의 참여와 관심증가,2025,2주기,3.0,364,59.28,약간 도움이 된다
경기학교교육실태조사,중학교,PR_OPEN_SAT_03,C08,참여·자치,S0802,학부모 참여,학부모,공개수업 만족도 - 3)학교교육에 대한 학부모의 참여와 관심증가,2025,2주기,4.0,176,28.66,매우 도움이 된다
경기학교교육실태조사,중학교,PR_PARTICIP_08,C08,참여·자치,S0802,학부모 참여,학부모,학교활동 참여 - 7)공개수업 참석,2021,1주기,1.0,5018,84.36,전혀 없음
경기학교교육실태조사,중학교,PR_PARTICIP_08,C08,참여·자치,S0802,학부모 참여,학부모,학교활동 참여 - 7)공개수업 참석,2021,1주기,2.0,875,14.71,1~2회
경기학교교육실태조사,중학교,PR_PARTICIP_08,C08,참여·자치,S0802,학부모 참여,학부모,학교활동 참여 - 7)공개수업 참석,2021,1주기,3.0,31,0.52,3~4회
경기학교교육실태조사,중학교,PR_PARTICIP_08,C08,참여·자치,S0802,학부모 참여,학부모,학교활동 참여 - 7)공개수업 참석,2021,1주기,4.0,24,0.4,5회 이상
경기학교교육실태조사,중학교,PR_PARTICIP_08,C08,참여·자치,S0802,학부모 참여,학부모,학교활동 참여 - 7)공개수업 참석,2025,2주기,1.0,883,59.58,전혀 없음
경기학교교육실태조사,중학교,PR_PARTICIP_08,C08,참여·자치,S0802,학부모 참여,학부모,학교활동 참여 - 7)공개수업 참석,2025,2주기,2.0,480,32.39,1-2회
경기학교교육실태조사,중학교,PR_PARTICIP_08,C08,참여·자치,S0802,학부모 참여,학부모,학교활동 참여 - 7)공개수업 참석,2025,2주기,3.0,59,3.98,3-4회
경기학교교육실태조사,중학교,PR_PARTICIP_08,C08,참여·자치,S0802,학부모 참여,학부모,학교활동 참여 - 7)공개수업 참석,2025,2주기,4.0,60,4.05,5회 이상
경기학교교육실태조사,중학교,PR_RELATION_01,C04,학교생활·관계,S0401,또래·교사 관계,학부모,학교생활(친구·선생님과의 관계) - 1)내 아이는 학교 친구들과 있는 것을 좋아한다,2021,1주기,1.0,47,0.79,전혀 그렇지 않다
경기학교교육실태조사,중학교,PR_RELATION_01,C04,학교생활·관계,S0401,또래·교사 관계,학부모,학교생활(친구·선생님과의 관계) - 1)내 아이는 학교 친구들과 있는 것을 좋아한다,2021,1주기,2.0,140,2.35,그렇지 않다
경기학교교육실태조사,중학교,PR_RELATION_01,C04,학교생활·관계,S0401,또래·교사 관계,학부모,학교생활(친구·선생님과의 관계) - 1)내 아이는 학교 친구들과 있는 것을 좋아한다,2021,1주기,3.0,1143,19.22,보통이다
경기학교교육실태조사,중학교,PR_RELATION_01,C04,학교생활·관계,S0401,또래·교사 관계,학부모,학교생활(친구·선생님과의 관계) - 1)내 아이는 학교 친구들과 있는 것을 좋아한다,2021,1주기,4.0,2703,45.44,그렇다
경기학교교육실태조사,중학교,PR_RELATION_01,C04,학교생활·관계,S0401,또래·교사 관계,학부모,학교생활(친구·선생님과의 관계) - 1)내 아이는 학교 친구들과 있는 것을 좋아한다,2021,1주기,5.0,1915,32.2,매우 그렇다
경기학교교육실태조사,중학교,PR_RELATION_01,C04,학교생활·관계,S0401,또래·교사 관계,학부모,학교생활(친구·선생님과의 관계) - 1)내 아이는 학교 친구들과 있는 것을 좋아한다,2025,2주기,1.0,20,1.35,전혀그렇지않다
경기학교교육실태조사,중학교,PR_RELATION_01,C04,학교생활·관계,S0401,또래·교사 관계,학부모,학교생활(친구·선생님과의 관계) - 1)내 아이는 학교 친구들과 있는 것을 좋아한다,2025,2주기,2.0,39,2.63,그렇지않다
경기학교교육실태조사,중학교,PR_RELATION_01,C04,학교생활·관계,S0401,또래·교사 관계,학부모,학교생활(친구·선생님과의 관계) - 1)내 아이는 학교 친구들과 있는 것을 좋아한다,2025,2주기,3.0,331,22.33,보통이다
경기학교교육실태조사,중학교,PR_RELATION_01,C04,학교생활·관계,S0401,또래·교사 관계,학부모,학교생활(친구·선생님과의 관계) - 1)내 아이는 학교 친구들과 있는 것을 좋아한다,2025,2주기,4.0,630,42.51,그렇다
경기학교교육실태조사,중학교,PR_RELATION_01,C04,학교생활·관계,S0401,또래·교사 관계,학부모,학교생활(친구·선생님과의 관계) - 1)내 아이는 학교 친구들과 있는 것을 좋아한다,2025,2주기,5.0,462,31.17,매우그렇다
경기학교교육실태조사,중학교,PR_RELATION_02,C04,학교생활·관계,S0401,또래·교사 관계,학부모,학교생활(친구·선생님과의 관계) - 2)학교 친구들이 내 아이에게 상처를 준 적이 있다,2021,1주기,1.0,1492,25.08,전혀 그렇지 않다
경기학교교육실태조사,중학교,PR_RELATION_02,C04,학교생활·관계,S0401,또래·교사 관계,학부모,학교생활(친구·선생님과의 관계) - 2)학교 친구들이 내 아이에게 상처를 준 적이 있다,2021,1주기,2.0,2455,41.27,그렇지 않다
경기학교교육실태조사,중학교,PR_RELATION_02,C04,학교생활·관계,S0401,또래·교사 관계,학부모,학교생활(친구·선생님과의 관계) - 2)학교 친구들이 내 아이에게 상처를 준 적이 있다,2021,1주기,3.0,1074,18.06,보통이다
경기학교교육실태조사,중학교,PR_RELATION_02,C04,학교생활·관계,S0401,또래·교사 관계,학부모,학교생활(친구·선생님과의 관계) - 2)학교 친구들이 내 아이에게 상처를 준 적이 있다,2021,1주기,4.0,812,13.65,그렇다
경기학교교육실태조사,중학교,PR_RELATION_02,C04,학교생활·관계,S0401,또래·교사 관계,학부모,학교생활(친구·선생님과의 관계) - 2)학교 친구들이 내 아이에게 상처를 준 적이 있다,2021,1주기,5.0,115,1.93,매우 그렇다
경기학교교육실태조사,중학교,PR_RELATION_02,C04,학교생활·관계,S0401,또래·교사 관계,학부모,학교생활(친구·선생님과의 관계) - 2)학교 친구들이 내 아이에게 상처를 준 적이 있다,2025,2주기,1.0,262,17.68,전혀그렇지않다
경기학교교육실태조사,중학교,PR_RELATION_02,C04,학교생활·관계,S0401,또래·교사 관계,학부모,학교생활(친구·선생님과의 관계) - 2)학교 친구들이 내 아이에게 상처를 준 적이 있다,2025,2주기,2.0,464,31.31,그렇지않다
경기학교교육실태조사,중학교,PR_RELATION_02,C04,학교생활·관계,S0401,또래·교사 관계,학부모,학교생활(친구·선생님과의 관계) - 2)학교 친구들이 내 아이에게 상처를 준 적이 있다,2025,2주기,3.0,357,24.09,보통이다
경기학교교육실태조사,중학교,PR_RELATION_02,C04,학교생활·관계,S0401,또래·교사 관계,학부모,학교생활(친구·선생님과의 관계) - 2)학교 친구들이 내 아이에게 상처를 준 적이 있다,2025,2주기,4.0,338,22.81,그렇다
경기학교교육실태조사,중학교,PR_RELATION_02,C04,학교생활·관계,S0401,또래·교사 관계,학부모,학교생활(친구·선생님과의 관계) - 2)학교 친구들이 내 아이에게 상처를 준 적이 있다,2025,2주기,5.0,61,4.12,매우그렇다
경기학교교육실태조사,중학교,PR_RELATION_03,C04,학교생활·관계,S0401,또래·교사 관계,학부모,학교생활(친구·선생님과의 관계) - 3)학교 친구들은 내 아이가 어려움에 처해있을 때 도와준다,2021,1주기,1.0,38,0.64,전혀 그렇지 않다
경기학교교육실태조사,중학교,PR_RELATION_03,C04,학교생활·관계,S0401,또래·교사 관계,학부모,학교생활(친구·선생님과의 관계) - 3)학교 친구들은 내 아이가 어려움에 처해있을 때 도와준다,2021,1주기,2.0,131,2.2,그렇지 않다
경기학교교육실태조사,중학교,PR_RELATION_03,C04,학교생활·관계,S0401,또래·교사 관계,학부모,학교생활(친구·선생님과의 관계) - 3)학교 친구들은 내 아이가 어려움에 처해있을 때 도와준다,2021,1주기,3.0,1543,25.94,보통이다
경기학교교육실태조사,중학교,PR_RELATION_03,C04,학교생활·관계,S0401,또래·교사 관계,학부모,학교생활(친구·선생님과의 관계) - 3)학교 친구들은 내 아이가 어려움에 처해있을 때 도와준다,2021,1주기,4.0,3359,56.47,그렇다
경기학교교육실태조사,중학교,PR_RELATION_03,C04,학교생활·관계,S0401,또래·교사 관계,학부모,학교생활(친구·선생님과의 관계) - 3)학교 친구들은 내 아이가 어려움에 처해있을 때 도와준다,2021,1주기,5.0,877,14.74,매우 그렇다
경기학교교육실태조사,중학교,PR_RELATION_03,C04,학교생활·관계,S0401,또래·교사 관계,학부모,학교생활(친구·선생님과의 관계) - 3)학교 친구들은 내 아이가 어려움에 처해있을 때 도와준다,2025,2주기,1.0,12,0.81,전혀그렇지않다
경기학교교육실태조사,중학교,PR_RELATION_03,C04,학교생활·관계,S0401,또래·교사 관계,학부모,학교생활(친구·선생님과의 관계) - 3)학교 친구들은 내 아이가 어려움에 처해있을 때 도와준다,2025,2주기,2.0,46,3.1,그렇지않다
경기학교교육실태조사,중학교,PR_RELATION_03,C04,학교생활·관계,S0401,또래·교사 관계,학부모,학교생활(친구·선생님과의 관계) - 3)학교 친구들은 내 아이가 어려움에 처해있을 때 도와준다,2025,2주기,3.0,443,29.89,보통이다
경기학교교육실태조사,중학교,PR_RELATION_03,C04,학교생활·관계,S0401,또래·교사 관계,학부모,학교생활(친구·선생님과의 관계) - 3)학교 친구들은 내 아이가 어려움에 처해있을 때 도와준다,2025,2주기,4.0,760,51.28,그렇다
경기학교교육실태조사,중학교,PR_RELATION_03,C04,학교생활·관계,S0401,또래·교사 관계,학부모,학교생활(친구·선생님과의 관계) - 3)학교 친구들은 내 아이가 어려움에 처해있을 때 도와준다,2025,2주기,5.0,221,14.91,매우그렇다
경기학교교육실태조사,중학교,PR_RELATION_04,C04,학교생활·관계,S0401,또래·교사 관계,학부모,학교생활(친구·선생님과의 관계) - 4)학교 선생님들은 내 아이를 이해하려고 노력하신다,2021,1주기,1.0,37,0.62,전혀 그렇지 않다
경기학교교육실태조사,중학교,PR_RELATION_04,C04,학교생활·관계,S0401,또래·교사 관계,학부모,학교생활(친구·선생님과의 관계) - 4)학교 선생님들은 내 아이를 이해하려고 노력하신다,2021,1주기,2.0,120,2.02,그렇지 않다
경기학교교육실태조사,중학교,PR_RELATION_04,C04,학교생활·관계,S0401,또래·교사 관계,학부모,학교생활(친구·선생님과의 관계) - 4)학교 선생님들은 내 아이를 이해하려고 노력하신다,2021,1주기,3.0,1292,21.72,보통이다
경기학교교육실태조사,중학교,PR_RELATION_04,C04,학교생활·관계,S0401,또래·교사 관계,학부모,학교생활(친구·선생님과의 관계) - 4)학교 선생님들은 내 아이를 이해하려고 노력하신다,2021,1주기,4.0,3107,52.24,그렇다
경기학교교육실태조사,중학교,PR_RELATION_04,C04,학교생활·관계,S0401,또래·교사 관계,학부모,학교생활(친구·선생님과의 관계) - 4)학교 선생님들은 내 아이를 이해하려고 노력하신다,2021,1주기,5.0,1392,23.4,매우 그렇다
경기학교교육실태조사,중학교,PR_RELATION_04,C04,학교생활·관계,S0401,또래·교사 관계,학부모,학교생활(친구·선생님과의 관계) - 4)학교 선생님들은 내 아이를 이해하려고 노력하신다,2025,2주기,1.0,8,0.54,전혀그렇지않다
경기학교교육실태조사,중학교,PR_RELATION_04,C04,학교생활·관계,S0401,또래·교사 관계,학부모,학교생활(친구·선생님과의 관계) - 4)학교 선생님들은 내 아이를 이해하려고 노력하신다,2025,2주기,2.0,19,1.28,그렇지않다
경기학교교육실태조사,중학교,PR_RELATION_04,C04,학교생활·관계,S0401,또래·교사 관계,학부모,학교생활(친구·선생님과의 관계) - 4)학교 선생님들은 내 아이를 이해하려고 노력하신다,2025,2주기,3.0,351,23.68,보통이다
경기학교교육실태조사,중학교,PR_RELATION_04,C04,학교생활·관계,S0401,또래·교사 관계,학부모,학교생활(친구·선생님과의 관계) - 4)학교 선생님들은 내 아이를 이해하려고 노력하신다,2025,2주기,4.0,727,49.06,그렇다
경기학교교육실태조사,중학교,PR_RELATION_04,C04,학교생활·관계,S0401,또래·교사 관계,학부모,학교생활(친구·선생님과의 관계) - 4)학교 선생님들은 내 아이를 이해하려고 노력하신다,2025,2주기,5.0,377,25.44,매우그렇다
경기학교교육실태조사,중학교,PR_RELATION_05,C04,학교생활·관계,S0401,또래·교사 관계,학부모,학교생활(친구·선생님과의 관계) - 5)학교 선생님들은 내 아이에게 관심이 부족하다,2021,1주기,1.0,1918,32.25,전혀 그렇지 않다
경기학교교육실태조사,중학교,PR_RELATION_05,C04,학교생활·관계,S0401,또래·교사 관계,학부모,학교생활(친구·선생님과의 관계) - 5)학교 선생님들은 내 아이에게 관심이 부족하다,2021,1주기,2.0,2614,43.95,그렇지 않다
경기학교교육실태조사,중학교,PR_RELATION_05,C04,학교생활·관계,S0401,또래·교사 관계,학부모,학교생활(친구·선생님과의 관계) - 5)학교 선생님들은 내 아이에게 관심이 부족하다,2021,1주기,3.0,1151,19.35,보통이다
경기학교교육실태조사,중학교,PR_RELATION_05,C04,학교생활·관계,S0401,또래·교사 관계,학부모,학교생활(친구·선생님과의 관계) - 5)학교 선생님들은 내 아이에게 관심이 부족하다,2021,1주기,4.0,205,3.45,그렇다
경기학교교육실태조사,중학교,PR_RELATION_05,C04,학교생활·관계,S0401,또래·교사 관계,학부모,학교생활(친구·선생님과의 관계) - 5)학교 선생님들은 내 아이에게 관심이 부족하다,2021,1주기,5.0,60,1.01,매우 그렇다
경기학교교육실태조사,중학교,PR_RELATION_05,C04,학교생활·관계,S0401,또래·교사 관계,학부모,학교생활(친구·선생님과의 관계) - 5)학교 선생님들은 내 아이에게 관심이 부족하다,2025,2주기,1.0,355,23.95,전혀그렇지않다
경기학교교육실태조사,중학교,PR_RELATION_05,C04,학교생활·관계,S0401,또래·교사 관계,학부모,학교생활(친구·선생님과의 관계) - 5)학교 선생님들은 내 아이에게 관심이 부족하다,2025,2주기,2.0,657,44.33,그렇지않다
경기학교교육실태조사,중학교,PR_RELATION_05,C04,학교생활·관계,S0401,또래·교사 관계,학부모,학교생활(친구·선생님과의 관계) - 5)학교 선생님들은 내 아이에게 관심이 부족하다,2025,2주기,3.0,406,27.4,보통이다
경기학교교육실태조사,중학교,PR_RELATION_05,C04,학교생활·관계,S0401,또래·교사 관계,학부모,학교생활(친구·선생님과의 관계) - 5)학교 선생님들은 내 아이에게 관심이 부족하다,2025,2주기,4.0,55,3.71,그렇다
경기학교교육실태조사,중학교,PR_RELATION_05,C04,학교생활·관계,S0401,또래·교사 관계,학부모,학교생활(친구·선생님과의 관계) - 5)학교 선생님들은 내 아이에게 관심이 부족하다,2025,2주기,5.0,9,0.61,매우그렇다
경기학교교육실태조사,중학교,PR_RELATION_06,C04,학교생활·관계,S0401,또래·교사 관계,학부모,학교생활(친구·선생님과의 관계) - 6)내 아이는 학교 선생님들에게 고민을 잘 털어놓는다,2021,1주기,1.0,437,7.35,전혀 그렇지 않다
경기학교교육실태조사,중학교,PR_RELATION_06,C04,학교생활·관계,S0401,또래·교사 관계,학부모,학교생활(친구·선생님과의 관계) - 6)내 아이는 학교 선생님들에게 고민을 잘 털어놓는다,2021,1주기,2.0,1461,24.56,그렇지 않다
경기학교교육실태조사,중학교,PR_RELATION_06,C04,학교생활·관계,S0401,또래·교사 관계,학부모,학교생활(친구·선생님과의 관계) - 6)내 아이는 학교 선생님들에게 고민을 잘 털어놓는다,2021,1주기,3.0,2628,44.18,보통이다
경기학교교육실태조사,중학교,PR_RELATION_06,C04,학교생활·관계,S0401,또래·교사 관계,학부모,학교생활(친구·선생님과의 관계) - 6)내 아이는 학교 선생님들에게 고민을 잘 털어놓는다,2021,1주기,4.0,1119,18.81,그렇다
경기학교교육실태조사,중학교,PR_RELATION_06,C04,학교생활·관계,S0401,또래·교사 관계,학부모,학교생활(친구·선생님과의 관계) - 6)내 아이는 학교 선생님들에게 고민을 잘 털어놓는다,2021,1주기,5.0,303,5.09,매우 그렇다
경기학교교육실태조사,중학교,PR_RELATION_06,C04,학교생활·관계,S0401,또래·교사 관계,학부모,학교생활(친구·선생님과의 관계) - 6)내 아이는 학교 선생님들에게 고민을 잘 털어놓는다,2025,2주기,1.0,88,5.94,전혀그렇지않다
경기학교교육실태조사,중학교,PR_RELATION_06,C04,학교생활·관계,S0401,또래·교사 관계,학부모,학교생활(친구·선생님과의 관계) - 6)내 아이는 학교 선생님들에게 고민을 잘 털어놓는다,2025,2주기,2.0,348,23.48,그렇지않다
경기학교교육실태조사,중학교,PR_RELATION_06,C04,학교생활·관계,S0401,또래·교사 관계,학부모,학교생활(친구·선생님과의 관계) - 6)내 아이는 학교 선생님들에게 고민을 잘 털어놓는다,2025,2주기,3.0,682,46.02,보통이다
경기학교교육실태조사,중학교,PR_RELATION_06,C04,학교생활·관계,S0401,또래·교사 관계,학부모,학교생활(친구·선생님과의 관계) - 6)내 아이는 학교 선생님들에게 고민을 잘 털어놓는다,2025,2주기,4.0,291,19.64,그렇다
경기학교교육실태조사,중학교,PR_RELATION_06,C04,학교생활·관계,S0401,또래·교사 관계,학부모,학교생활(친구·선생님과의 관계) - 6)내 아이는 학교 선생님들에게 고민을 잘 털어놓는다,2025,2주기,5.0,73,4.93,매우그렇다
경기학교교육실태조사,중학교,PR_SAT_DETAIL_01,C09,만족도,S0902,세부 만족도,학부모,학교에 대한 세부적인 만족도 - 1)자녀의 학습능력을 잘 길러주고 있다,2021,1주기,1.0,82,1.38,전혀 그렇지 않다
경기학교교육실태조사,중학교,PR_SAT_DETAIL_01,C09,만족도,S0902,세부 만족도,학부모,학교에 대한 세부적인 만족도 - 1)자녀의 학습능력을 잘 길러주고 있다,2021,1주기,2.0,367,6.17,그렇지 않다
경기학교교육실태조사,중학교,PR_SAT_DETAIL_01,C09,만족도,S0902,세부 만족도,학부모,학교에 대한 세부적인 만족도 - 1)자녀의 학습능력을 잘 길러주고 있다,2021,1주기,3.0,2736,46.0,보통이다
경기학교교육실태조사,중학교,PR_SAT_DETAIL_01,C09,만족도,S0902,세부 만족도,학부모,학교에 대한 세부적인 만족도 - 1)자녀의 학습능력을 잘 길러주고 있다,2021,1주기,4.0,2312,38.87,그렇다
경기학교교육실태조사,중학교,PR_SAT_DETAIL_01,C09,만족도,S0902,세부 만족도,학부모,학교에 대한 세부적인 만족도 - 1)자녀의 학습능력을 잘 길러주고 있다,2021,1주기,5.0,451,7.58,매우 그렇다
경기학교교육실태조사,중학교,PR_SAT_DETAIL_01,C09,만족도,S0902,세부 만족도,학부모,학교에 대한 세부적인 만족도 - 1)자녀의 학습능력을 잘 길러주고 있다,2025,2주기,1.0,14,0.94,전혀그렇지않다
경기학교교육실태조사,중학교,PR_SAT_DETAIL_01,C09,만족도,S0902,세부 만족도,학부모,학교에 대한 세부적인 만족도 - 1)자녀의 학습능력을 잘 길러주고 있다,2025,2주기,2.0,74,4.99,그렇지않다
경기학교교육실태조사,중학교,PR_SAT_DETAIL_01,C09,만족도,S0902,세부 만족도,학부모,학교에 대한 세부적인 만족도 - 1)자녀의 학습능력을 잘 길러주고 있다,2025,2주기,3.0,645,43.52,보통이다
경기학교교육실태조사,중학교,PR_SAT_DETAIL_01,C09,만족도,S0902,세부 만족도,학부모,학교에 대한 세부적인 만족도 - 1)자녀의 학습능력을 잘 길러주고 있다,2025,2주기,4.0,624,42.11,그렇다
경기학교교육실태조사,중학교,PR_SAT_DETAIL_01,C09,만족도,S0902,세부 만족도,학부모,학교에 대한 세부적인 만족도 - 1)자녀의 학습능력을 잘 길러주고 있다,2025,2주기,5.0,125,8.43,매우그렇다
경기학교교육실태조사,중학교,PR_SAT_DETAIL_02,C09,만족도,S0902,세부 만족도,학부모,학교에 대한 세부적인 만족도 - 2)자녀의 특기와 적성을 잘 계발해주고 있다,2021,1주기,1.0,138,2.32,전혀 그렇지 않다
경기학교교육실태조사,중학교,PR_SAT_DETAIL_02,C09,만족도,S0902,세부 만족도,학부모,학교에 대한 세부적인 만족도 - 2)자녀의 특기와 적성을 잘 계발해주고 있다,2021,1주기,2.0,789,13.26,그렇지 않다
경기학교교육실태조사,중학교,PR_SAT_DETAIL_02,C09,만족도,S0902,세부 만족도,학부모,학교에 대한 세부적인 만족도 - 2)자녀의 특기와 적성을 잘 계발해주고 있다,2021,1주기,3.0,3001,50.45,보통이다
경기학교교육실태조사,중학교,PR_SAT_DETAIL_02,C09,만족도,S0902,세부 만족도,학부모,학교에 대한 세부적인 만족도 - 2)자녀의 특기와 적성을 잘 계발해주고 있다,2021,1주기,4.0,1649,27.72,그렇다
경기학교교육실태조사,중학교,PR_SAT_DETAIL_02,C09,만족도,S0902,세부 만족도,학부모,학교에 대한 세부적인 만족도 - 2)자녀의 특기와 적성을 잘 계발해주고 있다,2021,1주기,5.0,371,6.24,매우 그렇다
경기학교교육실태조사,중학교,PR_SAT_DETAIL_02,C09,만족도,S0902,세부 만족도,학부모,학교에 대한 세부적인 만족도 - 2)자녀의 특기와 적성을 잘 계발해주고 있다,2025,2주기,1.0,27,1.82,전혀그렇지않다
경기학교교육실태조사,중학교,PR_SAT_DETAIL_02,C09,만족도,S0902,세부 만족도,학부모,학교에 대한 세부적인 만족도 - 2)자녀의 특기와 적성을 잘 계발해주고 있다,2025,2주기,2.0,132,8.91,그렇지않다
경기학교교육실태조사,중학교,PR_SAT_DETAIL_02,C09,만족도,S0902,세부 만족도,학부모,학교에 대한 세부적인 만족도 - 2)자녀의 특기와 적성을 잘 계발해주고 있다,2025,2주기,3.0,783,52.83,보통이다
경기학교교육실태조사,중학교,PR_SAT_DETAIL_02,C09,만족도,S0902,세부 만족도,학부모,학교에 대한 세부적인 만족도 - 2)자녀의 특기와 적성을 잘 계발해주고 있다,2025,2주기,4.0,438,29.55,그렇다
경기학교교육실태조사,중학교,PR_SAT_DETAIL_02,C09,만족도,S0902,세부 만족도,학부모,학교에 대한 세부적인 만족도 - 2)자녀의 특기와 적성을 잘 계발해주고 있다,2025,2주기,5.0,102,6.88,매우그렇다
경기학교교육실태조사,중학교,PR_SAT_DETAIL_03,C09,만족도,S0902,세부 만족도,학부모,학교에 대한 세부적인 만족도 - 3)자녀의 수준에 맞게 잘 가르치고 있다,2021,1주기,1.0,84,1.41,전혀 그렇지 않다
경기학교교육실태조사,중학교,PR_SAT_DETAIL_03,C09,만족도,S0902,세부 만족도,학부모,학교에 대한 세부적인 만족도 - 3)자녀의 수준에 맞게 잘 가르치고 있다,2021,1주기,2.0,437,7.35,그렇지 않다
경기학교교육실태조사,중학교,PR_SAT_DETAIL_03,C09,만족도,S0902,세부 만족도,학부모,학교에 대한 세부적인 만족도 - 3)자녀의 수준에 맞게 잘 가르치고 있다,2021,1주기,3.0,2742,46.1,보통이다
경기학교교육실태조사,중학교,PR_SAT_DETAIL_03,C09,만족도,S0902,세부 만족도,학부모,학교에 대한 세부적인 만족도 - 3)자녀의 수준에 맞게 잘 가르치고 있다,2021,1주기,4.0,2276,38.26,그렇다
경기학교교육실태조사,중학교,PR_SAT_DETAIL_03,C09,만족도,S0902,세부 만족도,학부모,학교에 대한 세부적인 만족도 - 3)자녀의 수준에 맞게 잘 가르치고 있다,2021,1주기,5.0,409,6.88,매우 그렇다
경기학교교육실태조사,중학교,PR_SAT_DETAIL_03,C09,만족도,S0902,세부 만족도,학부모,학교에 대한 세부적인 만족도 - 3)자녀의 수준에 맞게 잘 가르치고 있다,2025,2주기,1.0,18,1.21,전혀그렇지않다
경기학교교육실태조사,중학교,PR_SAT_DETAIL_03,C09,만족도,S0902,세부 만족도,학부모,학교에 대한 세부적인 만족도 - 3)자녀의 수준에 맞게 잘 가르치고 있다,2025,2주기,2.0,83,5.6,그렇지않다
경기학교교육실태조사,중학교,PR_SAT_DETAIL_03,C09,만족도,S0902,세부 만족도,학부모,학교에 대한 세부적인 만족도 - 3)자녀의 수준에 맞게 잘 가르치고 있다,2025,2주기,3.0,655,44.2,보통이다
경기학교교육실태조사,중학교,PR_SAT_DETAIL_03,C09,만족도,S0902,세부 만족도,학부모,학교에 대한 세부적인 만족도 - 3)자녀의 수준에 맞게 잘 가르치고 있다,2025,2주기,4.0,606,40.89,그렇다
경기학교교육실태조사,중학교,PR_SAT_DETAIL_03,C09,만족도,S0902,세부 만족도,학부모,학교에 대한 세부적인 만족도 - 3)자녀의 수준에 맞게 잘 가르치고 있다,2025,2주기,5.0,120,8.1,매우그렇다
경기학교교육실태조사,중학교,PR_SAT_DETAIL_04,C09,만족도,S0902,세부 만족도,학부모,학교에 대한 세부적인 만족도 - 4)자녀의 학교생활에 대하여 잘 알려준다,2021,1주기,1.0,116,1.95,전혀 그렇지 않다
경기학교교육실태조사,중학교,PR_SAT_DETAIL_04,C09,만족도,S0902,세부 만족도,학부모,학교에 대한 세부적인 만족도 - 4)자녀의 학교생활에 대하여 잘 알려준다,2021,1주기,2.0,625,10.51,그렇지 않다
경기학교교육실태조사,중학교,PR_SAT_DETAIL_04,C09,만족도,S0902,세부 만족도,학부모,학교에 대한 세부적인 만족도 - 4)자녀의 학교생활에 대하여 잘 알려준다,2021,1주기,3.0,2360,39.68,보통이다
경기학교교육실태조사,중학교,PR_SAT_DETAIL_04,C09,만족도,S0902,세부 만족도,학부모,학교에 대한 세부적인 만족도 - 4)자녀의 학교생활에 대하여 잘 알려준다,2021,1주기,4.0,2282,38.37,그렇다
경기학교교육실태조사,중학교,PR_SAT_DETAIL_04,C09,만족도,S0902,세부 만족도,학부모,학교에 대한 세부적인 만족도 - 4)자녀의 학교생활에 대하여 잘 알려준다,2021,1주기,5.0,565,9.5,매우 그렇다
경기학교교육실태조사,중학교,PR_SAT_DETAIL_04,C09,만족도,S0902,세부 만족도,학부모,학교에 대한 세부적인 만족도 - 4)자녀의 학교생활에 대하여 잘 알려준다,2025,2주기,1.0,19,1.28,전혀그렇지않다
경기학교교육실태조사,중학교,PR_SAT_DETAIL_04,C09,만족도,S0902,세부 만족도,학부모,학교에 대한 세부적인 만족도 - 4)자녀의 학교생활에 대하여 잘 알려준다,2025,2주기,2.0,118,7.96,그렇지않다
경기학교교육실태조사,중학교,PR_SAT_DETAIL_04,C09,만족도,S0902,세부 만족도,학부모,학교에 대한 세부적인 만족도 - 4)자녀의 학교생활에 대하여 잘 알려준다,2025,2주기,3.0,607,40.96,보통이다
경기학교교육실태조사,중학교,PR_SAT_DETAIL_04,C09,만족도,S0902,세부 만족도,학부모,학교에 대한 세부적인 만족도 - 4)자녀의 학교생활에 대하여 잘 알려준다,2025,2주기,4.0,573,38.66,그렇다
경기학교교육실태조사,중학교,PR_SAT_DETAIL_04,C09,만족도,S0902,세부 만족도,학부모,학교에 대한 세부적인 만족도 - 4)자녀의 학교생활에 대하여 잘 알려준다,2025,2주기,5.0,165,11.13,매우그렇다
경기학교교육실태조사,중학교,PR_SAT_DETAIL_05,C09,만족도,S0902,세부 만족도,학부모,학교에 대한 세부적인 만족도 - 5)자녀의 평가결과를 학부모에게 잘 전달한다,2021,1주기,1.0,76,1.28,전혀 그렇지 않다
경기학교교육실태조사,중학교,PR_SAT_DETAIL_05,C09,만족도,S0902,세부 만족도,학부모,학교에 대한 세부적인 만족도 - 5)자녀의 평가결과를 학부모에게 잘 전달한다,2021,1주기,2.0,413,6.94,그렇지 않다
경기학교교육실태조사,중학교,PR_SAT_DETAIL_05,C09,만족도,S0902,세부 만족도,학부모,학교에 대한 세부적인 만족도 - 5)자녀의 평가결과를 학부모에게 잘 전달한다,2021,1주기,3.0,1893,31.83,보통이다
경기학교교육실태조사,중학교,PR_SAT_DETAIL_05,C09,만족도,S0902,세부 만족도,학부모,학교에 대한 세부적인 만족도 - 5)자녀의 평가결과를 학부모에게 잘 전달한다,2021,1주기,4.0,2737,46.02,그렇다
경기학교교육실태조사,중학교,PR_SAT_DETAIL_05,C09,만족도,S0902,세부 만족도,학부모,학교에 대한 세부적인 만족도 - 5)자녀의 평가결과를 학부모에게 잘 전달한다,2021,1주기,5.0,829,13.94,매우 그렇다
경기학교교육실태조사,중학교,PR_SAT_DETAIL_05,C09,만족도,S0902,세부 만족도,학부모,학교에 대한 세부적인 만족도 - 5)자녀의 평가결과를 학부모에게 잘 전달한다,2025,2주기,1.0,13,0.88,전혀그렇지않다
경기학교교육실태조사,중학교,PR_SAT_DETAIL_05,C09,만족도,S0902,세부 만족도,학부모,학교에 대한 세부적인 만족도 - 5)자녀의 평가결과를 학부모에게 잘 전달한다,2025,2주기,2.0,75,5.06,그렇지않다
경기학교교육실태조사,중학교,PR_SAT_DETAIL_05,C09,만족도,S0902,세부 만족도,학부모,학교에 대한 세부적인 만족도 - 5)자녀의 평가결과를 학부모에게 잘 전달한다,2025,2주기,3.0,444,29.96,보통이다
경기학교교육실태조사,중학교,PR_SAT_DETAIL_05,C09,만족도,S0902,세부 만족도,학부모,학교에 대한 세부적인 만족도 - 5)자녀의 평가결과를 학부모에게 잘 전달한다,2025,2주기,4.0,683,46.09,그렇다
경기학교교육실태조사,중학교,PR_SAT_DETAIL_05,C09,만족도,S0902,세부 만족도,학부모,학교에 대한 세부적인 만족도 - 5)자녀의 평가결과를 학부모에게 잘 전달한다,2025,2주기,5.0,267,18.02,매우그렇다
경기학교교육실태조사,중학교,PR_SAT_DETAIL_06,C09,만족도,S0902,세부 만족도,학부모,학교에 대한 세부적인 만족도 - 6)자녀의 흥미와 적성에 맞는 교육을 하고 있다,2021,1주기,1.0,132,2.22,전혀 그렇지 않다
경기학교교육실태조사,중학교,PR_SAT_DETAIL_06,C09,만족도,S0902,세부 만족도,학부모,학교에 대한 세부적인 만족도 - 6)자녀의 흥미와 적성에 맞는 교육을 하고 있다,2021,1주기,2.0,776,13.05,그렇지 않다
경기학교교육실태조사,중학교,PR_SAT_DETAIL_06,C09,만족도,S0902,세부 만족도,학부모,학교에 대한 세부적인 만족도 - 6)자녀의 흥미와 적성에 맞는 교육을 하고 있다,2021,1주기,3.0,2928,49.23,보통이다
경기학교교육실태조사,중학교,PR_SAT_DETAIL_06,C09,만족도,S0902,세부 만족도,학부모,학교에 대한 세부적인 만족도 - 6)자녀의 흥미와 적성에 맞는 교육을 하고 있다,2021,1주기,4.0,1706,28.68,그렇다
경기학교교육실태조사,중학교,PR_SAT_DETAIL_06,C09,만족도,S0902,세부 만족도,학부모,학교에 대한 세부적인 만족도 - 6)자녀의 흥미와 적성에 맞는 교육을 하고 있다,2021,1주기,5.0,406,6.83,매우 그렇다
경기학교교육실태조사,중학교,PR_SAT_DETAIL_06,C09,만족도,S0902,세부 만족도,학부모,학교에 대한 세부적인 만족도 - 6)자녀의 흥미와 적성에 맞는 교육을 하고 있다,2025,2주기,1.0,21,1.42,전혀그렇지않다
경기학교교육실태조사,중학교,PR_SAT_DETAIL_06,C09,만족도,S0902,세부 만족도,학부모,학교에 대한 세부적인 만족도 - 6)자녀의 흥미와 적성에 맞는 교육을 하고 있다,2025,2주기,2.0,130,8.77,그렇지않다
경기학교교육실태조사,중학교,PR_SAT_DETAIL_06,C09,만족도,S0902,세부 만족도,학부모,학교에 대한 세부적인 만족도 - 6)자녀의 흥미와 적성에 맞는 교육을 하고 있다,2025,2주기,3.0,768,51.82,보통이다
경기학교교육실태조사,중학교,PR_SAT_DETAIL_06,C09,만족도,S0902,세부 만족도,학부모,학교에 대한 세부적인 만족도 - 6)자녀의 흥미와 적성에 맞는 교육을 하고 있다,2025,2주기,4.0,457,30.84,그렇다
경기학교교육실태조사,중학교,PR_SAT_DETAIL_06,C09,만족도,S0902,세부 만족도,학부모,학교에 대한 세부적인 만족도 - 6)자녀의 흥미와 적성에 맞는 교육을 하고 있다,2025,2주기,5.0,106,7.15,매우그렇다
경기학교교육실태조사,중학교,PR_SAT_DETAIL_07,C09,만족도,S0902,세부 만족도,학부모,학교에 대한 세부적인 만족도 - 7)학교운영위원회는 학부모들의 의견을 잘 수렴한다,2021,1주기,1.0,166,2.79,전혀 그렇지 않다
경기학교교육실태조사,중학교,PR_SAT_DETAIL_07,C09,만족도,S0902,세부 만족도,학부모,학교에 대한 세부적인 만족도 - 7)학교운영위원회는 학부모들의 의견을 잘 수렴한다,2021,1주기,2.0,417,7.01,그렇지 않다
경기학교교육실태조사,중학교,PR_SAT_DETAIL_07,C09,만족도,S0902,세부 만족도,학부모,학교에 대한 세부적인 만족도 - 7)학교운영위원회는 학부모들의 의견을 잘 수렴한다,2021,1주기,3.0,3125,52.54,보통이다
경기학교교육실태조사,중학교,PR_SAT_DETAIL_07,C09,만족도,S0902,세부 만족도,학부모,학교에 대한 세부적인 만족도 - 7)학교운영위원회는 학부모들의 의견을 잘 수렴한다,2021,1주기,4.0,1877,31.56,그렇다
경기학교교육실태조사,중학교,PR_SAT_DETAIL_07,C09,만족도,S0902,세부 만족도,학부모,학교에 대한 세부적인 만족도 - 7)학교운영위원회는 학부모들의 의견을 잘 수렴한다,2021,1주기,5.0,363,6.1,매우 그렇다
경기학교교육실태조사,중학교,PR_SAT_DETAIL_07,C09,만족도,S0902,세부 만족도,학부모,학교에 대한 세부적인 만족도 - 7)학교운영위원회는 학부모들의 의견을 잘 수렴한다,2025,2주기,1.0,33,2.23,전혀그렇지않다
경기학교교육실태조사,중학교,PR_SAT_DETAIL_07,C09,만족도,S0902,세부 만족도,학부모,학교에 대한 세부적인 만족도 - 7)학교운영위원회는 학부모들의 의견을 잘 수렴한다,2025,2주기,2.0,68,4.59,그렇지않다
경기학교교육실태조사,중학교,PR_SAT_DETAIL_07,C09,만족도,S0902,세부 만족도,학부모,학교에 대한 세부적인 만족도 - 7)학교운영위원회는 학부모들의 의견을 잘 수렴한다,2025,2주기,3.0,804,54.25,보통이다
경기학교교육실태조사,중학교,PR_SAT_DETAIL_07,C09,만족도,S0902,세부 만족도,학부모,학교에 대한 세부적인 만족도 - 7)학교운영위원회는 학부모들의 의견을 잘 수렴한다,2025,2주기,4.0,476,32.12,그렇다
경기학교교육실태조사,중학교,PR_SAT_DETAIL_07,C09,만족도,S0902,세부 만족도,학부모,학교에 대한 세부적인 만족도 - 7)학교운영위원회는 학부모들의 의견을 잘 수렴한다,2025,2주기,5.0,101,6.82,매우그렇다
경기학교교육실태조사,중학교,PR_SAT_DETAIL_08,C09,만족도,S0902,세부 만족도,학부모,"학교에 대한 세부적인 만족도 - 8)교사, 학부모, 학생들이 협의하여 학교운영을 자율적으로 하고 있다",2021,1주기,1.0,118,1.98,전혀 그렇지 않다
경기학교교육실태조사,중학교,PR_SAT_DETAIL_08,C09,만족도,S0902,세부 만족도,학부모,"학교에 대한 세부적인 만족도 - 8)교사, 학부모, 학생들이 협의하여 학교운영을 자율적으로 하고 있다",2021,1주기,2.0,381,6.41,그렇지 않다
경기학교교육실태조사,중학교,PR_SAT_DETAIL_08,C09,만족도,S0902,세부 만족도,학부모,"학교에 대한 세부적인 만족도 - 8)교사, 학부모, 학생들이 협의하여 학교운영을 자율적으로 하고 있다",2021,1주기,3.0,2867,48.2,보통이다
경기학교교육실태조사,중학교,PR_SAT_DETAIL_08,C09,만족도,S0902,세부 만족도,학부모,"학교에 대한 세부적인 만족도 - 8)교사, 학부모, 학생들이 협의하여 학교운영을 자율적으로 하고 있다",2021,1주기,4.0,2158,36.28,그렇다
경기학교교육실태조사,중학교,PR_SAT_DETAIL_08,C09,만족도,S0902,세부 만족도,학부모,"학교에 대한 세부적인 만족도 - 8)교사, 학부모, 학생들이 협의하여 학교운영을 자율적으로 하고 있다",2021,1주기,5.0,424,7.13,매우 그렇다
경기학교교육실태조사,중학교,PR_SAT_DETAIL_08,C09,만족도,S0902,세부 만족도,학부모,"학교에 대한 세부적인 만족도 - 8)교사, 학부모, 학생들이 협의하여 학교운영을 자율적으로 하고 있다",2025,2주기,1.0,22,1.48,전혀그렇지않다
경기학교교육실태조사,중학교,PR_SAT_DETAIL_08,C09,만족도,S0902,세부 만족도,학부모,"학교에 대한 세부적인 만족도 - 8)교사, 학부모, 학생들이 협의하여 학교운영을 자율적으로 하고 있다",2025,2주기,2.0,60,4.05,그렇지않다
경기학교교육실태조사,중학교,PR_SAT_DETAIL_08,C09,만족도,S0902,세부 만족도,학부모,"학교에 대한 세부적인 만족도 - 8)교사, 학부모, 학생들이 협의하여 학교운영을 자율적으로 하고 있다",2025,2주기,3.0,702,47.37,보통이다
경기학교교육실태조사,중학교,PR_SAT_DETAIL_08,C09,만족도,S0902,세부 만족도,학부모,"학교에 대한 세부적인 만족도 - 8)교사, 학부모, 학생들이 협의하여 학교운영을 자율적으로 하고 있다",2025,2주기,4.0,578,39.0,그렇다
경기학교교육실태조사,중학교,PR_SAT_DETAIL_08,C09,만족도,S0902,세부 만족도,학부모,"학교에 대한 세부적인 만족도 - 8)교사, 학부모, 학생들이 협의하여 학교운영을 자율적으로 하고 있다",2025,2주기,5.0,120,8.1,매우그렇다
경기학교교육실태조사,중학교,PR_SAT_DETAIL_09,C09,만족도,S0902,세부 만족도,학부모,학교에 대한 세부적인 만족도 - 9)학습에 불편하지 않게 교육시설과 환경을 잘 갖추고 있다,2021,1주기,1.0,91,1.53,전혀 그렇지 않다
경기학교교육실태조사,중학교,PR_SAT_DETAIL_09,C09,만족도,S0902,세부 만족도,학부모,학교에 대한 세부적인 만족도 - 9)학습에 불편하지 않게 교육시설과 환경을 잘 갖추고 있다,2021,1주기,2.0,301,5.06,그렇지 않다
경기학교교육실태조사,중학교,PR_SAT_DETAIL_09,C09,만족도,S0902,세부 만족도,학부모,학교에 대한 세부적인 만족도 - 9)학습에 불편하지 않게 교육시설과 환경을 잘 갖추고 있다,2021,1주기,3.0,2412,40.55,보통이다
경기학교교육실태조사,중학교,PR_SAT_DETAIL_09,C09,만족도,S0902,세부 만족도,학부모,학교에 대한 세부적인 만족도 - 9)학습에 불편하지 않게 교육시설과 환경을 잘 갖추고 있다,2021,1주기,4.0,2618,44.01,그렇다
경기학교교육실태조사,중학교,PR_SAT_DETAIL_09,C09,만족도,S0902,세부 만족도,학부모,학교에 대한 세부적인 만족도 - 9)학습에 불편하지 않게 교육시설과 환경을 잘 갖추고 있다,2021,1주기,5.0,526,8.84,매우 그렇다
경기학교교육실태조사,중학교,PR_SAT_DETAIL_09,C09,만족도,S0902,세부 만족도,학부모,학교에 대한 세부적인 만족도 - 9)학습에 불편하지 않게 교육시설과 환경을 잘 갖추고 있다,2025,2주기,1.0,19,1.28,전혀그렇지않다
경기학교교육실태조사,중학교,PR_SAT_DETAIL_09,C09,만족도,S0902,세부 만족도,학부모,학교에 대한 세부적인 만족도 - 9)학습에 불편하지 않게 교육시설과 환경을 잘 갖추고 있다,2025,2주기,2.0,69,4.66,그렇지않다
경기학교교육실태조사,중학교,PR_SAT_DETAIL_09,C09,만족도,S0902,세부 만족도,학부모,학교에 대한 세부적인 만족도 - 9)학습에 불편하지 않게 교육시설과 환경을 잘 갖추고 있다,2025,2주기,3.0,570,38.46,보통이다
경기학교교육실태조사,중학교,PR_SAT_DETAIL_09,C09,만족도,S0902,세부 만족도,학부모,학교에 대한 세부적인 만족도 - 9)학습에 불편하지 않게 교육시설과 환경을 잘 갖추고 있다,2025,2주기,4.0,671,45.28,그렇다
경기학교교육실태조사,중학교,PR_SAT_DETAIL_09,C09,만족도,S0902,세부 만족도,학부모,학교에 대한 세부적인 만족도 - 9)학습에 불편하지 않게 교육시설과 환경을 잘 갖추고 있다,2025,2주기,5.0,153,10.32,매우그렇다
경기학교교육실태조사,중학교,PR_SAT_DETAIL_10,C09,만족도,S0902,세부 만족도,학부모,학교에 대한 세부적인 만족도 - 10)학생의 안전을 위해 노력하고 있다,2021,1주기,1.0,39,0.66,전혀 그렇지 않다
경기학교교육실태조사,중학교,PR_SAT_DETAIL_10,C09,만족도,S0902,세부 만족도,학부모,학교에 대한 세부적인 만족도 - 10)학생의 안전을 위해 노력하고 있다,2021,1주기,2.0,132,2.22,그렇지 않다
경기학교교육실태조사,중학교,PR_SAT_DETAIL_10,C09,만족도,S0902,세부 만족도,학부모,학교에 대한 세부적인 만족도 - 10)학생의 안전을 위해 노력하고 있다,2021,1주기,3.0,1909,32.09,보통이다
경기학교교육실태조사,중학교,PR_SAT_DETAIL_10,C09,만족도,S0902,세부 만족도,학부모,학교에 대한 세부적인 만족도 - 10)학생의 안전을 위해 노력하고 있다,2021,1주기,4.0,3036,51.04,그렇다
경기학교교육실태조사,중학교,PR_SAT_DETAIL_10,C09,만족도,S0902,세부 만족도,학부모,학교에 대한 세부적인 만족도 - 10)학생의 안전을 위해 노력하고 있다,2021,1주기,5.0,832,13.99,매우 그렇다
경기학교교육실태조사,중학교,PR_SAT_DETAIL_10,C09,만족도,S0902,세부 만족도,학부모,학교에 대한 세부적인 만족도 - 10)학생의 안전을 위해 노력하고 있다,2025,2주기,1.0,11,0.74,전혀그렇지않다
경기학교교육실태조사,중학교,PR_SAT_DETAIL_10,C09,만족도,S0902,세부 만족도,학부모,학교에 대한 세부적인 만족도 - 10)학생의 안전을 위해 노력하고 있다,2025,2주기,2.0,27,1.82,그렇지않다
경기학교교육실태조사,중학교,PR_SAT_DETAIL_10,C09,만족도,S0902,세부 만족도,학부모,학교에 대한 세부적인 만족도 - 10)학생의 안전을 위해 노력하고 있다,2025,2주기,3.0,432,29.15,보통이다
경기학교교육실태조사,중학교,PR_SAT_DETAIL_10,C09,만족도,S0902,세부 만족도,학부모,학교에 대한 세부적인 만족도 - 10)학생의 안전을 위해 노력하고 있다,2025,2주기,4.0,783,52.83,그렇다
경기학교교육실태조사,중학교,PR_SAT_DETAIL_10,C09,만족도,S0902,세부 만족도,학부모,학교에 대한 세부적인 만족도 - 10)학생의 안전을 위해 노력하고 있다,2025,2주기,5.0,229,15.45,매우그렇다
경기학교교육실태조사,중학교,PR_SAT_TOTAL_01,C09,만족도,S0901,전반적 만족도,학부모,학교에 대한 전반적인 만족도 - 현재 자녀가 다니는 학교에 어느 정도 만족하는지,2021,1주기,1.0,72,1.21,전혀 만족하지 않는다
경기학교교육실태조사,중학교,PR_SAT_TOTAL_01,C09,만족도,S0901,전반적 만족도,학부모,학교에 대한 전반적인 만족도 - 현재 자녀가 다니는 학교에 어느 정도 만족하는지,2021,1주기,2.0,270,4.54,만족하지 않는다
경기학교교육실태조사,중학교,PR_SAT_TOTAL_01,C09,만족도,S0901,전반적 만족도,학부모,학교에 대한 전반적인 만족도 - 현재 자녀가 다니는 학교에 어느 정도 만족하는지,2021,1주기,3.0,2159,36.3,보통이다
경기학교교육실태조사,중학교,PR_SAT_TOTAL_01,C09,만족도,S0901,전반적 만족도,학부모,학교에 대한 전반적인 만족도 - 현재 자녀가 다니는 학교에 어느 정도 만족하는지,2021,1주기,4.0,2734,45.97,만족한다
경기학교교육실태조사,중학교,PR_SAT_TOTAL_01,C09,만족도,S0901,전반적 만족도,학부모,학교에 대한 전반적인 만족도 - 현재 자녀가 다니는 학교에 어느 정도 만족하는지,2021,1주기,5.0,713,11.99,매우 만족한다
경기학교교육실태조사,중학교,PR_SAT_TOTAL_01,C09,만족도,S0901,전반적 만족도,학부모,학교에 대한 전반적인 만족도 - 현재 자녀가 다니는 학교에 어느 정도 만족하는지,2025,2주기,1.0,18,1.21,전혀 만족하지 않는다
경기학교교육실태조사,중학교,PR_SAT_TOTAL_01,C09,만족도,S0901,전반적 만족도,학부모,학교에 대한 전반적인 만족도 - 현재 자녀가 다니는 학교에 어느 정도 만족하는지,2025,2주기,2.0,56,3.78,만족하지 않는다
경기학교교육실태조사,중학교,PR_SAT_TOTAL_01,C09,만족도,S0901,전반적 만족도,학부모,학교에 대한 전반적인 만족도 - 현재 자녀가 다니는 학교에 어느 정도 만족하는지,2025,2주기,3.0,504,34.01,보통이다
경기학교교육실태조사,중학교,PR_SAT_TOTAL_01,C09,만족도,S0901,전반적 만족도,학부모,학교에 대한 전반적인 만족도 - 현재 자녀가 다니는 학교에 어느 정도 만족하는지,2025,2주기,4.0,691,46.63,만족한다
경기학교교육실태조사,중학교,PR_SAT_TOTAL_01,C09,만족도,S0901,전반적 만족도,학부모,학교에 대한 전반적인 만족도 - 현재 자녀가 다니는 학교에 어느 정도 만족하는지,2025,2주기,5.0,213,14.37,매우 만족한다
경기학교교육실태조사,중학교,PR_TALK_01,C07,교육격차·가정배경,S0703,가정 내 대화,학부모,자녀와 대화 시간 및 주제 - 자녀와 대화 시간,2021,1주기,1.0,25,0.42,없음
경기학교교육실태조사,중학교,PR_TALK_01,C07,교육격차·가정배경,S0703,가정 내 대화,학부모,자녀와 대화 시간 및 주제 - 자녀와 대화 시간,2021,1주기,2.0,837,14.07,30분 미만
경기학교교육실태조사,중학교,PR_TALK_01,C07,교육격차·가정배경,S0703,가정 내 대화,학부모,자녀와 대화 시간 및 주제 - 자녀와 대화 시간,2021,1주기,3.0,1496,25.15,30분-1시간 미만
경기학교교육실태조사,중학교,PR_TALK_01,C07,교육격차·가정배경,S0703,가정 내 대화,학부모,자녀와 대화 시간 및 주제 - 자녀와 대화 시간,2021,1주기,4.0,1239,20.83,1시간-2시간 미만
경기학교교육실태조사,중학교,PR_TALK_01,C07,교육격차·가정배경,S0703,가정 내 대화,학부모,자녀와 대화 시간 및 주제 - 자녀와 대화 시간,2021,1주기,5.0,811,13.63,2시간-3시간 미만
경기학교교육실태조사,중학교,PR_TALK_01,C07,교육격차·가정배경,S0703,가정 내 대화,학부모,자녀와 대화 시간 및 주제 - 자녀와 대화 시간,2021,1주기,6.0,1540,25.89,3시간 이상
경기학교교육실태조사,중학교,PR_TALK_01,C07,교육격차·가정배경,S0703,가정 내 대화,학부모,자녀와 대화 시간 및 주제 - 자녀와 대화 시간,2025,2주기,1.0,6,0.4,없음
경기학교교육실태조사,중학교,PR_TALK_01,C07,교육격차·가정배경,S0703,가정 내 대화,학부모,자녀와 대화 시간 및 주제 - 자녀와 대화 시간,2025,2주기,2.0,144,9.72,30분 미만
경기학교교육실태조사,중학교,PR_TALK_01,C07,교육격차·가정배경,S0703,가정 내 대화,학부모,자녀와 대화 시간 및 주제 - 자녀와 대화 시간,2025,2주기,3.0,318,21.46,30분-1시간 미만
경기학교교육실태조사,중학교,PR_TALK_01,C07,교육격차·가정배경,S0703,가정 내 대화,학부모,자녀와 대화 시간 및 주제 - 자녀와 대화 시간,2025,2주기,4.0,338,22.81,1시간-2시간 미만
경기학교교육실태조사,중학교,PR_TALK_01,C07,교육격차·가정배경,S0703,가정 내 대화,학부모,자녀와 대화 시간 및 주제 - 자녀와 대화 시간,2025,2주기,5.0,219,14.78,2시간-3시간 미만
경기학교교육실태조사,중학교,PR_TALK_01,C07,교육격차·가정배경,S0703,가정 내 대화,학부모,자녀와 대화 시간 및 주제 - 자녀와 대화 시간,2025,2주기,6.0,457,30.84,3시간 이상
경기학교교육실태조사,중학교,PR_TALK_02,C07,교육격차·가정배경,S0703,가정 내 대화,학부모,자녀와 대화 시간 및 주제 - 1)공부,2021,1주기,0.0,1535,25.81,
경기학교교육실태조사,중학교,PR_TALK_02,C07,교육격차·가정배경,S0703,가정 내 대화,학부모,자녀와 대화 시간 및 주제 - 1)공부,2021,1주기,1.0,4413,74.19,예
경기학교교육실태조사,중학교,PR_TALK_02,C07,교육격차·가정배경,S0703,가정 내 대화,학부모,자녀와 대화 시간 및 주제 - 1)공부,2025,2주기,0.0,561,37.85,해당없음
경기학교교육실태조사,중학교,PR_TALK_02,C07,교육격차·가정배경,S0703,가정 내 대화,학부모,자녀와 대화 시간 및 주제 - 1)공부,2025,2주기,1.0,921,62.15,해당
경기학교교육실태조사,중학교,PR_TALK_03,C07,교육격차·가정배경,S0703,가정 내 대화,학부모,자녀와 대화 시간 및 주제 - 2)용돈,2021,1주기,0.0,4073,68.48,
경기학교교육실태조사,중학교,PR_TALK_03,C07,교육격차·가정배경,S0703,가정 내 대화,학부모,자녀와 대화 시간 및 주제 - 2)용돈,2021,1주기,1.0,1875,31.52,예
경기학교교육실태조사,중학교,PR_TALK_03,C07,교육격차·가정배경,S0703,가정 내 대화,학부모,자녀와 대화 시간 및 주제 - 2)용돈,2025,2주기,0.0,1115,75.24,해당없음
경기학교교육실태조사,중학교,PR_TALK_03,C07,교육격차·가정배경,S0703,가정 내 대화,학부모,자녀와 대화 시간 및 주제 - 2)용돈,2025,2주기,1.0,367,24.76,해당
경기학교교육실태조사,중학교,PR_TALK_04,C07,교육격차·가정배경,S0703,가정 내 대화,학부모,자녀와 대화 시간 및 주제 - 3)건강,2021,1주기,0.0,2658,44.69,
경기학교교육실태조사,중학교,PR_TALK_04,C07,교육격차·가정배경,S0703,가정 내 대화,학부모,자녀와 대화 시간 및 주제 - 3)건강,2021,1주기,1.0,3290,55.31,예
경기학교교육실태조사,중학교,PR_TALK_04,C07,교육격차·가정배경,S0703,가정 내 대화,학부모,자녀와 대화 시간 및 주제 - 3)건강,2025,2주기,0.0,991,66.87,해당없음
경기학교교육실태조사,중학교,PR_TALK_04,C07,교육격차·가정배경,S0703,가정 내 대화,학부모,자녀와 대화 시간 및 주제 - 3)건강,2025,2주기,1.0,491,33.13,해당
경기학교교육실태조사,중학교,PR_TALK_05,C07,교육격차·가정배경,S0703,가정 내 대화,학부모,자녀와 대화 시간 및 주제 - 4)진로,2021,1주기,0.0,1478,24.85,
경기학교교육실태조사,중학교,PR_TALK_05,C07,교육격차·가정배경,S0703,가정 내 대화,학부모,자녀와 대화 시간 및 주제 - 4)진로,2021,1주기,1.0,4470,75.15,예
경기학교교육실태조사,중학교,PR_TALK_05,C07,교육격차·가정배경,S0703,가정 내 대화,학부모,자녀와 대화 시간 및 주제 - 4)진로,2025,2주기,0.0,644,43.45,해당없음
경기학교교육실태조사,중학교,PR_TALK_05,C07,교육격차·가정배경,S0703,가정 내 대화,학부모,자녀와 대화 시간 및 주제 - 4)진로,2025,2주기,1.0,838,56.55,해당
경기학교교육실태조사,중학교,PR_TALK_06,C07,교육격차·가정배경,S0703,가정 내 대화,학부모,자녀와 대화 시간 및 주제 - 5)학교생활,2021,1주기,0.0,1271,21.37,
경기학교교육실태조사,중학교,PR_TALK_06,C07,교육격차·가정배경,S0703,가정 내 대화,학부모,자녀와 대화 시간 및 주제 - 5)학교생활,2021,1주기,1.0,4677,78.63,예
경기학교교육실태조사,중학교,PR_TALK_06,C07,교육격차·가정배경,S0703,가정 내 대화,학부모,자녀와 대화 시간 및 주제 - 5)학교생활,2025,2주기,0.0,369,100.0,해당없음
경기학교교육실태조사,중학교,PR_TALK_07,C07,교육격차·가정배경,S0703,가정 내 대화,학부모,자녀와 대화 시간 및 주제 - 6)친구관계,2021,1주기,0.0,1320,22.19,
경기학교교육실태조사,중학교,PR_TALK_07,C07,교육격차·가정배경,S0703,가정 내 대화,학부모,자녀와 대화 시간 및 주제 - 6)친구관계,2021,1주기,1.0,4628,77.81,예
경기학교교육실태조사,중학교,PR_TALK_07,C07,교육격차·가정배경,S0703,가정 내 대화,학부모,자녀와 대화 시간 및 주제 - 6)친구관계,2025,2주기,0.0,521,100.0,해당없음
경기학교교육실태조사,중학교,ST_ASPIRE_01,C10,진로·진학,S1001,교육포부,학생,교육포부 - 교육포부,2021,1주기,1.0,862,9.7,고등학교 졸업
경기학교교육실태조사,중학교,ST_ASPIRE_01,C10,진로·진학,S1001,교육포부,학생,교육포부 - 교육포부,2021,1주기,2.0,775,8.72,2~3년제 대학 졸업
경기학교교육실태조사,중학교,ST_ASPIRE_01,C10,진로·진학,S1001,교육포부,학생,교육포부 - 교육포부,2021,1주기,3.0,4694,52.84,4년제 대학 졸업
경기학교교육실태조사,중학교,ST_ASPIRE_01,C10,진로·진학,S1001,교육포부,학생,교육포부 - 교육포부,2021,1주기,4.0,519,5.84,대학원 석사 졸업
경기학교교육실태조사,중학교,ST_ASPIRE_01,C10,진로·진학,S1001,교육포부,학생,교육포부 - 교육포부,2021,1주기,5.0,816,9.19,대학원 박사 졸업
경기학교교육실태조사,중학교,ST_ASPIRE_01,C10,진로·진학,S1001,교육포부,학생,교육포부 - 교육포부,2021,1주기,6.0,1218,13.71,잘 모르겠다
경기학교교육실태조사,중학교,ST_ASPIRE_01,C10,진로·진학,S1001,교육포부,학생,교육포부 - 교육포부,2025,2주기,1.0,509,9.84,고등학교 졸업
경기학교교육실태조사,중학교,ST_ASPIRE_01,C10,진로·진학,S1001,교육포부,학생,교육포부 - 교육포부,2025,2주기,2.0,418,8.08,2~3년제 대학 졸업
경기학교교육실태조사,중학교,ST_ASPIRE_01,C10,진로·진학,S1001,교육포부,학생,교육포부 - 교육포부,2025,2주기,3.0,2738,52.93,4년제 대학 졸업
경기학교교육실태조사,중학교,ST_ASPIRE_01,C10,진로·진학,S1001,교육포부,학생,교육포부 - 교육포부,2025,2주기,4.0,380,7.35,대학원 석사 졸업
경기학교교육실태조사,중학교,ST_ASPIRE_01,C10,진로·진학,S1001,교육포부,학생,교육포부 - 교육포부,2025,2주기,5.0,371,7.17,대학원 박사 졸업
경기학교교육실태조사,중학교,ST_ASPIRE_01,C10,진로·진학,S1001,교육포부,학생,교육포부 - 교육포부,2025,2주기,6.0,757,14.63,잘 모르겠다
경기학교교육실태조사,중학교,ST_ASSESS_02,C06,수업·평가 혁신,S0603,수행평가,학생,(수행)평가 - 1)평가는 실력향상에 도움이 된다,2021,1주기,1.0,646,7.27,전혀 그렇지 않다
경기학교교육실태조사,중학교,ST_ASSESS_02,C06,수업·평가 혁신,S0603,수행평가,학생,(수행)평가 - 1)평가는 실력향상에 도움이 된다,2021,1주기,2.0,1096,12.34,그렇지 않다
경기학교교육실태조사,중학교,ST_ASSESS_02,C06,수업·평가 혁신,S0603,수행평가,학생,(수행)평가 - 1)평가는 실력향상에 도움이 된다,2021,1주기,3.0,3636,40.93,보통이다
경기학교교육실태조사,중학교,ST_ASSESS_02,C06,수업·평가 혁신,S0603,수행평가,학생,(수행)평가 - 1)평가는 실력향상에 도움이 된다,2021,1주기,4.0,2810,31.63,그렇다
경기학교교육실태조사,중학교,ST_ASSESS_02,C06,수업·평가 혁신,S0603,수행평가,학생,(수행)평가 - 1)평가는 실력향상에 도움이 된다,2021,1주기,5.0,696,7.83,매우 그렇다
경기학교교육실태조사,중학교,ST_ASSESS_02,C06,수업·평가 혁신,S0603,수행평가,학생,(수행)평가 - 1)평가는 실력향상에 도움이 된다,2025,2주기,1.0,324,6.26,전혀그렇지않다
경기학교교육실태조사,중학교,ST_ASSESS_02,C06,수업·평가 혁신,S0603,수행평가,학생,(수행)평가 - 1)평가는 실력향상에 도움이 된다,2025,2주기,2.0,506,9.78,그렇지않다
경기학교교육실태조사,중학교,ST_ASSESS_02,C06,수업·평가 혁신,S0603,수행평가,학생,(수행)평가 - 1)평가는 실력향상에 도움이 된다,2025,2주기,3.0,1719,33.23,보통이다
경기학교교육실태조사,중학교,ST_ASSESS_02,C06,수업·평가 혁신,S0603,수행평가,학생,(수행)평가 - 1)평가는 실력향상에 도움이 된다,2025,2주기,4.0,1862,35.99,그렇다
경기학교교육실태조사,중학교,ST_ASSESS_02,C06,수업·평가 혁신,S0603,수행평가,학생,(수행)평가 - 1)평가는 실력향상에 도움이 된다,2025,2주기,5.0,762,14.73,매우그렇다
경기학교교육실태조사,중학교,ST_ASSESS_03,C06,수업·평가 혁신,S0603,수행평가,학생,(수행)평가 - 2)평가는 수업에 흥미를 가질 수 있도록 해준다,2021,1주기,1.0,1442,16.23,전혀 그렇지 않다
경기학교교육실태조사,중학교,ST_ASSESS_03,C06,수업·평가 혁신,S0603,수행평가,학생,(수행)평가 - 2)평가는 수업에 흥미를 가질 수 있도록 해준다,2021,1주기,2.0,2083,23.45,그렇지 않다
경기학교교육실태조사,중학교,ST_ASSESS_03,C06,수업·평가 혁신,S0603,수행평가,학생,(수행)평가 - 2)평가는 수업에 흥미를 가질 수 있도록 해준다,2021,1주기,3.0,3434,38.65,보통이다
경기학교교육실태조사,중학교,ST_ASSESS_03,C06,수업·평가 혁신,S0603,수행평가,학생,(수행)평가 - 2)평가는 수업에 흥미를 가질 수 있도록 해준다,2021,1주기,4.0,1474,16.59,그렇다
경기학교교육실태조사,중학교,ST_ASSESS_03,C06,수업·평가 혁신,S0603,수행평가,학생,(수행)평가 - 2)평가는 수업에 흥미를 가질 수 있도록 해준다,2021,1주기,5.0,451,5.08,매우 그렇다
경기학교교육실태조사,중학교,ST_ASSESS_03,C06,수업·평가 혁신,S0603,수행평가,학생,(수행)평가 - 2)평가는 수업에 흥미를 가질 수 있도록 해준다,2025,2주기,1.0,628,12.14,전혀그렇지않다
경기학교교육실태조사,중학교,ST_ASSESS_03,C06,수업·평가 혁신,S0603,수행평가,학생,(수행)평가 - 2)평가는 수업에 흥미를 가질 수 있도록 해준다,2025,2주기,2.0,1138,22.0,그렇지않다
경기학교교육실태조사,중학교,ST_ASSESS_03,C06,수업·평가 혁신,S0603,수행평가,학생,(수행)평가 - 2)평가는 수업에 흥미를 가질 수 있도록 해준다,2025,2주기,3.0,1797,34.74,보통이다
경기학교교육실태조사,중학교,ST_ASSESS_03,C06,수업·평가 혁신,S0603,수행평가,학생,(수행)평가 - 2)평가는 수업에 흥미를 가질 수 있도록 해준다,2025,2주기,4.0,1128,21.81,그렇다
경기학교교육실태조사,중학교,ST_ASSESS_03,C06,수업·평가 혁신,S0603,수행평가,학생,(수행)평가 - 2)평가는 수업에 흥미를 가질 수 있도록 해준다,2025,2주기,5.0,482,9.32,매우그렇다
경기학교교육실태조사,중학교,ST_ASSESS_04,C06,수업·평가 혁신,S0603,수행평가,학생,(수행)평가 - 3)평가 결과는 대체적으로 공정하다,2021,1주기,1.0,359,4.04,전혀 그렇지 않다
경기학교교육실태조사,중학교,ST_ASSESS_04,C06,수업·평가 혁신,S0603,수행평가,학생,(수행)평가 - 3)평가 결과는 대체적으로 공정하다,2021,1주기,2.0,538,6.06,그렇지 않다
경기학교교육실태조사,중학교,ST_ASSESS_04,C06,수업·평가 혁신,S0603,수행평가,학생,(수행)평가 - 3)평가 결과는 대체적으로 공정하다,2021,1주기,3.0,3308,37.24,보통이다
경기학교교육실태조사,중학교,ST_ASSESS_04,C06,수업·평가 혁신,S0603,수행평가,학생,(수행)평가 - 3)평가 결과는 대체적으로 공정하다,2021,1주기,4.0,3345,37.65,그렇다
경기학교교육실태조사,중학교,ST_ASSESS_04,C06,수업·평가 혁신,S0603,수행평가,학생,(수행)평가 - 3)평가 결과는 대체적으로 공정하다,2021,1주기,5.0,1334,15.02,매우 그렇다
경기학교교육실태조사,중학교,ST_ASSESS_04,C06,수업·평가 혁신,S0603,수행평가,학생,(수행)평가 - 3)평가 결과는 대체적으로 공정하다,2025,2주기,1.0,274,5.3,전혀그렇지않다
경기학교교육실태조사,중학교,ST_ASSESS_04,C06,수업·평가 혁신,S0603,수행평가,학생,(수행)평가 - 3)평가 결과는 대체적으로 공정하다,2025,2주기,2.0,344,6.65,그렇지않다
경기학교교육실태조사,중학교,ST_ASSESS_04,C06,수업·평가 혁신,S0603,수행평가,학생,(수행)평가 - 3)평가 결과는 대체적으로 공정하다,2025,2주기,3.0,1784,34.49,보통이다
경기학교교육실태조사,중학교,ST_ASSESS_04,C06,수업·평가 혁신,S0603,수행평가,학생,(수행)평가 - 3)평가 결과는 대체적으로 공정하다,2025,2주기,4.0,1961,37.91,그렇다
경기학교교육실태조사,중학교,ST_ASSESS_04,C06,수업·평가 혁신,S0603,수행평가,학생,(수행)평가 - 3)평가 결과는 대체적으로 공정하다,2025,2주기,5.0,810,15.66,매우그렇다
경기학교교육실태조사,중학교,ST_CLASS_01,C06,수업·평가 혁신,S0602A,수업태도·참여,학생,수업(수업참여/교사수업진행/수업중평가) - 1)나는 수업시간에 집중한다,2021,1주기,1.0,201,2.26,전혀 그렇지 않다
경기학교교육실태조사,중학교,ST_CLASS_01,C06,수업·평가 혁신,S0602A,수업태도·참여,학생,수업(수업참여/교사수업진행/수업중평가) - 1)나는 수업시간에 집중한다,2021,1주기,2.0,601,6.76,그렇지 않다
경기학교교육실태조사,중학교,ST_CLASS_01,C06,수업·평가 혁신,S0602A,수업태도·참여,학생,수업(수업참여/교사수업진행/수업중평가) - 1)나는 수업시간에 집중한다,2021,1주기,3.0,3082,34.69,보통이다
경기학교교육실태조사,중학교,ST_CLASS_01,C06,수업·평가 혁신,S0602A,수업태도·참여,학생,수업(수업참여/교사수업진행/수업중평가) - 1)나는 수업시간에 집중한다,2021,1주기,4.0,3567,40.15,그렇다
경기학교교육실태조사,중학교,ST_CLASS_01,C06,수업·평가 혁신,S0602A,수업태도·참여,학생,수업(수업참여/교사수업진행/수업중평가) - 1)나는 수업시간에 집중한다,2021,1주기,5.0,1433,16.13,매우 그렇다
경기학교교육실태조사,중학교,ST_CLASS_01,C06,수업·평가 혁신,S0602A,수업태도·참여,학생,수업(수업참여/교사수업진행/수업중평가) - 1)나는 수업시간에 집중한다,2025,2주기,1.0,144,2.78,전혀그렇지않다
경기학교교육실태조사,중학교,ST_CLASS_01,C06,수업·평가 혁신,S0602A,수업태도·참여,학생,수업(수업참여/교사수업진행/수업중평가) - 1)나는 수업시간에 집중한다,2025,2주기,2.0,327,6.32,그렇지않다
경기학교교육실태조사,중학교,ST_CLASS_01,C06,수업·평가 혁신,S0602A,수업태도·참여,학생,수업(수업참여/교사수업진행/수업중평가) - 1)나는 수업시간에 집중한다,2025,2주기,3.0,1605,31.03,보통이다
경기학교교육실태조사,중학교,ST_CLASS_01,C06,수업·평가 혁신,S0602A,수업태도·참여,학생,수업(수업참여/교사수업진행/수업중평가) - 1)나는 수업시간에 집중한다,2025,2주기,4.0,2033,39.3,그렇다
경기학교교육실태조사,중학교,ST_CLASS_01,C06,수업·평가 혁신,S0602A,수업태도·참여,학생,수업(수업참여/교사수업진행/수업중평가) - 1)나는 수업시간에 집중한다,2025,2주기,5.0,1064,20.57,매우그렇다
경기학교교육실태조사,중학교,ST_CLASS_02,C06,수업·평가 혁신,S0602A,수업태도·참여,학생,수업(수업참여/교사수업진행/수업중평가) - 2)나는 수업시간에 적극적으로 참여한다,2021,1주기,1.0,256,2.88,전혀 그렇지 않다
경기학교교육실태조사,중학교,ST_CLASS_02,C06,수업·평가 혁신,S0602A,수업태도·참여,학생,수업(수업참여/교사수업진행/수업중평가) - 2)나는 수업시간에 적극적으로 참여한다,2021,1주기,2.0,897,10.1,그렇지 않다
경기학교교육실태조사,중학교,ST_CLASS_02,C06,수업·평가 혁신,S0602A,수업태도·참여,학생,수업(수업참여/교사수업진행/수업중평가) - 2)나는 수업시간에 적극적으로 참여한다,2021,1주기,3.0,3627,40.83,보통이다
경기학교교육실태조사,중학교,ST_CLASS_02,C06,수업·평가 혁신,S0602A,수업태도·참여,학생,수업(수업참여/교사수업진행/수업중평가) - 2)나는 수업시간에 적극적으로 참여한다,2021,1주기,4.0,2803,31.55,그렇다
경기학교교육실태조사,중학교,ST_CLASS_02,C06,수업·평가 혁신,S0602A,수업태도·참여,학생,수업(수업참여/교사수업진행/수업중평가) - 2)나는 수업시간에 적극적으로 참여한다,2021,1주기,5.0,1301,14.64,매우 그렇다
경기학교교육실태조사,중학교,ST_CLASS_02,C06,수업·평가 혁신,S0602A,수업태도·참여,학생,수업(수업참여/교사수업진행/수업중평가) - 2)나는 수업시간에 적극적으로 참여한다,2025,2주기,1.0,164,3.17,전혀그렇지않다
경기학교교육실태조사,중학교,ST_CLASS_02,C06,수업·평가 혁신,S0602A,수업태도·참여,학생,수업(수업참여/교사수업진행/수업중평가) - 2)나는 수업시간에 적극적으로 참여한다,2025,2주기,2.0,491,9.49,그렇지않다
경기학교교육실태조사,중학교,ST_CLASS_02,C06,수업·평가 혁신,S0602A,수업태도·참여,학생,수업(수업참여/교사수업진행/수업중평가) - 2)나는 수업시간에 적극적으로 참여한다,2025,2주기,3.0,2058,39.78,보통이다
경기학교교육실태조사,중학교,ST_CLASS_02,C06,수업·평가 혁신,S0602A,수업태도·참여,학생,수업(수업참여/교사수업진행/수업중평가) - 2)나는 수업시간에 적극적으로 참여한다,2025,2주기,4.0,1598,30.89,그렇다
경기학교교육실태조사,중학교,ST_CLASS_02,C06,수업·평가 혁신,S0602A,수업태도·참여,학생,수업(수업참여/교사수업진행/수업중평가) - 2)나는 수업시간에 적극적으로 참여한다,2025,2주기,5.0,862,16.66,매우그렇다
경기학교교육실태조사,중학교,ST_CLASS_03,C06,수업·평가 혁신,S0602A,수업태도·참여,학생,수업(수업참여/교사수업진행/수업중평가) - 3)나는 수업시간에 흥미를 가지고 참여한다,2021,1주기,1.0,336,3.78,전혀 그렇지 않다
경기학교교육실태조사,중학교,ST_CLASS_03,C06,수업·평가 혁신,S0602A,수업태도·참여,학생,수업(수업참여/교사수업진행/수업중평가) - 3)나는 수업시간에 흥미를 가지고 참여한다,2021,1주기,2.0,1064,11.98,그렇지 않다
경기학교교육실태조사,중학교,ST_CLASS_03,C06,수업·평가 혁신,S0602A,수업태도·참여,학생,수업(수업참여/교사수업진행/수업중평가) - 3)나는 수업시간에 흥미를 가지고 참여한다,2021,1주기,3.0,3574,40.23,보통이다
경기학교교육실태조사,중학교,ST_CLASS_03,C06,수업·평가 혁신,S0602A,수업태도·참여,학생,수업(수업참여/교사수업진행/수업중평가) - 3)나는 수업시간에 흥미를 가지고 참여한다,2021,1주기,4.0,2730,30.73,그렇다
경기학교교육실태조사,중학교,ST_CLASS_03,C06,수업·평가 혁신,S0602A,수업태도·참여,학생,수업(수업참여/교사수업진행/수업중평가) - 3)나는 수업시간에 흥미를 가지고 참여한다,2021,1주기,5.0,1180,13.28,매우 그렇다
경기학교교육실태조사,중학교,ST_CLASS_03,C06,수업·평가 혁신,S0602A,수업태도·참여,학생,수업(수업참여/교사수업진행/수업중평가) - 3)나는 수업시간에 흥미를 가지고 참여한다,2025,2주기,1.0,245,4.74,전혀그렇지않다
경기학교교육실태조사,중학교,ST_CLASS_03,C06,수업·평가 혁신,S0602A,수업태도·참여,학생,수업(수업참여/교사수업진행/수업중평가) - 3)나는 수업시간에 흥미를 가지고 참여한다,2025,2주기,2.0,555,10.73,그렇지않다
경기학교교육실태조사,중학교,ST_CLASS_03,C06,수업·평가 혁신,S0602A,수업태도·참여,학생,수업(수업참여/교사수업진행/수업중평가) - 3)나는 수업시간에 흥미를 가지고 참여한다,2025,2주기,3.0,2026,39.16,보통이다
경기학교교육실태조사,중학교,ST_CLASS_03,C06,수업·평가 혁신,S0602A,수업태도·참여,학생,수업(수업참여/교사수업진행/수업중평가) - 3)나는 수업시간에 흥미를 가지고 참여한다,2025,2주기,4.0,1563,30.21,그렇다
경기학교교육실태조사,중학교,ST_CLASS_03,C06,수업·평가 혁신,S0602A,수업태도·참여,학생,수업(수업참여/교사수업진행/수업중평가) - 3)나는 수업시간에 흥미를 가지고 참여한다,2025,2주기,5.0,784,15.16,매우그렇다
경기학교교육실태조사,중학교,ST_CLASS_04,C06,수업·평가 혁신,S0602B,교사 수업 진행,학생,수업(수업참여/교사수업진행/수업중평가) - 1)선생님은 사전에 수업 준비를 철저히 하시는 편이다,2021,1주기,1.0,127,1.43,전혀 그렇지 않다
경기학교교육실태조사,중학교,ST_CLASS_04,C06,수업·평가 혁신,S0602B,교사 수업 진행,학생,수업(수업참여/교사수업진행/수업중평가) - 1)선생님은 사전에 수업 준비를 철저히 하시는 편이다,2021,1주기,2.0,279,3.14,그렇지 않다
경기학교교육실태조사,중학교,ST_CLASS_04,C06,수업·평가 혁신,S0602B,교사 수업 진행,학생,수업(수업참여/교사수업진행/수업중평가) - 1)선생님은 사전에 수업 준비를 철저히 하시는 편이다,2021,1주기,3.0,2597,29.23,보통이다
경기학교교육실태조사,중학교,ST_CLASS_04,C06,수업·평가 혁신,S0602B,교사 수업 진행,학생,수업(수업참여/교사수업진행/수업중평가) - 1)선생님은 사전에 수업 준비를 철저히 하시는 편이다,2021,1주기,4.0,4086,45.99,그렇다
경기학교교육실태조사,중학교,ST_CLASS_04,C06,수업·평가 혁신,S0602B,교사 수업 진행,학생,수업(수업참여/교사수업진행/수업중평가) - 1)선생님은 사전에 수업 준비를 철저히 하시는 편이다,2021,1주기,5.0,1795,20.2,매우 그렇다
경기학교교육실태조사,중학교,ST_CLASS_04,C06,수업·평가 혁신,S0602B,교사 수업 진행,학생,수업(수업참여/교사수업진행/수업중평가) - 1)선생님은 사전에 수업 준비를 철저히 하시는 편이다,2025,2주기,1.0,96,1.86,전혀그렇지않다
경기학교교육실태조사,중학교,ST_CLASS_04,C06,수업·평가 혁신,S0602B,교사 수업 진행,학생,수업(수업참여/교사수업진행/수업중평가) - 1)선생님은 사전에 수업 준비를 철저히 하시는 편이다,2025,2주기,2.0,165,3.19,그렇지않다
경기학교교육실태조사,중학교,ST_CLASS_04,C06,수업·평가 혁신,S0602B,교사 수업 진행,학생,수업(수업참여/교사수업진행/수업중평가) - 1)선생님은 사전에 수업 준비를 철저히 하시는 편이다,2025,2주기,3.0,1366,26.41,보통이다
경기학교교육실태조사,중학교,ST_CLASS_04,C06,수업·평가 혁신,S0602B,교사 수업 진행,학생,수업(수업참여/교사수업진행/수업중평가) - 1)선생님은 사전에 수업 준비를 철저히 하시는 편이다,2025,2주기,4.0,2268,43.84,그렇다
경기학교교육실태조사,중학교,ST_CLASS_04,C06,수업·평가 혁신,S0602B,교사 수업 진행,학생,수업(수업참여/교사수업진행/수업중평가) - 1)선생님은 사전에 수업 준비를 철저히 하시는 편이다,2025,2주기,5.0,1278,24.71,매우그렇다
경기학교교육실태조사,중학교,ST_CLASS_05,C06,수업·평가 혁신,S0602B,교사 수업 진행,학생,수업(수업참여/교사수업진행/수업중평가) - 2)선생님은 흥미롭게 수업을 진행하신다,2021,1주기,1.0,219,2.47,전혀 그렇지 않다
경기학교교육실태조사,중학교,ST_CLASS_05,C06,수업·평가 혁신,S0602B,교사 수업 진행,학생,수업(수업참여/교사수업진행/수업중평가) - 2)선생님은 흥미롭게 수업을 진행하신다,2021,1주기,2.0,536,6.03,그렇지 않다
경기학교교육실태조사,중학교,ST_CLASS_05,C06,수업·평가 혁신,S0602B,교사 수업 진행,학생,수업(수업참여/교사수업진행/수업중평가) - 2)선생님은 흥미롭게 수업을 진행하신다,2021,1주기,3.0,3367,37.9,보통이다
경기학교교육실태조사,중학교,ST_CLASS_05,C06,수업·평가 혁신,S0602B,교사 수업 진행,학생,수업(수업참여/교사수업진행/수업중평가) - 2)선생님은 흥미롭게 수업을 진행하신다,2021,1주기,4.0,3367,37.9,그렇다
경기학교교육실태조사,중학교,ST_CLASS_05,C06,수업·평가 혁신,S0602B,교사 수업 진행,학생,수업(수업참여/교사수업진행/수업중평가) - 2)선생님은 흥미롭게 수업을 진행하신다,2021,1주기,5.0,1395,15.7,매우 그렇다
경기학교교육실태조사,중학교,ST_CLASS_05,C06,수업·평가 혁신,S0602B,교사 수업 진행,학생,수업(수업참여/교사수업진행/수업중평가) - 2)선생님은 흥미롭게 수업을 진행하신다,2025,2주기,1.0,184,3.56,전혀그렇지않다
경기학교교육실태조사,중학교,ST_CLASS_05,C06,수업·평가 혁신,S0602B,교사 수업 진행,학생,수업(수업참여/교사수업진행/수업중평가) - 2)선생님은 흥미롭게 수업을 진행하신다,2025,2주기,2.0,356,6.88,그렇지않다
경기학교교육실태조사,중학교,ST_CLASS_05,C06,수업·평가 혁신,S0602B,교사 수업 진행,학생,수업(수업참여/교사수업진행/수업중평가) - 2)선생님은 흥미롭게 수업을 진행하신다,2025,2주기,3.0,1756,33.95,보통이다
경기학교교육실태조사,중학교,ST_CLASS_05,C06,수업·평가 혁신,S0602B,교사 수업 진행,학생,수업(수업참여/교사수업진행/수업중평가) - 2)선생님은 흥미롭게 수업을 진행하신다,2025,2주기,4.0,1850,35.76,그렇다
경기학교교육실태조사,중학교,ST_CLASS_05,C06,수업·평가 혁신,S0602B,교사 수업 진행,학생,수업(수업참여/교사수업진행/수업중평가) - 2)선생님은 흥미롭게 수업을 진행하신다,2025,2주기,5.0,1027,19.85,매우그렇다
경기학교교육실태조사,중학교,ST_CLASS_06,C06,수업·평가 혁신,S0602B,교사 수업 진행,학생,수업(수업참여/교사수업진행/수업중평가) - 3)선생님은 학생들의 수준에 맞게 가르치신다,2021,1주기,1.0,135,1.52,전혀 그렇지 않다
경기학교교육실태조사,중학교,ST_CLASS_06,C06,수업·평가 혁신,S0602B,교사 수업 진행,학생,수업(수업참여/교사수업진행/수업중평가) - 3)선생님은 학생들의 수준에 맞게 가르치신다,2021,1주기,2.0,315,3.55,그렇지 않다
경기학교교육실태조사,중학교,ST_CLASS_06,C06,수업·평가 혁신,S0602B,교사 수업 진행,학생,수업(수업참여/교사수업진행/수업중평가) - 3)선생님은 학생들의 수준에 맞게 가르치신다,2021,1주기,3.0,2887,32.5,보통이다
경기학교교육실태조사,중학교,ST_CLASS_06,C06,수업·평가 혁신,S0602B,교사 수업 진행,학생,수업(수업참여/교사수업진행/수업중평가) - 3)선생님은 학생들의 수준에 맞게 가르치신다,2021,1주기,4.0,3996,44.98,그렇다
경기학교교육실태조사,중학교,ST_CLASS_06,C06,수업·평가 혁신,S0602B,교사 수업 진행,학생,수업(수업참여/교사수업진행/수업중평가) - 3)선생님은 학생들의 수준에 맞게 가르치신다,2021,1주기,5.0,1551,17.46,매우 그렇다
경기학교교육실태조사,중학교,ST_CLASS_06,C06,수업·평가 혁신,S0602B,교사 수업 진행,학생,수업(수업참여/교사수업진행/수업중평가) - 3)선생님은 학생들의 수준에 맞게 가르치신다,2025,2주기,1.0,108,2.09,전혀그렇지않다
경기학교교육실태조사,중학교,ST_CLASS_06,C06,수업·평가 혁신,S0602B,교사 수업 진행,학생,수업(수업참여/교사수업진행/수업중평가) - 3)선생님은 학생들의 수준에 맞게 가르치신다,2025,2주기,2.0,197,3.81,그렇지않다
경기학교교육실태조사,중학교,ST_CLASS_06,C06,수업·평가 혁신,S0602B,교사 수업 진행,학생,수업(수업참여/교사수업진행/수업중평가) - 3)선생님은 학생들의 수준에 맞게 가르치신다,2025,2주기,3.0,1499,28.98,보통이다
경기학교교육실태조사,중학교,ST_CLASS_06,C06,수업·평가 혁신,S0602B,교사 수업 진행,학생,수업(수업참여/교사수업진행/수업중평가) - 3)선생님은 학생들의 수준에 맞게 가르치신다,2025,2주기,4.0,2181,42.16,그렇다
경기학교교육실태조사,중학교,ST_CLASS_06,C06,수업·평가 혁신,S0602B,교사 수업 진행,학생,수업(수업참여/교사수업진행/수업중평가) - 3)선생님은 학생들의 수준에 맞게 가르치신다,2025,2주기,5.0,1188,22.97,매우그렇다
경기학교교육실태조사,중학교,ST_CLASS_07,C06,수업·평가 혁신,S0603A,수업 중 평가(학생),학생,"수업(수업참여/교사수업진행/수업중평가) - 1)선생님은 다양한 형태(논술형 평가, 토론, 보고서, 현장조사, 포트폴리오 등)로 평가를 하신다",2021,1주기,1.0,124,1.4,전혀 그렇지 않다
경기학교교육실태조사,중학교,ST_CLASS_07,C06,수업·평가 혁신,S0603A,수업 중 평가(학생),학생,"수업(수업참여/교사수업진행/수업중평가) - 1)선생님은 다양한 형태(논술형 평가, 토론, 보고서, 현장조사, 포트폴리오 등)로 평가를 하신다",2021,1주기,2.0,256,2.88,그렇지 않다
경기학교교육실태조사,중학교,ST_CLASS_07,C06,수업·평가 혁신,S0603A,수업 중 평가(학생),학생,"수업(수업참여/교사수업진행/수업중평가) - 1)선생님은 다양한 형태(논술형 평가, 토론, 보고서, 현장조사, 포트폴리오 등)로 평가를 하신다",2021,1주기,3.0,2057,23.15,보통이다
경기학교교육실태조사,중학교,ST_CLASS_07,C06,수업·평가 혁신,S0603A,수업 중 평가(학생),학생,"수업(수업참여/교사수업진행/수업중평가) - 1)선생님은 다양한 형태(논술형 평가, 토론, 보고서, 현장조사, 포트폴리오 등)로 평가를 하신다",2021,1주기,4.0,3749,42.2,그렇다
경기학교교육실태조사,중학교,ST_CLASS_07,C06,수업·평가 혁신,S0603A,수업 중 평가(학생),학생,"수업(수업참여/교사수업진행/수업중평가) - 1)선생님은 다양한 형태(논술형 평가, 토론, 보고서, 현장조사, 포트폴리오 등)로 평가를 하신다",2021,1주기,5.0,2698,30.37,매우 그렇다
경기학교교육실태조사,중학교,ST_CLASS_07,C06,수업·평가 혁신,S0603A,수업 중 평가(학생),학생,"수업(수업참여/교사수업진행/수업중평가) - 1)선생님은 다양한 형태(논술형 평가, 토론, 보고서, 현장조사, 포트폴리오 등)로 평가를 하신다",2025,2주기,1.0,117,2.26,전혀그렇지않다
경기학교교육실태조사,중학교,ST_CLASS_07,C06,수업·평가 혁신,S0603A,수업 중 평가(학생),학생,"수업(수업참여/교사수업진행/수업중평가) - 1)선생님은 다양한 형태(논술형 평가, 토론, 보고서, 현장조사, 포트폴리오 등)로 평가를 하신다",2025,2주기,2.0,219,4.23,그렇지않다
경기학교교육실태조사,중학교,ST_CLASS_07,C06,수업·평가 혁신,S0603A,수업 중 평가(학생),학생,"수업(수업참여/교사수업진행/수업중평가) - 1)선생님은 다양한 형태(논술형 평가, 토론, 보고서, 현장조사, 포트폴리오 등)로 평가를 하신다",2025,2주기,3.0,1302,25.17,보통이다
경기학교교육실태조사,중학교,ST_CLASS_07,C06,수업·평가 혁신,S0603A,수업 중 평가(학생),학생,"수업(수업참여/교사수업진행/수업중평가) - 1)선생님은 다양한 형태(논술형 평가, 토론, 보고서, 현장조사, 포트폴리오 등)로 평가를 하신다",2025,2주기,4.0,2299,44.44,그렇다
경기학교교육실태조사,중학교,ST_CLASS_07,C06,수업·평가 혁신,S0603A,수업 중 평가(학생),학생,"수업(수업참여/교사수업진행/수업중평가) - 1)선생님은 다양한 형태(논술형 평가, 토론, 보고서, 현장조사, 포트폴리오 등)로 평가를 하신다",2025,2주기,5.0,1236,23.89,매우그렇다
경기학교교육실태조사,중학교,ST_CLASS_08,C06,수업·평가 혁신,S0603A,수업 중 평가(학생),학생,수업(수업참여/교사수업진행/수업중평가) - 2)선생님은 평가 결과를 바탕으로 나의 강점과 보완할 점을 알려주신다,2021,1주기,1.0,506,5.7,전혀 그렇지 않다
경기학교교육실태조사,중학교,ST_CLASS_08,C06,수업·평가 혁신,S0603A,수업 중 평가(학생),학생,수업(수업참여/교사수업진행/수업중평가) - 2)선생님은 평가 결과를 바탕으로 나의 강점과 보완할 점을 알려주신다,2021,1주기,2.0,1551,17.46,그렇지 않다
경기학교교육실태조사,중학교,ST_CLASS_08,C06,수업·평가 혁신,S0603A,수업 중 평가(학생),학생,수업(수업참여/교사수업진행/수업중평가) - 2)선생님은 평가 결과를 바탕으로 나의 강점과 보완할 점을 알려주신다,2021,1주기,3.0,3779,42.54,보통이다
경기학교교육실태조사,중학교,ST_CLASS_08,C06,수업·평가 혁신,S0603A,수업 중 평가(학생),학생,수업(수업참여/교사수업진행/수업중평가) - 2)선생님은 평가 결과를 바탕으로 나의 강점과 보완할 점을 알려주신다,2021,1주기,4.0,2210,24.88,그렇다
경기학교교육실태조사,중학교,ST_CLASS_08,C06,수업·평가 혁신,S0603A,수업 중 평가(학생),학생,수업(수업참여/교사수업진행/수업중평가) - 2)선생님은 평가 결과를 바탕으로 나의 강점과 보완할 점을 알려주신다,2021,1주기,5.0,838,9.43,매우 그렇다
경기학교교육실태조사,중학교,ST_CLASS_08,C06,수업·평가 혁신,S0603A,수업 중 평가(학생),학생,수업(수업참여/교사수업진행/수업중평가) - 2)선생님은 평가 결과를 바탕으로 나의 강점과 보완할 점을 알려주신다,2025,2주기,1.0,297,5.74,전혀그렇지않다
경기학교교육실태조사,중학교,ST_CLASS_08,C06,수업·평가 혁신,S0603A,수업 중 평가(학생),학생,수업(수업참여/교사수업진행/수업중평가) - 2)선생님은 평가 결과를 바탕으로 나의 강점과 보완할 점을 알려주신다,2025,2주기,2.0,710,13.73,그렇지않다
경기학교교육실태조사,중학교,ST_CLASS_08,C06,수업·평가 혁신,S0603A,수업 중 평가(학생),학생,수업(수업참여/교사수업진행/수업중평가) - 2)선생님은 평가 결과를 바탕으로 나의 강점과 보완할 점을 알려주신다,2025,2주기,3.0,2009,38.84,보통이다
경기학교교육실태조사,중학교,ST_CLASS_08,C06,수업·평가 혁신,S0603A,수업 중 평가(학생),학생,수업(수업참여/교사수업진행/수업중평가) - 2)선생님은 평가 결과를 바탕으로 나의 강점과 보완할 점을 알려주신다,2025,2주기,4.0,1548,29.92,그렇다
경기학교교육실태조사,중학교,ST_CLASS_08,C06,수업·평가 혁신,S0603A,수업 중 평가(학생),학생,수업(수업참여/교사수업진행/수업중평가) - 2)선생님은 평가 결과를 바탕으로 나의 강점과 보완할 점을 알려주신다,2025,2주기,5.0,609,11.77,매우그렇다
경기학교교육실태조사,중학교,ST_CLASS_09,C06,수업·평가 혁신,S0603A,수업 중 평가(학생),학생,수업(수업참여/교사수업진행/수업중평가) - 3)선생님은 학생이 자신의 학습 과정을 점검하고 개선하는 기회를 제공하신다,2021,1주기,1.0,287,3.23,전혀 그렇지 않다
경기학교교육실태조사,중학교,ST_CLASS_09,C06,수업·평가 혁신,S0603A,수업 중 평가(학생),학생,수업(수업참여/교사수업진행/수업중평가) - 3)선생님은 학생이 자신의 학습 과정을 점검하고 개선하는 기회를 제공하신다,2021,1주기,2.0,853,9.6,그렇지 않다
경기학교교육실태조사,중학교,ST_CLASS_09,C06,수업·평가 혁신,S0603A,수업 중 평가(학생),학생,수업(수업참여/교사수업진행/수업중평가) - 3)선생님은 학생이 자신의 학습 과정을 점검하고 개선하는 기회를 제공하신다,2021,1주기,3.0,3982,44.82,보통이다
경기학교교육실태조사,중학교,ST_CLASS_09,C06,수업·평가 혁신,S0603A,수업 중 평가(학생),학생,수업(수업참여/교사수업진행/수업중평가) - 3)선생님은 학생이 자신의 학습 과정을 점검하고 개선하는 기회를 제공하신다,2021,1주기,4.0,2727,30.7,그렇다
경기학교교육실태조사,중학교,ST_CLASS_09,C06,수업·평가 혁신,S0603A,수업 중 평가(학생),학생,수업(수업참여/교사수업진행/수업중평가) - 3)선생님은 학생이 자신의 학습 과정을 점검하고 개선하는 기회를 제공하신다,2021,1주기,5.0,1035,11.65,매우 그렇다
경기학교교육실태조사,중학교,ST_CLASS_09,C06,수업·평가 혁신,S0603A,수업 중 평가(학생),학생,수업(수업참여/교사수업진행/수업중평가) - 3)선생님은 학생이 자신의 학습 과정을 점검하고 개선하는 기회를 제공하신다,2025,2주기,1.0,204,3.94,전혀그렇지않다
경기학교교육실태조사,중학교,ST_CLASS_09,C06,수업·평가 혁신,S0603A,수업 중 평가(학생),학생,수업(수업참여/교사수업진행/수업중평가) - 3)선생님은 학생이 자신의 학습 과정을 점검하고 개선하는 기회를 제공하신다,2025,2주기,2.0,442,8.54,그렇지않다
경기학교교육실태조사,중학교,ST_CLASS_09,C06,수업·평가 혁신,S0603A,수업 중 평가(학생),학생,수업(수업참여/교사수업진행/수업중평가) - 3)선생님은 학생이 자신의 학습 과정을 점검하고 개선하는 기회를 제공하신다,2025,2주기,3.0,2068,39.98,보통이다
경기학교교육실태조사,중학교,ST_CLASS_09,C06,수업·평가 혁신,S0603A,수업 중 평가(학생),학생,수업(수업참여/교사수업진행/수업중평가) - 3)선생님은 학생이 자신의 학습 과정을 점검하고 개선하는 기회를 제공하신다,2025,2주기,4.0,1769,34.2,그렇다
경기학교교육실태조사,중학교,ST_CLASS_09,C06,수업·평가 혁신,S0603A,수업 중 평가(학생),학생,수업(수업참여/교사수업진행/수업중평가) - 3)선생님은 학생이 자신의 학습 과정을 점검하고 개선하는 기회를 제공하신다,2025,2주기,5.0,690,13.34,매우그렇다
경기학교교육실태조사,중학교,ST_CLASS_SC_01,C06,수업·평가 혁신,S0601,학생중심수업,학생,수업활동(학생중심수업/협동수업) - 4)선생님은 학생들이 스스로 문제를 해결할 수 있도록 도와준다,2021,1주기,1.0,139,1.56,전혀 그렇지 않다
경기학교교육실태조사,중학교,ST_CLASS_SC_01,C06,수업·평가 혁신,S0601,학생중심수업,학생,수업활동(학생중심수업/협동수업) - 4)선생님은 학생들이 스스로 문제를 해결할 수 있도록 도와준다,2021,1주기,2.0,275,3.1,그렇지 않다
경기학교교육실태조사,중학교,ST_CLASS_SC_01,C06,수업·평가 혁신,S0601,학생중심수업,학생,수업활동(학생중심수업/협동수업) - 4)선생님은 학생들이 스스로 문제를 해결할 수 있도록 도와준다,2021,1주기,3.0,3536,39.8,보통이다
경기학교교육실태조사,중학교,ST_CLASS_SC_01,C06,수업·평가 혁신,S0601,학생중심수업,학생,수업활동(학생중심수업/협동수업) - 4)선생님은 학생들이 스스로 문제를 해결할 수 있도록 도와준다,2021,1주기,4.0,3953,44.5,그렇다
경기학교교육실태조사,중학교,ST_CLASS_SC_01,C06,수업·평가 혁신,S0601,학생중심수업,학생,수업활동(학생중심수업/협동수업) - 4)선생님은 학생들이 스스로 문제를 해결할 수 있도록 도와준다,2021,1주기,5.0,981,11.04,매우 그렇다
경기학교교육실태조사,중학교,ST_CLASS_SC_01,C06,수업·평가 혁신,S0601,학생중심수업,학생,수업활동(학생중심수업/협동수업) - 4)선생님은 학생들이 스스로 문제를 해결할 수 있도록 도와준다,2025,2주기,1.0,129,2.49,전혀그렇지않다
경기학교교육실태조사,중학교,ST_CLASS_SC_01,C06,수업·평가 혁신,S0601,학생중심수업,학생,수업활동(학생중심수업/협동수업) - 4)선생님은 학생들이 스스로 문제를 해결할 수 있도록 도와준다,2025,2주기,2.0,226,4.37,그렇지않다
경기학교교육실태조사,중학교,ST_CLASS_SC_01,C06,수업·평가 혁신,S0601,학생중심수업,학생,수업활동(학생중심수업/협동수업) - 4)선생님은 학생들이 스스로 문제를 해결할 수 있도록 도와준다,2025,2주기,3.0,1643,31.76,보통이다
경기학교교육실태조사,중학교,ST_CLASS_SC_01,C06,수업·평가 혁신,S0601,학생중심수업,학생,수업활동(학생중심수업/협동수업) - 4)선생님은 학생들이 스스로 문제를 해결할 수 있도록 도와준다,2025,2주기,4.0,2100,40.6,그렇다
경기학교교육실태조사,중학교,ST_CLASS_SC_01,C06,수업·평가 혁신,S0601,학생중심수업,학생,수업활동(학생중심수업/협동수업) - 4)선생님은 학생들이 스스로 문제를 해결할 수 있도록 도와준다,2025,2주기,5.0,1075,20.78,매우그렇다
경기학교교육실태조사,중학교,ST_CLASS_SC_02,C06,수업·평가 혁신,S0601,학생중심수업,학생,수업활동(학생중심수업/협동수업) - 5)선생님은 학생들이 스스로 자신의 학습목표를 설정할 수 있도록 도와준다,2021,1주기,1.0,180,2.03,전혀 그렇지 않다
경기학교교육실태조사,중학교,ST_CLASS_SC_02,C06,수업·평가 혁신,S0601,학생중심수업,학생,수업활동(학생중심수업/협동수업) - 5)선생님은 학생들이 스스로 자신의 학습목표를 설정할 수 있도록 도와준다,2021,1주기,2.0,475,5.35,그렇지 않다
경기학교교육실태조사,중학교,ST_CLASS_SC_02,C06,수업·평가 혁신,S0601,학생중심수업,학생,수업활동(학생중심수업/협동수업) - 5)선생님은 학생들이 스스로 자신의 학습목표를 설정할 수 있도록 도와준다,2021,1주기,3.0,3876,43.63,보통이다
경기학교교육실태조사,중학교,ST_CLASS_SC_02,C06,수업·평가 혁신,S0601,학생중심수업,학생,수업활동(학생중심수업/협동수업) - 5)선생님은 학생들이 스스로 자신의 학습목표를 설정할 수 있도록 도와준다,2021,1주기,4.0,3421,38.51,그렇다
경기학교교육실태조사,중학교,ST_CLASS_SC_02,C06,수업·평가 혁신,S0601,학생중심수업,학생,수업활동(학생중심수업/협동수업) - 5)선생님은 학생들이 스스로 자신의 학습목표를 설정할 수 있도록 도와준다,2021,1주기,5.0,932,10.49,매우 그렇다
경기학교교육실태조사,중학교,ST_CLASS_SC_02,C06,수업·평가 혁신,S0601,학생중심수업,학생,수업활동(학생중심수업/협동수업) - 5)선생님은 학생들이 스스로 자신의 학습목표를 설정할 수 있도록 도와준다,2025,2주기,1.0,155,3.0,전혀그렇지않다
경기학교교육실태조사,중학교,ST_CLASS_SC_02,C06,수업·평가 혁신,S0601,학생중심수업,학생,수업활동(학생중심수업/협동수업) - 5)선생님은 학생들이 스스로 자신의 학습목표를 설정할 수 있도록 도와준다,2025,2주기,2.0,364,7.04,그렇지않다
경기학교교육실태조사,중학교,ST_CLASS_SC_02,C06,수업·평가 혁신,S0601,학생중심수업,학생,수업활동(학생중심수업/협동수업) - 5)선생님은 학생들이 스스로 자신의 학습목표를 설정할 수 있도록 도와준다,2025,2주기,3.0,1928,37.27,보통이다
경기학교교육실태조사,중학교,ST_CLASS_SC_02,C06,수업·평가 혁신,S0601,학생중심수업,학생,수업활동(학생중심수업/협동수업) - 5)선생님은 학생들이 스스로 자신의 학습목표를 설정할 수 있도록 도와준다,2025,2주기,4.0,1750,33.83,그렇다
경기학교교육실태조사,중학교,ST_CLASS_SC_02,C06,수업·평가 혁신,S0601,학생중심수업,학생,수업활동(학생중심수업/협동수업) - 5)선생님은 학생들이 스스로 자신의 학습목표를 설정할 수 있도록 도와준다,2025,2주기,5.0,976,18.87,매우그렇다
경기학교교육실태조사,중학교,ST_CULTURE_01,C07,교육격차·가정배경,S0704,문화활동 경험,학생,가족/친구 동반 문화 활동 - 가족_1)과학관이나 박람회 관람,2021,1주기,1.0,4837,67.74,전혀 없음
경기학교교육실태조사,중학교,ST_CULTURE_01,C07,교육격차·가정배경,S0704,문화활동 경험,학생,가족/친구 동반 문화 활동 - 가족_1)과학관이나 박람회 관람,2021,1주기,2.0,1567,21.94,1~2회
경기학교교육실태조사,중학교,ST_CULTURE_01,C07,교육격차·가정배경,S0704,문화활동 경험,학생,가족/친구 동반 문화 활동 - 가족_1)과학관이나 박람회 관람,2021,1주기,3.0,387,5.42,3~4회
경기학교교육실태조사,중학교,ST_CULTURE_01,C07,교육격차·가정배경,S0704,문화활동 경험,학생,가족/친구 동반 문화 활동 - 가족_1)과학관이나 박람회 관람,2021,1주기,4.0,350,4.9,5회 이상
경기학교교육실태조사,중학교,ST_CULTURE_01,C07,교육격차·가정배경,S0704,문화활동 경험,학생,가족/친구 동반 문화 활동 - 가족_1)과학관이나 박람회 관람,2025,2주기,1.0,2613,63.45,전혀 없음
경기학교교육실태조사,중학교,ST_CULTURE_01,C07,교육격차·가정배경,S0704,문화활동 경험,학생,가족/친구 동반 문화 활동 - 가족_1)과학관이나 박람회 관람,2025,2주기,2.0,1125,27.32,1-2회
경기학교교육실태조사,중학교,ST_CULTURE_01,C07,교육격차·가정배경,S0704,문화활동 경험,학생,가족/친구 동반 문화 활동 - 가족_1)과학관이나 박람회 관람,2025,2주기,3.0,222,5.39,3-4회
경기학교교육실태조사,중학교,ST_CULTURE_01,C07,교육격차·가정배경,S0704,문화활동 경험,학생,가족/친구 동반 문화 활동 - 가족_1)과학관이나 박람회 관람,2025,2주기,4.0,158,3.84,5회 이상
경기학교교육실태조사,중학교,ST_CULTURE_02,C07,교육격차·가정배경,S0704,문화활동 경험,학생,가족/친구 동반 문화 활동 - 가족_2)미술관이나 박물관 관람,2021,1주기,1.0,4469,62.58,전혀 없음
경기학교교육실태조사,중학교,ST_CULTURE_02,C07,교육격차·가정배경,S0704,문화활동 경험,학생,가족/친구 동반 문화 활동 - 가족_2)미술관이나 박물관 관람,2021,1주기,2.0,1758,24.62,1~2회
경기학교교육실태조사,중학교,ST_CULTURE_02,C07,교육격차·가정배경,S0704,문화활동 경험,학생,가족/친구 동반 문화 활동 - 가족_2)미술관이나 박물관 관람,2021,1주기,3.0,490,6.86,3~4회
경기학교교육실태조사,중학교,ST_CULTURE_02,C07,교육격차·가정배경,S0704,문화활동 경험,학생,가족/친구 동반 문화 활동 - 가족_2)미술관이나 박물관 관람,2021,1주기,4.0,424,5.94,5회 이상
경기학교교육실태조사,중학교,ST_CULTURE_02,C07,교육격차·가정배경,S0704,문화활동 경험,학생,가족/친구 동반 문화 활동 - 가족_2)미술관이나 박물관 관람,2025,2주기,1.0,2230,54.15,전혀 없음
경기학교교육실태조사,중학교,ST_CULTURE_02,C07,교육격차·가정배경,S0704,문화활동 경험,학생,가족/친구 동반 문화 활동 - 가족_2)미술관이나 박물관 관람,2025,2주기,2.0,1400,34.0,1-2회
경기학교교육실태조사,중학교,ST_CULTURE_02,C07,교육격차·가정배경,S0704,문화활동 경험,학생,가족/친구 동반 문화 활동 - 가족_2)미술관이나 박물관 관람,2025,2주기,3.0,301,7.31,3-4회
경기학교교육실태조사,중학교,ST_CULTURE_02,C07,교육격차·가정배경,S0704,문화활동 경험,학생,가족/친구 동반 문화 활동 - 가족_2)미술관이나 박물관 관람,2025,2주기,4.0,187,4.54,5회 이상
경기학교교육실태조사,중학교,ST_CULTURE_03,C07,교육격차·가정배경,S0704,문화활동 경험,학생,가족/친구 동반 문화 활동 - 가족_3)공연이나 음악회 관람,2021,1주기,1.0,4369,61.18,전혀 없음
경기학교교육실태조사,중학교,ST_CULTURE_03,C07,교육격차·가정배경,S0704,문화활동 경험,학생,가족/친구 동반 문화 활동 - 가족_3)공연이나 음악회 관람,2021,1주기,2.0,1835,25.7,1~2회
경기학교교육실태조사,중학교,ST_CULTURE_03,C07,교육격차·가정배경,S0704,문화활동 경험,학생,가족/친구 동반 문화 활동 - 가족_3)공연이나 음악회 관람,2021,1주기,3.0,521,7.3,3~4회
경기학교교육실태조사,중학교,ST_CULTURE_03,C07,교육격차·가정배경,S0704,문화활동 경험,학생,가족/친구 동반 문화 활동 - 가족_3)공연이나 음악회 관람,2021,1주기,4.0,416,5.83,5회 이상
경기학교교육실태조사,중학교,ST_CULTURE_03,C07,교육격차·가정배경,S0704,문화활동 경험,학생,가족/친구 동반 문화 활동 - 가족_3)공연이나 음악회 관람,2025,2주기,1.0,1925,46.75,전혀 없음
경기학교교육실태조사,중학교,ST_CULTURE_03,C07,교육격차·가정배경,S0704,문화활동 경험,학생,가족/친구 동반 문화 활동 - 가족_3)공연이나 음악회 관람,2025,2주기,2.0,1605,38.98,1-2회
경기학교교육실태조사,중학교,ST_CULTURE_03,C07,교육격차·가정배경,S0704,문화활동 경험,학생,가족/친구 동반 문화 활동 - 가족_3)공연이나 음악회 관람,2025,2주기,3.0,381,9.25,3-4회
경기학교교육실태조사,중학교,ST_CULTURE_03,C07,교육격차·가정배경,S0704,문화활동 경험,학생,가족/친구 동반 문화 활동 - 가족_3)공연이나 음악회 관람,2025,2주기,4.0,207,5.03,5회 이상
경기학교교육실태조사,중학교,ST_CULTURE_04,C07,교육격차·가정배경,S0704,문화활동 경험,학생,가족/친구 동반 문화 활동 - 가족_4)서점이나 도서관 방문,2021,1주기,1.0,2902,40.64,전혀 없음
경기학교교육실태조사,중학교,ST_CULTURE_04,C07,교육격차·가정배경,S0704,문화활동 경험,학생,가족/친구 동반 문화 활동 - 가족_4)서점이나 도서관 방문,2021,1주기,2.0,2106,29.49,1~2회
경기학교교육실태조사,중학교,ST_CULTURE_04,C07,교육격차·가정배경,S0704,문화활동 경험,학생,가족/친구 동반 문화 활동 - 가족_4)서점이나 도서관 방문,2021,1주기,3.0,1109,15.53,3~4회
경기학교교육실태조사,중학교,ST_CULTURE_04,C07,교육격차·가정배경,S0704,문화활동 경험,학생,가족/친구 동반 문화 활동 - 가족_4)서점이나 도서관 방문,2021,1주기,4.0,1024,14.34,5회 이상
경기학교교육실태조사,중학교,ST_CULTURE_04,C07,교육격차·가정배경,S0704,문화활동 경험,학생,가족/친구 동반 문화 활동 - 가족_4)서점이나 도서관 방문,2025,2주기,1.0,934,22.68,전혀 없음
경기학교교육실태조사,중학교,ST_CULTURE_04,C07,교육격차·가정배경,S0704,문화활동 경험,학생,가족/친구 동반 문화 활동 - 가족_4)서점이나 도서관 방문,2025,2주기,2.0,1295,31.45,1-2회
경기학교교육실태조사,중학교,ST_CULTURE_04,C07,교육격차·가정배경,S0704,문화활동 경험,학생,가족/친구 동반 문화 활동 - 가족_4)서점이나 도서관 방문,2025,2주기,3.0,773,18.77,3-4회
경기학교교육실태조사,중학교,ST_CULTURE_04,C07,교육격차·가정배경,S0704,문화활동 경험,학생,가족/친구 동반 문화 활동 - 가족_4)서점이나 도서관 방문,2025,2주기,4.0,1116,27.1,5회 이상
경기학교교육실태조사,중학교,ST_CULTURE_05,C07,교육격차·가정배경,S0704,문화활동 경험,학생,가족/친구 동반 문화 활동 - 가족_5)기타,2021,1주기,1.0,3205,44.88,전혀 없음
경기학교교육실태조사,중학교,ST_CULTURE_05,C07,교육격차·가정배경,S0704,문화활동 경험,학생,가족/친구 동반 문화 활동 - 가족_5)기타,2021,1주기,2.0,1644,23.02,1~2회
경기학교교육실태조사,중학교,ST_CULTURE_05,C07,교육격차·가정배경,S0704,문화활동 경험,학생,가족/친구 동반 문화 활동 - 가족_5)기타,2021,1주기,3.0,832,11.65,3~4회
경기학교교육실태조사,중학교,ST_CULTURE_05,C07,교육격차·가정배경,S0704,문화활동 경험,학생,가족/친구 동반 문화 활동 - 가족_5)기타,2021,1주기,4.0,1460,20.45,5회 이상
경기학교교육실태조사,중학교,ST_CULTURE_05,C07,교육격차·가정배경,S0704,문화활동 경험,학생,가족/친구 동반 문화 활동 - 가족_5)기타,2025,2주기,1.0,2655,64.47,전혀 없음
경기학교교육실태조사,중학교,ST_CULTURE_05,C07,교육격차·가정배경,S0704,문화활동 경험,학생,가족/친구 동반 문화 활동 - 가족_5)기타,2025,2주기,2.0,567,13.77,1-2회
경기학교교육실태조사,중학교,ST_CULTURE_05,C07,교육격차·가정배경,S0704,문화활동 경험,학생,가족/친구 동반 문화 활동 - 가족_5)기타,2025,2주기,3.0,302,7.33,3-4회
경기학교교육실태조사,중학교,ST_CULTURE_05,C07,교육격차·가정배경,S0704,문화활동 경험,학생,가족/친구 동반 문화 활동 - 가족_5)기타,2025,2주기,4.0,594,14.42,5회 이상
경기학교교육실태조사,중학교,ST_CULTURE_06,C07,교육격차·가정배경,S0704,문화활동 경험,학생,가족/친구 동반 문화 활동 - 친구_1)과학관이나 박람회 관람,2021,1주기,1.0,5970,83.6,전혀 없음
경기학교교육실태조사,중학교,ST_CULTURE_06,C07,교육격차·가정배경,S0704,문화활동 경험,학생,가족/친구 동반 문화 활동 - 친구_1)과학관이나 박람회 관람,2021,1주기,2.0,864,12.1,1~2회
경기학교교육실태조사,중학교,ST_CULTURE_06,C07,교육격차·가정배경,S0704,문화활동 경험,학생,가족/친구 동반 문화 활동 - 친구_1)과학관이나 박람회 관람,2021,1주기,3.0,192,2.69,3~4회
경기학교교육실태조사,중학교,ST_CULTURE_06,C07,교육격차·가정배경,S0704,문화활동 경험,학생,가족/친구 동반 문화 활동 - 친구_1)과학관이나 박람회 관람,2021,1주기,4.0,115,1.61,5회 이상
경기학교교육실태조사,중학교,ST_CULTURE_06,C07,교육격차·가정배경,S0704,문화활동 경험,학생,가족/친구 동반 문화 활동 - 친구_1)과학관이나 박람회 관람,2025,2주기,1.0,3312,80.43,전혀 없음
경기학교교육실태조사,중학교,ST_CULTURE_06,C07,교육격차·가정배경,S0704,문화활동 경험,학생,가족/친구 동반 문화 활동 - 친구_1)과학관이나 박람회 관람,2025,2주기,2.0,633,15.37,1-2회
경기학교교육실태조사,중학교,ST_CULTURE_06,C07,교육격차·가정배경,S0704,문화활동 경험,학생,가족/친구 동반 문화 활동 - 친구_1)과학관이나 박람회 관람,2025,2주기,3.0,102,2.48,3-4회
경기학교교육실태조사,중학교,ST_CULTURE_06,C07,교육격차·가정배경,S0704,문화활동 경험,학생,가족/친구 동반 문화 활동 - 친구_1)과학관이나 박람회 관람,2025,2주기,4.0,71,1.72,5회 이상
경기학교교육실태조사,중학교,ST_CULTURE_07,C07,교육격차·가정배경,S0704,문화활동 경험,학생,가족/친구 동반 문화 활동 - 친구_2)미술관이나 박물관 관람,2021,1주기,1.0,5707,79.92,전혀 없음
경기학교교육실태조사,중학교,ST_CULTURE_07,C07,교육격차·가정배경,S0704,문화활동 경험,학생,가족/친구 동반 문화 활동 - 친구_2)미술관이나 박물관 관람,2021,1주기,2.0,1079,15.11,1~2회
경기학교교육실태조사,중학교,ST_CULTURE_07,C07,교육격차·가정배경,S0704,문화활동 경험,학생,가족/친구 동반 문화 활동 - 친구_2)미술관이나 박물관 관람,2021,1주기,3.0,226,3.16,3~4회
경기학교교육실태조사,중학교,ST_CULTURE_07,C07,교육격차·가정배경,S0704,문화활동 경험,학생,가족/친구 동반 문화 활동 - 친구_2)미술관이나 박물관 관람,2021,1주기,4.0,129,1.81,5회 이상
경기학교교육실태조사,중학교,ST_CULTURE_07,C07,교육격차·가정배경,S0704,문화활동 경험,학생,가족/친구 동반 문화 활동 - 친구_2)미술관이나 박물관 관람,2025,2주기,1.0,3111,75.55,전혀 없음
경기학교교육실태조사,중학교,ST_CULTURE_07,C07,교육격차·가정배경,S0704,문화활동 경험,학생,가족/친구 동반 문화 활동 - 친구_2)미술관이나 박물관 관람,2025,2주기,2.0,796,19.33,1-2회
경기학교교육실태조사,중학교,ST_CULTURE_07,C07,교육격차·가정배경,S0704,문화활동 경험,학생,가족/친구 동반 문화 활동 - 친구_2)미술관이나 박물관 관람,2025,2주기,3.0,125,3.04,3-4회
경기학교교육실태조사,중학교,ST_CULTURE_07,C07,교육격차·가정배경,S0704,문화활동 경험,학생,가족/친구 동반 문화 활동 - 친구_2)미술관이나 박물관 관람,2025,2주기,4.0,86,2.09,5회 이상
경기학교교육실태조사,중학교,ST_CULTURE_08,C07,교육격차·가정배경,S0704,문화활동 경험,학생,가족/친구 동반 문화 활동 - 친구_3)공연이나 음악회 관람,2021,1주기,1.0,4902,68.65,전혀 없음
경기학교교육실태조사,중학교,ST_CULTURE_08,C07,교육격차·가정배경,S0704,문화활동 경험,학생,가족/친구 동반 문화 활동 - 친구_3)공연이나 음악회 관람,2021,1주기,2.0,1574,22.04,1~2회
경기학교교육실태조사,중학교,ST_CULTURE_08,C07,교육격차·가정배경,S0704,문화활동 경험,학생,가족/친구 동반 문화 활동 - 친구_3)공연이나 음악회 관람,2021,1주기,3.0,449,6.29,3~4회
경기학교교육실태조사,중학교,ST_CULTURE_08,C07,교육격차·가정배경,S0704,문화활동 경험,학생,가족/친구 동반 문화 활동 - 친구_3)공연이나 음악회 관람,2021,1주기,4.0,216,3.02,5회 이상
경기학교교육실태조사,중학교,ST_CULTURE_08,C07,교육격차·가정배경,S0704,문화활동 경험,학생,가족/친구 동반 문화 활동 - 친구_3)공연이나 음악회 관람,2025,2주기,1.0,2282,55.42,전혀 없음
경기학교교육실태조사,중학교,ST_CULTURE_08,C07,교육격차·가정배경,S0704,문화활동 경험,학생,가족/친구 동반 문화 활동 - 친구_3)공연이나 음악회 관람,2025,2주기,2.0,1388,33.71,1-2회
경기학교교육실태조사,중학교,ST_CULTURE_08,C07,교육격차·가정배경,S0704,문화활동 경험,학생,가족/친구 동반 문화 활동 - 친구_3)공연이나 음악회 관람,2025,2주기,3.0,295,7.16,3-4회
경기학교교육실태조사,중학교,ST_CULTURE_08,C07,교육격차·가정배경,S0704,문화활동 경험,학생,가족/친구 동반 문화 활동 - 친구_3)공연이나 음악회 관람,2025,2주기,4.0,153,3.72,5회 이상
경기학교교육실태조사,중학교,ST_CULTURE_09,C07,교육격차·가정배경,S0704,문화활동 경험,학생,가족/친구 동반 문화 활동 - 친구_4)서점이나 도서관 방문,2021,1주기,1.0,3545,49.64,전혀 없음
경기학교교육실태조사,중학교,ST_CULTURE_09,C07,교육격차·가정배경,S0704,문화활동 경험,학생,가족/친구 동반 문화 활동 - 친구_4)서점이나 도서관 방문,2021,1주기,2.0,2016,28.23,1~2회
경기학교교육실태조사,중학교,ST_CULTURE_09,C07,교육격차·가정배경,S0704,문화활동 경험,학생,가족/친구 동반 문화 활동 - 친구_4)서점이나 도서관 방문,2021,1주기,3.0,938,13.14,3~4회
경기학교교육실태조사,중학교,ST_CULTURE_09,C07,교육격차·가정배경,S0704,문화활동 경험,학생,가족/친구 동반 문화 활동 - 친구_4)서점이나 도서관 방문,2021,1주기,4.0,642,8.99,5회 이상
경기학교교육실태조사,중학교,ST_CULTURE_09,C07,교육격차·가정배경,S0704,문화활동 경험,학생,가족/친구 동반 문화 활동 - 친구_4)서점이나 도서관 방문,2025,2주기,1.0,1278,31.03,전혀 없음
경기학교교육실태조사,중학교,ST_CULTURE_09,C07,교육격차·가정배경,S0704,문화활동 경험,학생,가족/친구 동반 문화 활동 - 친구_4)서점이나 도서관 방문,2025,2주기,2.0,1259,30.57,1-2회
경기학교교육실태조사,중학교,ST_CULTURE_09,C07,교육격차·가정배경,S0704,문화활동 경험,학생,가족/친구 동반 문화 활동 - 친구_4)서점이나 도서관 방문,2025,2주기,3.0,653,15.86,3-4회
경기학교교육실태조사,중학교,ST_CULTURE_09,C07,교육격차·가정배경,S0704,문화활동 경험,학생,가족/친구 동반 문화 활동 - 친구_4)서점이나 도서관 방문,2025,2주기,4.0,928,22.54,5회 이상
경기학교교육실태조사,중학교,ST_CULTURE_10,C07,교육격차·가정배경,S0704,문화활동 경험,학생,가족/친구 동반 문화 활동 - 친구_5)기타,2021,1주기,1.0,3591,50.29,전혀 없음
경기학교교육실태조사,중학교,ST_CULTURE_10,C07,교육격차·가정배경,S0704,문화활동 경험,학생,가족/친구 동반 문화 활동 - 친구_5)기타,2021,1주기,2.0,1300,18.2,1~2회
경기학교교육실태조사,중학교,ST_CULTURE_10,C07,교육격차·가정배경,S0704,문화활동 경험,학생,가족/친구 동반 문화 활동 - 친구_5)기타,2021,1주기,3.0,698,9.77,3~4회
경기학교교육실태조사,중학교,ST_CULTURE_10,C07,교육격차·가정배경,S0704,문화활동 경험,학생,가족/친구 동반 문화 활동 - 친구_5)기타,2021,1주기,4.0,1552,21.73,5회 이상
경기학교교육실태조사,중학교,ST_CULTURE_10,C07,교육격차·가정배경,S0704,문화활동 경험,학생,가족/친구 동반 문화 활동 - 친구_5)기타,2025,2주기,1.0,2819,68.46,전혀 없음
경기학교교육실태조사,중학교,ST_CULTURE_10,C07,교육격차·가정배경,S0704,문화활동 경험,학생,가족/친구 동반 문화 활동 - 친구_5)기타,2025,2주기,2.0,408,9.91,1-2회
경기학교교육실태조사,중학교,ST_CULTURE_10,C07,교육격차·가정배경,S0704,문화활동 경험,학생,가족/친구 동반 문화 활동 - 친구_5)기타,2025,2주기,3.0,244,5.93,3-4회
경기학교교육실태조사,중학교,ST_CULTURE_10,C07,교육격차·가정배경,S0704,문화활동 경험,학생,가족/친구 동반 문화 활동 - 친구_5)기타,2025,2주기,4.0,647,15.71,5회 이상
경기학교교육실태조사,중학교,ST_DIGI_EDU_01,C03,디지털 리터러시,S0302,디지털 기기 활용 교육,학생,"디지털 기기 활용 교육(구:디지털 리터러시 활용 교육) - 1)나는 학교에서 디지털 기기(PC, 스마트기기 등)를 활용한 온라인 쌍방향 소통 방법을 배운 적이 있다",2021,1주기,1.0,302,3.4,전혀 그렇지 않다
경기학교교육실태조사,중학교,ST_DIGI_EDU_01,C03,디지털 리터러시,S0302,디지털 기기 활용 교육,학생,"디지털 기기 활용 교육(구:디지털 리터러시 활용 교육) - 1)나는 학교에서 디지털 기기(PC, 스마트기기 등)를 활용한 온라인 쌍방향 소통 방법을 배운 적이 있다",2021,1주기,2.0,439,4.94,그렇지 않다
경기학교교육실태조사,중학교,ST_DIGI_EDU_01,C03,디지털 리터러시,S0302,디지털 기기 활용 교육,학생,"디지털 기기 활용 교육(구:디지털 리터러시 활용 교육) - 1)나는 학교에서 디지털 기기(PC, 스마트기기 등)를 활용한 온라인 쌍방향 소통 방법을 배운 적이 있다",2021,1주기,3.0,1985,22.34,보통이다
경기학교교육실태조사,중학교,ST_DIGI_EDU_01,C03,디지털 리터러시,S0302,디지털 기기 활용 교육,학생,"디지털 기기 활용 교육(구:디지털 리터러시 활용 교육) - 1)나는 학교에서 디지털 기기(PC, 스마트기기 등)를 활용한 온라인 쌍방향 소통 방법을 배운 적이 있다",2021,1주기,4.0,3416,38.45,그렇다
경기학교교육실태조사,중학교,ST_DIGI_EDU_01,C03,디지털 리터러시,S0302,디지털 기기 활용 교육,학생,"디지털 기기 활용 교육(구:디지털 리터러시 활용 교육) - 1)나는 학교에서 디지털 기기(PC, 스마트기기 등)를 활용한 온라인 쌍방향 소통 방법을 배운 적이 있다",2021,1주기,5.0,2742,30.86,매우 그렇다
경기학교교육실태조사,중학교,ST_DIGI_EDU_01,C03,디지털 리터러시,S0302,디지털 기기 활용 교육,학생,"디지털 기기 활용 교육(구:디지털 리터러시 활용 교육) - 1)나는 학교에서 디지털 기기(PC, 스마트기기 등)를 활용한 온라인 쌍방향 소통 방법을 배운 적이 있다",2025,2주기,1.0,249,4.81,전혀그렇지않다
경기학교교육실태조사,중학교,ST_DIGI_EDU_01,C03,디지털 리터러시,S0302,디지털 기기 활용 교육,학생,"디지털 기기 활용 교육(구:디지털 리터러시 활용 교육) - 1)나는 학교에서 디지털 기기(PC, 스마트기기 등)를 활용한 온라인 쌍방향 소통 방법을 배운 적이 있다",2025,2주기,2.0,504,9.74,그렇지않다
경기학교교육실태조사,중학교,ST_DIGI_EDU_01,C03,디지털 리터러시,S0302,디지털 기기 활용 교육,학생,"디지털 기기 활용 교육(구:디지털 리터러시 활용 교육) - 1)나는 학교에서 디지털 기기(PC, 스마트기기 등)를 활용한 온라인 쌍방향 소통 방법을 배운 적이 있다",2025,2주기,3.0,1757,33.96,보통이다
경기학교교육실태조사,중학교,ST_DIGI_EDU_01,C03,디지털 리터러시,S0302,디지털 기기 활용 교육,학생,"디지털 기기 활용 교육(구:디지털 리터러시 활용 교육) - 1)나는 학교에서 디지털 기기(PC, 스마트기기 등)를 활용한 온라인 쌍방향 소통 방법을 배운 적이 있다",2025,2주기,4.0,1789,34.58,그렇다
경기학교교육실태조사,중학교,ST_DIGI_EDU_01,C03,디지털 리터러시,S0302,디지털 기기 활용 교육,학생,"디지털 기기 활용 교육(구:디지털 리터러시 활용 교육) - 1)나는 학교에서 디지털 기기(PC, 스마트기기 등)를 활용한 온라인 쌍방향 소통 방법을 배운 적이 있다",2025,2주기,5.0,874,16.9,매우그렇다
경기학교교육실태조사,중학교,ST_DIGI_EDU_02,C03,디지털 리터러시,S0302,디지털 기기 활용 교육,학생,"디지털 기기 활용 교육(구:디지털 리터러시 활용 교육) - 2)나는 학교에서 디지털 기기(PC, 테블릿 등)에서 필요한 정보를 읽고 선택하는 방법을 배운 적이 있다",2021,1주기,1.0,391,4.4,전혀 그렇지 않다
경기학교교육실태조사,중학교,ST_DIGI_EDU_02,C03,디지털 리터러시,S0302,디지털 기기 활용 교육,학생,"디지털 기기 활용 교육(구:디지털 리터러시 활용 교육) - 2)나는 학교에서 디지털 기기(PC, 테블릿 등)에서 필요한 정보를 읽고 선택하는 방법을 배운 적이 있다",2021,1주기,2.0,734,8.26,그렇지 않다
경기학교교육실태조사,중학교,ST_DIGI_EDU_02,C03,디지털 리터러시,S0302,디지털 기기 활용 교육,학생,"디지털 기기 활용 교육(구:디지털 리터러시 활용 교육) - 2)나는 학교에서 디지털 기기(PC, 테블릿 등)에서 필요한 정보를 읽고 선택하는 방법을 배운 적이 있다",2021,1주기,3.0,2838,31.95,보통이다
경기학교교육실태조사,중학교,ST_DIGI_EDU_02,C03,디지털 리터러시,S0302,디지털 기기 활용 교육,학생,"디지털 기기 활용 교육(구:디지털 리터러시 활용 교육) - 2)나는 학교에서 디지털 기기(PC, 테블릿 등)에서 필요한 정보를 읽고 선택하는 방법을 배운 적이 있다",2021,1주기,4.0,3195,35.96,그렇다
경기학교교육실태조사,중학교,ST_DIGI_EDU_02,C03,디지털 리터러시,S0302,디지털 기기 활용 교육,학생,"디지털 기기 활용 교육(구:디지털 리터러시 활용 교육) - 2)나는 학교에서 디지털 기기(PC, 테블릿 등)에서 필요한 정보를 읽고 선택하는 방법을 배운 적이 있다",2021,1주기,5.0,1726,19.43,매우 그렇다
경기학교교육실태조사,중학교,ST_DIGI_EDU_02,C03,디지털 리터러시,S0302,디지털 기기 활용 교육,학생,"디지털 기기 활용 교육(구:디지털 리터러시 활용 교육) - 2)나는 학교에서 디지털 기기(PC, 테블릿 등)에서 필요한 정보를 읽고 선택하는 방법을 배운 적이 있다",2025,2주기,1.0,217,4.19,전혀그렇지않다
경기학교교육실태조사,중학교,ST_DIGI_EDU_02,C03,디지털 리터러시,S0302,디지털 기기 활용 교육,학생,"디지털 기기 활용 교육(구:디지털 리터러시 활용 교육) - 2)나는 학교에서 디지털 기기(PC, 테블릿 등)에서 필요한 정보를 읽고 선택하는 방법을 배운 적이 있다",2025,2주기,2.0,371,7.17,그렇지않다
경기학교교육실태조사,중학교,ST_DIGI_EDU_02,C03,디지털 리터러시,S0302,디지털 기기 활용 교육,학생,"디지털 기기 활용 교육(구:디지털 리터러시 활용 교육) - 2)나는 학교에서 디지털 기기(PC, 테블릿 등)에서 필요한 정보를 읽고 선택하는 방법을 배운 적이 있다",2025,2주기,3.0,1638,31.66,보통이다
경기학교교육실태조사,중학교,ST_DIGI_EDU_02,C03,디지털 리터러시,S0302,디지털 기기 활용 교육,학생,"디지털 기기 활용 교육(구:디지털 리터러시 활용 교육) - 2)나는 학교에서 디지털 기기(PC, 테블릿 등)에서 필요한 정보를 읽고 선택하는 방법을 배운 적이 있다",2025,2주기,4.0,2095,40.5,그렇다
경기학교교육실태조사,중학교,ST_DIGI_EDU_02,C03,디지털 리터러시,S0302,디지털 기기 활용 교육,학생,"디지털 기기 활용 교육(구:디지털 리터러시 활용 교육) - 2)나는 학교에서 디지털 기기(PC, 테블릿 등)에서 필요한 정보를 읽고 선택하는 방법을 배운 적이 있다",2025,2주기,5.0,852,16.47,매우그렇다
경기학교교육실태조사,중학교,ST_DIGI_EDU_03,C03,디지털 리터러시,S0302,디지털 기기 활용 교육,학생,"디지털 기기 활용 교육(구:디지털 리터러시 활용 교육) - 3)나는 학교에서 디지털 기기(PC, 테블릿 등)을 올바르게(도덕적으로) 사용하는 방법을 배운 적이 있다",2021,1주기,1.0,296,3.33,전혀 그렇지 않다
경기학교교육실태조사,중학교,ST_DIGI_EDU_03,C03,디지털 리터러시,S0302,디지털 기기 활용 교육,학생,"디지털 기기 활용 교육(구:디지털 리터러시 활용 교육) - 3)나는 학교에서 디지털 기기(PC, 테블릿 등)을 올바르게(도덕적으로) 사용하는 방법을 배운 적이 있다",2021,1주기,2.0,444,5.0,그렇지 않다
경기학교교육실태조사,중학교,ST_DIGI_EDU_03,C03,디지털 리터러시,S0302,디지털 기기 활용 교육,학생,"디지털 기기 활용 교육(구:디지털 리터러시 활용 교육) - 3)나는 학교에서 디지털 기기(PC, 테블릿 등)을 올바르게(도덕적으로) 사용하는 방법을 배운 적이 있다",2021,1주기,3.0,2592,29.18,보통이다
경기학교교육실태조사,중학교,ST_DIGI_EDU_03,C03,디지털 리터러시,S0302,디지털 기기 활용 교육,학생,"디지털 기기 활용 교육(구:디지털 리터러시 활용 교육) - 3)나는 학교에서 디지털 기기(PC, 테블릿 등)을 올바르게(도덕적으로) 사용하는 방법을 배운 적이 있다",2021,1주기,4.0,3612,40.66,그렇다
경기학교교육실태조사,중학교,ST_DIGI_EDU_03,C03,디지털 리터러시,S0302,디지털 기기 활용 교육,학생,"디지털 기기 활용 교육(구:디지털 리터러시 활용 교육) - 3)나는 학교에서 디지털 기기(PC, 테블릿 등)을 올바르게(도덕적으로) 사용하는 방법을 배운 적이 있다",2021,1주기,5.0,1940,21.84,매우 그렇다
경기학교교육실태조사,중학교,ST_DIGI_EDU_03,C03,디지털 리터러시,S0302,디지털 기기 활용 교육,학생,"디지털 기기 활용 교육(구:디지털 리터러시 활용 교육) - 3)나는 학교에서 디지털 기기(PC, 테블릿 등)을 올바르게(도덕적으로) 사용하는 방법을 배운 적이 있다",2025,2주기,1.0,166,3.21,전혀그렇지않다
경기학교교육실태조사,중학교,ST_DIGI_EDU_03,C03,디지털 리터러시,S0302,디지털 기기 활용 교육,학생,"디지털 기기 활용 교육(구:디지털 리터러시 활용 교육) - 3)나는 학교에서 디지털 기기(PC, 테블릿 등)을 올바르게(도덕적으로) 사용하는 방법을 배운 적이 있다",2025,2주기,2.0,255,4.93,그렇지않다
경기학교교육실태조사,중학교,ST_DIGI_EDU_03,C03,디지털 리터러시,S0302,디지털 기기 활용 교육,학생,"디지털 기기 활용 교육(구:디지털 리터러시 활용 교육) - 3)나는 학교에서 디지털 기기(PC, 테블릿 등)을 올바르게(도덕적으로) 사용하는 방법을 배운 적이 있다",2025,2주기,3.0,1546,29.89,보통이다
경기학교교육실태조사,중학교,ST_DIGI_EDU_03,C03,디지털 리터러시,S0302,디지털 기기 활용 교육,학생,"디지털 기기 활용 교육(구:디지털 리터러시 활용 교육) - 3)나는 학교에서 디지털 기기(PC, 테블릿 등)을 올바르게(도덕적으로) 사용하는 방법을 배운 적이 있다",2025,2주기,4.0,2161,41.77,그렇다
경기학교교육실태조사,중학교,ST_DIGI_EDU_03,C03,디지털 리터러시,S0302,디지털 기기 활용 교육,학생,"디지털 기기 활용 교육(구:디지털 리터러시 활용 교육) - 3)나는 학교에서 디지털 기기(PC, 테블릿 등)을 올바르게(도덕적으로) 사용하는 방법을 배운 적이 있다",2025,2주기,5.0,1045,20.2,매우그렇다
경기학교교육실태조사,중학교,ST_DIGI_EDU_04,C03,디지털 리터러시,S0302,디지털 기기 활용 교육,학생,"디지털 기기 활용 교육(구:디지털 리터러시 활용 교육) - 4)나는 학교에서 디지털 기기(PC, 테블릿 등)에서 제공하는 정보가 믿을 수 있는지 확인하는 방법을 배운 적이 있다",2021,1주기,1.0,360,4.05,전혀 그렇지 않다
경기학교교육실태조사,중학교,ST_DIGI_EDU_04,C03,디지털 리터러시,S0302,디지털 기기 활용 교육,학생,"디지털 기기 활용 교육(구:디지털 리터러시 활용 교육) - 4)나는 학교에서 디지털 기기(PC, 테블릿 등)에서 제공하는 정보가 믿을 수 있는지 확인하는 방법을 배운 적이 있다",2021,1주기,2.0,627,7.06,그렇지 않다
경기학교교육실태조사,중학교,ST_DIGI_EDU_04,C03,디지털 리터러시,S0302,디지털 기기 활용 교육,학생,"디지털 기기 활용 교육(구:디지털 리터러시 활용 교육) - 4)나는 학교에서 디지털 기기(PC, 테블릿 등)에서 제공하는 정보가 믿을 수 있는지 확인하는 방법을 배운 적이 있다",2021,1주기,3.0,3046,34.29,보통이다
경기학교교육실태조사,중학교,ST_DIGI_EDU_04,C03,디지털 리터러시,S0302,디지털 기기 활용 교육,학생,"디지털 기기 활용 교육(구:디지털 리터러시 활용 교육) - 4)나는 학교에서 디지털 기기(PC, 테블릿 등)에서 제공하는 정보가 믿을 수 있는지 확인하는 방법을 배운 적이 있다",2021,1주기,4.0,3191,35.92,그렇다
경기학교교육실태조사,중학교,ST_DIGI_EDU_04,C03,디지털 리터러시,S0302,디지털 기기 활용 교육,학생,"디지털 기기 활용 교육(구:디지털 리터러시 활용 교육) - 4)나는 학교에서 디지털 기기(PC, 테블릿 등)에서 제공하는 정보가 믿을 수 있는지 확인하는 방법을 배운 적이 있다",2021,1주기,5.0,1660,18.69,매우 그렇다
경기학교교육실태조사,중학교,ST_DIGI_EDU_04,C03,디지털 리터러시,S0302,디지털 기기 활용 교육,학생,"디지털 기기 활용 교육(구:디지털 리터러시 활용 교육) - 4)나는 학교에서 디지털 기기(PC, 테블릿 등)에서 제공하는 정보가 믿을 수 있는지 확인하는 방법을 배운 적이 있다",2025,2주기,1.0,164,3.17,전혀그렇지않다
경기학교교육실태조사,중학교,ST_DIGI_EDU_04,C03,디지털 리터러시,S0302,디지털 기기 활용 교육,학생,"디지털 기기 활용 교육(구:디지털 리터러시 활용 교육) - 4)나는 학교에서 디지털 기기(PC, 테블릿 등)에서 제공하는 정보가 믿을 수 있는지 확인하는 방법을 배운 적이 있다",2025,2주기,2.0,319,6.17,그렇지않다
경기학교교육실태조사,중학교,ST_DIGI_EDU_04,C03,디지털 리터러시,S0302,디지털 기기 활용 교육,학생,"디지털 기기 활용 교육(구:디지털 리터러시 활용 교육) - 4)나는 학교에서 디지털 기기(PC, 테블릿 등)에서 제공하는 정보가 믿을 수 있는지 확인하는 방법을 배운 적이 있다",2025,2주기,3.0,1649,31.88,보통이다
경기학교교육실태조사,중학교,ST_DIGI_EDU_04,C03,디지털 리터러시,S0302,디지털 기기 활용 교육,학생,"디지털 기기 활용 교육(구:디지털 리터러시 활용 교육) - 4)나는 학교에서 디지털 기기(PC, 테블릿 등)에서 제공하는 정보가 믿을 수 있는지 확인하는 방법을 배운 적이 있다",2025,2주기,4.0,2043,39.49,그렇다
경기학교교육실태조사,중학교,ST_DIGI_EDU_04,C03,디지털 리터러시,S0302,디지털 기기 활용 교육,학생,"디지털 기기 활용 교육(구:디지털 리터러시 활용 교육) - 4)나는 학교에서 디지털 기기(PC, 테블릿 등)에서 제공하는 정보가 믿을 수 있는지 확인하는 방법을 배운 적이 있다",2025,2주기,5.0,998,19.29,매우그렇다
경기학교교육실태조사,중학교,ST_DIGI_LIT_01,C03,디지털 리터러시,S0301,디지털 리터러시,학생,디지털 리터러시 - 1)나는 한글이나 프리젠테이션 도구 또는 생성형 AI를 활용해서 문서를 만드는 데 능숙하다,2021,1주기,1.0,711,8.0,전혀 그렇지 않다
경기학교교육실태조사,중학교,ST_DIGI_LIT_01,C03,디지털 리터러시,S0301,디지털 리터러시,학생,디지털 리터러시 - 1)나는 한글이나 프리젠테이션 도구 또는 생성형 AI를 활용해서 문서를 만드는 데 능숙하다,2021,1주기,2.0,1453,16.36,그렇지 않다
경기학교교육실태조사,중학교,ST_DIGI_LIT_01,C03,디지털 리터러시,S0301,디지털 리터러시,학생,디지털 리터러시 - 1)나는 한글이나 프리젠테이션 도구 또는 생성형 AI를 활용해서 문서를 만드는 데 능숙하다,2021,1주기,3.0,3028,34.08,보통이다
경기학교교육실태조사,중학교,ST_DIGI_LIT_01,C03,디지털 리터러시,S0301,디지털 리터러시,학생,디지털 리터러시 - 1)나는 한글이나 프리젠테이션 도구 또는 생성형 AI를 활용해서 문서를 만드는 데 능숙하다,2021,1주기,4.0,2290,25.78,그렇다
경기학교교육실태조사,중학교,ST_DIGI_LIT_01,C03,디지털 리터러시,S0301,디지털 리터러시,학생,디지털 리터러시 - 1)나는 한글이나 프리젠테이션 도구 또는 생성형 AI를 활용해서 문서를 만드는 데 능숙하다,2021,1주기,5.0,1402,15.78,매우 그렇다
경기학교교육실태조사,중학교,ST_DIGI_LIT_01,C03,디지털 리터러시,S0301,디지털 리터러시,학생,디지털 리터러시 - 1)나는 한글이나 프리젠테이션 도구 또는 생성형 AI를 활용해서 문서를 만드는 데 능숙하다,2025,2주기,1.0,267,5.16,전혀그렇지않다
경기학교교육실태조사,중학교,ST_DIGI_LIT_01,C03,디지털 리터러시,S0301,디지털 리터러시,학생,디지털 리터러시 - 1)나는 한글이나 프리젠테이션 도구 또는 생성형 AI를 활용해서 문서를 만드는 데 능숙하다,2025,2주기,2.0,730,14.11,그렇지않다
경기학교교육실태조사,중학교,ST_DIGI_LIT_01,C03,디지털 리터러시,S0301,디지털 리터러시,학생,디지털 리터러시 - 1)나는 한글이나 프리젠테이션 도구 또는 생성형 AI를 활용해서 문서를 만드는 데 능숙하다,2025,2주기,3.0,1824,35.26,보통이다
경기학교교육실태조사,중학교,ST_DIGI_LIT_01,C03,디지털 리터러시,S0301,디지털 리터러시,학생,디지털 리터러시 - 1)나는 한글이나 프리젠테이션 도구 또는 생성형 AI를 활용해서 문서를 만드는 데 능숙하다,2025,2주기,4.0,1433,27.7,그렇다
경기학교교육실태조사,중학교,ST_DIGI_LIT_01,C03,디지털 리터러시,S0301,디지털 리터러시,학생,디지털 리터러시 - 1)나는 한글이나 프리젠테이션 도구 또는 생성형 AI를 활용해서 문서를 만드는 데 능숙하다,2025,2주기,5.0,919,17.77,매우그렇다
경기학교교육실태조사,중학교,ST_DIGI_LIT_02,C03,디지털 리터러시,S0301,디지털 리터러시,학생,디지털 리터러시 - 2)나는 내가 만든 자료나 파일을 온라인 플랫폼에 올려서 잘 공유한다,2021,1주기,1.0,1130,12.72,전혀 그렇지 않다
경기학교교육실태조사,중학교,ST_DIGI_LIT_02,C03,디지털 리터러시,S0301,디지털 리터러시,학생,디지털 리터러시 - 2)나는 내가 만든 자료나 파일을 온라인 플랫폼에 올려서 잘 공유한다,2021,1주기,2.0,2012,22.65,그렇지 않다
경기학교교육실태조사,중학교,ST_DIGI_LIT_02,C03,디지털 리터러시,S0301,디지털 리터러시,학생,디지털 리터러시 - 2)나는 내가 만든 자료나 파일을 온라인 플랫폼에 올려서 잘 공유한다,2021,1주기,3.0,2692,30.3,보통이다
경기학교교육실태조사,중학교,ST_DIGI_LIT_02,C03,디지털 리터러시,S0301,디지털 리터러시,학생,디지털 리터러시 - 2)나는 내가 만든 자료나 파일을 온라인 플랫폼에 올려서 잘 공유한다,2021,1주기,4.0,1943,21.87,그렇다
경기학교교육실태조사,중학교,ST_DIGI_LIT_02,C03,디지털 리터러시,S0301,디지털 리터러시,학생,디지털 리터러시 - 2)나는 내가 만든 자료나 파일을 온라인 플랫폼에 올려서 잘 공유한다,2021,1주기,5.0,1107,12.46,매우 그렇다
경기학교교육실태조사,중학교,ST_DIGI_LIT_02,C03,디지털 리터러시,S0301,디지털 리터러시,학생,디지털 리터러시 - 2)나는 내가 만든 자료나 파일을 온라인 플랫폼에 올려서 잘 공유한다,2025,2주기,1.0,673,13.01,전혀그렇지않다
경기학교교육실태조사,중학교,ST_DIGI_LIT_02,C03,디지털 리터러시,S0301,디지털 리터러시,학생,디지털 리터러시 - 2)나는 내가 만든 자료나 파일을 온라인 플랫폼에 올려서 잘 공유한다,2025,2주기,2.0,1113,21.52,그렇지않다
경기학교교육실태조사,중학교,ST_DIGI_LIT_02,C03,디지털 리터러시,S0301,디지털 리터러시,학생,디지털 리터러시 - 2)나는 내가 만든 자료나 파일을 온라인 플랫폼에 올려서 잘 공유한다,2025,2주기,3.0,1663,32.15,보통이다
경기학교교육실태조사,중학교,ST_DIGI_LIT_02,C03,디지털 리터러시,S0301,디지털 리터러시,학생,디지털 리터러시 - 2)나는 내가 만든 자료나 파일을 온라인 플랫폼에 올려서 잘 공유한다,2025,2주기,4.0,1118,21.61,그렇다
경기학교교육실태조사,중학교,ST_DIGI_LIT_02,C03,디지털 리터러시,S0301,디지털 리터러시,학생,디지털 리터러시 - 2)나는 내가 만든 자료나 파일을 온라인 플랫폼에 올려서 잘 공유한다,2025,2주기,5.0,606,11.71,매우그렇다
경기학교교육실태조사,중학교,ST_DIGI_LIT_03,C03,디지털 리터러시,S0301,디지털 리터러시,학생,디지털 리터러시 - 3)나는 온라인 학습 공간에 올려둔 자료를 잘 내려 받아 활용한다,2021,1주기,1.0,534,6.01,전혀 그렇지 않다
경기학교교육실태조사,중학교,ST_DIGI_LIT_03,C03,디지털 리터러시,S0301,디지털 리터러시,학생,디지털 리터러시 - 3)나는 온라인 학습 공간에 올려둔 자료를 잘 내려 받아 활용한다,2021,1주기,2.0,891,10.03,그렇지 않다
경기학교교육실태조사,중학교,ST_DIGI_LIT_03,C03,디지털 리터러시,S0301,디지털 리터러시,학생,디지털 리터러시 - 3)나는 온라인 학습 공간에 올려둔 자료를 잘 내려 받아 활용한다,2021,1주기,3.0,2824,31.79,보통이다
경기학교교육실태조사,중학교,ST_DIGI_LIT_03,C03,디지털 리터러시,S0301,디지털 리터러시,학생,디지털 리터러시 - 3)나는 온라인 학습 공간에 올려둔 자료를 잘 내려 받아 활용한다,2021,1주기,4.0,3041,34.23,그렇다
경기학교교육실태조사,중학교,ST_DIGI_LIT_03,C03,디지털 리터러시,S0301,디지털 리터러시,학생,디지털 리터러시 - 3)나는 온라인 학습 공간에 올려둔 자료를 잘 내려 받아 활용한다,2021,1주기,5.0,1594,17.94,매우 그렇다
경기학교교육실태조사,중학교,ST_DIGI_LIT_03,C03,디지털 리터러시,S0301,디지털 리터러시,학생,디지털 리터러시 - 3)나는 온라인 학습 공간에 올려둔 자료를 잘 내려 받아 활용한다,2025,2주기,1.0,272,5.26,전혀그렇지않다
경기학교교육실태조사,중학교,ST_DIGI_LIT_03,C03,디지털 리터러시,S0301,디지털 리터러시,학생,디지털 리터러시 - 3)나는 온라인 학습 공간에 올려둔 자료를 잘 내려 받아 활용한다,2025,2주기,2.0,552,10.67,그렇지않다
경기학교교육실태조사,중학교,ST_DIGI_LIT_03,C03,디지털 리터러시,S0301,디지털 리터러시,학생,디지털 리터러시 - 3)나는 온라인 학습 공간에 올려둔 자료를 잘 내려 받아 활용한다,2025,2주기,3.0,1790,34.6,보통이다
경기학교교육실태조사,중학교,ST_DIGI_LIT_03,C03,디지털 리터러시,S0301,디지털 리터러시,학생,디지털 리터러시 - 3)나는 온라인 학습 공간에 올려둔 자료를 잘 내려 받아 활용한다,2025,2주기,4.0,1724,33.33,그렇다
경기학교교육실태조사,중학교,ST_DIGI_LIT_03,C03,디지털 리터러시,S0301,디지털 리터러시,학생,디지털 리터러시 - 3)나는 온라인 학습 공간에 올려둔 자료를 잘 내려 받아 활용한다,2025,2주기,5.0,835,16.14,매우그렇다
경기학교교육실태조사,중학교,ST_DIGI_LIT_04,C03,디지털 리터러시,S0301,디지털 리터러시,학생,디지털 리터러시 - 4)나는 필요한 정보를 찾기 위해 다양한 검색엔진이나 AI 도구를 활용할 수 있다,2021,1주기,1.0,342,3.85,전혀 그렇지 않다
경기학교교육실태조사,중학교,ST_DIGI_LIT_04,C03,디지털 리터러시,S0301,디지털 리터러시,학생,디지털 리터러시 - 4)나는 필요한 정보를 찾기 위해 다양한 검색엔진이나 AI 도구를 활용할 수 있다,2021,1주기,2.0,491,5.53,그렇지 않다
경기학교교육실태조사,중학교,ST_DIGI_LIT_04,C03,디지털 리터러시,S0301,디지털 리터러시,학생,디지털 리터러시 - 4)나는 필요한 정보를 찾기 위해 다양한 검색엔진이나 AI 도구를 활용할 수 있다,2021,1주기,3.0,2703,30.43,보통이다
경기학교교육실태조사,중학교,ST_DIGI_LIT_04,C03,디지털 리터러시,S0301,디지털 리터러시,학생,디지털 리터러시 - 4)나는 필요한 정보를 찾기 위해 다양한 검색엔진이나 AI 도구를 활용할 수 있다,2021,1주기,4.0,3398,38.25,그렇다
경기학교교육실태조사,중학교,ST_DIGI_LIT_04,C03,디지털 리터러시,S0301,디지털 리터러시,학생,디지털 리터러시 - 4)나는 필요한 정보를 찾기 위해 다양한 검색엔진이나 AI 도구를 활용할 수 있다,2021,1주기,5.0,1950,21.95,매우 그렇다
경기학교교육실태조사,중학교,ST_DIGI_LIT_04,C03,디지털 리터러시,S0301,디지털 리터러시,학생,디지털 리터러시 - 4)나는 필요한 정보를 찾기 위해 다양한 검색엔진이나 AI 도구를 활용할 수 있다,2025,2주기,1.0,170,3.29,전혀그렇지않다
경기학교교육실태조사,중학교,ST_DIGI_LIT_04,C03,디지털 리터러시,S0301,디지털 리터러시,학생,디지털 리터러시 - 4)나는 필요한 정보를 찾기 위해 다양한 검색엔진이나 AI 도구를 활용할 수 있다,2025,2주기,2.0,328,6.34,그렇지않다
경기학교교육실태조사,중학교,ST_DIGI_LIT_04,C03,디지털 리터러시,S0301,디지털 리터러시,학생,디지털 리터러시 - 4)나는 필요한 정보를 찾기 위해 다양한 검색엔진이나 AI 도구를 활용할 수 있다,2025,2주기,3.0,1522,29.42,보통이다
경기학교교육실태조사,중학교,ST_DIGI_LIT_04,C03,디지털 리터러시,S0301,디지털 리터러시,학생,디지털 리터러시 - 4)나는 필요한 정보를 찾기 위해 다양한 검색엔진이나 AI 도구를 활용할 수 있다,2025,2주기,4.0,1920,37.12,그렇다
경기학교교육실태조사,중학교,ST_DIGI_LIT_04,C03,디지털 리터러시,S0301,디지털 리터러시,학생,디지털 리터러시 - 4)나는 필요한 정보를 찾기 위해 다양한 검색엔진이나 AI 도구를 활용할 수 있다,2025,2주기,5.0,1233,23.84,매우그렇다
경기학교교육실태조사,중학교,ST_DIGI_LIT_05,C03,디지털 리터러시,S0301,디지털 리터러시,학생,디지털 리터러시 - 5)나는 필요한 정보를 찾기 위해 관련된 키워드를 다양하게 생각해낼 수 있다,2021,1주기,1.0,335,3.77,전혀 그렇지 않다
경기학교교육실태조사,중학교,ST_DIGI_LIT_05,C03,디지털 리터러시,S0301,디지털 리터러시,학생,디지털 리터러시 - 5)나는 필요한 정보를 찾기 위해 관련된 키워드를 다양하게 생각해낼 수 있다,2021,1주기,2.0,565,6.36,그렇지 않다
경기학교교육실태조사,중학교,ST_DIGI_LIT_05,C03,디지털 리터러시,S0301,디지털 리터러시,학생,디지털 리터러시 - 5)나는 필요한 정보를 찾기 위해 관련된 키워드를 다양하게 생각해낼 수 있다,2021,1주기,3.0,3128,35.21,보통이다
경기학교교육실태조사,중학교,ST_DIGI_LIT_05,C03,디지털 리터러시,S0301,디지털 리터러시,학생,디지털 리터러시 - 5)나는 필요한 정보를 찾기 위해 관련된 키워드를 다양하게 생각해낼 수 있다,2021,1주기,4.0,3177,35.76,그렇다
경기학교교육실태조사,중학교,ST_DIGI_LIT_05,C03,디지털 리터러시,S0301,디지털 리터러시,학생,디지털 리터러시 - 5)나는 필요한 정보를 찾기 위해 관련된 키워드를 다양하게 생각해낼 수 있다,2021,1주기,5.0,1679,18.9,매우 그렇다
경기학교교육실태조사,중학교,ST_DIGI_LIT_05,C03,디지털 리터러시,S0301,디지털 리터러시,학생,디지털 리터러시 - 5)나는 필요한 정보를 찾기 위해 관련된 키워드를 다양하게 생각해낼 수 있다,2025,2주기,1.0,160,3.09,전혀그렇지않다
경기학교교육실태조사,중학교,ST_DIGI_LIT_05,C03,디지털 리터러시,S0301,디지털 리터러시,학생,디지털 리터러시 - 5)나는 필요한 정보를 찾기 위해 관련된 키워드를 다양하게 생각해낼 수 있다,2025,2주기,2.0,313,6.05,그렇지않다
경기학교교육실태조사,중학교,ST_DIGI_LIT_05,C03,디지털 리터러시,S0301,디지털 리터러시,학생,디지털 리터러시 - 5)나는 필요한 정보를 찾기 위해 관련된 키워드를 다양하게 생각해낼 수 있다,2025,2주기,3.0,1789,34.58,보통이다
경기학교교육실태조사,중학교,ST_DIGI_LIT_05,C03,디지털 리터러시,S0301,디지털 리터러시,학생,디지털 리터러시 - 5)나는 필요한 정보를 찾기 위해 관련된 키워드를 다양하게 생각해낼 수 있다,2025,2주기,4.0,1904,36.81,그렇다
경기학교교육실태조사,중학교,ST_DIGI_LIT_05,C03,디지털 리터러시,S0301,디지털 리터러시,학생,디지털 리터러시 - 5)나는 필요한 정보를 찾기 위해 관련된 키워드를 다양하게 생각해낼 수 있다,2025,2주기,5.0,1007,19.47,매우그렇다
경기학교교육실태조사,중학교,ST_DIGI_LIT_06,C03,디지털 리터러시,S0301,디지털 리터러시,학생,디지털 리터러시 - 6)과제를 해결하기 위해 필요한 정보를 다양하게 선택할 수 있다,2021,1주기,1.0,293,3.3,전혀 그렇지 않다
경기학교교육실태조사,중학교,ST_DIGI_LIT_06,C03,디지털 리터러시,S0301,디지털 리터러시,학생,디지털 리터러시 - 6)과제를 해결하기 위해 필요한 정보를 다양하게 선택할 수 있다,2021,1주기,2.0,439,4.94,그렇지 않다
경기학교교육실태조사,중학교,ST_DIGI_LIT_06,C03,디지털 리터러시,S0301,디지털 리터러시,학생,디지털 리터러시 - 6)과제를 해결하기 위해 필요한 정보를 다양하게 선택할 수 있다,2021,1주기,3.0,3052,34.35,보통이다
경기학교교육실태조사,중학교,ST_DIGI_LIT_06,C03,디지털 리터러시,S0301,디지털 리터러시,학생,디지털 리터러시 - 6)과제를 해결하기 위해 필요한 정보를 다양하게 선택할 수 있다,2021,1주기,4.0,3451,38.85,그렇다
경기학교교육실태조사,중학교,ST_DIGI_LIT_06,C03,디지털 리터러시,S0301,디지털 리터러시,학생,디지털 리터러시 - 6)과제를 해결하기 위해 필요한 정보를 다양하게 선택할 수 있다,2021,1주기,5.0,1649,18.56,매우 그렇다
경기학교교육실태조사,중학교,ST_DIGI_LIT_06,C03,디지털 리터러시,S0301,디지털 리터러시,학생,디지털 리터러시 - 6)과제를 해결하기 위해 필요한 정보를 다양하게 선택할 수 있다,2025,2주기,1.0,141,2.73,전혀그렇지않다
경기학교교육실태조사,중학교,ST_DIGI_LIT_06,C03,디지털 리터러시,S0301,디지털 리터러시,학생,디지털 리터러시 - 6)과제를 해결하기 위해 필요한 정보를 다양하게 선택할 수 있다,2025,2주기,2.0,252,4.87,그렇지않다
경기학교교육실태조사,중학교,ST_DIGI_LIT_06,C03,디지털 리터러시,S0301,디지털 리터러시,학생,디지털 리터러시 - 6)과제를 해결하기 위해 필요한 정보를 다양하게 선택할 수 있다,2025,2주기,3.0,1725,33.35,보통이다
경기학교교육실태조사,중학교,ST_DIGI_LIT_06,C03,디지털 리터러시,S0301,디지털 리터러시,학생,디지털 리터러시 - 6)과제를 해결하기 위해 필요한 정보를 다양하게 선택할 수 있다,2025,2주기,4.0,2093,40.46,그렇다
경기학교교육실태조사,중학교,ST_DIGI_LIT_06,C03,디지털 리터러시,S0301,디지털 리터러시,학생,디지털 리터러시 - 6)과제를 해결하기 위해 필요한 정보를 다양하게 선택할 수 있다,2025,2주기,5.0,962,18.6,매우그렇다
경기학교교육실태조사,중학교,ST_DIGI_LIT_07,C03,디지털 리터러시,S0301,디지털 리터러시,학생,디지털 리터러시 - 7)나는 디지털 기기 사용 시간을 스스로 정한다,2021,1주기,1.0,853,9.6,전혀 그렇지 않다
경기학교교육실태조사,중학교,ST_DIGI_LIT_07,C03,디지털 리터러시,S0301,디지털 리터러시,학생,디지털 리터러시 - 7)나는 디지털 기기 사용 시간을 스스로 정한다,2021,1주기,2.0,1831,20.61,그렇지 않다
경기학교교육실태조사,중학교,ST_DIGI_LIT_07,C03,디지털 리터러시,S0301,디지털 리터러시,학생,디지털 리터러시 - 7)나는 디지털 기기 사용 시간을 스스로 정한다,2021,1주기,3.0,3195,35.96,보통이다
경기학교교육실태조사,중학교,ST_DIGI_LIT_07,C03,디지털 리터러시,S0301,디지털 리터러시,학생,디지털 리터러시 - 7)나는 디지털 기기 사용 시간을 스스로 정한다,2021,1주기,4.0,2022,22.76,그렇다
경기학교교육실태조사,중학교,ST_DIGI_LIT_07,C03,디지털 리터러시,S0301,디지털 리터러시,학생,디지털 리터러시 - 7)나는 디지털 기기 사용 시간을 스스로 정한다,2021,1주기,5.0,983,11.06,매우 그렇다
경기학교교육실태조사,중학교,ST_DIGI_LIT_07,C03,디지털 리터러시,S0301,디지털 리터러시,학생,디지털 리터러시 - 7)나는 디지털 기기 사용 시간을 스스로 정한다,2025,2주기,1.0,413,7.98,전혀그렇지않다
경기학교교육실태조사,중학교,ST_DIGI_LIT_07,C03,디지털 리터러시,S0301,디지털 리터러시,학생,디지털 리터러시 - 7)나는 디지털 기기 사용 시간을 스스로 정한다,2025,2주기,2.0,970,18.75,그렇지않다
경기학교교육실태조사,중학교,ST_DIGI_LIT_07,C03,디지털 리터러시,S0301,디지털 리터러시,학생,디지털 리터러시 - 7)나는 디지털 기기 사용 시간을 스스로 정한다,2025,2주기,3.0,1785,34.51,보통이다
경기학교교육실태조사,중학교,ST_DIGI_LIT_07,C03,디지털 리터러시,S0301,디지털 리터러시,학생,디지털 리터러시 - 7)나는 디지털 기기 사용 시간을 스스로 정한다,2025,2주기,4.0,1289,24.92,그렇다
경기학교교육실태조사,중학교,ST_DIGI_LIT_07,C03,디지털 리터러시,S0301,디지털 리터러시,학생,디지털 리터러시 - 7)나는 디지털 기기 사용 시간을 스스로 정한다,2025,2주기,5.0,716,13.84,매우그렇다
경기학교교육실태조사,중학교,ST_DIGI_LIT_08,C03,디지털 리터러시,S0301,디지털 리터러시,학생,디지털 리터러시 - 8)나는 놀 때와 공부할 때를 구분해서 디지털 기기를 사용한다,2021,1주기,1.0,544,6.12,전혀 그렇지 않다
경기학교교육실태조사,중학교,ST_DIGI_LIT_08,C03,디지털 리터러시,S0301,디지털 리터러시,학생,디지털 리터러시 - 8)나는 놀 때와 공부할 때를 구분해서 디지털 기기를 사용한다,2021,1주기,2.0,1273,14.33,그렇지 않다
경기학교교육실태조사,중학교,ST_DIGI_LIT_08,C03,디지털 리터러시,S0301,디지털 리터러시,학생,디지털 리터러시 - 8)나는 놀 때와 공부할 때를 구분해서 디지털 기기를 사용한다,2021,1주기,3.0,3359,37.81,보통이다
경기학교교육실태조사,중학교,ST_DIGI_LIT_08,C03,디지털 리터러시,S0301,디지털 리터러시,학생,디지털 리터러시 - 8)나는 놀 때와 공부할 때를 구분해서 디지털 기기를 사용한다,2021,1주기,4.0,2590,29.15,그렇다
경기학교교육실태조사,중학교,ST_DIGI_LIT_08,C03,디지털 리터러시,S0301,디지털 리터러시,학생,디지털 리터러시 - 8)나는 놀 때와 공부할 때를 구분해서 디지털 기기를 사용한다,2021,1주기,5.0,1118,12.58,매우 그렇다
경기학교교육실태조사,중학교,ST_DIGI_LIT_08,C03,디지털 리터러시,S0301,디지털 리터러시,학생,디지털 리터러시 - 8)나는 놀 때와 공부할 때를 구분해서 디지털 기기를 사용한다,2025,2주기,1.0,283,5.47,전혀그렇지않다
경기학교교육실태조사,중학교,ST_DIGI_LIT_08,C03,디지털 리터러시,S0301,디지털 리터러시,학생,디지털 리터러시 - 8)나는 놀 때와 공부할 때를 구분해서 디지털 기기를 사용한다,2025,2주기,2.0,671,12.97,그렇지않다
경기학교교육실태조사,중학교,ST_DIGI_LIT_08,C03,디지털 리터러시,S0301,디지털 리터러시,학생,디지털 리터러시 - 8)나는 놀 때와 공부할 때를 구분해서 디지털 기기를 사용한다,2025,2주기,3.0,1850,35.76,보통이다
경기학교교육실태조사,중학교,ST_DIGI_LIT_08,C03,디지털 리터러시,S0301,디지털 리터러시,학생,디지털 리터러시 - 8)나는 놀 때와 공부할 때를 구분해서 디지털 기기를 사용한다,2025,2주기,4.0,1616,31.24,그렇다
경기학교교육실태조사,중학교,ST_DIGI_LIT_08,C03,디지털 리터러시,S0301,디지털 리터러시,학생,디지털 리터러시 - 8)나는 놀 때와 공부할 때를 구분해서 디지털 기기를 사용한다,2025,2주기,5.0,753,14.56,매우그렇다
경기학교교육실태조사,중학교,ST_DIGI_LIT_09,C03,디지털 리터러시,S0301,디지털 리터러시,학생,디지털 리터러시 - 9)나는 디지털 기기를 활용하여 정보를 얻을 때 나에게 필요한 정보를 골라 읽는다,2021,1주기,1.0,295,3.32,전혀 그렇지 않다
경기학교교육실태조사,중학교,ST_DIGI_LIT_09,C03,디지털 리터러시,S0301,디지털 리터러시,학생,디지털 리터러시 - 9)나는 디지털 기기를 활용하여 정보를 얻을 때 나에게 필요한 정보를 골라 읽는다,2021,1주기,2.0,470,5.29,그렇지 않다
경기학교교육실태조사,중학교,ST_DIGI_LIT_09,C03,디지털 리터러시,S0301,디지털 리터러시,학생,디지털 리터러시 - 9)나는 디지털 기기를 활용하여 정보를 얻을 때 나에게 필요한 정보를 골라 읽는다,2021,1주기,3.0,3020,33.99,보통이다
경기학교교육실태조사,중학교,ST_DIGI_LIT_09,C03,디지털 리터러시,S0301,디지털 리터러시,학생,디지털 리터러시 - 9)나는 디지털 기기를 활용하여 정보를 얻을 때 나에게 필요한 정보를 골라 읽는다,2021,1주기,4.0,3558,40.05,그렇다
경기학교교육실태조사,중학교,ST_DIGI_LIT_09,C03,디지털 리터러시,S0301,디지털 리터러시,학생,디지털 리터러시 - 9)나는 디지털 기기를 활용하여 정보를 얻을 때 나에게 필요한 정보를 골라 읽는다,2021,1주기,5.0,1541,17.35,매우 그렇다
경기학교교육실태조사,중학교,ST_DIGI_LIT_09,C03,디지털 리터러시,S0301,디지털 리터러시,학생,디지털 리터러시 - 9)나는 디지털 기기를 활용하여 정보를 얻을 때 나에게 필요한 정보를 골라 읽는다,2025,2주기,1.0,147,2.84,전혀그렇지않다
경기학교교육실태조사,중학교,ST_DIGI_LIT_09,C03,디지털 리터러시,S0301,디지털 리터러시,학생,디지털 리터러시 - 9)나는 디지털 기기를 활용하여 정보를 얻을 때 나에게 필요한 정보를 골라 읽는다,2025,2주기,2.0,258,4.99,그렇지않다
경기학교교육실태조사,중학교,ST_DIGI_LIT_09,C03,디지털 리터러시,S0301,디지털 리터러시,학생,디지털 리터러시 - 9)나는 디지털 기기를 활용하여 정보를 얻을 때 나에게 필요한 정보를 골라 읽는다,2025,2주기,3.0,1706,32.98,보통이다
경기학교교육실태조사,중학교,ST_DIGI_LIT_09,C03,디지털 리터러시,S0301,디지털 리터러시,학생,디지털 리터러시 - 9)나는 디지털 기기를 활용하여 정보를 얻을 때 나에게 필요한 정보를 골라 읽는다,2025,2주기,4.0,2148,41.52,그렇다
경기학교교육실태조사,중학교,ST_DIGI_LIT_09,C03,디지털 리터러시,S0301,디지털 리터러시,학생,디지털 리터러시 - 9)나는 디지털 기기를 활용하여 정보를 얻을 때 나에게 필요한 정보를 골라 읽는다,2025,2주기,5.0,914,17.67,매우그렇다
경기학교교육실태조사,중학교,ST_DIGI_LIT_10,C03,디지털 리터러시,S0301,디지털 리터러시,학생,디지털 리터러시 - 10)나는 불법 사이트에 접속하지 않는다,2021,1주기,1.0,414,4.66,전혀 그렇지 않다
경기학교교육실태조사,중학교,ST_DIGI_LIT_10,C03,디지털 리터러시,S0301,디지털 리터러시,학생,디지털 리터러시 - 10)나는 불법 사이트에 접속하지 않는다,2021,1주기,2.0,482,5.43,그렇지 않다
경기학교교육실태조사,중학교,ST_DIGI_LIT_10,C03,디지털 리터러시,S0301,디지털 리터러시,학생,디지털 리터러시 - 10)나는 불법 사이트에 접속하지 않는다,2021,1주기,3.0,1849,20.81,보통이다
경기학교교육실태조사,중학교,ST_DIGI_LIT_10,C03,디지털 리터러시,S0301,디지털 리터러시,학생,디지털 리터러시 - 10)나는 불법 사이트에 접속하지 않는다,2021,1주기,4.0,2435,27.41,그렇다
경기학교교육실태조사,중학교,ST_DIGI_LIT_10,C03,디지털 리터러시,S0301,디지털 리터러시,학생,디지털 리터러시 - 10)나는 불법 사이트에 접속하지 않는다,2021,1주기,5.0,3704,41.69,매우 그렇다
경기학교교육실태조사,중학교,ST_DIGI_LIT_10,C03,디지털 리터러시,S0301,디지털 리터러시,학생,디지털 리터러시 - 10)나는 불법 사이트에 접속하지 않는다,2025,2주기,1.0,226,4.37,전혀그렇지않다
경기학교교육실태조사,중학교,ST_DIGI_LIT_10,C03,디지털 리터러시,S0301,디지털 리터러시,학생,디지털 리터러시 - 10)나는 불법 사이트에 접속하지 않는다,2025,2주기,2.0,215,4.16,그렇지않다
경기학교교육실태조사,중학교,ST_DIGI_LIT_10,C03,디지털 리터러시,S0301,디지털 리터러시,학생,디지털 리터러시 - 10)나는 불법 사이트에 접속하지 않는다,2025,2주기,3.0,807,15.6,보통이다
경기학교교육실태조사,중학교,ST_DIGI_LIT_10,C03,디지털 리터러시,S0301,디지털 리터러시,학생,디지털 리터러시 - 10)나는 불법 사이트에 접속하지 않는다,2025,2주기,4.0,1231,23.8,그렇다
경기학교교육실태조사,중학교,ST_DIGI_LIT_10,C03,디지털 리터러시,S0301,디지털 리터러시,학생,디지털 리터러시 - 10)나는 불법 사이트에 접속하지 않는다,2025,2주기,5.0,2694,52.08,매우그렇다
경기학교교육실태조사,중학교,ST_DIGI_LIT_11,C03,디지털 리터러시,S0301,디지털 리터러시,학생,디지털 리터러시 - 11)나는 온라인 공간에 있는 정보를 무단으로 사용하지 않는다,2021,1주기,1.0,249,2.8,전혀 그렇지 않다
경기학교교육실태조사,중학교,ST_DIGI_LIT_11,C03,디지털 리터러시,S0301,디지털 리터러시,학생,디지털 리터러시 - 11)나는 온라인 공간에 있는 정보를 무단으로 사용하지 않는다,2021,1주기,2.0,358,4.03,그렇지 않다
경기학교교육실태조사,중학교,ST_DIGI_LIT_11,C03,디지털 리터러시,S0301,디지털 리터러시,학생,디지털 리터러시 - 11)나는 온라인 공간에 있는 정보를 무단으로 사용하지 않는다,2021,1주기,3.0,2393,26.94,보통이다
경기학교교육실태조사,중학교,ST_DIGI_LIT_11,C03,디지털 리터러시,S0301,디지털 리터러시,학생,디지털 리터러시 - 11)나는 온라인 공간에 있는 정보를 무단으로 사용하지 않는다,2021,1주기,4.0,3235,36.41,그렇다
경기학교교육실태조사,중학교,ST_DIGI_LIT_11,C03,디지털 리터러시,S0301,디지털 리터러시,학생,디지털 리터러시 - 11)나는 온라인 공간에 있는 정보를 무단으로 사용하지 않는다,2021,1주기,5.0,2649,29.82,매우 그렇다
경기학교교육실태조사,중학교,ST_DIGI_LIT_11,C03,디지털 리터러시,S0301,디지털 리터러시,학생,디지털 리터러시 - 11)나는 온라인 공간에 있는 정보를 무단으로 사용하지 않는다,2025,2주기,1.0,128,2.47,전혀그렇지않다
경기학교교육실태조사,중학교,ST_DIGI_LIT_11,C03,디지털 리터러시,S0301,디지털 리터러시,학생,디지털 리터러시 - 11)나는 온라인 공간에 있는 정보를 무단으로 사용하지 않는다,2025,2주기,2.0,170,3.29,그렇지않다
경기학교교육실태조사,중학교,ST_DIGI_LIT_11,C03,디지털 리터러시,S0301,디지털 리터러시,학생,디지털 리터러시 - 11)나는 온라인 공간에 있는 정보를 무단으로 사용하지 않는다,2025,2주기,3.0,1137,21.98,보통이다
경기학교교육실태조사,중학교,ST_DIGI_LIT_11,C03,디지털 리터러시,S0301,디지털 리터러시,학생,디지털 리터러시 - 11)나는 온라인 공간에 있는 정보를 무단으로 사용하지 않는다,2025,2주기,4.0,1908,36.88,그렇다
경기학교교육실태조사,중학교,ST_DIGI_LIT_11,C03,디지털 리터러시,S0301,디지털 리터러시,학생,디지털 리터러시 - 11)나는 온라인 공간에 있는 정보를 무단으로 사용하지 않는다,2025,2주기,5.0,1830,35.38,매우그렇다
경기학교교육실태조사,중학교,ST_DIGI_LIT_12,C03,디지털 리터러시,S0301,디지털 리터러시,학생,디지털 리터러시 - 12)나는 온라인 공간에서 모욕적인 언어를 사용하지 않는다,2021,1주기,1.0,391,4.4,전혀 그렇지 않다
경기학교교육실태조사,중학교,ST_DIGI_LIT_12,C03,디지털 리터러시,S0301,디지털 리터러시,학생,디지털 리터러시 - 12)나는 온라인 공간에서 모욕적인 언어를 사용하지 않는다,2021,1주기,2.0,580,6.53,그렇지 않다
경기학교교육실태조사,중학교,ST_DIGI_LIT_12,C03,디지털 리터러시,S0301,디지털 리터러시,학생,디지털 리터러시 - 12)나는 온라인 공간에서 모욕적인 언어를 사용하지 않는다,2021,1주기,3.0,2284,25.71,보통이다
경기학교교육실태조사,중학교,ST_DIGI_LIT_12,C03,디지털 리터러시,S0301,디지털 리터러시,학생,디지털 리터러시 - 12)나는 온라인 공간에서 모욕적인 언어를 사용하지 않는다,2021,1주기,4.0,2399,27.0,그렇다
경기학교교육실태조사,중학교,ST_DIGI_LIT_12,C03,디지털 리터러시,S0301,디지털 리터러시,학생,디지털 리터러시 - 12)나는 온라인 공간에서 모욕적인 언어를 사용하지 않는다,2021,1주기,5.0,3230,36.36,매우 그렇다
경기학교교육실태조사,중학교,ST_DIGI_LIT_12,C03,디지털 리터러시,S0301,디지털 리터러시,학생,디지털 리터러시 - 12)나는 온라인 공간에서 모욕적인 언어를 사용하지 않는다,2025,2주기,1.0,162,3.13,전혀그렇지않다
경기학교교육실태조사,중학교,ST_DIGI_LIT_12,C03,디지털 리터러시,S0301,디지털 리터러시,학생,디지털 리터러시 - 12)나는 온라인 공간에서 모욕적인 언어를 사용하지 않는다,2025,2주기,2.0,287,5.55,그렇지않다
경기학교교육실태조사,중학교,ST_DIGI_LIT_12,C03,디지털 리터러시,S0301,디지털 리터러시,학생,디지털 리터러시 - 12)나는 온라인 공간에서 모욕적인 언어를 사용하지 않는다,2025,2주기,3.0,1071,20.7,보통이다
경기학교교육실태조사,중학교,ST_DIGI_LIT_12,C03,디지털 리터러시,S0301,디지털 리터러시,학생,디지털 리터러시 - 12)나는 온라인 공간에서 모욕적인 언어를 사용하지 않는다,2025,2주기,4.0,1599,30.91,그렇다
경기학교교육실태조사,중학교,ST_DIGI_LIT_12,C03,디지털 리터러시,S0301,디지털 리터러시,학생,디지털 리터러시 - 12)나는 온라인 공간에서 모욕적인 언어를 사용하지 않는다,2025,2주기,5.0,2054,39.71,매우그렇다
경기학교교육실태조사,중학교,ST_GRADE_SELF_01,C02,학업,S0205,학업성취(주관),학생,현재성적 - 현재 성적,2021,1주기,1.0,543,6.11,아주 낮은 편
경기학교교육실태조사,중학교,ST_GRADE_SELF_01,C02,학업,S0205,학업성취(주관),학생,현재성적 - 현재 성적,2021,1주기,2.0,1707,19.21,낮은 편
경기학교교육실태조사,중학교,ST_GRADE_SELF_01,C02,학업,S0205,학업성취(주관),학생,현재성적 - 현재 성적,2021,1주기,3.0,3341,37.61,보통
경기학교교육실태조사,중학교,ST_GRADE_SELF_01,C02,학업,S0205,학업성취(주관),학생,현재성적 - 현재 성적,2021,1주기,4.0,2280,25.66,높은 편
경기학교교육실태조사,중학교,ST_GRADE_SELF_01,C02,학업,S0205,학업성취(주관),학생,현재성적 - 현재 성적,2021,1주기,5.0,1013,11.4,아주 높은 편
경기학교교육실태조사,중학교,ST_GRADE_SELF_01,C02,학업,S0205,학업성취(주관),학생,현재성적 - 현재 성적,2025,2주기,1.0,322,6.22,아주 낮은 편
경기학교교육실태조사,중학교,ST_GRADE_SELF_01,C02,학업,S0205,학업성취(주관),학생,현재성적 - 현재 성적,2025,2주기,2.0,869,16.8,낮은 편
경기학교교육실태조사,중학교,ST_GRADE_SELF_01,C02,학업,S0205,학업성취(주관),학생,현재성적 - 현재 성적,2025,2주기,3.0,1874,36.23,보통
경기학교교육실태조사,중학교,ST_GRADE_SELF_01,C02,학업,S0205,학업성취(주관),학생,현재성적 - 현재 성적,2025,2주기,4.0,1496,28.92,높은 편
경기학교교육실태조사,중학교,ST_GRADE_SELF_01,C02,학업,S0205,학업성취(주관),학생,현재성적 - 현재 성적,2025,2주기,5.0,612,11.83,아주 높은 편
경기학교교육실태조사,중학교,ST_MOTIV_01,C02,학업,S0201A,학습동기(외재적),학생,"학습동기(1~4 외재적, 5~8 내재적) - 1)나는 공부를 하지 않으면 부모님이 화를 내시기 때문에 공부한다",2021,1주기,1.0,4002,45.05,전혀 그렇지 않다
경기학교교육실태조사,중학교,ST_MOTIV_01,C02,학업,S0201A,학습동기(외재적),학생,"학습동기(1~4 외재적, 5~8 내재적) - 1)나는 공부를 하지 않으면 부모님이 화를 내시기 때문에 공부한다",2021,1주기,2.0,2771,31.19,그렇지 않다
경기학교교육실태조사,중학교,ST_MOTIV_01,C02,학업,S0201A,학습동기(외재적),학생,"학습동기(1~4 외재적, 5~8 내재적) - 1)나는 공부를 하지 않으면 부모님이 화를 내시기 때문에 공부한다",2021,1주기,3.0,1462,16.46,보통이다
경기학교교육실태조사,중학교,ST_MOTIV_01,C02,학업,S0201A,학습동기(외재적),학생,"학습동기(1~4 외재적, 5~8 내재적) - 1)나는 공부를 하지 않으면 부모님이 화를 내시기 때문에 공부한다",2021,1주기,4.0,538,6.06,그렇다
경기학교교육실태조사,중학교,ST_MOTIV_01,C02,학업,S0201A,학습동기(외재적),학생,"학습동기(1~4 외재적, 5~8 내재적) - 1)나는 공부를 하지 않으면 부모님이 화를 내시기 때문에 공부한다",2021,1주기,5.0,111,1.25,매우 그렇다
경기학교교육실태조사,중학교,ST_MOTIV_01,C02,학업,S0201A,학습동기(외재적),학생,"학습동기(1~4 외재적, 5~8 내재적) - 1)나는 공부를 하지 않으면 부모님이 화를 내시기 때문에 공부한다",2025,2주기,1.0,2113,40.85,전혀그렇지않다
경기학교교육실태조사,중학교,ST_MOTIV_01,C02,학업,S0201A,학습동기(외재적),학생,"학습동기(1~4 외재적, 5~8 내재적) - 1)나는 공부를 하지 않으면 부모님이 화를 내시기 때문에 공부한다",2025,2주기,2.0,1558,30.12,그렇지않다
경기학교교육실태조사,중학교,ST_MOTIV_01,C02,학업,S0201A,학습동기(외재적),학생,"학습동기(1~4 외재적, 5~8 내재적) - 1)나는 공부를 하지 않으면 부모님이 화를 내시기 때문에 공부한다",2025,2주기,3.0,989,19.12,보통이다
경기학교교육실태조사,중학교,ST_MOTIV_01,C02,학업,S0201A,학습동기(외재적),학생,"학습동기(1~4 외재적, 5~8 내재적) - 1)나는 공부를 하지 않으면 부모님이 화를 내시기 때문에 공부한다",2025,2주기,4.0,396,7.66,그렇다
경기학교교육실태조사,중학교,ST_MOTIV_01,C02,학업,S0201A,학습동기(외재적),학생,"학습동기(1~4 외재적, 5~8 내재적) - 1)나는 공부를 하지 않으면 부모님이 화를 내시기 때문에 공부한다",2025,2주기,5.0,117,2.26,매우그렇다
경기학교교육실태조사,중학교,ST_MOTIV_02,C02,학업,S0201A,학습동기(외재적),학생,"학습동기(1~4 외재적, 5~8 내재적) - 2)나는 공부를 하지 않으면 선생님께 혼나기 때문에 공부한다",2021,1주기,1.0,5958,67.06,전혀 그렇지 않다
경기학교교육실태조사,중학교,ST_MOTIV_02,C02,학업,S0201A,학습동기(외재적),학생,"학습동기(1~4 외재적, 5~8 내재적) - 2)나는 공부를 하지 않으면 선생님께 혼나기 때문에 공부한다",2021,1주기,2.0,2190,24.65,그렇지 않다
경기학교교육실태조사,중학교,ST_MOTIV_02,C02,학업,S0201A,학습동기(외재적),학생,"학습동기(1~4 외재적, 5~8 내재적) - 2)나는 공부를 하지 않으면 선생님께 혼나기 때문에 공부한다",2021,1주기,3.0,547,6.16,보통이다
경기학교교육실태조사,중학교,ST_MOTIV_02,C02,학업,S0201A,학습동기(외재적),학생,"학습동기(1~4 외재적, 5~8 내재적) - 2)나는 공부를 하지 않으면 선생님께 혼나기 때문에 공부한다",2021,1주기,4.0,158,1.78,그렇다
경기학교교육실태조사,중학교,ST_MOTIV_02,C02,학업,S0201A,학습동기(외재적),학생,"학습동기(1~4 외재적, 5~8 내재적) - 2)나는 공부를 하지 않으면 선생님께 혼나기 때문에 공부한다",2021,1주기,5.0,31,0.35,매우 그렇다
경기학교교육실태조사,중학교,ST_MOTIV_02,C02,학업,S0201A,학습동기(외재적),학생,"학습동기(1~4 외재적, 5~8 내재적) - 2)나는 공부를 하지 않으면 선생님께 혼나기 때문에 공부한다",2025,2주기,1.0,2450,47.36,전혀그렇지않다
경기학교교육실태조사,중학교,ST_MOTIV_02,C02,학업,S0201A,학습동기(외재적),학생,"학습동기(1~4 외재적, 5~8 내재적) - 2)나는 공부를 하지 않으면 선생님께 혼나기 때문에 공부한다",2025,2주기,2.0,1577,30.49,그렇지않다
경기학교교육실태조사,중학교,ST_MOTIV_02,C02,학업,S0201A,학습동기(외재적),학생,"학습동기(1~4 외재적, 5~8 내재적) - 2)나는 공부를 하지 않으면 선생님께 혼나기 때문에 공부한다",2025,2주기,3.0,755,14.6,보통이다
경기학교교육실태조사,중학교,ST_MOTIV_02,C02,학업,S0201A,학습동기(외재적),학생,"학습동기(1~4 외재적, 5~8 내재적) - 2)나는 공부를 하지 않으면 선생님께 혼나기 때문에 공부한다",2025,2주기,4.0,307,5.93,그렇다
경기학교교육실태조사,중학교,ST_MOTIV_02,C02,학업,S0201A,학습동기(외재적),학생,"학습동기(1~4 외재적, 5~8 내재적) - 2)나는 공부를 하지 않으면 선생님께 혼나기 때문에 공부한다",2025,2주기,5.0,84,1.62,매우그렇다
경기학교교육실태조사,중학교,ST_MOTIV_03,C02,학업,S0201A,학습동기(외재적),학생,"학습동기(1~4 외재적, 5~8 내재적) - 3)나는 부모님이 공부하라고 시키기 때문에 공부한다",2021,1주기,1.0,3768,42.41,전혀 그렇지 않다
경기학교교육실태조사,중학교,ST_MOTIV_03,C02,학업,S0201A,학습동기(외재적),학생,"학습동기(1~4 외재적, 5~8 내재적) - 3)나는 부모님이 공부하라고 시키기 때문에 공부한다",2021,1주기,2.0,2426,27.31,그렇지 않다
경기학교교육실태조사,중학교,ST_MOTIV_03,C02,학업,S0201A,학습동기(외재적),학생,"학습동기(1~4 외재적, 5~8 내재적) - 3)나는 부모님이 공부하라고 시키기 때문에 공부한다",2021,1주기,3.0,1743,19.62,보통이다
경기학교교육실태조사,중학교,ST_MOTIV_03,C02,학업,S0201A,학습동기(외재적),학생,"학습동기(1~4 외재적, 5~8 내재적) - 3)나는 부모님이 공부하라고 시키기 때문에 공부한다",2021,1주기,4.0,760,8.55,그렇다
경기학교교육실태조사,중학교,ST_MOTIV_03,C02,학업,S0201A,학습동기(외재적),학생,"학습동기(1~4 외재적, 5~8 내재적) - 3)나는 부모님이 공부하라고 시키기 때문에 공부한다",2021,1주기,5.0,187,2.1,매우 그렇다
경기학교교육실태조사,중학교,ST_MOTIV_03,C02,학업,S0201A,학습동기(외재적),학생,"학습동기(1~4 외재적, 5~8 내재적) - 3)나는 부모님이 공부하라고 시키기 때문에 공부한다",2025,2주기,1.0,1896,36.65,전혀그렇지않다
경기학교교육실태조사,중학교,ST_MOTIV_03,C02,학업,S0201A,학습동기(외재적),학생,"학습동기(1~4 외재적, 5~8 내재적) - 3)나는 부모님이 공부하라고 시키기 때문에 공부한다",2025,2주기,2.0,1393,26.93,그렇지않다
경기학교교육실태조사,중학교,ST_MOTIV_03,C02,학업,S0201A,학습동기(외재적),학생,"학습동기(1~4 외재적, 5~8 내재적) - 3)나는 부모님이 공부하라고 시키기 때문에 공부한다",2025,2주기,3.0,1139,22.02,보통이다
경기학교교육실태조사,중학교,ST_MOTIV_03,C02,학업,S0201A,학습동기(외재적),학생,"학습동기(1~4 외재적, 5~8 내재적) - 3)나는 부모님이 공부하라고 시키기 때문에 공부한다",2025,2주기,4.0,586,11.33,그렇다
경기학교교육실태조사,중학교,ST_MOTIV_03,C02,학업,S0201A,학습동기(외재적),학생,"학습동기(1~4 외재적, 5~8 내재적) - 3)나는 부모님이 공부하라고 시키기 때문에 공부한다",2025,2주기,5.0,159,3.07,매우그렇다
경기학교교육실태조사,중학교,ST_MOTIV_04,C02,학업,S0201A,학습동기(외재적),학생,"학습동기(1~4 외재적, 5~8 내재적) - 4)나는 선생님이 공부하라고 시키기 때문에 공부한다",2021,1주기,1.0,4662,52.48,전혀 그렇지 않다
경기학교교육실태조사,중학교,ST_MOTIV_04,C02,학업,S0201A,학습동기(외재적),학생,"학습동기(1~4 외재적, 5~8 내재적) - 4)나는 선생님이 공부하라고 시키기 때문에 공부한다",2021,1주기,2.0,2455,27.63,그렇지 않다
경기학교교육실태조사,중학교,ST_MOTIV_04,C02,학업,S0201A,학습동기(외재적),학생,"학습동기(1~4 외재적, 5~8 내재적) - 4)나는 선생님이 공부하라고 시키기 때문에 공부한다",2021,1주기,3.0,1273,14.33,보통이다
경기학교교육실태조사,중학교,ST_MOTIV_04,C02,학업,S0201A,학습동기(외재적),학생,"학습동기(1~4 외재적, 5~8 내재적) - 4)나는 선생님이 공부하라고 시키기 때문에 공부한다",2021,1주기,4.0,406,4.57,그렇다
경기학교교육실태조사,중학교,ST_MOTIV_04,C02,학업,S0201A,학습동기(외재적),학생,"학습동기(1~4 외재적, 5~8 내재적) - 4)나는 선생님이 공부하라고 시키기 때문에 공부한다",2021,1주기,5.0,88,0.99,매우 그렇다
경기학교교육실태조사,중학교,ST_MOTIV_04,C02,학업,S0201A,학습동기(외재적),학생,"학습동기(1~4 외재적, 5~8 내재적) - 4)나는 선생님이 공부하라고 시키기 때문에 공부한다",2025,2주기,1.0,2229,43.09,전혀그렇지않다
경기학교교육실태조사,중학교,ST_MOTIV_04,C02,학업,S0201A,학습동기(외재적),학생,"학습동기(1~4 외재적, 5~8 내재적) - 4)나는 선생님이 공부하라고 시키기 때문에 공부한다",2025,2주기,2.0,1482,28.65,그렇지않다
경기학교교육실태조사,중학교,ST_MOTIV_04,C02,학업,S0201A,학습동기(외재적),학생,"학습동기(1~4 외재적, 5~8 내재적) - 4)나는 선생님이 공부하라고 시키기 때문에 공부한다",2025,2주기,3.0,950,18.36,보통이다
경기학교교육실태조사,중학교,ST_MOTIV_04,C02,학업,S0201A,학습동기(외재적),학생,"학습동기(1~4 외재적, 5~8 내재적) - 4)나는 선생님이 공부하라고 시키기 때문에 공부한다",2025,2주기,4.0,410,7.93,그렇다
경기학교교육실태조사,중학교,ST_MOTIV_04,C02,학업,S0201A,학습동기(외재적),학생,"학습동기(1~4 외재적, 5~8 내재적) - 4)나는 선생님이 공부하라고 시키기 때문에 공부한다",2025,2주기,5.0,102,1.97,매우그렇다
경기학교교육실태조사,중학교,ST_MOTIV_05,C02,학업,S0201B,학습동기(내재적),학생,"학습동기(1~4 외재적, 5~8 내재적) - 5)나는 지식을 쌓는 것이 즐거우므로 공부한다",2021,1주기,1.0,1887,21.24,전혀 그렇지 않다
경기학교교육실태조사,중학교,ST_MOTIV_05,C02,학업,S0201B,학습동기(내재적),학생,"학습동기(1~4 외재적, 5~8 내재적) - 5)나는 지식을 쌓는 것이 즐거우므로 공부한다",2021,1주기,2.0,2074,23.35,그렇지 않다
경기학교교육실태조사,중학교,ST_MOTIV_05,C02,학업,S0201B,학습동기(내재적),학생,"학습동기(1~4 외재적, 5~8 내재적) - 5)나는 지식을 쌓는 것이 즐거우므로 공부한다",2021,1주기,3.0,3146,35.41,보통이다
경기학교교육실태조사,중학교,ST_MOTIV_05,C02,학업,S0201B,학습동기(내재적),학생,"학습동기(1~4 외재적, 5~8 내재적) - 5)나는 지식을 쌓는 것이 즐거우므로 공부한다",2021,1주기,4.0,1393,15.68,그렇다
경기학교교육실태조사,중학교,ST_MOTIV_05,C02,학업,S0201B,학습동기(내재적),학생,"학습동기(1~4 외재적, 5~8 내재적) - 5)나는 지식을 쌓는 것이 즐거우므로 공부한다",2021,1주기,5.0,384,4.32,매우 그렇다
경기학교교육실태조사,중학교,ST_MOTIV_05,C02,학업,S0201B,학습동기(내재적),학생,"학습동기(1~4 외재적, 5~8 내재적) - 5)나는 지식을 쌓는 것이 즐거우므로 공부한다",2025,2주기,1.0,1005,19.43,전혀그렇지않다
경기학교교육실태조사,중학교,ST_MOTIV_05,C02,학업,S0201B,학습동기(내재적),학생,"학습동기(1~4 외재적, 5~8 내재적) - 5)나는 지식을 쌓는 것이 즐거우므로 공부한다",2025,2주기,2.0,1256,24.28,그렇지않다
경기학교교육실태조사,중학교,ST_MOTIV_05,C02,학업,S0201B,학습동기(내재적),학생,"학습동기(1~4 외재적, 5~8 내재적) - 5)나는 지식을 쌓는 것이 즐거우므로 공부한다",2025,2주기,3.0,1896,36.65,보통이다
경기학교교육실태조사,중학교,ST_MOTIV_05,C02,학업,S0201B,학습동기(내재적),학생,"학습동기(1~4 외재적, 5~8 내재적) - 5)나는 지식을 쌓는 것이 즐거우므로 공부한다",2025,2주기,4.0,746,14.42,그렇다
경기학교교육실태조사,중학교,ST_MOTIV_05,C02,학업,S0201B,학습동기(내재적),학생,"학습동기(1~4 외재적, 5~8 내재적) - 5)나는 지식을 쌓는 것이 즐거우므로 공부한다",2025,2주기,5.0,270,5.22,매우그렇다
경기학교교육실태조사,중학교,ST_MOTIV_06,C02,학업,S0201B,학습동기(내재적),학생,"학습동기(1~4 외재적, 5~8 내재적) - 6)나는 공부하는 것이 재미있기 때문에 공부한다",2021,1주기,1.0,2545,28.65,전혀 그렇지 않다
경기학교교육실태조사,중학교,ST_MOTIV_06,C02,학업,S0201B,학습동기(내재적),학생,"학습동기(1~4 외재적, 5~8 내재적) - 6)나는 공부하는 것이 재미있기 때문에 공부한다",2021,1주기,2.0,2414,27.17,그렇지 않다
경기학교교육실태조사,중학교,ST_MOTIV_06,C02,학업,S0201B,학습동기(내재적),학생,"학습동기(1~4 외재적, 5~8 내재적) - 6)나는 공부하는 것이 재미있기 때문에 공부한다",2021,1주기,3.0,2639,29.71,보통이다
경기학교교육실태조사,중학교,ST_MOTIV_06,C02,학업,S0201B,학습동기(내재적),학생,"학습동기(1~4 외재적, 5~8 내재적) - 6)나는 공부하는 것이 재미있기 때문에 공부한다",2021,1주기,4.0,984,11.08,그렇다
경기학교교육실태조사,중학교,ST_MOTIV_06,C02,학업,S0201B,학습동기(내재적),학생,"학습동기(1~4 외재적, 5~8 내재적) - 6)나는 공부하는 것이 재미있기 때문에 공부한다",2021,1주기,5.0,302,3.4,매우 그렇다
경기학교교육실태조사,중학교,ST_MOTIV_06,C02,학업,S0201B,학습동기(내재적),학생,"학습동기(1~4 외재적, 5~8 내재적) - 6)나는 공부하는 것이 재미있기 때문에 공부한다",2025,2주기,1.0,1356,26.21,전혀그렇지않다
경기학교교육실태조사,중학교,ST_MOTIV_06,C02,학업,S0201B,학습동기(내재적),학생,"학습동기(1~4 외재적, 5~8 내재적) - 6)나는 공부하는 것이 재미있기 때문에 공부한다",2025,2주기,2.0,1472,28.46,그렇지않다
경기학교교육실태조사,중학교,ST_MOTIV_06,C02,학업,S0201B,학습동기(내재적),학생,"학습동기(1~4 외재적, 5~8 내재적) - 6)나는 공부하는 것이 재미있기 때문에 공부한다",2025,2주기,3.0,1578,30.5,보통이다
경기학교교육실태조사,중학교,ST_MOTIV_06,C02,학업,S0201B,학습동기(내재적),학생,"학습동기(1~4 외재적, 5~8 내재적) - 6)나는 공부하는 것이 재미있기 때문에 공부한다",2025,2주기,4.0,538,10.4,그렇다
경기학교교육실태조사,중학교,ST_MOTIV_06,C02,학업,S0201B,학습동기(내재적),학생,"학습동기(1~4 외재적, 5~8 내재적) - 6)나는 공부하는 것이 재미있기 때문에 공부한다",2025,2주기,5.0,229,4.43,매우그렇다
경기학교교육실태조사,중학교,ST_MOTIV_07,C02,학업,S0201B,학습동기(내재적),학생,"학습동기(1~4 외재적, 5~8 내재적) - 7)나는 어려운 도전들로부터 기쁨을 얻기 때문에 공부한다",2021,1주기,1.0,2285,25.72,전혀 그렇지 않다
경기학교교육실태조사,중학교,ST_MOTIV_07,C02,학업,S0201B,학습동기(내재적),학생,"학습동기(1~4 외재적, 5~8 내재적) - 7)나는 어려운 도전들로부터 기쁨을 얻기 때문에 공부한다",2021,1주기,2.0,2236,25.17,그렇지 않다
경기학교교육실태조사,중학교,ST_MOTIV_07,C02,학업,S0201B,학습동기(내재적),학생,"학습동기(1~4 외재적, 5~8 내재적) - 7)나는 어려운 도전들로부터 기쁨을 얻기 때문에 공부한다",2021,1주기,3.0,2382,26.81,보통이다
경기학교교육실태조사,중학교,ST_MOTIV_07,C02,학업,S0201B,학습동기(내재적),학생,"학습동기(1~4 외재적, 5~8 내재적) - 7)나는 어려운 도전들로부터 기쁨을 얻기 때문에 공부한다",2021,1주기,4.0,1428,16.07,그렇다
경기학교교육실태조사,중학교,ST_MOTIV_07,C02,학업,S0201B,학습동기(내재적),학생,"학습동기(1~4 외재적, 5~8 내재적) - 7)나는 어려운 도전들로부터 기쁨을 얻기 때문에 공부한다",2021,1주기,5.0,553,6.22,매우 그렇다
경기학교교육실태조사,중학교,ST_MOTIV_07,C02,학업,S0201B,학습동기(내재적),학생,"학습동기(1~4 외재적, 5~8 내재적) - 7)나는 어려운 도전들로부터 기쁨을 얻기 때문에 공부한다",2025,2주기,1.0,1144,22.11,전혀그렇지않다
경기학교교육실태조사,중학교,ST_MOTIV_07,C02,학업,S0201B,학습동기(내재적),학생,"학습동기(1~4 외재적, 5~8 내재적) - 7)나는 어려운 도전들로부터 기쁨을 얻기 때문에 공부한다",2025,2주기,2.0,1306,25.25,그렇지않다
경기학교교육실태조사,중학교,ST_MOTIV_07,C02,학업,S0201B,학습동기(내재적),학생,"학습동기(1~4 외재적, 5~8 내재적) - 7)나는 어려운 도전들로부터 기쁨을 얻기 때문에 공부한다",2025,2주기,3.0,1551,29.98,보통이다
경기학교교육실태조사,중학교,ST_MOTIV_07,C02,학업,S0201B,학습동기(내재적),학생,"학습동기(1~4 외재적, 5~8 내재적) - 7)나는 어려운 도전들로부터 기쁨을 얻기 때문에 공부한다",2025,2주기,4.0,837,16.18,그렇다
경기학교교육실태조사,중학교,ST_MOTIV_07,C02,학업,S0201B,학습동기(내재적),학생,"학습동기(1~4 외재적, 5~8 내재적) - 7)나는 어려운 도전들로부터 기쁨을 얻기 때문에 공부한다",2025,2주기,5.0,335,6.48,매우그렇다
경기학교교육실태조사,중학교,ST_MOTIV_08,C02,학업,S0201B,학습동기(내재적),학생,"학습동기(1~4 외재적, 5~8 내재적) - 8)나는 생각하는 것을 좋아하기 때문에 공부한다",2021,1주기,1.0,2348,26.43,전혀 그렇지 않다
경기학교교육실태조사,중학교,ST_MOTIV_08,C02,학업,S0201B,학습동기(내재적),학생,"학습동기(1~4 외재적, 5~8 내재적) - 8)나는 생각하는 것을 좋아하기 때문에 공부한다",2021,1주기,2.0,2472,27.83,그렇지 않다
경기학교교육실태조사,중학교,ST_MOTIV_08,C02,학업,S0201B,학습동기(내재적),학생,"학습동기(1~4 외재적, 5~8 내재적) - 8)나는 생각하는 것을 좋아하기 때문에 공부한다",2021,1주기,3.0,2538,28.57,보통이다
경기학교교육실태조사,중학교,ST_MOTIV_08,C02,학업,S0201B,학습동기(내재적),학생,"학습동기(1~4 외재적, 5~8 내재적) - 8)나는 생각하는 것을 좋아하기 때문에 공부한다",2021,1주기,4.0,1111,12.51,그렇다
경기학교교육실태조사,중학교,ST_MOTIV_08,C02,학업,S0201B,학습동기(내재적),학생,"학습동기(1~4 외재적, 5~8 내재적) - 8)나는 생각하는 것을 좋아하기 때문에 공부한다",2021,1주기,5.0,415,4.67,매우 그렇다
경기학교교육실태조사,중학교,ST_MOTIV_08,C02,학업,S0201B,학습동기(내재적),학생,"학습동기(1~4 외재적, 5~8 내재적) - 8)나는 생각하는 것을 좋아하기 때문에 공부한다",2025,2주기,1.0,1094,21.15,전혀그렇지않다
경기학교교육실태조사,중학교,ST_MOTIV_08,C02,학업,S0201B,학습동기(내재적),학생,"학습동기(1~4 외재적, 5~8 내재적) - 8)나는 생각하는 것을 좋아하기 때문에 공부한다",2025,2주기,2.0,1576,30.47,그렇지않다
경기학교교육실태조사,중학교,ST_MOTIV_08,C02,학업,S0201B,학습동기(내재적),학생,"학습동기(1~4 외재적, 5~8 내재적) - 8)나는 생각하는 것을 좋아하기 때문에 공부한다",2025,2주기,3.0,1598,30.89,보통이다
경기학교교육실태조사,중학교,ST_MOTIV_08,C02,학업,S0201B,학습동기(내재적),학생,"학습동기(1~4 외재적, 5~8 내재적) - 8)나는 생각하는 것을 좋아하기 때문에 공부한다",2025,2주기,4.0,622,12.02,그렇다
경기학교교육실태조사,중학교,ST_MOTIV_08,C02,학업,S0201B,학습동기(내재적),학생,"학습동기(1~4 외재적, 5~8 내재적) - 8)나는 생각하는 것을 좋아하기 때문에 공부한다",2025,2주기,5.0,283,5.47,매우그렇다
경기학교교육실태조사,중학교,ST_PRIVED_TYPE_01,C07,교육격차·가정배경,S0702,사교육 참여,학생,"사교육 참여 유형 - 1)국어, 영어, 수학 등 주요교과",2021,1주기,0.0,2086,23.48,아니오
경기학교교육실태조사,중학교,ST_PRIVED_TYPE_01,C07,교육격차·가정배경,S0702,사교육 참여,학생,"사교육 참여 유형 - 1)국어, 영어, 수학 등 주요교과",2021,1주기,1.0,6798,76.52,예
경기학교교육실태조사,중학교,ST_PRIVED_TYPE_01,C07,교육격차·가정배경,S0702,사교육 참여,학생,"사교육 참여 유형 - 1)국어, 영어, 수학 등 주요교과",2025,2주기,0.0,1256,24.28,해당없음
경기학교교육실태조사,중학교,ST_PRIVED_TYPE_01,C07,교육격차·가정배경,S0702,사교육 참여,학생,"사교육 참여 유형 - 1)국어, 영어, 수학 등 주요교과",2025,2주기,1.0,3917,75.72,참여
경기학교교육실태조사,중학교,ST_PRIVED_TYPE_02,C07,교육격차·가정배경,S0702,사교육 참여,학생,사교육 참여 유형 - 2)영어를 제외한 외국어,2021,1주기,0.0,8355,94.05,아니오
경기학교교육실태조사,중학교,ST_PRIVED_TYPE_02,C07,교육격차·가정배경,S0702,사교육 참여,학생,사교육 참여 유형 - 2)영어를 제외한 외국어,2021,1주기,1.0,529,5.95,예
경기학교교육실태조사,중학교,ST_PRIVED_TYPE_02,C07,교육격차·가정배경,S0702,사교육 참여,학생,사교육 참여 유형 - 2)영어를 제외한 외국어,2025,2주기,0.0,4963,95.94,해당없음
경기학교교육실태조사,중학교,ST_PRIVED_TYPE_02,C07,교육격차·가정배경,S0702,사교육 참여,학생,사교육 참여 유형 - 2)영어를 제외한 외국어,2025,2주기,1.0,210,4.06,참여
경기학교교육실태조사,중학교,ST_PRIVED_TYPE_03,C07,교육격차·가정배경,S0702,사교육 참여,학생,사교육 참여 유형 - 3)예체능,2021,1주기,0.0,7230,81.38,아니오
경기학교교육실태조사,중학교,ST_PRIVED_TYPE_03,C07,교육격차·가정배경,S0702,사교육 참여,학생,사교육 참여 유형 - 3)예체능,2021,1주기,1.0,1654,18.62,예
경기학교교육실태조사,중학교,ST_PRIVED_TYPE_03,C07,교육격차·가정배경,S0702,사교육 참여,학생,사교육 참여 유형 - 3)예체능,2025,2주기,0.0,4309,83.3,해당없음
경기학교교육실태조사,중학교,ST_PRIVED_TYPE_03,C07,교육격차·가정배경,S0702,사교육 참여,학생,사교육 참여 유형 - 3)예체능,2025,2주기,1.0,864,16.7,참여
경기학교교육실태조사,중학교,ST_RELATION_01,C04,학교생활·관계,S0401,또래·교사 관계,학생,"친구, 선생님과의 관계 - 1)학교 친구들과 있을 때 마음이 편하다",2021,1주기,1.0,207,2.33,전혀 그렇지 않다
경기학교교육실태조사,중학교,ST_RELATION_01,C04,학교생활·관계,S0401,또래·교사 관계,학생,"친구, 선생님과의 관계 - 1)학교 친구들과 있을 때 마음이 편하다",2021,1주기,2.0,325,3.66,그렇지 않다
경기학교교육실태조사,중학교,ST_RELATION_01,C04,학교생활·관계,S0401,또래·교사 관계,학생,"친구, 선생님과의 관계 - 1)학교 친구들과 있을 때 마음이 편하다",2021,1주기,3.0,1986,22.35,보통이다
경기학교교육실태조사,중학교,ST_RELATION_01,C04,학교생활·관계,S0401,또래·교사 관계,학생,"친구, 선생님과의 관계 - 1)학교 친구들과 있을 때 마음이 편하다",2021,1주기,4.0,3680,41.42,그렇다
경기학교교육실태조사,중학교,ST_RELATION_01,C04,학교생활·관계,S0401,또래·교사 관계,학생,"친구, 선생님과의 관계 - 1)학교 친구들과 있을 때 마음이 편하다",2021,1주기,5.0,2686,30.23,매우 그렇다
경기학교교육실태조사,중학교,ST_RELATION_01,C04,학교생활·관계,S0401,또래·교사 관계,학생,"친구, 선생님과의 관계 - 1)학교 친구들과 있을 때 마음이 편하다",2025,2주기,1.0,118,2.28,전혀그렇지않다
경기학교교육실태조사,중학교,ST_RELATION_01,C04,학교생활·관계,S0401,또래·교사 관계,학생,"친구, 선생님과의 관계 - 1)학교 친구들과 있을 때 마음이 편하다",2025,2주기,2.0,203,3.92,그렇지않다
경기학교교육실태조사,중학교,ST_RELATION_01,C04,학교생활·관계,S0401,또래·교사 관계,학생,"친구, 선생님과의 관계 - 1)학교 친구들과 있을 때 마음이 편하다",2025,2주기,3.0,1185,22.91,보통이다
경기학교교육실태조사,중학교,ST_RELATION_01,C04,학교생활·관계,S0401,또래·교사 관계,학생,"친구, 선생님과의 관계 - 1)학교 친구들과 있을 때 마음이 편하다",2025,2주기,4.0,2072,40.05,그렇다
경기학교교육실태조사,중학교,ST_RELATION_01,C04,학교생활·관계,S0401,또래·교사 관계,학생,"친구, 선생님과의 관계 - 1)학교 친구들과 있을 때 마음이 편하다",2025,2주기,5.0,1595,30.83,매우그렇다
경기학교교육실태조사,중학교,ST_RELATION_02,C04,학교생활·관계,S0401,또래·교사 관계,학생,"친구, 선생님과의 관계 - 2)학교 친구들이 나에게 상처를 준 적이 있다",2021,1주기,1.0,1357,15.27,전혀 그렇지 않다
경기학교교육실태조사,중학교,ST_RELATION_02,C04,학교생활·관계,S0401,또래·교사 관계,학생,"친구, 선생님과의 관계 - 2)학교 친구들이 나에게 상처를 준 적이 있다",2021,1주기,2.0,2106,23.71,그렇지 않다
경기학교교육실태조사,중학교,ST_RELATION_02,C04,학교생활·관계,S0401,또래·교사 관계,학생,"친구, 선생님과의 관계 - 2)학교 친구들이 나에게 상처를 준 적이 있다",2021,1주기,3.0,2370,26.68,보통이다
경기학교교육실태조사,중학교,ST_RELATION_02,C04,학교생활·관계,S0401,또래·교사 관계,학생,"친구, 선생님과의 관계 - 2)학교 친구들이 나에게 상처를 준 적이 있다",2021,1주기,4.0,2316,26.07,그렇다
경기학교교육실태조사,중학교,ST_RELATION_02,C04,학교생활·관계,S0401,또래·교사 관계,학생,"친구, 선생님과의 관계 - 2)학교 친구들이 나에게 상처를 준 적이 있다",2021,1주기,5.0,735,8.27,매우 그렇다
경기학교교육실태조사,중학교,ST_RELATION_02,C04,학교생활·관계,S0401,또래·교사 관계,학생,"친구, 선생님과의 관계 - 2)학교 친구들이 나에게 상처를 준 적이 있다",2025,2주기,1.0,442,8.54,전혀그렇지않다
경기학교교육실태조사,중학교,ST_RELATION_02,C04,학교생활·관계,S0401,또래·교사 관계,학생,"친구, 선생님과의 관계 - 2)학교 친구들이 나에게 상처를 준 적이 있다",2025,2주기,2.0,843,16.3,그렇지않다
경기학교교육실태조사,중학교,ST_RELATION_02,C04,학교생활·관계,S0401,또래·교사 관계,학생,"친구, 선생님과의 관계 - 2)학교 친구들이 나에게 상처를 준 적이 있다",2025,2주기,3.0,1601,30.95,보통이다
경기학교교육실태조사,중학교,ST_RELATION_02,C04,학교생활·관계,S0401,또래·교사 관계,학생,"친구, 선생님과의 관계 - 2)학교 친구들이 나에게 상처를 준 적이 있다",2025,2주기,4.0,1618,31.28,그렇다
경기학교교육실태조사,중학교,ST_RELATION_02,C04,학교생활·관계,S0401,또래·교사 관계,학생,"친구, 선생님과의 관계 - 2)학교 친구들이 나에게 상처를 준 적이 있다",2025,2주기,5.0,669,12.93,매우그렇다
경기학교교육실태조사,중학교,ST_RELATION_03,C04,학교생활·관계,S0401,또래·교사 관계,학생,"친구, 선생님과의 관계 - 3)학교에서 친구들로부터 존중 받는다",2021,1주기,1.0,185,2.08,전혀 그렇지 않다
경기학교교육실태조사,중학교,ST_RELATION_03,C04,학교생활·관계,S0401,또래·교사 관계,학생,"친구, 선생님과의 관계 - 3)학교에서 친구들로부터 존중 받는다",2021,1주기,2.0,357,4.02,그렇지 않다
경기학교교육실태조사,중학교,ST_RELATION_03,C04,학교생활·관계,S0401,또래·교사 관계,학생,"친구, 선생님과의 관계 - 3)학교에서 친구들로부터 존중 받는다",2021,1주기,3.0,2606,29.33,보통이다
경기학교교육실태조사,중학교,ST_RELATION_03,C04,학교생활·관계,S0401,또래·교사 관계,학생,"친구, 선생님과의 관계 - 3)학교에서 친구들로부터 존중 받는다",2021,1주기,4.0,3924,44.17,그렇다
경기학교교육실태조사,중학교,ST_RELATION_03,C04,학교생활·관계,S0401,또래·교사 관계,학생,"친구, 선생님과의 관계 - 3)학교에서 친구들로부터 존중 받는다",2021,1주기,5.0,1812,20.4,매우 그렇다
경기학교교육실태조사,중학교,ST_RELATION_03,C04,학교생활·관계,S0401,또래·교사 관계,학생,"친구, 선생님과의 관계 - 3)학교에서 친구들로부터 존중 받는다",2025,2주기,1.0,97,1.88,전혀그렇지않다
경기학교교육실태조사,중학교,ST_RELATION_03,C04,학교생활·관계,S0401,또래·교사 관계,학생,"친구, 선생님과의 관계 - 3)학교에서 친구들로부터 존중 받는다",2025,2주기,2.0,207,4.0,그렇지않다
경기학교교육실태조사,중학교,ST_RELATION_03,C04,학교생활·관계,S0401,또래·교사 관계,학생,"친구, 선생님과의 관계 - 3)학교에서 친구들로부터 존중 받는다",2025,2주기,3.0,1549,29.94,보통이다
경기학교교육실태조사,중학교,ST_RELATION_03,C04,학교생활·관계,S0401,또래·교사 관계,학생,"친구, 선생님과의 관계 - 3)학교에서 친구들로부터 존중 받는다",2025,2주기,4.0,2151,41.58,그렇다
경기학교교육실태조사,중학교,ST_RELATION_03,C04,학교생활·관계,S0401,또래·교사 관계,학생,"친구, 선생님과의 관계 - 3)학교에서 친구들로부터 존중 받는다",2025,2주기,5.0,1169,22.6,매우그렇다
경기학교교육실태조사,중학교,ST_RELATION_04,C04,학교생활·관계,S0401,또래·교사 관계,학생,"친구, 선생님과의 관계 - 4)학교 친구들은 내가 어려움에 처해있을 때 도와준다",2021,1주기,1.0,162,1.82,전혀 그렇지 않다
경기학교교육실태조사,중학교,ST_RELATION_04,C04,학교생활·관계,S0401,또래·교사 관계,학생,"친구, 선생님과의 관계 - 4)학교 친구들은 내가 어려움에 처해있을 때 도와준다",2021,1주기,2.0,266,2.99,그렇지 않다
경기학교교육실태조사,중학교,ST_RELATION_04,C04,학교생활·관계,S0401,또래·교사 관계,학생,"친구, 선생님과의 관계 - 4)학교 친구들은 내가 어려움에 처해있을 때 도와준다",2021,1주기,3.0,2324,26.16,보통이다
경기학교교육실태조사,중학교,ST_RELATION_04,C04,학교생활·관계,S0401,또래·교사 관계,학생,"친구, 선생님과의 관계 - 4)학교 친구들은 내가 어려움에 처해있을 때 도와준다",2021,1주기,4.0,4136,46.56,그렇다
경기학교교육실태조사,중학교,ST_RELATION_04,C04,학교생활·관계,S0401,또래·교사 관계,학생,"친구, 선생님과의 관계 - 4)학교 친구들은 내가 어려움에 처해있을 때 도와준다",2021,1주기,5.0,1996,22.47,매우 그렇다
경기학교교육실태조사,중학교,ST_RELATION_04,C04,학교생활·관계,S0401,또래·교사 관계,학생,"친구, 선생님과의 관계 - 4)학교 친구들은 내가 어려움에 처해있을 때 도와준다",2025,2주기,1.0,123,2.38,전혀그렇지않다
경기학교교육실태조사,중학교,ST_RELATION_04,C04,학교생활·관계,S0401,또래·교사 관계,학생,"친구, 선생님과의 관계 - 4)학교 친구들은 내가 어려움에 처해있을 때 도와준다",2025,2주기,2.0,203,3.92,그렇지않다
경기학교교육실태조사,중학교,ST_RELATION_04,C04,학교생활·관계,S0401,또래·교사 관계,학생,"친구, 선생님과의 관계 - 4)학교 친구들은 내가 어려움에 처해있을 때 도와준다",2025,2주기,3.0,1366,26.41,보통이다
경기학교교육실태조사,중학교,ST_RELATION_04,C04,학교생활·관계,S0401,또래·교사 관계,학생,"친구, 선생님과의 관계 - 4)학교 친구들은 내가 어려움에 처해있을 때 도와준다",2025,2주기,4.0,2248,43.46,그렇다
경기학교교육실태조사,중학교,ST_RELATION_04,C04,학교생활·관계,S0401,또래·교사 관계,학생,"친구, 선생님과의 관계 - 4)학교 친구들은 내가 어려움에 처해있을 때 도와준다",2025,2주기,5.0,1233,23.84,매우그렇다
경기학교교육실태조사,중학교,ST_RELATION_05,C04,학교생활·관계,S0401,또래·교사 관계,학생,"친구, 선생님과의 관계 - 5)학교 선생님들은 나를 이해하려고 노력하신다",2021,1주기,1.0,160,1.8,전혀 그렇지 않다
경기학교교육실태조사,중학교,ST_RELATION_05,C04,학교생활·관계,S0401,또래·교사 관계,학생,"친구, 선생님과의 관계 - 5)학교 선생님들은 나를 이해하려고 노력하신다",2021,1주기,2.0,237,2.67,그렇지 않다
경기학교교육실태조사,중학교,ST_RELATION_05,C04,학교생활·관계,S0401,또래·교사 관계,학생,"친구, 선생님과의 관계 - 5)학교 선생님들은 나를 이해하려고 노력하신다",2021,1주기,3.0,2378,26.77,보통이다
경기학교교육실태조사,중학교,ST_RELATION_05,C04,학교생활·관계,S0401,또래·교사 관계,학생,"친구, 선생님과의 관계 - 5)학교 선생님들은 나를 이해하려고 노력하신다",2021,1주기,4.0,3916,44.08,그렇다
경기학교교육실태조사,중학교,ST_RELATION_05,C04,학교생활·관계,S0401,또래·교사 관계,학생,"친구, 선생님과의 관계 - 5)학교 선생님들은 나를 이해하려고 노력하신다",2021,1주기,5.0,2193,24.68,매우 그렇다
경기학교교육실태조사,중학교,ST_RELATION_05,C04,학교생활·관계,S0401,또래·교사 관계,학생,"친구, 선생님과의 관계 - 5)학교 선생님들은 나를 이해하려고 노력하신다",2025,2주기,1.0,110,2.13,전혀그렇지않다
경기학교교육실태조사,중학교,ST_RELATION_05,C04,학교생활·관계,S0401,또래·교사 관계,학생,"친구, 선생님과의 관계 - 5)학교 선생님들은 나를 이해하려고 노력하신다",2025,2주기,2.0,183,3.54,그렇지않다
경기학교교육실태조사,중학교,ST_RELATION_05,C04,학교생활·관계,S0401,또래·교사 관계,학생,"친구, 선생님과의 관계 - 5)학교 선생님들은 나를 이해하려고 노력하신다",2025,2주기,3.0,1366,26.41,보통이다
경기학교교육실태조사,중학교,ST_RELATION_05,C04,학교생활·관계,S0401,또래·교사 관계,학생,"친구, 선생님과의 관계 - 5)학교 선생님들은 나를 이해하려고 노력하신다",2025,2주기,4.0,2107,40.73,그렇다
경기학교교육실태조사,중학교,ST_RELATION_05,C04,학교생활·관계,S0401,또래·교사 관계,학생,"친구, 선생님과의 관계 - 5)학교 선생님들은 나를 이해하려고 노력하신다",2025,2주기,5.0,1407,27.2,매우그렇다
경기학교교육실태조사,중학교,ST_RELATION_06,C04,학교생활·관계,S0401,또래·교사 관계,학생,"친구, 선생님과의 관계 - 6)학교 선생님들은 나에게 무관심하다",2021,1주기,1.0,3197,35.99,전혀 그렇지 않다
경기학교교육실태조사,중학교,ST_RELATION_06,C04,학교생활·관계,S0401,또래·교사 관계,학생,"친구, 선생님과의 관계 - 6)학교 선생님들은 나에게 무관심하다",2021,1주기,2.0,3354,37.75,그렇지 않다
경기학교교육실태조사,중학교,ST_RELATION_06,C04,학교생활·관계,S0401,또래·교사 관계,학생,"친구, 선생님과의 관계 - 6)학교 선생님들은 나에게 무관심하다",2021,1주기,3.0,1914,21.54,보통이다
경기학교교육실태조사,중학교,ST_RELATION_06,C04,학교생활·관계,S0401,또래·교사 관계,학생,"친구, 선생님과의 관계 - 6)학교 선생님들은 나에게 무관심하다",2021,1주기,4.0,300,3.38,그렇다
경기학교교육실태조사,중학교,ST_RELATION_06,C04,학교생활·관계,S0401,또래·교사 관계,학생,"친구, 선생님과의 관계 - 6)학교 선생님들은 나에게 무관심하다",2021,1주기,5.0,119,1.34,매우 그렇다
경기학교교육실태조사,중학교,ST_RELATION_06,C04,학교생활·관계,S0401,또래·교사 관계,학생,"친구, 선생님과의 관계 - 6)학교 선생님들은 나에게 무관심하다",2025,2주기,1.0,1406,27.18,전혀그렇지않다
경기학교교육실태조사,중학교,ST_RELATION_06,C04,학교생활·관계,S0401,또래·교사 관계,학생,"친구, 선생님과의 관계 - 6)학교 선생님들은 나에게 무관심하다",2025,2주기,2.0,1887,36.48,그렇지않다
경기학교교육실태조사,중학교,ST_RELATION_06,C04,학교생활·관계,S0401,또래·교사 관계,학생,"친구, 선생님과의 관계 - 6)학교 선생님들은 나에게 무관심하다",2025,2주기,3.0,1248,24.13,보통이다
경기학교교육실태조사,중학교,ST_RELATION_06,C04,학교생활·관계,S0401,또래·교사 관계,학생,"친구, 선생님과의 관계 - 6)학교 선생님들은 나에게 무관심하다",2025,2주기,4.0,377,7.29,그렇다
경기학교교육실태조사,중학교,ST_RELATION_06,C04,학교생활·관계,S0401,또래·교사 관계,학생,"친구, 선생님과의 관계 - 6)학교 선생님들은 나에게 무관심하다",2025,2주기,5.0,255,4.93,매우그렇다
경기학교교육실태조사,중학교,ST_RELATION_07,C04,학교생활·관계,S0401,또래·교사 관계,학생,"친구, 선생님과의 관계 - 7)학교 선생님들에게 고민 상담을 한다",2021,1주기,1.0,2069,23.29,전혀 그렇지 않다
경기학교교육실태조사,중학교,ST_RELATION_07,C04,학교생활·관계,S0401,또래·교사 관계,학생,"친구, 선생님과의 관계 - 7)학교 선생님들에게 고민 상담을 한다",2021,1주기,2.0,2306,25.96,그렇지 않다
경기학교교육실태조사,중학교,ST_RELATION_07,C04,학교생활·관계,S0401,또래·교사 관계,학생,"친구, 선생님과의 관계 - 7)학교 선생님들에게 고민 상담을 한다",2021,1주기,3.0,2727,30.7,보통이다
경기학교교육실태조사,중학교,ST_RELATION_07,C04,학교생활·관계,S0401,또래·교사 관계,학생,"친구, 선생님과의 관계 - 7)학교 선생님들에게 고민 상담을 한다",2021,1주기,4.0,1272,14.32,그렇다
경기학교교육실태조사,중학교,ST_RELATION_07,C04,학교생활·관계,S0401,또래·교사 관계,학생,"친구, 선생님과의 관계 - 7)학교 선생님들에게 고민 상담을 한다",2021,1주기,5.0,510,5.74,매우 그렇다
경기학교교육실태조사,중학교,ST_RELATION_07,C04,학교생활·관계,S0401,또래·교사 관계,학생,"친구, 선생님과의 관계 - 7)학교 선생님들에게 고민 상담을 한다",2025,2주기,1.0,750,14.5,전혀그렇지않다
경기학교교육실태조사,중학교,ST_RELATION_07,C04,학교생활·관계,S0401,또래·교사 관계,학생,"친구, 선생님과의 관계 - 7)학교 선생님들에게 고민 상담을 한다",2025,2주기,2.0,1202,23.24,그렇지않다
경기학교교육실태조사,중학교,ST_RELATION_07,C04,학교생활·관계,S0401,또래·교사 관계,학생,"친구, 선생님과의 관계 - 7)학교 선생님들에게 고민 상담을 한다",2025,2주기,3.0,1692,32.71,보통이다
경기학교교육실태조사,중학교,ST_RELATION_07,C04,학교생활·관계,S0401,또래·교사 관계,학생,"친구, 선생님과의 관계 - 7)학교 선생님들에게 고민 상담을 한다",2025,2주기,4.0,975,18.85,그렇다
경기학교교육실태조사,중학교,ST_RELATION_07,C04,학교생활·관계,S0401,또래·교사 관계,학생,"친구, 선생님과의 관계 - 7)학교 선생님들에게 고민 상담을 한다",2025,2주기,5.0,554,10.71,매우그렇다
경기학교교육실태조사,중학교,ST_RELATION_08,C04,학교생활·관계,S0401,또래·교사 관계,학생,"친구, 선생님과의 관계 - 8)학교 선생님은 나를 존중해 주신다",2021,1주기,1.0,138,1.55,전혀 그렇지 않다
경기학교교육실태조사,중학교,ST_RELATION_08,C04,학교생활·관계,S0401,또래·교사 관계,학생,"친구, 선생님과의 관계 - 8)학교 선생님은 나를 존중해 주신다",2021,1주기,2.0,139,1.56,그렇지 않다
경기학교교육실태조사,중학교,ST_RELATION_08,C04,학교생활·관계,S0401,또래·교사 관계,학생,"친구, 선생님과의 관계 - 8)학교 선생님은 나를 존중해 주신다",2021,1주기,3.0,2297,25.86,보통이다
경기학교교육실태조사,중학교,ST_RELATION_08,C04,학교생활·관계,S0401,또래·교사 관계,학생,"친구, 선생님과의 관계 - 8)학교 선생님은 나를 존중해 주신다",2021,1주기,4.0,3959,44.56,그렇다
경기학교교육실태조사,중학교,ST_RELATION_08,C04,학교생활·관계,S0401,또래·교사 관계,학생,"친구, 선생님과의 관계 - 8)학교 선생님은 나를 존중해 주신다",2021,1주기,5.0,2351,26.46,매우 그렇다
경기학교교육실태조사,중학교,ST_RELATION_08,C04,학교생활·관계,S0401,또래·교사 관계,학생,"친구, 선생님과의 관계 - 8)학교 선생님은 나를 존중해 주신다",2025,2주기,1.0,81,1.57,전혀그렇지않다
경기학교교육실태조사,중학교,ST_RELATION_08,C04,학교생활·관계,S0401,또래·교사 관계,학생,"친구, 선생님과의 관계 - 8)학교 선생님은 나를 존중해 주신다",2025,2주기,2.0,115,2.22,그렇지않다
경기학교교육실태조사,중학교,ST_RELATION_08,C04,학교생활·관계,S0401,또래·교사 관계,학생,"친구, 선생님과의 관계 - 8)학교 선생님은 나를 존중해 주신다",2025,2주기,3.0,1270,24.55,보통이다
경기학교교육실태조사,중학교,ST_RELATION_08,C04,학교생활·관계,S0401,또래·교사 관계,학생,"친구, 선생님과의 관계 - 8)학교 선생님은 나를 존중해 주신다",2025,2주기,4.0,2247,43.44,그렇다
경기학교교육실태조사,중학교,ST_RELATION_08,C04,학교생활·관계,S0401,또래·교사 관계,학생,"친구, 선생님과의 관계 - 8)학교 선생님은 나를 존중해 주신다",2025,2주기,5.0,1460,28.22,매우그렇다
경기학교교육실태조사,중학교,ST_SAT_DETAIL_01,C09,만족도,S0902,세부 만족도,학생,세부적인 만족도 - 1)학습능력 신장,2021,1주기,1.0,223,2.51,전혀 그렇지 않다
경기학교교육실태조사,중학교,ST_SAT_DETAIL_01,C09,만족도,S0902,세부 만족도,학생,세부적인 만족도 - 1)학습능력 신장,2021,1주기,2.0,448,5.04,그렇지 않다
경기학교교육실태조사,중학교,ST_SAT_DETAIL_01,C09,만족도,S0902,세부 만족도,학생,세부적인 만족도 - 1)학습능력 신장,2021,1주기,3.0,3677,41.39,보통이다
경기학교교육실태조사,중학교,ST_SAT_DETAIL_01,C09,만족도,S0902,세부 만족도,학생,세부적인 만족도 - 1)학습능력 신장,2021,1주기,4.0,3343,37.63,그렇다
경기학교교육실태조사,중학교,ST_SAT_DETAIL_01,C09,만족도,S0902,세부 만족도,학생,세부적인 만족도 - 1)학습능력 신장,2021,1주기,5.0,1193,13.43,매우 그렇다
경기학교교육실태조사,중학교,ST_SAT_DETAIL_01,C09,만족도,S0902,세부 만족도,학생,세부적인 만족도 - 1)학습능력 신장,2025,2주기,1.0,159,3.07,전혀그렇지않다
경기학교교육실태조사,중학교,ST_SAT_DETAIL_01,C09,만족도,S0902,세부 만족도,학생,세부적인 만족도 - 1)학습능력 신장,2025,2주기,2.0,308,5.95,그렇지않다
경기학교교육실태조사,중학교,ST_SAT_DETAIL_01,C09,만족도,S0902,세부 만족도,학생,세부적인 만족도 - 1)학습능력 신장,2025,2주기,3.0,2018,39.01,보통이다
경기학교교육실태조사,중학교,ST_SAT_DETAIL_01,C09,만족도,S0902,세부 만족도,학생,세부적인 만족도 - 1)학습능력 신장,2025,2주기,4.0,1841,35.59,그렇다
경기학교교육실태조사,중학교,ST_SAT_DETAIL_01,C09,만족도,S0902,세부 만족도,학생,세부적인 만족도 - 1)학습능력 신장,2025,2주기,5.0,847,16.37,매우그렇다
경기학교교육실태조사,중학교,ST_SAT_DETAIL_02,C09,만족도,S0902,세부 만족도,학생,세부적인 만족도 - 2)특기적성 신장,2021,1주기,1.0,325,3.66,전혀 그렇지 않다
경기학교교육실태조사,중학교,ST_SAT_DETAIL_02,C09,만족도,S0902,세부 만족도,학생,세부적인 만족도 - 2)특기적성 신장,2021,1주기,2.0,758,8.53,그렇지 않다
경기학교교육실태조사,중학교,ST_SAT_DETAIL_02,C09,만족도,S0902,세부 만족도,학생,세부적인 만족도 - 2)특기적성 신장,2021,1주기,3.0,3910,44.01,보통이다
경기학교교육실태조사,중학교,ST_SAT_DETAIL_02,C09,만족도,S0902,세부 만족도,학생,세부적인 만족도 - 2)특기적성 신장,2021,1주기,4.0,2782,31.31,그렇다
경기학교교육실태조사,중학교,ST_SAT_DETAIL_02,C09,만족도,S0902,세부 만족도,학생,세부적인 만족도 - 2)특기적성 신장,2021,1주기,5.0,1109,12.48,매우 그렇다
경기학교교육실태조사,중학교,ST_SAT_DETAIL_02,C09,만족도,S0902,세부 만족도,학생,세부적인 만족도 - 2)특기적성 신장,2025,2주기,1.0,244,4.72,전혀그렇지않다
경기학교교육실태조사,중학교,ST_SAT_DETAIL_02,C09,만족도,S0902,세부 만족도,학생,세부적인 만족도 - 2)특기적성 신장,2025,2주기,2.0,420,8.12,그렇지않다
경기학교교육실태조사,중학교,ST_SAT_DETAIL_02,C09,만족도,S0902,세부 만족도,학생,세부적인 만족도 - 2)특기적성 신장,2025,2주기,3.0,2105,40.69,보통이다
경기학교교육실태조사,중학교,ST_SAT_DETAIL_02,C09,만족도,S0902,세부 만족도,학생,세부적인 만족도 - 2)특기적성 신장,2025,2주기,4.0,1627,31.45,그렇다
경기학교교육실태조사,중학교,ST_SAT_DETAIL_02,C09,만족도,S0902,세부 만족도,학생,세부적인 만족도 - 2)특기적성 신장,2025,2주기,5.0,777,15.02,매우그렇다
경기학교교육실태조사,중학교,ST_SAT_DETAIL_03,C09,만족도,S0902,세부 만족도,학생,세부적인 만족도 - 3)진로상담,2021,1주기,1.0,299,3.37,전혀 그렇지 않다
경기학교교육실태조사,중학교,ST_SAT_DETAIL_03,C09,만족도,S0902,세부 만족도,학생,세부적인 만족도 - 3)진로상담,2021,1주기,2.0,559,6.29,그렇지 않다
경기학교교육실태조사,중학교,ST_SAT_DETAIL_03,C09,만족도,S0902,세부 만족도,학생,세부적인 만족도 - 3)진로상담,2021,1주기,3.0,3456,38.9,보통이다
경기학교교육실태조사,중학교,ST_SAT_DETAIL_03,C09,만족도,S0902,세부 만족도,학생,세부적인 만족도 - 3)진로상담,2021,1주기,4.0,3169,35.67,그렇다
경기학교교육실태조사,중학교,ST_SAT_DETAIL_03,C09,만족도,S0902,세부 만족도,학생,세부적인 만족도 - 3)진로상담,2021,1주기,5.0,1401,15.77,매우 그렇다
경기학교교육실태조사,중학교,ST_SAT_DETAIL_03,C09,만족도,S0902,세부 만족도,학생,세부적인 만족도 - 3)진로상담,2025,2주기,1.0,163,3.15,전혀그렇지않다
경기학교교육실태조사,중학교,ST_SAT_DETAIL_03,C09,만족도,S0902,세부 만족도,학생,세부적인 만족도 - 3)진로상담,2025,2주기,2.0,335,6.48,그렇지않다
경기학교교육실태조사,중학교,ST_SAT_DETAIL_03,C09,만족도,S0902,세부 만족도,학생,세부적인 만족도 - 3)진로상담,2025,2주기,3.0,1917,37.06,보통이다
경기학교교육실태조사,중학교,ST_SAT_DETAIL_03,C09,만족도,S0902,세부 만족도,학생,세부적인 만족도 - 3)진로상담,2025,2주기,4.0,1833,35.43,그렇다
경기학교교육실태조사,중학교,ST_SAT_DETAIL_03,C09,만족도,S0902,세부 만족도,학생,세부적인 만족도 - 3)진로상담,2025,2주기,5.0,925,17.88,매우그렇다
경기학교교육실태조사,중학교,ST_SAT_DETAIL_04,C09,만족도,S0902,세부 만족도,학생,세부적인 만족도 - 4)학교급식,2021,1주기,1.0,931,10.48,전혀 그렇지 않다
경기학교교육실태조사,중학교,ST_SAT_DETAIL_04,C09,만족도,S0902,세부 만족도,학생,세부적인 만족도 - 4)학교급식,2021,1주기,2.0,1064,11.98,그렇지 않다
경기학교교육실태조사,중학교,ST_SAT_DETAIL_04,C09,만족도,S0902,세부 만족도,학생,세부적인 만족도 - 4)학교급식,2021,1주기,3.0,2830,31.86,보통이다
경기학교교육실태조사,중학교,ST_SAT_DETAIL_04,C09,만족도,S0902,세부 만족도,학생,세부적인 만족도 - 4)학교급식,2021,1주기,4.0,2429,27.34,그렇다
경기학교교육실태조사,중학교,ST_SAT_DETAIL_04,C09,만족도,S0902,세부 만족도,학생,세부적인 만족도 - 4)학교급식,2021,1주기,5.0,1630,18.35,매우 그렇다
경기학교교육실태조사,중학교,ST_SAT_DETAIL_04,C09,만족도,S0902,세부 만족도,학생,세부적인 만족도 - 4)학교급식,2025,2주기,1.0,221,4.27,전혀그렇지않다
경기학교교육실태조사,중학교,ST_SAT_DETAIL_04,C09,만족도,S0902,세부 만족도,학생,세부적인 만족도 - 4)학교급식,2025,2주기,2.0,347,6.71,그렇지않다
경기학교교육실태조사,중학교,ST_SAT_DETAIL_04,C09,만족도,S0902,세부 만족도,학생,세부적인 만족도 - 4)학교급식,2025,2주기,3.0,1413,27.31,보통이다
경기학교교육실태조사,중학교,ST_SAT_DETAIL_04,C09,만족도,S0902,세부 만족도,학생,세부적인 만족도 - 4)학교급식,2025,2주기,4.0,1680,32.48,그렇다
경기학교교육실태조사,중학교,ST_SAT_DETAIL_04,C09,만족도,S0902,세부 만족도,학생,세부적인 만족도 - 4)학교급식,2025,2주기,5.0,1512,29.23,매우그렇다
경기학교교육실태조사,중학교,ST_SAT_DETAIL_05,C09,만족도,S0902,세부 만족도,학생,세부적인 만족도 - 5)다양한 학습 프로그램,2021,1주기,1.0,333,3.75,전혀 그렇지 않다
경기학교교육실태조사,중학교,ST_SAT_DETAIL_05,C09,만족도,S0902,세부 만족도,학생,세부적인 만족도 - 5)다양한 학습 프로그램,2021,1주기,2.0,669,7.53,그렇지 않다
경기학교교육실태조사,중학교,ST_SAT_DETAIL_05,C09,만족도,S0902,세부 만족도,학생,세부적인 만족도 - 5)다양한 학습 프로그램,2021,1주기,3.0,3826,43.07,보통이다
경기학교교육실태조사,중학교,ST_SAT_DETAIL_05,C09,만족도,S0902,세부 만족도,학생,세부적인 만족도 - 5)다양한 학습 프로그램,2021,1주기,4.0,2881,32.43,그렇다
경기학교교육실태조사,중학교,ST_SAT_DETAIL_05,C09,만족도,S0902,세부 만족도,학생,세부적인 만족도 - 5)다양한 학습 프로그램,2021,1주기,5.0,1175,13.23,매우 그렇다
경기학교교육실태조사,중학교,ST_SAT_DETAIL_05,C09,만족도,S0902,세부 만족도,학생,세부적인 만족도 - 5)다양한 학습 프로그램,2025,2주기,1.0,185,3.58,전혀그렇지않다
경기학교교육실태조사,중학교,ST_SAT_DETAIL_05,C09,만족도,S0902,세부 만족도,학생,세부적인 만족도 - 5)다양한 학습 프로그램,2025,2주기,2.0,282,5.45,그렇지않다
경기학교교육실태조사,중학교,ST_SAT_DETAIL_05,C09,만족도,S0902,세부 만족도,학생,세부적인 만족도 - 5)다양한 학습 프로그램,2025,2주기,3.0,1980,38.28,보통이다
경기학교교육실태조사,중학교,ST_SAT_DETAIL_05,C09,만족도,S0902,세부 만족도,학생,세부적인 만족도 - 5)다양한 학습 프로그램,2025,2주기,4.0,1832,35.41,그렇다
경기학교교육실태조사,중학교,ST_SAT_DETAIL_05,C09,만족도,S0902,세부 만족도,학생,세부적인 만족도 - 5)다양한 학습 프로그램,2025,2주기,5.0,894,17.28,매우그렇다
경기학교교육실태조사,중학교,ST_SAT_DETAIL_06,C09,만족도,S0902,세부 만족도,학생,세부적인 만족도 - 6)교육시설과 환경,2021,1주기,1.0,319,3.59,전혀 그렇지 않다
경기학교교육실태조사,중학교,ST_SAT_DETAIL_06,C09,만족도,S0902,세부 만족도,학생,세부적인 만족도 - 6)교육시설과 환경,2021,1주기,2.0,519,5.84,그렇지 않다
경기학교교육실태조사,중학교,ST_SAT_DETAIL_06,C09,만족도,S0902,세부 만족도,학생,세부적인 만족도 - 6)교육시설과 환경,2021,1주기,3.0,3655,41.14,보통이다
경기학교교육실태조사,중학교,ST_SAT_DETAIL_06,C09,만족도,S0902,세부 만족도,학생,세부적인 만족도 - 6)교육시설과 환경,2021,1주기,4.0,3136,35.3,그렇다
경기학교교육실태조사,중학교,ST_SAT_DETAIL_06,C09,만족도,S0902,세부 만족도,학생,세부적인 만족도 - 6)교육시설과 환경,2021,1주기,5.0,1255,14.13,매우 그렇다
경기학교교육실태조사,중학교,ST_SAT_DETAIL_06,C09,만족도,S0902,세부 만족도,학생,세부적인 만족도 - 6)교육시설과 환경,2025,2주기,1.0,203,3.92,전혀그렇지않다
경기학교교육실태조사,중학교,ST_SAT_DETAIL_06,C09,만족도,S0902,세부 만족도,학생,세부적인 만족도 - 6)교육시설과 환경,2025,2주기,2.0,351,6.79,그렇지않다
경기학교교육실태조사,중학교,ST_SAT_DETAIL_06,C09,만족도,S0902,세부 만족도,학생,세부적인 만족도 - 6)교육시설과 환경,2025,2주기,3.0,1789,34.58,보통이다
경기학교교육실태조사,중학교,ST_SAT_DETAIL_06,C09,만족도,S0902,세부 만족도,학생,세부적인 만족도 - 6)교육시설과 환경,2025,2주기,4.0,1996,38.58,그렇다
경기학교교육실태조사,중학교,ST_SAT_DETAIL_06,C09,만족도,S0902,세부 만족도,학생,세부적인 만족도 - 6)교육시설과 환경,2025,2주기,5.0,834,16.12,매우그렇다
경기학교교육실태조사,중학교,ST_SAT_TOTAL_01,C09,만족도,S0901,전반적 만족도,학생,전반적인 만족도 - 현재 다니는 학교에 어느 정도 만족하는지,2021,1주기,1.0,347,3.91,전혀 만족하지 않음
경기학교교육실태조사,중학교,ST_SAT_TOTAL_01,C09,만족도,S0901,전반적 만족도,학생,전반적인 만족도 - 현재 다니는 학교에 어느 정도 만족하는지,2021,1주기,2.0,657,7.4,만족하지 않음
경기학교교육실태조사,중학교,ST_SAT_TOTAL_01,C09,만족도,S0901,전반적 만족도,학생,전반적인 만족도 - 현재 다니는 학교에 어느 정도 만족하는지,2021,1주기,3.0,2972,33.45,보통임
경기학교교육실태조사,중학교,ST_SAT_TOTAL_01,C09,만족도,S0901,전반적 만족도,학생,전반적인 만족도 - 현재 다니는 학교에 어느 정도 만족하는지,2021,1주기,4.0,3500,39.4,만족함
경기학교교육실태조사,중학교,ST_SAT_TOTAL_01,C09,만족도,S0901,전반적 만족도,학생,전반적인 만족도 - 현재 다니는 학교에 어느 정도 만족하는지,2021,1주기,5.0,1408,15.85,매우 만족함
경기학교교육실태조사,중학교,ST_SAT_TOTAL_01,C09,만족도,S0901,전반적 만족도,학생,전반적인 만족도 - 현재 다니는 학교에 어느 정도 만족하는지,2025,2주기,1.0,277,5.35,매우 불만족
경기학교교육실태조사,중학교,ST_SAT_TOTAL_01,C09,만족도,S0901,전반적 만족도,학생,전반적인 만족도 - 현재 다니는 학교에 어느 정도 만족하는지,2025,2주기,2.0,440,8.51,불만족
경기학교교육실태조사,중학교,ST_SAT_TOTAL_01,C09,만족도,S0901,전반적 만족도,학생,전반적인 만족도 - 현재 다니는 학교에 어느 정도 만족하는지,2025,2주기,3.0,1628,31.47,보통
경기학교교육실태조사,중학교,ST_SAT_TOTAL_01,C09,만족도,S0901,전반적 만족도,학생,전반적인 만족도 - 현재 다니는 학교에 어느 정도 만족하는지,2025,2주기,4.0,1826,35.3,만족
경기학교교육실태조사,중학교,ST_SAT_TOTAL_01,C09,만족도,S0901,전반적 만족도,학생,전반적인 만족도 - 현재 다니는 학교에 어느 정도 만족하는지,2025,2주기,5.0,1002,19.37,매우만족
경기학교교육실태조사,중학교,ST_SDL_01,C02,학업,S0203A,자기주도학습(주도성·창의성),학생,"자기주도학습 - 1)나는 알고 싶은 것이 있을 때, 그것을 어떻게 배워야 할지 알 수 있다",2021,1주기,1.0,520,5.85,전혀 그렇지 않다
경기학교교육실태조사,중학교,ST_SDL_01,C02,학업,S0203A,자기주도학습(주도성·창의성),학생,"자기주도학습 - 1)나는 알고 싶은 것이 있을 때, 그것을 어떻게 배워야 할지 알 수 있다",2021,1주기,2.0,1041,11.72,그렇지 않다
경기학교교육실태조사,중학교,ST_SDL_01,C02,학업,S0203A,자기주도학습(주도성·창의성),학생,"자기주도학습 - 1)나는 알고 싶은 것이 있을 때, 그것을 어떻게 배워야 할지 알 수 있다",2021,1주기,3.0,3425,38.55,보통이다
경기학교교육실태조사,중학교,ST_SDL_01,C02,학업,S0203A,자기주도학습(주도성·창의성),학생,"자기주도학습 - 1)나는 알고 싶은 것이 있을 때, 그것을 어떻게 배워야 할지 알 수 있다",2021,1주기,4.0,2950,33.21,그렇다
경기학교교육실태조사,중학교,ST_SDL_01,C02,학업,S0203A,자기주도학습(주도성·창의성),학생,"자기주도학습 - 1)나는 알고 싶은 것이 있을 때, 그것을 어떻게 배워야 할지 알 수 있다",2021,1주기,5.0,948,10.67,매우 그렇다
경기학교교육실태조사,중학교,ST_SDL_01,C02,학업,S0203A,자기주도학습(주도성·창의성),학생,"자기주도학습 - 1)나는 알고 싶은 것이 있을 때, 그것을 어떻게 배워야 할지 알 수 있다",2025,2주기,1.0,284,5.49,전혀그렇지않다
경기학교교육실태조사,중학교,ST_SDL_01,C02,학업,S0203A,자기주도학습(주도성·창의성),학생,"자기주도학습 - 1)나는 알고 싶은 것이 있을 때, 그것을 어떻게 배워야 할지 알 수 있다",2025,2주기,2.0,564,10.9,그렇지않다
경기학교교육실태조사,중학교,ST_SDL_01,C02,학업,S0203A,자기주도학습(주도성·창의성),학생,"자기주도학습 - 1)나는 알고 싶은 것이 있을 때, 그것을 어떻게 배워야 할지 알 수 있다",2025,2주기,3.0,2035,39.34,보통이다
경기학교교육실태조사,중학교,ST_SDL_01,C02,학업,S0203A,자기주도학습(주도성·창의성),학생,"자기주도학습 - 1)나는 알고 싶은 것이 있을 때, 그것을 어떻게 배워야 할지 알 수 있다",2025,2주기,4.0,1734,33.52,그렇다
경기학교교육실태조사,중학교,ST_SDL_01,C02,학업,S0203A,자기주도학습(주도성·창의성),학생,"자기주도학습 - 1)나는 알고 싶은 것이 있을 때, 그것을 어떻게 배워야 할지 알 수 있다",2025,2주기,5.0,556,10.75,매우그렇다
경기학교교육실태조사,중학교,ST_SDL_02,C02,학업,S0203A,자기주도학습(주도성·창의성),학생,자기주도학습 - 2)내가 알고 싶은 정보를 찾는 방법을 알고 있다,2021,1주기,1.0,342,3.85,전혀 그렇지 않다
경기학교교육실태조사,중학교,ST_SDL_02,C02,학업,S0203A,자기주도학습(주도성·창의성),학생,자기주도학습 - 2)내가 알고 싶은 정보를 찾는 방법을 알고 있다,2021,1주기,2.0,514,5.79,그렇지 않다
경기학교교육실태조사,중학교,ST_SDL_02,C02,학업,S0203A,자기주도학습(주도성·창의성),학생,자기주도학습 - 2)내가 알고 싶은 정보를 찾는 방법을 알고 있다,2021,1주기,3.0,2366,26.63,보통이다
경기학교교육실태조사,중학교,ST_SDL_02,C02,학업,S0203A,자기주도학습(주도성·창의성),학생,자기주도학습 - 2)내가 알고 싶은 정보를 찾는 방법을 알고 있다,2021,1주기,4.0,4007,45.1,그렇다
경기학교교육실태조사,중학교,ST_SDL_02,C02,학업,S0203A,자기주도학습(주도성·창의성),학생,자기주도학습 - 2)내가 알고 싶은 정보를 찾는 방법을 알고 있다,2021,1주기,5.0,1655,18.63,매우 그렇다
경기학교교육실태조사,중학교,ST_SDL_02,C02,학업,S0203A,자기주도학습(주도성·창의성),학생,자기주도학습 - 2)내가 알고 싶은 정보를 찾는 방법을 알고 있다,2025,2주기,1.0,211,4.08,전혀그렇지않다
경기학교교육실태조사,중학교,ST_SDL_02,C02,학업,S0203A,자기주도학습(주도성·창의성),학생,자기주도학습 - 2)내가 알고 싶은 정보를 찾는 방법을 알고 있다,2025,2주기,2.0,315,6.09,그렇지않다
경기학교교육실태조사,중학교,ST_SDL_02,C02,학업,S0203A,자기주도학습(주도성·창의성),학생,자기주도학습 - 2)내가 알고 싶은 정보를 찾는 방법을 알고 있다,2025,2주기,3.0,1351,26.12,보통이다
경기학교교육실태조사,중학교,ST_SDL_02,C02,학업,S0203A,자기주도학습(주도성·창의성),학생,자기주도학습 - 2)내가 알고 싶은 정보를 찾는 방법을 알고 있다,2025,2주기,4.0,2339,45.22,그렇다
경기학교교육실태조사,중학교,ST_SDL_02,C02,학업,S0203A,자기주도학습(주도성·창의성),학생,자기주도학습 - 2)내가 알고 싶은 정보를 찾는 방법을 알고 있다,2025,2주기,5.0,957,18.5,매우그렇다
경기학교교육실태조사,중학교,ST_SDL_03,C02,학업,S0203A,자기주도학습(주도성·창의성),학생,자기주도학습 - 3)나는 사물에 관해 호기심을 갖고 있다,2021,1주기,1.0,582,6.55,전혀 그렇지 않다
경기학교교육실태조사,중학교,ST_SDL_03,C02,학업,S0203A,자기주도학습(주도성·창의성),학생,자기주도학습 - 3)나는 사물에 관해 호기심을 갖고 있다,2021,1주기,2.0,1196,13.46,그렇지 않다
경기학교교육실태조사,중학교,ST_SDL_03,C02,학업,S0203A,자기주도학습(주도성·창의성),학생,자기주도학습 - 3)나는 사물에 관해 호기심을 갖고 있다,2021,1주기,3.0,3162,35.59,보통이다
경기학교교육실태조사,중학교,ST_SDL_03,C02,학업,S0203A,자기주도학습(주도성·창의성),학생,자기주도학습 - 3)나는 사물에 관해 호기심을 갖고 있다,2021,1주기,4.0,2847,32.05,그렇다
경기학교교육실태조사,중학교,ST_SDL_03,C02,학업,S0203A,자기주도학습(주도성·창의성),학생,자기주도학습 - 3)나는 사물에 관해 호기심을 갖고 있다,2021,1주기,5.0,1097,12.35,매우 그렇다
경기학교교육실태조사,중학교,ST_SDL_03,C02,학업,S0203A,자기주도학습(주도성·창의성),학생,자기주도학습 - 3)나는 사물에 관해 호기심을 갖고 있다,2025,2주기,1.0,320,6.19,전혀그렇지않다
경기학교교육실태조사,중학교,ST_SDL_03,C02,학업,S0203A,자기주도학습(주도성·창의성),학생,자기주도학습 - 3)나는 사물에 관해 호기심을 갖고 있다,2025,2주기,2.0,851,16.45,그렇지않다
경기학교교육실태조사,중학교,ST_SDL_03,C02,학업,S0203A,자기주도학습(주도성·창의성),학생,자기주도학습 - 3)나는 사물에 관해 호기심을 갖고 있다,2025,2주기,3.0,1973,38.14,보통이다
경기학교교육실태조사,중학교,ST_SDL_03,C02,학업,S0203A,자기주도학습(주도성·창의성),학생,자기주도학습 - 3)나는 사물에 관해 호기심을 갖고 있다,2025,2주기,4.0,1467,28.36,그렇다
경기학교교육실태조사,중학교,ST_SDL_03,C02,학업,S0203A,자기주도학습(주도성·창의성),학생,자기주도학습 - 3)나는 사물에 관해 호기심을 갖고 있다,2025,2주기,5.0,562,10.86,매우그렇다
경기학교교육실태조사,중학교,ST_SDL_04,C02,학업,S0203A,자기주도학습(주도성·창의성),학생,자기주도학습 - 4)나는 어떤 일을 해내는 특별한 방법을 잘 생각해 낸다,2021,1주기,1.0,529,5.95,전혀 그렇지 않다
경기학교교육실태조사,중학교,ST_SDL_04,C02,학업,S0203A,자기주도학습(주도성·창의성),학생,자기주도학습 - 4)나는 어떤 일을 해내는 특별한 방법을 잘 생각해 낸다,2021,1주기,2.0,1346,15.15,그렇지 않다
경기학교교육실태조사,중학교,ST_SDL_04,C02,학업,S0203A,자기주도학습(주도성·창의성),학생,자기주도학습 - 4)나는 어떤 일을 해내는 특별한 방법을 잘 생각해 낸다,2021,1주기,3.0,3617,40.71,보통이다
경기학교교육실태조사,중학교,ST_SDL_04,C02,학업,S0203A,자기주도학습(주도성·창의성),학생,자기주도학습 - 4)나는 어떤 일을 해내는 특별한 방법을 잘 생각해 낸다,2021,1주기,4.0,2498,28.12,그렇다
경기학교교육실태조사,중학교,ST_SDL_04,C02,학업,S0203A,자기주도학습(주도성·창의성),학생,자기주도학습 - 4)나는 어떤 일을 해내는 특별한 방법을 잘 생각해 낸다,2021,1주기,5.0,894,10.06,매우 그렇다
경기학교교육실태조사,중학교,ST_SDL_04,C02,학업,S0203A,자기주도학습(주도성·창의성),학생,자기주도학습 - 4)나는 어떤 일을 해내는 특별한 방법을 잘 생각해 낸다,2025,2주기,1.0,294,5.68,전혀그렇지않다
경기학교교육실태조사,중학교,ST_SDL_04,C02,학업,S0203A,자기주도학습(주도성·창의성),학생,자기주도학습 - 4)나는 어떤 일을 해내는 특별한 방법을 잘 생각해 낸다,2025,2주기,2.0,816,15.77,그렇지않다
경기학교교육실태조사,중학교,ST_SDL_04,C02,학업,S0203A,자기주도학습(주도성·창의성),학생,자기주도학습 - 4)나는 어떤 일을 해내는 특별한 방법을 잘 생각해 낸다,2025,2주기,3.0,2141,41.39,보통이다
경기학교교육실태조사,중학교,ST_SDL_04,C02,학업,S0203A,자기주도학습(주도성·창의성),학생,자기주도학습 - 4)나는 어떤 일을 해내는 특별한 방법을 잘 생각해 낸다,2025,2주기,4.0,1390,26.87,그렇다
경기학교교육실태조사,중학교,ST_SDL_04,C02,학업,S0203A,자기주도학습(주도성·창의성),학생,자기주도학습 - 4)나는 어떤 일을 해내는 특별한 방법을 잘 생각해 낸다,2025,2주기,5.0,532,10.28,매우그렇다
경기학교교육실태조사,중학교,ST_SDL_05,C02,학업,S0203B,자기주도학습(자기이해),학생,자기주도학습 - 5)내가 무엇을 배우고 싶은지를 안다,2021,1주기,1.0,542,6.1,전혀 그렇지 않다
경기학교교육실태조사,중학교,ST_SDL_05,C02,학업,S0203B,자기주도학습(자기이해),학생,자기주도학습 - 5)내가 무엇을 배우고 싶은지를 안다,2021,1주기,2.0,1114,12.54,그렇지 않다
경기학교교육실태조사,중학교,ST_SDL_05,C02,학업,S0203B,자기주도학습(자기이해),학생,자기주도학습 - 5)내가 무엇을 배우고 싶은지를 안다,2021,1주기,3.0,2310,26.0,보통이다
경기학교교육실태조사,중학교,ST_SDL_05,C02,학업,S0203B,자기주도학습(자기이해),학생,자기주도학습 - 5)내가 무엇을 배우고 싶은지를 안다,2021,1주기,4.0,2815,31.69,그렇다
경기학교교육실태조사,중학교,ST_SDL_05,C02,학업,S0203B,자기주도학습(자기이해),학생,자기주도학습 - 5)내가 무엇을 배우고 싶은지를 안다,2021,1주기,5.0,2103,23.67,매우 그렇다
경기학교교육실태조사,중학교,ST_SDL_05,C02,학업,S0203B,자기주도학습(자기이해),학생,자기주도학습 - 5)내가 무엇을 배우고 싶은지를 안다,2025,2주기,1.0,330,6.38,전혀그렇지않다
경기학교교육실태조사,중학교,ST_SDL_05,C02,학업,S0203B,자기주도학습(자기이해),학생,자기주도학습 - 5)내가 무엇을 배우고 싶은지를 안다,2025,2주기,2.0,707,13.67,그렇지않다
경기학교교육실태조사,중학교,ST_SDL_05,C02,학업,S0203B,자기주도학습(자기이해),학생,자기주도학습 - 5)내가 무엇을 배우고 싶은지를 안다,2025,2주기,3.0,1437,27.78,보통이다
경기학교교육실태조사,중학교,ST_SDL_05,C02,학업,S0203B,자기주도학습(자기이해),학생,자기주도학습 - 5)내가 무엇을 배우고 싶은지를 안다,2025,2주기,4.0,1707,33.0,그렇다
경기학교교육실태조사,중학교,ST_SDL_05,C02,학업,S0203B,자기주도학습(자기이해),학생,자기주도학습 - 5)내가 무엇을 배우고 싶은지를 안다,2025,2주기,5.0,992,19.18,매우그렇다
경기학교교육실태조사,중학교,ST_SDL_06,C02,학업,S0203B,자기주도학습(자기이해),학생,자기주도학습 - 6)내 공부의 최종적인 책임은 내가 진다,2021,1주기,1.0,308,3.47,전혀 그렇지 않다
경기학교교육실태조사,중학교,ST_SDL_06,C02,학업,S0203B,자기주도학습(자기이해),학생,자기주도학습 - 6)내 공부의 최종적인 책임은 내가 진다,2021,1주기,2.0,376,4.23,그렇지 않다
경기학교교육실태조사,중학교,ST_SDL_06,C02,학업,S0203B,자기주도학습(자기이해),학생,자기주도학습 - 6)내 공부의 최종적인 책임은 내가 진다,2021,1주기,3.0,2046,23.03,보통이다
경기학교교육실태조사,중학교,ST_SDL_06,C02,학업,S0203B,자기주도학습(자기이해),학생,자기주도학습 - 6)내 공부의 최종적인 책임은 내가 진다,2021,1주기,4.0,3454,38.88,그렇다
경기학교교육실태조사,중학교,ST_SDL_06,C02,학업,S0203B,자기주도학습(자기이해),학생,자기주도학습 - 6)내 공부의 최종적인 책임은 내가 진다,2021,1주기,5.0,2700,30.39,매우 그렇다
경기학교교육실태조사,중학교,ST_SDL_06,C02,학업,S0203B,자기주도학습(자기이해),학생,자기주도학습 - 6)내 공부의 최종적인 책임은 내가 진다,2025,2주기,1.0,168,3.25,전혀그렇지않다
경기학교교육실태조사,중학교,ST_SDL_06,C02,학업,S0203B,자기주도학습(자기이해),학생,자기주도학습 - 6)내 공부의 최종적인 책임은 내가 진다,2025,2주기,2.0,234,4.52,그렇지않다
경기학교교육실태조사,중학교,ST_SDL_06,C02,학업,S0203B,자기주도학습(자기이해),학생,자기주도학습 - 6)내 공부의 최종적인 책임은 내가 진다,2025,2주기,3.0,1177,22.75,보통이다
경기학교교육실태조사,중학교,ST_SDL_06,C02,학업,S0203B,자기주도학습(자기이해),학생,자기주도학습 - 6)내 공부의 최종적인 책임은 내가 진다,2025,2주기,4.0,2138,41.33,그렇다
경기학교교육실태조사,중학교,ST_SDL_06,C02,학업,S0203B,자기주도학습(자기이해),학생,자기주도학습 - 6)내 공부의 최종적인 책임은 내가 진다,2025,2주기,5.0,1456,28.15,매우그렇다
경기학교교육실태조사,중학교,ST_SDL_07,C02,학업,S0203B,자기주도학습(자기이해),학생,자기주도학습 - 7)지금 공부가 잘 되고 있는지 아닌지를 판단할 수 있다,2021,1주기,1.0,338,3.8,전혀 그렇지 않다
경기학교교육실태조사,중학교,ST_SDL_07,C02,학업,S0203B,자기주도학습(자기이해),학생,자기주도학습 - 7)지금 공부가 잘 되고 있는지 아닌지를 판단할 수 있다,2021,1주기,2.0,740,8.33,그렇지 않다
경기학교교육실태조사,중학교,ST_SDL_07,C02,학업,S0203B,자기주도학습(자기이해),학생,자기주도학습 - 7)지금 공부가 잘 되고 있는지 아닌지를 판단할 수 있다,2021,1주기,3.0,2503,28.17,보통이다
경기학교교육실태조사,중학교,ST_SDL_07,C02,학업,S0203B,자기주도학습(자기이해),학생,자기주도학습 - 7)지금 공부가 잘 되고 있는지 아닌지를 판단할 수 있다,2021,1주기,4.0,3516,39.58,그렇다
경기학교교육실태조사,중학교,ST_SDL_07,C02,학업,S0203B,자기주도학습(자기이해),학생,자기주도학습 - 7)지금 공부가 잘 되고 있는지 아닌지를 판단할 수 있다,2021,1주기,5.0,1787,20.11,매우 그렇다
경기학교교육실태조사,중학교,ST_SDL_07,C02,학업,S0203B,자기주도학습(자기이해),학생,자기주도학습 - 7)지금 공부가 잘 되고 있는지 아닌지를 판단할 수 있다,2025,2주기,1.0,252,4.87,전혀그렇지않다
경기학교교육실태조사,중학교,ST_SDL_07,C02,학업,S0203B,자기주도학습(자기이해),학생,자기주도학습 - 7)지금 공부가 잘 되고 있는지 아닌지를 판단할 수 있다,2025,2주기,2.0,562,10.86,그렇지않다
경기학교교육실태조사,중학교,ST_SDL_07,C02,학업,S0203B,자기주도학습(자기이해),학생,자기주도학습 - 7)지금 공부가 잘 되고 있는지 아닌지를 판단할 수 있다,2025,2주기,3.0,1624,31.39,보통이다
경기학교교육실태조사,중학교,ST_SDL_07,C02,학업,S0203B,자기주도학습(자기이해),학생,자기주도학습 - 7)지금 공부가 잘 되고 있는지 아닌지를 판단할 수 있다,2025,2주기,4.0,1928,37.27,그렇다
경기학교교육실태조사,중학교,ST_SDL_07,C02,학업,S0203B,자기주도학습(자기이해),학생,자기주도학습 - 7)지금 공부가 잘 되고 있는지 아닌지를 판단할 수 있다,2025,2주기,5.0,807,15.6,매우그렇다
경기학교교육실태조사,중학교,ST_SDL_08,C02,학업,S0203B,자기주도학습(자기이해),학생,자기주도학습 - 8)지금 공부하는 내용 중 부족한 부분을 언제 보충해야 할지 알고 있다,2021,1주기,1.0,494,5.56,전혀 그렇지 않다
경기학교교육실태조사,중학교,ST_SDL_08,C02,학업,S0203B,자기주도학습(자기이해),학생,자기주도학습 - 8)지금 공부하는 내용 중 부족한 부분을 언제 보충해야 할지 알고 있다,2021,1주기,2.0,1142,12.85,그렇지 않다
경기학교교육실태조사,중학교,ST_SDL_08,C02,학업,S0203B,자기주도학습(자기이해),학생,자기주도학습 - 8)지금 공부하는 내용 중 부족한 부분을 언제 보충해야 할지 알고 있다,2021,1주기,3.0,3049,34.32,보통이다
경기학교교육실태조사,중학교,ST_SDL_08,C02,학업,S0203B,자기주도학습(자기이해),학생,자기주도학습 - 8)지금 공부하는 내용 중 부족한 부분을 언제 보충해야 할지 알고 있다,2021,1주기,4.0,2941,33.1,그렇다
경기학교교육실태조사,중학교,ST_SDL_08,C02,학업,S0203B,자기주도학습(자기이해),학생,자기주도학습 - 8)지금 공부하는 내용 중 부족한 부분을 언제 보충해야 할지 알고 있다,2021,1주기,5.0,1258,14.16,매우 그렇다
경기학교교육실태조사,중학교,ST_SDL_08,C02,학업,S0203B,자기주도학습(자기이해),학생,자기주도학습 - 8)지금 공부하는 내용 중 부족한 부분을 언제 보충해야 할지 알고 있다,2025,2주기,1.0,289,5.59,전혀그렇지않다
경기학교교육실태조사,중학교,ST_SDL_08,C02,학업,S0203B,자기주도학습(자기이해),학생,자기주도학습 - 8)지금 공부하는 내용 중 부족한 부분을 언제 보충해야 할지 알고 있다,2025,2주기,2.0,730,14.11,그렇지않다
경기학교교육실태조사,중학교,ST_SDL_08,C02,학업,S0203B,자기주도학습(자기이해),학생,자기주도학습 - 8)지금 공부하는 내용 중 부족한 부분을 언제 보충해야 할지 알고 있다,2025,2주기,3.0,1784,34.49,보통이다
경기학교교육실태조사,중학교,ST_SDL_08,C02,학업,S0203B,자기주도학습(자기이해),학생,자기주도학습 - 8)지금 공부하는 내용 중 부족한 부분을 언제 보충해야 할지 알고 있다,2025,2주기,4.0,1736,33.56,그렇다
경기학교교육실태조사,중학교,ST_SDL_08,C02,학업,S0203B,자기주도학습(자기이해),학생,자기주도학습 - 8)지금 공부하는 내용 중 부족한 부분을 언제 보충해야 할지 알고 있다,2025,2주기,5.0,634,12.26,매우그렇다
경기학교교육실태조사,중학교,ST_SDL_09,C02,학업,S0203B,자기주도학습(자기이해),학생,자기주도학습 - 9)항상 새로운 것을 배우는 사람을 존경한다,2021,1주기,1.0,455,5.12,전혀 그렇지 않다
경기학교교육실태조사,중학교,ST_SDL_09,C02,학업,S0203B,자기주도학습(자기이해),학생,자기주도학습 - 9)항상 새로운 것을 배우는 사람을 존경한다,2021,1주기,2.0,615,6.92,그렇지 않다
경기학교교육실태조사,중학교,ST_SDL_09,C02,학업,S0203B,자기주도학습(자기이해),학생,자기주도학습 - 9)항상 새로운 것을 배우는 사람을 존경한다,2021,1주기,3.0,2273,25.59,보통이다
경기학교교육실태조사,중학교,ST_SDL_09,C02,학업,S0203B,자기주도학습(자기이해),학생,자기주도학습 - 9)항상 새로운 것을 배우는 사람을 존경한다,2021,1주기,4.0,2721,30.63,그렇다
경기학교교육실태조사,중학교,ST_SDL_09,C02,학업,S0203B,자기주도학습(자기이해),학생,자기주도학습 - 9)항상 새로운 것을 배우는 사람을 존경한다,2021,1주기,5.0,2820,31.74,매우 그렇다
경기학교교육실태조사,중학교,ST_SDL_09,C02,학업,S0203B,자기주도학습(자기이해),학생,자기주도학습 - 9)항상 새로운 것을 배우는 사람을 존경한다,2025,2주기,1.0,218,4.21,전혀그렇지않다
경기학교교육실태조사,중학교,ST_SDL_09,C02,학업,S0203B,자기주도학습(자기이해),학생,자기주도학습 - 9)항상 새로운 것을 배우는 사람을 존경한다,2025,2주기,2.0,346,6.69,그렇지않다
경기학교교육실태조사,중학교,ST_SDL_09,C02,학업,S0203B,자기주도학습(자기이해),학생,자기주도학습 - 9)항상 새로운 것을 배우는 사람을 존경한다,2025,2주기,3.0,1214,23.47,보통이다
경기학교교육실태조사,중학교,ST_SDL_09,C02,학업,S0203B,자기주도학습(자기이해),학생,자기주도학습 - 9)항상 새로운 것을 배우는 사람을 존경한다,2025,2주기,4.0,1820,35.18,그렇다
경기학교교육실태조사,중학교,ST_SDL_09,C02,학업,S0203B,자기주도학습(자기이해),학생,자기주도학습 - 9)항상 새로운 것을 배우는 사람을 존경한다,2025,2주기,5.0,1575,30.45,매우그렇다
경기학교교육실태조사,중학교,ST_STRATEGY_01,C02,학업,S0202A,학습전략(정교화),학생,"학습전략(1~4 정교화, 5~8 조직화) - 1)다른 과목에서 이미 배운 것과 새로 배우는 내용을 연결하려고 한다",2021,1주기,1.0,1118,12.58,전혀 그렇지 않다
경기학교교육실태조사,중학교,ST_STRATEGY_01,C02,학업,S0202A,학습전략(정교화),학생,"학습전략(1~4 정교화, 5~8 조직화) - 1)다른 과목에서 이미 배운 것과 새로 배우는 내용을 연결하려고 한다",2021,1주기,2.0,1564,17.6,그렇지 않다
경기학교교육실태조사,중학교,ST_STRATEGY_01,C02,학업,S0202A,학습전략(정교화),학생,"학습전략(1~4 정교화, 5~8 조직화) - 1)다른 과목에서 이미 배운 것과 새로 배우는 내용을 연결하려고 한다",2021,1주기,3.0,3234,36.4,보통이다
경기학교교육실태조사,중학교,ST_STRATEGY_01,C02,학업,S0202A,학습전략(정교화),학생,"학습전략(1~4 정교화, 5~8 조직화) - 1)다른 과목에서 이미 배운 것과 새로 배우는 내용을 연결하려고 한다",2021,1주기,4.0,2340,26.34,그렇다
경기학교교육실태조사,중학교,ST_STRATEGY_01,C02,학업,S0202A,학습전략(정교화),학생,"학습전략(1~4 정교화, 5~8 조직화) - 1)다른 과목에서 이미 배운 것과 새로 배우는 내용을 연결하려고 한다",2021,1주기,5.0,628,7.07,매우 그렇다
경기학교교육실태조사,중학교,ST_STRATEGY_01,C02,학업,S0202A,학습전략(정교화),학생,"학습전략(1~4 정교화, 5~8 조직화) - 1)다른 과목에서 이미 배운 것과 새로 배우는 내용을 연결하려고 한다",2025,2주기,1.0,488,9.43,전혀그렇지않다
경기학교교육실태조사,중학교,ST_STRATEGY_01,C02,학업,S0202A,학습전략(정교화),학생,"학습전략(1~4 정교화, 5~8 조직화) - 1)다른 과목에서 이미 배운 것과 새로 배우는 내용을 연결하려고 한다",2025,2주기,2.0,752,14.54,그렇지않다
경기학교교육실태조사,중학교,ST_STRATEGY_01,C02,학업,S0202A,학습전략(정교화),학생,"학습전략(1~4 정교화, 5~8 조직화) - 1)다른 과목에서 이미 배운 것과 새로 배우는 내용을 연결하려고 한다",2025,2주기,3.0,1986,38.39,보통이다
경기학교교육실태조사,중학교,ST_STRATEGY_01,C02,학업,S0202A,학습전략(정교화),학생,"학습전략(1~4 정교화, 5~8 조직화) - 1)다른 과목에서 이미 배운 것과 새로 배우는 내용을 연결하려고 한다",2025,2주기,4.0,1486,28.73,그렇다
경기학교교육실태조사,중학교,ST_STRATEGY_01,C02,학업,S0202A,학습전략(정교화),학생,"학습전략(1~4 정교화, 5~8 조직화) - 1)다른 과목에서 이미 배운 것과 새로 배우는 내용을 연결하려고 한다",2025,2주기,5.0,461,8.91,매우그렇다
경기학교교육실태조사,중학교,ST_STRATEGY_02,C02,학업,S0202A,학습전략(정교화),학생,"학습전략(1~4 정교화, 5~8 조직화) - 2)배우는 내용을 어떻게 실생활에서 사용할 수 있을지 생각해 본다",2021,1주기,1.0,1271,14.31,전혀 그렇지 않다
경기학교교육실태조사,중학교,ST_STRATEGY_02,C02,학업,S0202A,학습전략(정교화),학생,"학습전략(1~4 정교화, 5~8 조직화) - 2)배우는 내용을 어떻게 실생활에서 사용할 수 있을지 생각해 본다",2021,1주기,2.0,1726,19.43,그렇지 않다
경기학교교육실태조사,중학교,ST_STRATEGY_02,C02,학업,S0202A,학습전략(정교화),학생,"학습전략(1~4 정교화, 5~8 조직화) - 2)배우는 내용을 어떻게 실생활에서 사용할 수 있을지 생각해 본다",2021,1주기,3.0,2742,30.86,보통이다
경기학교교육실태조사,중학교,ST_STRATEGY_02,C02,학업,S0202A,학습전략(정교화),학생,"학습전략(1~4 정교화, 5~8 조직화) - 2)배우는 내용을 어떻게 실생활에서 사용할 수 있을지 생각해 본다",2021,1주기,4.0,2389,26.89,그렇다
경기학교교육실태조사,중학교,ST_STRATEGY_02,C02,학업,S0202A,학습전략(정교화),학생,"학습전략(1~4 정교화, 5~8 조직화) - 2)배우는 내용을 어떻게 실생활에서 사용할 수 있을지 생각해 본다",2021,1주기,5.0,756,8.51,매우 그렇다
경기학교교육실태조사,중학교,ST_STRATEGY_02,C02,학업,S0202A,학습전략(정교화),학생,"학습전략(1~4 정교화, 5~8 조직화) - 2)배우는 내용을 어떻게 실생활에서 사용할 수 있을지 생각해 본다",2025,2주기,1.0,636,12.29,전혀그렇지않다
경기학교교육실태조사,중학교,ST_STRATEGY_02,C02,학업,S0202A,학습전략(정교화),학생,"학습전략(1~4 정교화, 5~8 조직화) - 2)배우는 내용을 어떻게 실생활에서 사용할 수 있을지 생각해 본다",2025,2주기,2.0,1075,20.78,그렇지않다
경기학교교육실태조사,중학교,ST_STRATEGY_02,C02,학업,S0202A,학습전략(정교화),학생,"학습전략(1~4 정교화, 5~8 조직화) - 2)배우는 내용을 어떻게 실생활에서 사용할 수 있을지 생각해 본다",2025,2주기,3.0,1784,34.49,보통이다
경기학교교육실태조사,중학교,ST_STRATEGY_02,C02,학업,S0202A,학습전략(정교화),학생,"학습전략(1~4 정교화, 5~8 조직화) - 2)배우는 내용을 어떻게 실생활에서 사용할 수 있을지 생각해 본다",2025,2주기,4.0,1251,24.18,그렇다
경기학교교육실태조사,중학교,ST_STRATEGY_02,C02,학업,S0202A,학습전략(정교화),학생,"학습전략(1~4 정교화, 5~8 조직화) - 2)배우는 내용을 어떻게 실생활에서 사용할 수 있을지 생각해 본다",2025,2주기,5.0,427,8.25,매우그렇다
경기학교교육실태조사,중학교,ST_STRATEGY_03,C02,학업,S0202A,학습전략(정교화),학생,"학습전략(1~4 정교화, 5~8 조직화) - 3)내가 이미 알고 있는 것과 연결시킬 때 공부가 더 잘 된다",2021,1주기,1.0,750,8.44,전혀 그렇지 않다
경기학교교육실태조사,중학교,ST_STRATEGY_03,C02,학업,S0202A,학습전략(정교화),학생,"학습전략(1~4 정교화, 5~8 조직화) - 3)내가 이미 알고 있는 것과 연결시킬 때 공부가 더 잘 된다",2021,1주기,2.0,671,7.55,그렇지 않다
경기학교교육실태조사,중학교,ST_STRATEGY_03,C02,학업,S0202A,학습전략(정교화),학생,"학습전략(1~4 정교화, 5~8 조직화) - 3)내가 이미 알고 있는 것과 연결시킬 때 공부가 더 잘 된다",2021,1주기,3.0,2107,23.72,보통이다
경기학교교육실태조사,중학교,ST_STRATEGY_03,C02,학업,S0202A,학습전략(정교화),학생,"학습전략(1~4 정교화, 5~8 조직화) - 3)내가 이미 알고 있는 것과 연결시킬 때 공부가 더 잘 된다",2021,1주기,4.0,3447,38.8,그렇다
경기학교교육실태조사,중학교,ST_STRATEGY_03,C02,학업,S0202A,학습전략(정교화),학생,"학습전략(1~4 정교화, 5~8 조직화) - 3)내가 이미 알고 있는 것과 연결시킬 때 공부가 더 잘 된다",2021,1주기,5.0,1909,21.49,매우 그렇다
경기학교교육실태조사,중학교,ST_STRATEGY_03,C02,학업,S0202A,학습전략(정교화),학생,"학습전략(1~4 정교화, 5~8 조직화) - 3)내가 이미 알고 있는 것과 연결시킬 때 공부가 더 잘 된다",2025,2주기,1.0,390,7.54,전혀그렇지않다
경기학교교육실태조사,중학교,ST_STRATEGY_03,C02,학업,S0202A,학습전략(정교화),학생,"학습전략(1~4 정교화, 5~8 조직화) - 3)내가 이미 알고 있는 것과 연결시킬 때 공부가 더 잘 된다",2025,2주기,2.0,394,7.62,그렇지않다
경기학교교육실태조사,중학교,ST_STRATEGY_03,C02,학업,S0202A,학습전략(정교화),학생,"학습전략(1~4 정교화, 5~8 조직화) - 3)내가 이미 알고 있는 것과 연결시킬 때 공부가 더 잘 된다",2025,2주기,3.0,1315,25.42,보통이다
경기학교교육실태조사,중학교,ST_STRATEGY_03,C02,학업,S0202A,학습전략(정교화),학생,"학습전략(1~4 정교화, 5~8 조직화) - 3)내가 이미 알고 있는 것과 연결시킬 때 공부가 더 잘 된다",2025,2주기,4.0,2034,39.32,그렇다
경기학교교육실태조사,중학교,ST_STRATEGY_03,C02,학업,S0202A,학습전략(정교화),학생,"학습전략(1~4 정교화, 5~8 조직화) - 3)내가 이미 알고 있는 것과 연결시킬 때 공부가 더 잘 된다",2025,2주기,5.0,1040,20.1,매우그렇다
경기학교교육실태조사,중학교,ST_STRATEGY_04,C02,학업,S0202A,학습전략(정교화),학생,"학습전략(1~4 정교화, 5~8 조직화) - 4)공부할 내용을 내가 이미 알고 있는 것과 어떻게 연결할지 생각해 본다",2021,1주기,1.0,1021,11.49,전혀 그렇지 않다
경기학교교육실태조사,중학교,ST_STRATEGY_04,C02,학업,S0202A,학습전략(정교화),학생,"학습전략(1~4 정교화, 5~8 조직화) - 4)공부할 내용을 내가 이미 알고 있는 것과 어떻게 연결할지 생각해 본다",2021,1주기,2.0,1443,16.24,그렇지 않다
경기학교교육실태조사,중학교,ST_STRATEGY_04,C02,학업,S0202A,학습전략(정교화),학생,"학습전략(1~4 정교화, 5~8 조직화) - 4)공부할 내용을 내가 이미 알고 있는 것과 어떻게 연결할지 생각해 본다",2021,1주기,3.0,3029,34.1,보통이다
경기학교교육실태조사,중학교,ST_STRATEGY_04,C02,학업,S0202A,학습전략(정교화),학생,"학습전략(1~4 정교화, 5~8 조직화) - 4)공부할 내용을 내가 이미 알고 있는 것과 어떻게 연결할지 생각해 본다",2021,1주기,4.0,2547,28.67,그렇다
경기학교교육실태조사,중학교,ST_STRATEGY_04,C02,학업,S0202A,학습전략(정교화),학생,"학습전략(1~4 정교화, 5~8 조직화) - 4)공부할 내용을 내가 이미 알고 있는 것과 어떻게 연결할지 생각해 본다",2021,1주기,5.0,844,9.5,매우 그렇다
경기학교교육실태조사,중학교,ST_STRATEGY_04,C02,학업,S0202A,학습전략(정교화),학생,"학습전략(1~4 정교화, 5~8 조직화) - 4)공부할 내용을 내가 이미 알고 있는 것과 어떻게 연결할지 생각해 본다",2025,2주기,1.0,497,9.61,전혀그렇지않다
경기학교교육실태조사,중학교,ST_STRATEGY_04,C02,학업,S0202A,학습전략(정교화),학생,"학습전략(1~4 정교화, 5~8 조직화) - 4)공부할 내용을 내가 이미 알고 있는 것과 어떻게 연결할지 생각해 본다",2025,2주기,2.0,822,15.89,그렇지않다
경기학교교육실태조사,중학교,ST_STRATEGY_04,C02,학업,S0202A,학습전략(정교화),학생,"학습전략(1~4 정교화, 5~8 조직화) - 4)공부할 내용을 내가 이미 알고 있는 것과 어떻게 연결할지 생각해 본다",2025,2주기,3.0,1865,36.05,보통이다
경기학교교육실태조사,중학교,ST_STRATEGY_04,C02,학업,S0202A,학습전략(정교화),학생,"학습전략(1~4 정교화, 5~8 조직화) - 4)공부할 내용을 내가 이미 알고 있는 것과 어떻게 연결할지 생각해 본다",2025,2주기,4.0,1468,28.38,그렇다
경기학교교육실태조사,중학교,ST_STRATEGY_04,C02,학업,S0202A,학습전략(정교화),학생,"학습전략(1~4 정교화, 5~8 조직화) - 4)공부할 내용을 내가 이미 알고 있는 것과 어떻게 연결할지 생각해 본다",2025,2주기,5.0,521,10.07,매우그렇다
경기학교교육실태조사,중학교,ST_STRATEGY_05,C02,학업,S0202B,학습전략(조직화),학생,"학습전략(1~4 정교화, 5~8 조직화) - 5)수업 시간에 필기한 노트를 검토하고 중요한 내용을 요약 및 정리한다",2021,1주기,1.0,1405,15.81,전혀 그렇지 않다
경기학교교육실태조사,중학교,ST_STRATEGY_05,C02,학업,S0202B,학습전략(조직화),학생,"학습전략(1~4 정교화, 5~8 조직화) - 5)수업 시간에 필기한 노트를 검토하고 중요한 내용을 요약 및 정리한다",2021,1주기,2.0,1965,22.12,그렇지 않다
경기학교교육실태조사,중학교,ST_STRATEGY_05,C02,학업,S0202B,학습전략(조직화),학생,"학습전략(1~4 정교화, 5~8 조직화) - 5)수업 시간에 필기한 노트를 검토하고 중요한 내용을 요약 및 정리한다",2021,1주기,3.0,2660,29.94,보통이다
경기학교교육실태조사,중학교,ST_STRATEGY_05,C02,학업,S0202B,학습전략(조직화),학생,"학습전략(1~4 정교화, 5~8 조직화) - 5)수업 시간에 필기한 노트를 검토하고 중요한 내용을 요약 및 정리한다",2021,1주기,4.0,1867,21.02,그렇다
경기학교교육실태조사,중학교,ST_STRATEGY_05,C02,학업,S0202B,학습전략(조직화),학생,"학습전략(1~4 정교화, 5~8 조직화) - 5)수업 시간에 필기한 노트를 검토하고 중요한 내용을 요약 및 정리한다",2021,1주기,5.0,987,11.11,매우 그렇다
경기학교교육실태조사,중학교,ST_STRATEGY_05,C02,학업,S0202B,학습전략(조직화),학생,"학습전략(1~4 정교화, 5~8 조직화) - 5)수업 시간에 필기한 노트를 검토하고 중요한 내용을 요약 및 정리한다",2025,2주기,1.0,631,12.2,전혀그렇지않다
경기학교교육실태조사,중학교,ST_STRATEGY_05,C02,학업,S0202B,학습전략(조직화),학생,"학습전략(1~4 정교화, 5~8 조직화) - 5)수업 시간에 필기한 노트를 검토하고 중요한 내용을 요약 및 정리한다",2025,2주기,2.0,1077,20.82,그렇지않다
경기학교교육실태조사,중학교,ST_STRATEGY_05,C02,학업,S0202B,학습전략(조직화),학생,"학습전략(1~4 정교화, 5~8 조직화) - 5)수업 시간에 필기한 노트를 검토하고 중요한 내용을 요약 및 정리한다",2025,2주기,3.0,1692,32.71,보통이다
경기학교교육실태조사,중학교,ST_STRATEGY_05,C02,학업,S0202B,학습전략(조직화),학생,"학습전략(1~4 정교화, 5~8 조직화) - 5)수업 시간에 필기한 노트를 검토하고 중요한 내용을 요약 및 정리한다",2025,2주기,4.0,1217,23.53,그렇다
경기학교교육실태조사,중학교,ST_STRATEGY_05,C02,학업,S0202B,학습전략(조직화),학생,"학습전략(1~4 정교화, 5~8 조직화) - 5)수업 시간에 필기한 노트를 검토하고 중요한 내용을 요약 및 정리한다",2025,2주기,5.0,556,10.75,매우그렇다
경기학교교육실태조사,중학교,ST_STRATEGY_06,C02,학업,S0202B,학습전략(조직화),학생,"학습전략(1~4 정교화, 5~8 조직화) - 6)공부한 내용은 내 방식대로 정리해 놓는다",2021,1주기,1.0,1050,11.82,전혀 그렇지 않다
경기학교교육실태조사,중학교,ST_STRATEGY_06,C02,학업,S0202B,학습전략(조직화),학생,"학습전략(1~4 정교화, 5~8 조직화) - 6)공부한 내용은 내 방식대로 정리해 놓는다",2021,1주기,2.0,1370,15.42,그렇지 않다
경기학교교육실태조사,중학교,ST_STRATEGY_06,C02,학업,S0202B,학습전략(조직화),학생,"학습전략(1~4 정교화, 5~8 조직화) - 6)공부한 내용은 내 방식대로 정리해 놓는다",2021,1주기,3.0,2506,28.21,보통이다
경기학교교육실태조사,중학교,ST_STRATEGY_06,C02,학업,S0202B,학습전략(조직화),학생,"학습전략(1~4 정교화, 5~8 조직화) - 6)공부한 내용은 내 방식대로 정리해 놓는다",2021,1주기,4.0,2682,30.19,그렇다
경기학교교육실태조사,중학교,ST_STRATEGY_06,C02,학업,S0202B,학습전략(조직화),학생,"학습전략(1~4 정교화, 5~8 조직화) - 6)공부한 내용은 내 방식대로 정리해 놓는다",2021,1주기,5.0,1276,14.36,매우 그렇다
경기학교교육실태조사,중학교,ST_STRATEGY_06,C02,학업,S0202B,학습전략(조직화),학생,"학습전략(1~4 정교화, 5~8 조직화) - 6)공부한 내용은 내 방식대로 정리해 놓는다",2025,2주기,1.0,488,9.43,전혀그렇지않다
경기학교교육실태조사,중학교,ST_STRATEGY_06,C02,학업,S0202B,학습전략(조직화),학생,"학습전략(1~4 정교화, 5~8 조직화) - 6)공부한 내용은 내 방식대로 정리해 놓는다",2025,2주기,2.0,784,15.16,그렇지않다
경기학교교육실태조사,중학교,ST_STRATEGY_06,C02,학업,S0202B,학습전략(조직화),학생,"학습전략(1~4 정교화, 5~8 조직화) - 6)공부한 내용은 내 방식대로 정리해 놓는다",2025,2주기,3.0,1526,29.5,보통이다
경기학교교육실태조사,중학교,ST_STRATEGY_06,C02,학업,S0202B,학습전략(조직화),학생,"학습전략(1~4 정교화, 5~8 조직화) - 6)공부한 내용은 내 방식대로 정리해 놓는다",2025,2주기,4.0,1656,32.01,그렇다
경기학교교육실태조사,중학교,ST_STRATEGY_06,C02,학업,S0202B,학습전략(조직화),학생,"학습전략(1~4 정교화, 5~8 조직화) - 6)공부한 내용은 내 방식대로 정리해 놓는다",2025,2주기,5.0,719,13.9,매우그렇다
경기학교교육실태조사,중학교,ST_STRATEGY_07,C02,학업,S0202B,학습전략(조직화),학생,"학습전략(1~4 정교화, 5~8 조직화) - 7)중요한 내용은 따로 정리한다",2021,1주기,1.0,962,10.83,전혀 그렇지 않다
경기학교교육실태조사,중학교,ST_STRATEGY_07,C02,학업,S0202B,학습전략(조직화),학생,"학습전략(1~4 정교화, 5~8 조직화) - 7)중요한 내용은 따로 정리한다",2021,1주기,2.0,1269,14.28,그렇지 않다
경기학교교육실태조사,중학교,ST_STRATEGY_07,C02,학업,S0202B,학습전략(조직화),학생,"학습전략(1~4 정교화, 5~8 조직화) - 7)중요한 내용은 따로 정리한다",2021,1주기,3.0,2595,29.21,보통이다
경기학교교육실태조사,중학교,ST_STRATEGY_07,C02,학업,S0202B,학습전략(조직화),학생,"학습전략(1~4 정교화, 5~8 조직화) - 7)중요한 내용은 따로 정리한다",2021,1주기,4.0,2759,31.06,그렇다
경기학교교육실태조사,중학교,ST_STRATEGY_07,C02,학업,S0202B,학습전략(조직화),학생,"학습전략(1~4 정교화, 5~8 조직화) - 7)중요한 내용은 따로 정리한다",2021,1주기,5.0,1299,14.62,매우 그렇다
경기학교교육실태조사,중학교,ST_STRATEGY_07,C02,학업,S0202B,학습전략(조직화),학생,"학습전략(1~4 정교화, 5~8 조직화) - 7)중요한 내용은 따로 정리한다",2025,2주기,1.0,463,8.95,전혀그렇지않다
경기학교교육실태조사,중학교,ST_STRATEGY_07,C02,학업,S0202B,학습전략(조직화),학생,"학습전략(1~4 정교화, 5~8 조직화) - 7)중요한 내용은 따로 정리한다",2025,2주기,2.0,690,13.34,그렇지않다
경기학교교육실태조사,중학교,ST_STRATEGY_07,C02,학업,S0202B,학습전략(조직화),학생,"학습전략(1~4 정교화, 5~8 조직화) - 7)중요한 내용은 따로 정리한다",2025,2주기,3.0,1546,29.89,보통이다
경기학교교육실태조사,중학교,ST_STRATEGY_07,C02,학업,S0202B,학습전략(조직화),학생,"학습전략(1~4 정교화, 5~8 조직화) - 7)중요한 내용은 따로 정리한다",2025,2주기,4.0,1771,34.24,그렇다
경기학교교육실태조사,중학교,ST_STRATEGY_07,C02,학업,S0202B,학습전략(조직화),학생,"학습전략(1~4 정교화, 5~8 조직화) - 7)중요한 내용은 따로 정리한다",2025,2주기,5.0,703,13.59,매우그렇다
경기학교교육실태조사,중학교,ST_STRATEGY_08,C02,학업,S0202B,학습전략(조직화),학생,"학습전략(1~4 정교화, 5~8 조직화) - 8)공부할 때 개념들을 모아서 나름대로 관계를 정리해 본다",2021,1주기,1.0,1218,13.71,전혀 그렇지 않다
경기학교교육실태조사,중학교,ST_STRATEGY_08,C02,학업,S0202B,학습전략(조직화),학생,"학습전략(1~4 정교화, 5~8 조직화) - 8)공부할 때 개념들을 모아서 나름대로 관계를 정리해 본다",2021,1주기,2.0,1694,19.07,그렇지 않다
경기학교교육실태조사,중학교,ST_STRATEGY_08,C02,학업,S0202B,학습전략(조직화),학생,"학습전략(1~4 정교화, 5~8 조직화) - 8)공부할 때 개념들을 모아서 나름대로 관계를 정리해 본다",2021,1주기,3.0,2886,32.49,보통이다
경기학교교육실태조사,중학교,ST_STRATEGY_08,C02,학업,S0202B,학습전략(조직화),학생,"학습전략(1~4 정교화, 5~8 조직화) - 8)공부할 때 개념들을 모아서 나름대로 관계를 정리해 본다",2021,1주기,4.0,2187,24.62,그렇다
경기학교교육실태조사,중학교,ST_STRATEGY_08,C02,학업,S0202B,학습전략(조직화),학생,"학습전략(1~4 정교화, 5~8 조직화) - 8)공부할 때 개념들을 모아서 나름대로 관계를 정리해 본다",2021,1주기,5.0,899,10.12,매우 그렇다
경기학교교육실태조사,중학교,ST_STRATEGY_08,C02,학업,S0202B,학습전략(조직화),학생,"학습전략(1~4 정교화, 5~8 조직화) - 8)공부할 때 개념들을 모아서 나름대로 관계를 정리해 본다",2025,2주기,1.0,521,10.07,전혀그렇지않다
경기학교교육실태조사,중학교,ST_STRATEGY_08,C02,학업,S0202B,학습전략(조직화),학생,"학습전략(1~4 정교화, 5~8 조직화) - 8)공부할 때 개념들을 모아서 나름대로 관계를 정리해 본다",2025,2주기,2.0,1036,20.03,그렇지않다
경기학교교육실태조사,중학교,ST_STRATEGY_08,C02,학업,S0202B,학습전략(조직화),학생,"학습전략(1~4 정교화, 5~8 조직화) - 8)공부할 때 개념들을 모아서 나름대로 관계를 정리해 본다",2025,2주기,3.0,1810,34.99,보통이다
경기학교교육실태조사,중학교,ST_STRATEGY_08,C02,학업,S0202B,학습전략(조직화),학생,"학습전략(1~4 정교화, 5~8 조직화) - 8)공부할 때 개념들을 모아서 나름대로 관계를 정리해 본다",2025,2주기,4.0,1357,26.23,그렇다
경기학교교육실태조사,중학교,ST_STRATEGY_08,C02,학업,S0202B,학습전략(조직화),학생,"학습전략(1~4 정교화, 5~8 조직화) - 8)공부할 때 개념들을 모아서 나름대로 관계를 정리해 본다",2025,2주기,5.0,449,8.68,매우그렇다
경기학교교육실태조사,중학교,ST_STRESS_01,C02,학업,S0204,학업스트레스,학생,학업 스트레스 - 1)좋은 성적을 위해 공부를 열심히 하지 않으면 불안하다,2021,1주기,1.0,1168,13.15,전혀 그렇지 않다
경기학교교육실태조사,중학교,ST_STRESS_01,C02,학업,S0204,학업스트레스,학생,학업 스트레스 - 1)좋은 성적을 위해 공부를 열심히 하지 않으면 불안하다,2021,1주기,2.0,1571,17.68,그렇지 않다
경기학교교육실태조사,중학교,ST_STRESS_01,C02,학업,S0204,학업스트레스,학생,학업 스트레스 - 1)좋은 성적을 위해 공부를 열심히 하지 않으면 불안하다,2021,1주기,3.0,2331,26.24,보통이다
경기학교교육실태조사,중학교,ST_STRESS_01,C02,학업,S0204,학업스트레스,학생,학업 스트레스 - 1)좋은 성적을 위해 공부를 열심히 하지 않으면 불안하다,2021,1주기,4.0,2479,27.9,그렇다
경기학교교육실태조사,중학교,ST_STRESS_01,C02,학업,S0204,학업스트레스,학생,학업 스트레스 - 1)좋은 성적을 위해 공부를 열심히 하지 않으면 불안하다,2021,1주기,5.0,1335,15.03,매우 그렇다
경기학교교육실태조사,중학교,ST_STRESS_01,C02,학업,S0204,학업스트레스,학생,학업 스트레스 - 1)좋은 성적을 위해 공부를 열심히 하지 않으면 불안하다,2025,2주기,1.0,790,15.27,전혀그렇지않다
경기학교교육실태조사,중학교,ST_STRESS_01,C02,학업,S0204,학업스트레스,학생,학업 스트레스 - 1)좋은 성적을 위해 공부를 열심히 하지 않으면 불안하다,2025,2주기,2.0,845,16.33,그렇지않다
경기학교교육실태조사,중학교,ST_STRESS_01,C02,학업,S0204,학업스트레스,학생,학업 스트레스 - 1)좋은 성적을 위해 공부를 열심히 하지 않으면 불안하다,2025,2주기,3.0,1330,25.71,보통이다
경기학교교육실태조사,중학교,ST_STRESS_01,C02,학업,S0204,학업스트레스,학생,학업 스트레스 - 1)좋은 성적을 위해 공부를 열심히 하지 않으면 불안하다,2025,2주기,4.0,1470,28.42,그렇다
경기학교교육실태조사,중학교,ST_STRESS_01,C02,학업,S0204,학업스트레스,학생,학업 스트레스 - 1)좋은 성적을 위해 공부를 열심히 하지 않으면 불안하다,2025,2주기,5.0,738,14.27,매우그렇다
경기학교교육실태조사,중학교,ST_STRESS_02,C02,학업,S0204,학업스트레스,학생,"학업 스트레스 - 2)사교육(과외, 학원 등)을 받지 않으면 불안하다",2021,1주기,1.0,1791,20.16,전혀 그렇지 않다
경기학교교육실태조사,중학교,ST_STRESS_02,C02,학업,S0204,학업스트레스,학생,"학업 스트레스 - 2)사교육(과외, 학원 등)을 받지 않으면 불안하다",2021,1주기,2.0,1963,22.1,그렇지 않다
경기학교교육실태조사,중학교,ST_STRESS_02,C02,학업,S0204,학업스트레스,학생,"학업 스트레스 - 2)사교육(과외, 학원 등)을 받지 않으면 불안하다",2021,1주기,3.0,2142,24.11,보통이다
경기학교교육실태조사,중학교,ST_STRESS_02,C02,학업,S0204,학업스트레스,학생,"학업 스트레스 - 2)사교육(과외, 학원 등)을 받지 않으면 불안하다",2021,1주기,4.0,2166,24.38,그렇다
경기학교교육실태조사,중학교,ST_STRESS_02,C02,학업,S0204,학업스트레스,학생,"학업 스트레스 - 2)사교육(과외, 학원 등)을 받지 않으면 불안하다",2021,1주기,5.0,822,9.25,매우 그렇다
경기학교교육실태조사,중학교,ST_STRESS_02,C02,학업,S0204,학업스트레스,학생,"학업 스트레스 - 2)사교육(과외, 학원 등)을 받지 않으면 불안하다",2025,2주기,1.0,1052,20.34,전혀그렇지않다
경기학교교육실태조사,중학교,ST_STRESS_02,C02,학업,S0204,학업스트레스,학생,"학업 스트레스 - 2)사교육(과외, 학원 등)을 받지 않으면 불안하다",2025,2주기,2.0,1086,20.99,그렇지않다
경기학교교육실태조사,중학교,ST_STRESS_02,C02,학업,S0204,학업스트레스,학생,"학업 스트레스 - 2)사교육(과외, 학원 등)을 받지 않으면 불안하다",2025,2주기,3.0,1316,25.44,보통이다
경기학교교육실태조사,중학교,ST_STRESS_02,C02,학업,S0204,학업스트레스,학생,"학업 스트레스 - 2)사교육(과외, 학원 등)을 받지 않으면 불안하다",2025,2주기,4.0,1261,24.38,그렇다
경기학교교육실태조사,중학교,ST_STRESS_02,C02,학업,S0204,학업스트레스,학생,"학업 스트레스 - 2)사교육(과외, 학원 등)을 받지 않으면 불안하다",2025,2주기,5.0,458,8.85,매우그렇다
경기학교교육실태조사,중학교,ST_STRESS_03,C02,학업,S0204,학업스트레스,학생,학업 스트레스 - 3)원하는 학교에 진학해야 한다는 정신적 부담이 크다,2021,1주기,1.0,1564,17.6,전혀 그렇지 않다
경기학교교육실태조사,중학교,ST_STRESS_03,C02,학업,S0204,학업스트레스,학생,학업 스트레스 - 3)원하는 학교에 진학해야 한다는 정신적 부담이 크다,2021,1주기,2.0,1920,21.61,그렇지 않다
경기학교교육실태조사,중학교,ST_STRESS_03,C02,학업,S0204,학업스트레스,학생,학업 스트레스 - 3)원하는 학교에 진학해야 한다는 정신적 부담이 크다,2021,1주기,3.0,2408,27.1,보통이다
경기학교교육실태조사,중학교,ST_STRESS_03,C02,학업,S0204,학업스트레스,학생,학업 스트레스 - 3)원하는 학교에 진학해야 한다는 정신적 부담이 크다,2021,1주기,4.0,1819,20.48,그렇다
경기학교교육실태조사,중학교,ST_STRESS_03,C02,학업,S0204,학업스트레스,학생,학업 스트레스 - 3)원하는 학교에 진학해야 한다는 정신적 부담이 크다,2021,1주기,5.0,1173,13.2,매우 그렇다
경기학교교육실태조사,중학교,ST_STRESS_03,C02,학업,S0204,학업스트레스,학생,학업 스트레스 - 3)원하는 학교에 진학해야 한다는 정신적 부담이 크다,2025,2주기,1.0,921,17.8,전혀그렇지않다
경기학교교육실태조사,중학교,ST_STRESS_03,C02,학업,S0204,학업스트레스,학생,학업 스트레스 - 3)원하는 학교에 진학해야 한다는 정신적 부담이 크다,2025,2주기,2.0,1117,21.59,그렇지않다
경기학교교육실태조사,중학교,ST_STRESS_03,C02,학업,S0204,학업스트레스,학생,학업 스트레스 - 3)원하는 학교에 진학해야 한다는 정신적 부담이 크다,2025,2주기,3.0,1388,26.83,보통이다
경기학교교육실태조사,중학교,ST_STRESS_03,C02,학업,S0204,학업스트레스,학생,학업 스트레스 - 3)원하는 학교에 진학해야 한다는 정신적 부담이 크다,2025,2주기,4.0,1131,21.86,그렇다
경기학교교육실태조사,중학교,ST_STRESS_03,C02,학업,S0204,학업스트레스,학생,학업 스트레스 - 3)원하는 학교에 진학해야 한다는 정신적 부담이 크다,2025,2주기,5.0,616,11.91,매우그렇다
경기학교교육실태조사,중학교,ST_STRESS_04,C02,학업,S0204,학업스트레스,학생,학업 스트레스 - 4)다른 학생들과 학업 성적과 관련하여 경쟁의식을 느낀다,2021,1주기,1.0,1553,17.48,전혀 그렇지 않다
경기학교교육실태조사,중학교,ST_STRESS_04,C02,학업,S0204,학업스트레스,학생,학업 스트레스 - 4)다른 학생들과 학업 성적과 관련하여 경쟁의식을 느낀다,2021,1주기,2.0,1667,18.76,그렇지 않다
경기학교교육실태조사,중학교,ST_STRESS_04,C02,학업,S0204,학업스트레스,학생,학업 스트레스 - 4)다른 학생들과 학업 성적과 관련하여 경쟁의식을 느낀다,2021,1주기,3.0,2438,27.44,보통이다
경기학교교육실태조사,중학교,ST_STRESS_04,C02,학업,S0204,학업스트레스,학생,학업 스트레스 - 4)다른 학생들과 학업 성적과 관련하여 경쟁의식을 느낀다,2021,1주기,4.0,2045,23.02,그렇다
경기학교교육실태조사,중학교,ST_STRESS_04,C02,학업,S0204,학업스트레스,학생,학업 스트레스 - 4)다른 학생들과 학업 성적과 관련하여 경쟁의식을 느낀다,2021,1주기,5.0,1181,13.29,매우 그렇다
경기학교교육실태조사,중학교,ST_STRESS_04,C02,학업,S0204,학업스트레스,학생,학업 스트레스 - 4)다른 학생들과 학업 성적과 관련하여 경쟁의식을 느낀다,2025,2주기,1.0,898,17.36,전혀그렇지않다
경기학교교육실태조사,중학교,ST_STRESS_04,C02,학업,S0204,학업스트레스,학생,학업 스트레스 - 4)다른 학생들과 학업 성적과 관련하여 경쟁의식을 느낀다,2025,2주기,2.0,921,17.8,그렇지않다
경기학교교육실태조사,중학교,ST_STRESS_04,C02,학업,S0204,학업스트레스,학생,학업 스트레스 - 4)다른 학생들과 학업 성적과 관련하여 경쟁의식을 느낀다,2025,2주기,3.0,1284,24.82,보통이다
경기학교교육실태조사,중학교,ST_STRESS_04,C02,학업,S0204,학업스트레스,학생,학업 스트레스 - 4)다른 학생들과 학업 성적과 관련하여 경쟁의식을 느낀다,2025,2주기,4.0,1327,25.65,그렇다
경기학교교육실태조사,중학교,ST_STRESS_04,C02,학업,S0204,학업스트레스,학생,학업 스트레스 - 4)다른 학생들과 학업 성적과 관련하여 경쟁의식을 느낀다,2025,2주기,5.0,743,14.36,매우그렇다
경기학교교육실태조사,중학교,ST_STU_GOV_01,C08,참여·자치,S0801,학생자치,학생,학생자치 활성화 - 1)학생 의견 수렴,2021,1주기,1.0,387,4.36,전혀 그렇지 않다
경기학교교육실태조사,중학교,ST_STU_GOV_01,C08,참여·자치,S0801,학생자치,학생,학생자치 활성화 - 1)학생 의견 수렴,2021,1주기,2.0,625,7.04,그렇지 않다
경기학교교육실태조사,중학교,ST_STU_GOV_01,C08,참여·자치,S0801,학생자치,학생,학생자치 활성화 - 1)학생 의견 수렴,2021,1주기,3.0,3442,38.74,보통이다
경기학교교육실태조사,중학교,ST_STU_GOV_01,C08,참여·자치,S0801,학생자치,학생,학생자치 활성화 - 1)학생 의견 수렴,2021,1주기,4.0,3169,35.67,그렇다
경기학교교육실태조사,중학교,ST_STU_GOV_01,C08,참여·자치,S0801,학생자치,학생,학생자치 활성화 - 1)학생 의견 수렴,2021,1주기,5.0,1261,14.19,매우 그렇다
경기학교교육실태조사,중학교,ST_STU_GOV_01,C08,참여·자치,S0801,학생자치,학생,학생자치 활성화 - 1)학생 의견 수렴,2025,2주기,1.0,285,5.51,전혀그렇지않다
경기학교교육실태조사,중학교,ST_STU_GOV_01,C08,참여·자치,S0801,학생자치,학생,학생자치 활성화 - 1)학생 의견 수렴,2025,2주기,2.0,421,8.14,그렇지않다
경기학교교육실태조사,중학교,ST_STU_GOV_01,C08,참여·자치,S0801,학생자치,학생,학생자치 활성화 - 1)학생 의견 수렴,2025,2주기,3.0,1855,35.86,보통이다
경기학교교육실태조사,중학교,ST_STU_GOV_01,C08,참여·자치,S0801,학생자치,학생,학생자치 활성화 - 1)학생 의견 수렴,2025,2주기,4.0,1716,33.17,그렇다
경기학교교육실태조사,중학교,ST_STU_GOV_01,C08,참여·자치,S0801,학생자치,학생,학생자치 활성화 - 1)학생 의견 수렴,2025,2주기,5.0,896,17.32,매우그렇다
경기학교교육실태조사,중학교,ST_STU_GOV_02,C08,참여·자치,S0801,학생자치,학생,학생자치 활성화 - 2)학생 의견 전달,2021,1주기,1.0,370,4.16,전혀 그렇지 않다
경기학교교육실태조사,중학교,ST_STU_GOV_02,C08,참여·자치,S0801,학생자치,학생,학생자치 활성화 - 2)학생 의견 전달,2021,1주기,2.0,616,6.93,그렇지 않다
경기학교교육실태조사,중학교,ST_STU_GOV_02,C08,참여·자치,S0801,학생자치,학생,학생자치 활성화 - 2)학생 의견 전달,2021,1주기,3.0,3648,41.06,보통이다
경기학교교육실태조사,중학교,ST_STU_GOV_02,C08,참여·자치,S0801,학생자치,학생,학생자치 활성화 - 2)학생 의견 전달,2021,1주기,4.0,3018,33.97,그렇다
경기학교교육실태조사,중학교,ST_STU_GOV_02,C08,참여·자치,S0801,학생자치,학생,학생자치 활성화 - 2)학생 의견 전달,2021,1주기,5.0,1232,13.87,매우 그렇다
경기학교교육실태조사,중학교,ST_STU_GOV_02,C08,참여·자치,S0801,학생자치,학생,학생자치 활성화 - 2)학생 의견 전달,2025,2주기,1.0,290,5.61,전혀그렇지않다
경기학교교육실태조사,중학교,ST_STU_GOV_02,C08,참여·자치,S0801,학생자치,학생,학생자치 활성화 - 2)학생 의견 전달,2025,2주기,2.0,406,7.85,그렇지않다
경기학교교육실태조사,중학교,ST_STU_GOV_02,C08,참여·자치,S0801,학생자치,학생,학생자치 활성화 - 2)학생 의견 전달,2025,2주기,3.0,1917,37.06,보통이다
경기학교교육실태조사,중학교,ST_STU_GOV_02,C08,참여·자치,S0801,학생자치,학생,학생자치 활성화 - 2)학생 의견 전달,2025,2주기,4.0,1640,31.7,그렇다
경기학교교육실태조사,중학교,ST_STU_GOV_02,C08,참여·자치,S0801,학생자치,학생,학생자치 활성화 - 2)학생 의견 전달,2025,2주기,5.0,920,17.78,매우그렇다
경기학교교육실태조사,중학교,ST_STU_GOV_03,C08,참여·자치,S0801,학생자치,학생,학생자치 활성화 - 3)의견 실현 결과 공유,2021,1주기,1.0,564,6.35,전혀 그렇지 않다
경기학교교육실태조사,중학교,ST_STU_GOV_03,C08,참여·자치,S0801,학생자치,학생,학생자치 활성화 - 3)의견 실현 결과 공유,2021,1주기,2.0,974,10.96,그렇지 않다
경기학교교육실태조사,중학교,ST_STU_GOV_03,C08,참여·자치,S0801,학생자치,학생,학생자치 활성화 - 3)의견 실현 결과 공유,2021,1주기,3.0,4129,46.48,보통이다
경기학교교육실태조사,중학교,ST_STU_GOV_03,C08,참여·자치,S0801,학생자치,학생,학생자치 활성화 - 3)의견 실현 결과 공유,2021,1주기,4.0,2251,25.34,그렇다
경기학교교육실태조사,중학교,ST_STU_GOV_03,C08,참여·자치,S0801,학생자치,학생,학생자치 활성화 - 3)의견 실현 결과 공유,2021,1주기,5.0,966,10.87,매우 그렇다
경기학교교육실태조사,중학교,ST_STU_GOV_03,C08,참여·자치,S0801,학생자치,학생,학생자치 활성화 - 3)의견 실현 결과 공유,2025,2주기,1.0,392,7.58,전혀그렇지않다
경기학교교육실태조사,중학교,ST_STU_GOV_03,C08,참여·자치,S0801,학생자치,학생,학생자치 활성화 - 3)의견 실현 결과 공유,2025,2주기,2.0,579,11.19,그렇지않다
경기학교교육실태조사,중학교,ST_STU_GOV_03,C08,참여·자치,S0801,학생자치,학생,학생자치 활성화 - 3)의견 실현 결과 공유,2025,2주기,3.0,1957,37.83,보통이다
경기학교교육실태조사,중학교,ST_STU_GOV_03,C08,참여·자치,S0801,학생자치,학생,학생자치 활성화 - 3)의견 실현 결과 공유,2025,2주기,4.0,1407,27.2,그렇다
경기학교교육실태조사,중학교,ST_STU_GOV_03,C08,참여·자치,S0801,학생자치,학생,학생자치 활성화 - 3)의견 실현 결과 공유,2025,2주기,5.0,838,16.2,매우그렇다
경기학교교육실태조사,중학교,ST_STU_GOV_04,C08,참여·자치,S0801,학생자치,학생,학생자치 활성화 - 4)학교행사 기획·안내,2021,1주기,1.0,369,4.15,전혀 그렇지 않다
경기학교교육실태조사,중학교,ST_STU_GOV_04,C08,참여·자치,S0801,학생자치,학생,학생자치 활성화 - 4)학교행사 기획·안내,2021,1주기,2.0,506,5.7,그렇지 않다
경기학교교육실태조사,중학교,ST_STU_GOV_04,C08,참여·자치,S0801,학생자치,학생,학생자치 활성화 - 4)학교행사 기획·안내,2021,1주기,3.0,3567,40.15,보통이다
경기학교교육실태조사,중학교,ST_STU_GOV_04,C08,참여·자치,S0801,학생자치,학생,학생자치 활성화 - 4)학교행사 기획·안내,2021,1주기,4.0,3095,34.84,그렇다
경기학교교육실태조사,중학교,ST_STU_GOV_04,C08,참여·자치,S0801,학생자치,학생,학생자치 활성화 - 4)학교행사 기획·안내,2021,1주기,5.0,1347,15.16,매우 그렇다
경기학교교육실태조사,중학교,ST_STU_GOV_04,C08,참여·자치,S0801,학생자치,학생,학생자치 활성화 - 4)학교행사 기획·안내,2025,2주기,1.0,232,4.48,전혀그렇지않다
경기학교교육실태조사,중학교,ST_STU_GOV_04,C08,참여·자치,S0801,학생자치,학생,학생자치 활성화 - 4)학교행사 기획·안내,2025,2주기,2.0,243,4.7,그렇지않다
경기학교교육실태조사,중학교,ST_STU_GOV_04,C08,참여·자치,S0801,학생자치,학생,학생자치 활성화 - 4)학교행사 기획·안내,2025,2주기,3.0,1808,34.95,보통이다
경기학교교육실태조사,중학교,ST_STU_GOV_04,C08,참여·자치,S0801,학생자치,학생,학생자치 활성화 - 4)학교행사 기획·안내,2025,2주기,4.0,1845,35.67,그렇다
경기학교교육실태조사,중학교,ST_STU_GOV_04,C08,참여·자치,S0801,학생자치,학생,학생자치 활성화 - 4)학교행사 기획·안내,2025,2주기,5.0,1045,20.2,매우그렇다
경기학교교육실태조사,중학교,TR_COLLAB_01,C11,교사 전문성,S1102,동료 협력,교사,협력을 통한 수업개선활동 - 1)학부모에게 나의 수업공개,2021,1주기,1.0,513,9.89,참여 하지 않음
경기학교교육실태조사,중학교,TR_COLLAB_01,C11,교사 전문성,S1102,동료 협력,교사,협력을 통한 수업개선활동 - 1)학부모에게 나의 수업공개,2021,1주기,2.0,1987,38.29,연1회
경기학교교육실태조사,중학교,TR_COLLAB_01,C11,교사 전문성,S1102,동료 협력,교사,협력을 통한 수업개선활동 - 1)학부모에게 나의 수업공개,2021,1주기,3.0,2190,42.2,연2회
경기학교교육실태조사,중학교,TR_COLLAB_01,C11,교사 전문성,S1102,동료 협력,교사,협력을 통한 수업개선활동 - 1)학부모에게 나의 수업공개,2021,1주기,4.0,143,2.76,연3회
경기학교교육실태조사,중학교,TR_COLLAB_01,C11,교사 전문성,S1102,동료 협력,교사,협력을 통한 수업개선활동 - 1)학부모에게 나의 수업공개,2021,1주기,5.0,73,1.41,연4회
경기학교교육실태조사,중학교,TR_COLLAB_01,C11,교사 전문성,S1102,동료 협력,교사,협력을 통한 수업개선활동 - 1)학부모에게 나의 수업공개,2021,1주기,6.0,283,5.45,연5회 이상
경기학교교육실태조사,중학교,TR_COLLAB_01,C11,교사 전문성,S1102,동료 협력,교사,협력을 통한 수업개선활동 - 1)학부모에게 나의 수업공개,2025,2주기,1.0,369,13.18,참여하지 않음
경기학교교육실태조사,중학교,TR_COLLAB_01,C11,교사 전문성,S1102,동료 협력,교사,협력을 통한 수업개선활동 - 1)학부모에게 나의 수업공개,2025,2주기,2.0,1655,59.11,연1회
경기학교교육실태조사,중학교,TR_COLLAB_01,C11,교사 전문성,S1102,동료 협력,교사,협력을 통한 수업개선활동 - 1)학부모에게 나의 수업공개,2025,2주기,3.0,688,24.57,연2회
경기학교교육실태조사,중학교,TR_COLLAB_01,C11,교사 전문성,S1102,동료 협력,교사,협력을 통한 수업개선활동 - 1)학부모에게 나의 수업공개,2025,2주기,4.0,49,1.75,연3회
경기학교교육실태조사,중학교,TR_COLLAB_01,C11,교사 전문성,S1102,동료 협력,교사,협력을 통한 수업개선활동 - 1)학부모에게 나의 수업공개,2025,2주기,5.0,21,0.75,연4회
경기학교교육실태조사,중학교,TR_COLLAB_01,C11,교사 전문성,S1102,동료 협력,교사,협력을 통한 수업개선활동 - 1)학부모에게 나의 수업공개,2025,2주기,6.0,18,0.64,연5회 이상
경기학교교육실태조사,중학교,TR_COLLAB_02,C11,교사 전문성,S1102,동료 협력,교사,협력을 통한 수업개선활동 - 2)동료교사에게 나의 수업공개,2021,1주기,1.0,525,10.12,참여 하지 않음
경기학교교육실태조사,중학교,TR_COLLAB_02,C11,교사 전문성,S1102,동료 협력,교사,협력을 통한 수업개선활동 - 2)동료교사에게 나의 수업공개,2021,1주기,2.0,2522,48.6,연1회
경기학교교육실태조사,중학교,TR_COLLAB_02,C11,교사 전문성,S1102,동료 협력,교사,협력을 통한 수업개선활동 - 2)동료교사에게 나의 수업공개,2021,1주기,3.0,1688,32.53,연2회
경기학교교육실태조사,중학교,TR_COLLAB_02,C11,교사 전문성,S1102,동료 협력,교사,협력을 통한 수업개선활동 - 2)동료교사에게 나의 수업공개,2021,1주기,4.0,168,3.24,연3회
경기학교교육실태조사,중학교,TR_COLLAB_02,C11,교사 전문성,S1102,동료 협력,교사,협력을 통한 수업개선활동 - 2)동료교사에게 나의 수업공개,2021,1주기,5.0,74,1.43,연4회
경기학교교육실태조사,중학교,TR_COLLAB_02,C11,교사 전문성,S1102,동료 협력,교사,협력을 통한 수업개선활동 - 2)동료교사에게 나의 수업공개,2021,1주기,6.0,212,4.09,연5회 이상
경기학교교육실태조사,중학교,TR_COLLAB_02,C11,교사 전문성,S1102,동료 협력,교사,협력을 통한 수업개선활동 - 2)동료교사에게 나의 수업공개,2025,2주기,1.0,318,11.36,참여하지 않음
경기학교교육실태조사,중학교,TR_COLLAB_02,C11,교사 전문성,S1102,동료 협력,교사,협력을 통한 수업개선활동 - 2)동료교사에게 나의 수업공개,2025,2주기,2.0,1551,55.39,연1회
경기학교교육실태조사,중학교,TR_COLLAB_02,C11,교사 전문성,S1102,동료 협력,교사,협력을 통한 수업개선활동 - 2)동료교사에게 나의 수업공개,2025,2주기,3.0,746,26.64,연2회
경기학교교육실태조사,중학교,TR_COLLAB_02,C11,교사 전문성,S1102,동료 협력,교사,협력을 통한 수업개선활동 - 2)동료교사에게 나의 수업공개,2025,2주기,4.0,96,3.43,연3회
경기학교교육실태조사,중학교,TR_COLLAB_02,C11,교사 전문성,S1102,동료 협력,교사,협력을 통한 수업개선활동 - 2)동료교사에게 나의 수업공개,2025,2주기,5.0,32,1.14,연4회
경기학교교육실태조사,중학교,TR_COLLAB_02,C11,교사 전문성,S1102,동료 협력,교사,협력을 통한 수업개선활동 - 2)동료교사에게 나의 수업공개,2025,2주기,6.0,57,2.04,연5회 이상
경기학교교육실태조사,중학교,TR_COLLAB_03,C11,교사 전문성,S1102,동료 협력,교사,협력을 통한 수업개선활동 - 3)동료교사의 수업 참관,2021,1주기,1.0,412,7.94,참여 하지 않음
경기학교교육실태조사,중학교,TR_COLLAB_03,C11,교사 전문성,S1102,동료 협력,교사,협력을 통한 수업개선활동 - 3)동료교사의 수업 참관,2021,1주기,2.0,1396,26.9,연1회
경기학교교육실태조사,중학교,TR_COLLAB_03,C11,교사 전문성,S1102,동료 협력,교사,협력을 통한 수업개선활동 - 3)동료교사의 수업 참관,2021,1주기,3.0,1910,36.81,연2회
경기학교교육실태조사,중학교,TR_COLLAB_03,C11,교사 전문성,S1102,동료 협력,교사,협력을 통한 수업개선활동 - 3)동료교사의 수업 참관,2021,1주기,4.0,542,10.45,연3회
경기학교교육실태조사,중학교,TR_COLLAB_03,C11,교사 전문성,S1102,동료 협력,교사,협력을 통한 수업개선활동 - 3)동료교사의 수업 참관,2021,1주기,5.0,297,5.72,연4회
경기학교교육실태조사,중학교,TR_COLLAB_03,C11,교사 전문성,S1102,동료 협력,교사,협력을 통한 수업개선활동 - 3)동료교사의 수업 참관,2021,1주기,6.0,632,12.18,연5회 이상
경기학교교육실태조사,중학교,TR_COLLAB_03,C11,교사 전문성,S1102,동료 협력,교사,협력을 통한 수업개선활동 - 3)동료교사의 수업 참관,2025,2주기,1.0,144,5.14,참여하지 않음
경기학교교육실태조사,중학교,TR_COLLAB_03,C11,교사 전문성,S1102,동료 협력,교사,협력을 통한 수업개선활동 - 3)동료교사의 수업 참관,2025,2주기,2.0,716,25.57,연1회
경기학교교육실태조사,중학교,TR_COLLAB_03,C11,교사 전문성,S1102,동료 협력,교사,협력을 통한 수업개선활동 - 3)동료교사의 수업 참관,2025,2주기,3.0,1137,40.61,연2회
경기학교교육실태조사,중학교,TR_COLLAB_03,C11,교사 전문성,S1102,동료 협력,교사,협력을 통한 수업개선활동 - 3)동료교사의 수업 참관,2025,2주기,4.0,397,14.18,연3회
경기학교교육실태조사,중학교,TR_COLLAB_03,C11,교사 전문성,S1102,동료 협력,교사,협력을 통한 수업개선활동 - 3)동료교사의 수업 참관,2025,2주기,5.0,177,6.32,연4회
경기학교교육실태조사,중학교,TR_COLLAB_03,C11,교사 전문성,S1102,동료 협력,교사,협력을 통한 수업개선활동 - 3)동료교사의 수업 참관,2025,2주기,6.0,229,8.18,연5회 이상
경기학교교육실태조사,중학교,TR_COLLAB_04,C11,교사 전문성,S1102,동료 협력,교사,협력을 통한 수업개선활동 - 4)교내 교과 협의회 활동,2021,1주기,1.0,247,4.76,참여 하지 않음
경기학교교육실태조사,중학교,TR_COLLAB_04,C11,교사 전문성,S1102,동료 협력,교사,협력을 통한 수업개선활동 - 4)교내 교과 협의회 활동,2021,1주기,2.0,358,6.9,연1회
경기학교교육실태조사,중학교,TR_COLLAB_04,C11,교사 전문성,S1102,동료 협력,교사,협력을 통한 수업개선활동 - 4)교내 교과 협의회 활동,2021,1주기,3.0,777,14.97,연2회
경기학교교육실태조사,중학교,TR_COLLAB_04,C11,교사 전문성,S1102,동료 협력,교사,협력을 통한 수업개선활동 - 4)교내 교과 협의회 활동,2021,1주기,4.0,421,8.11,연3회
경기학교교육실태조사,중학교,TR_COLLAB_04,C11,교사 전문성,S1102,동료 협력,교사,협력을 통한 수업개선활동 - 4)교내 교과 협의회 활동,2021,1주기,5.0,631,12.16,연4회
경기학교교육실태조사,중학교,TR_COLLAB_04,C11,교사 전문성,S1102,동료 협력,교사,협력을 통한 수업개선활동 - 4)교내 교과 협의회 활동,2021,1주기,6.0,2755,53.09,연5회 이상
경기학교교육실태조사,중학교,TR_COLLAB_04,C11,교사 전문성,S1102,동료 협력,교사,협력을 통한 수업개선활동 - 4)교내 교과 협의회 활동,2025,2주기,1.0,198,7.07,참여하지 않음
경기학교교육실태조사,중학교,TR_COLLAB_04,C11,교사 전문성,S1102,동료 협력,교사,협력을 통한 수업개선활동 - 4)교내 교과 협의회 활동,2025,2주기,2.0,202,7.21,연1회
경기학교교육실태조사,중학교,TR_COLLAB_04,C11,교사 전문성,S1102,동료 협력,교사,협력을 통한 수업개선활동 - 4)교내 교과 협의회 활동,2025,2주기,3.0,400,14.29,연2회
경기학교교육실태조사,중학교,TR_COLLAB_04,C11,교사 전문성,S1102,동료 협력,교사,협력을 통한 수업개선활동 - 4)교내 교과 협의회 활동,2025,2주기,4.0,237,8.46,연3회
경기학교교육실태조사,중학교,TR_COLLAB_04,C11,교사 전문성,S1102,동료 협력,교사,협력을 통한 수업개선활동 - 4)교내 교과 협의회 활동,2025,2주기,5.0,346,12.36,연4회
경기학교교육실태조사,중학교,TR_COLLAB_04,C11,교사 전문성,S1102,동료 협력,교사,협력을 통한 수업개선활동 - 4)교내 교과 협의회 활동,2025,2주기,6.0,1417,50.61,연5회 이상
경기학교교육실태조사,중학교,TR_COLLAB_05,C11,교사 전문성,S1102,동료 협력,교사,협력을 통한 수업개선활동 - 5)교육청 차원의 교과교육연구회 활동,2021,1주기,1.0,2893,55.75,참여 하지 않음
경기학교교육실태조사,중학교,TR_COLLAB_05,C11,교사 전문성,S1102,동료 협력,교사,협력을 통한 수업개선활동 - 5)교육청 차원의 교과교육연구회 활동,2021,1주기,2.0,728,14.03,연1회
경기학교교육실태조사,중학교,TR_COLLAB_05,C11,교사 전문성,S1102,동료 협력,교사,협력을 통한 수업개선활동 - 5)교육청 차원의 교과교육연구회 활동,2021,1주기,3.0,617,11.89,연2회
경기학교교육실태조사,중학교,TR_COLLAB_05,C11,교사 전문성,S1102,동료 협력,교사,협력을 통한 수업개선활동 - 5)교육청 차원의 교과교육연구회 활동,2021,1주기,4.0,261,5.03,연3회
경기학교교육실태조사,중학교,TR_COLLAB_05,C11,교사 전문성,S1102,동료 협력,교사,협력을 통한 수업개선활동 - 5)교육청 차원의 교과교육연구회 활동,2021,1주기,5.0,143,2.76,연4회
경기학교교육실태조사,중학교,TR_COLLAB_05,C11,교사 전문성,S1102,동료 협력,교사,협력을 통한 수업개선활동 - 5)교육청 차원의 교과교육연구회 활동,2021,1주기,6.0,547,10.54,연5회 이상
경기학교교육실태조사,중학교,TR_COLLAB_05,C11,교사 전문성,S1102,동료 협력,교사,협력을 통한 수업개선활동 - 5)교육청 차원의 교과교육연구회 활동,2025,2주기,1.0,1799,64.25,참여하지 않음
경기학교교육실태조사,중학교,TR_COLLAB_05,C11,교사 전문성,S1102,동료 협력,교사,협력을 통한 수업개선활동 - 5)교육청 차원의 교과교육연구회 활동,2025,2주기,2.0,279,9.96,연1회
경기학교교육실태조사,중학교,TR_COLLAB_05,C11,교사 전문성,S1102,동료 협력,교사,협력을 통한 수업개선활동 - 5)교육청 차원의 교과교육연구회 활동,2025,2주기,3.0,221,7.89,연2회
경기학교교육실태조사,중학교,TR_COLLAB_05,C11,교사 전문성,S1102,동료 협력,교사,협력을 통한 수업개선활동 - 5)교육청 차원의 교과교육연구회 활동,2025,2주기,4.0,129,4.61,연3회
경기학교교육실태조사,중학교,TR_COLLAB_05,C11,교사 전문성,S1102,동료 협력,교사,협력을 통한 수업개선활동 - 5)교육청 차원의 교과교육연구회 활동,2025,2주기,5.0,73,2.61,연4회
경기학교교육실태조사,중학교,TR_COLLAB_05,C11,교사 전문성,S1102,동료 협력,교사,협력을 통한 수업개선활동 - 5)교육청 차원의 교과교육연구회 활동,2025,2주기,6.0,299,10.68,연5회 이상
경기학교교육실태조사,중학교,TR_COLLAB_06,C11,교사 전문성,S1102,동료 협력,교사,협력을 통한 수업개선활동 - 6)교사들의 학교 안 전문적 학습 활동,2021,1주기,1.0,132,2.54,참여 하지 않음
경기학교교육실태조사,중학교,TR_COLLAB_06,C11,교사 전문성,S1102,동료 협력,교사,협력을 통한 수업개선활동 - 6)교사들의 학교 안 전문적 학습 활동,2021,1주기,2.0,152,2.93,연1회
경기학교교육실태조사,중학교,TR_COLLAB_06,C11,교사 전문성,S1102,동료 협력,교사,협력을 통한 수업개선활동 - 6)교사들의 학교 안 전문적 학습 활동,2021,1주기,3.0,248,4.78,연2회
경기학교교육실태조사,중학교,TR_COLLAB_06,C11,교사 전문성,S1102,동료 협력,교사,협력을 통한 수업개선활동 - 6)교사들의 학교 안 전문적 학습 활동,2021,1주기,4.0,180,3.47,연3회
경기학교교육실태조사,중학교,TR_COLLAB_06,C11,교사 전문성,S1102,동료 협력,교사,협력을 통한 수업개선활동 - 6)교사들의 학교 안 전문적 학습 활동,2021,1주기,5.0,199,3.84,연4회
경기학교교육실태조사,중학교,TR_COLLAB_06,C11,교사 전문성,S1102,동료 협력,교사,협력을 통한 수업개선활동 - 6)교사들의 학교 안 전문적 학습 활동,2021,1주기,6.0,4278,82.44,연5회 이상
경기학교교육실태조사,중학교,TR_COLLAB_06,C11,교사 전문성,S1102,동료 협력,교사,협력을 통한 수업개선활동 - 6)교사들의 학교 안 전문적 학습 활동,2025,2주기,1.0,136,4.86,참여하지 않음
경기학교교육실태조사,중학교,TR_COLLAB_06,C11,교사 전문성,S1102,동료 협력,교사,협력을 통한 수업개선활동 - 6)교사들의 학교 안 전문적 학습 활동,2025,2주기,2.0,107,3.82,연1회
경기학교교육실태조사,중학교,TR_COLLAB_06,C11,교사 전문성,S1102,동료 협력,교사,협력을 통한 수업개선활동 - 6)교사들의 학교 안 전문적 학습 활동,2025,2주기,3.0,132,4.71,연2회
경기학교교육실태조사,중학교,TR_COLLAB_06,C11,교사 전문성,S1102,동료 협력,교사,협력을 통한 수업개선활동 - 6)교사들의 학교 안 전문적 학습 활동,2025,2주기,4.0,100,3.57,연3회
경기학교교육실태조사,중학교,TR_COLLAB_06,C11,교사 전문성,S1102,동료 협력,교사,협력을 통한 수업개선활동 - 6)교사들의 학교 안 전문적 학습 활동,2025,2주기,5.0,90,3.21,연4회
경기학교교육실태조사,중학교,TR_COLLAB_06,C11,교사 전문성,S1102,동료 협력,교사,협력을 통한 수업개선활동 - 6)교사들의 학교 안 전문적 학습 활동,2025,2주기,6.0,2235,79.82,연5회 이상
경기학교교육실태조사,중학교,TR_COLLAB_07,C11,교사 전문성,S1102,동료 협력,교사,협력을 통한 수업개선활동 - 7)교사들의 학교 밖 전문적 학습 활동,2021,1주기,1.0,2910,56.08,참여 하지 않음
경기학교교육실태조사,중학교,TR_COLLAB_07,C11,교사 전문성,S1102,동료 협력,교사,협력을 통한 수업개선활동 - 7)교사들의 학교 밖 전문적 학습 활동,2021,1주기,2.0,593,11.43,연1회
경기학교교육실태조사,중학교,TR_COLLAB_07,C11,교사 전문성,S1102,동료 협력,교사,협력을 통한 수업개선활동 - 7)교사들의 학교 밖 전문적 학습 활동,2021,1주기,3.0,516,9.94,연2회
경기학교교육실태조사,중학교,TR_COLLAB_07,C11,교사 전문성,S1102,동료 협력,교사,협력을 통한 수업개선활동 - 7)교사들의 학교 밖 전문적 학습 활동,2021,1주기,4.0,235,4.53,연3회
경기학교교육실태조사,중학교,TR_COLLAB_07,C11,교사 전문성,S1102,동료 협력,교사,협력을 통한 수업개선활동 - 7)교사들의 학교 밖 전문적 학습 활동,2021,1주기,5.0,160,3.08,연4회
경기학교교육실태조사,중학교,TR_COLLAB_07,C11,교사 전문성,S1102,동료 협력,교사,협력을 통한 수업개선활동 - 7)교사들의 학교 밖 전문적 학습 활동,2021,1주기,6.0,775,14.94,연5회 이상
경기학교교육실태조사,중학교,TR_COLLAB_07,C11,교사 전문성,S1102,동료 협력,교사,협력을 통한 수업개선활동 - 7)교사들의 학교 밖 전문적 학습 활동,2025,2주기,1.0,1650,58.93,참여하지 않음
경기학교교육실태조사,중학교,TR_COLLAB_07,C11,교사 전문성,S1102,동료 협력,교사,협력을 통한 수업개선활동 - 7)교사들의 학교 밖 전문적 학습 활동,2025,2주기,2.0,294,10.5,연1회
경기학교교육실태조사,중학교,TR_COLLAB_07,C11,교사 전문성,S1102,동료 협력,교사,협력을 통한 수업개선활동 - 7)교사들의 학교 밖 전문적 학습 활동,2025,2주기,3.0,249,8.89,연2회
경기학교교육실태조사,중학교,TR_COLLAB_07,C11,교사 전문성,S1102,동료 협력,교사,협력을 통한 수업개선활동 - 7)교사들의 학교 밖 전문적 학습 활동,2025,2주기,4.0,134,4.79,연3회
경기학교교육실태조사,중학교,TR_COLLAB_07,C11,교사 전문성,S1102,동료 협력,교사,협력을 통한 수업개선활동 - 7)교사들의 학교 밖 전문적 학습 활동,2025,2주기,5.0,95,3.39,연4회
경기학교교육실태조사,중학교,TR_COLLAB_07,C11,교사 전문성,S1102,동료 협력,교사,협력을 통한 수업개선활동 - 7)교사들의 학교 밖 전문적 학습 활동,2025,2주기,6.0,378,13.5,연5회 이상
경기학교교육실태조사,중학교,TR_COMMUNITY_01,C12,학교풍토·리더십,S1203,지역사회 연계,교사,지역사회와의 연계 - 1)우리 학교는 학교와 학부모 혹은 지역사회기관과의 연계협력을 중요하게 생각한다,2021,1주기,1.0,27,0.52,전혀 그렇지 않다
경기학교교육실태조사,중학교,TR_COMMUNITY_01,C12,학교풍토·리더십,S1203,지역사회 연계,교사,지역사회와의 연계 - 1)우리 학교는 학교와 학부모 혹은 지역사회기관과의 연계협력을 중요하게 생각한다,2021,1주기,2.0,112,2.16,그렇지 않다
경기학교교육실태조사,중학교,TR_COMMUNITY_01,C12,학교풍토·리더십,S1203,지역사회 연계,교사,지역사회와의 연계 - 1)우리 학교는 학교와 학부모 혹은 지역사회기관과의 연계협력을 중요하게 생각한다,2021,1주기,3.0,1146,22.09,보통이다
경기학교교육실태조사,중학교,TR_COMMUNITY_01,C12,학교풍토·리더십,S1203,지역사회 연계,교사,지역사회와의 연계 - 1)우리 학교는 학교와 학부모 혹은 지역사회기관과의 연계협력을 중요하게 생각한다,2021,1주기,4.0,2481,47.81,그렇다
경기학교교육실태조사,중학교,TR_COMMUNITY_01,C12,학교풍토·리더십,S1203,지역사회 연계,교사,지역사회와의 연계 - 1)우리 학교는 학교와 학부모 혹은 지역사회기관과의 연계협력을 중요하게 생각한다,2021,1주기,5.0,1423,27.42,매우 그렇다
경기학교교육실태조사,중학교,TR_COMMUNITY_01,C12,학교풍토·리더십,S1203,지역사회 연계,교사,지역사회와의 연계 - 1)우리 학교는 학교와 학부모 혹은 지역사회기관과의 연계협력을 중요하게 생각한다,2025,2주기,1.0,16,0.57,전혀그렇지않다
경기학교교육실태조사,중학교,TR_COMMUNITY_01,C12,학교풍토·리더십,S1203,지역사회 연계,교사,지역사회와의 연계 - 1)우리 학교는 학교와 학부모 혹은 지역사회기관과의 연계협력을 중요하게 생각한다,2025,2주기,2.0,85,3.04,그렇지않다
경기학교교육실태조사,중학교,TR_COMMUNITY_01,C12,학교풍토·리더십,S1203,지역사회 연계,교사,지역사회와의 연계 - 1)우리 학교는 학교와 학부모 혹은 지역사회기관과의 연계협력을 중요하게 생각한다,2025,2주기,3.0,748,26.71,보통이다
경기학교교육실태조사,중학교,TR_COMMUNITY_01,C12,학교풍토·리더십,S1203,지역사회 연계,교사,지역사회와의 연계 - 1)우리 학교는 학교와 학부모 혹은 지역사회기관과의 연계협력을 중요하게 생각한다,2025,2주기,4.0,1377,49.18,그렇다
경기학교교육실태조사,중학교,TR_COMMUNITY_01,C12,학교풍토·리더십,S1203,지역사회 연계,교사,지역사회와의 연계 - 1)우리 학교는 학교와 학부모 혹은 지역사회기관과의 연계협력을 중요하게 생각한다,2025,2주기,5.0,574,20.5,매우그렇다
경기학교교육실태조사,중학교,TR_COMMUNITY_02,C12,학교풍토·리더십,S1203,지역사회 연계,교사,지역사회와의 연계 - 2)우리 학교는 학부모나 지역사회기관으로부터 학교 교육활동에 대한 다양한 도움을 받고 있다,2021,1주기,1.0,35,0.67,전혀 그렇지 않다
경기학교교육실태조사,중학교,TR_COMMUNITY_02,C12,학교풍토·리더십,S1203,지역사회 연계,교사,지역사회와의 연계 - 2)우리 학교는 학부모나 지역사회기관으로부터 학교 교육활동에 대한 다양한 도움을 받고 있다,2021,1주기,2.0,181,3.49,그렇지 않다
경기학교교육실태조사,중학교,TR_COMMUNITY_02,C12,학교풍토·리더십,S1203,지역사회 연계,교사,지역사회와의 연계 - 2)우리 학교는 학부모나 지역사회기관으로부터 학교 교육활동에 대한 다양한 도움을 받고 있다,2021,1주기,3.0,1423,27.42,보통이다
경기학교교육실태조사,중학교,TR_COMMUNITY_02,C12,학교풍토·리더십,S1203,지역사회 연계,교사,지역사회와의 연계 - 2)우리 학교는 학부모나 지역사회기관으로부터 학교 교육활동에 대한 다양한 도움을 받고 있다,2021,1주기,4.0,2305,44.42,그렇다
경기학교교육실태조사,중학교,TR_COMMUNITY_02,C12,학교풍토·리더십,S1203,지역사회 연계,교사,지역사회와의 연계 - 2)우리 학교는 학부모나 지역사회기관으로부터 학교 교육활동에 대한 다양한 도움을 받고 있다,2021,1주기,5.0,1245,23.99,매우 그렇다
경기학교교육실태조사,중학교,TR_COMMUNITY_02,C12,학교풍토·리더십,S1203,지역사회 연계,교사,지역사회와의 연계 - 2)우리 학교는 학부모나 지역사회기관으로부터 학교 교육활동에 대한 다양한 도움을 받고 있다,2025,2주기,1.0,20,0.71,전혀그렇지않다
경기학교교육실태조사,중학교,TR_COMMUNITY_02,C12,학교풍토·리더십,S1203,지역사회 연계,교사,지역사회와의 연계 - 2)우리 학교는 학부모나 지역사회기관으로부터 학교 교육활동에 대한 다양한 도움을 받고 있다,2025,2주기,2.0,133,4.75,그렇지않다
경기학교교육실태조사,중학교,TR_COMMUNITY_02,C12,학교풍토·리더십,S1203,지역사회 연계,교사,지역사회와의 연계 - 2)우리 학교는 학부모나 지역사회기관으로부터 학교 교육활동에 대한 다양한 도움을 받고 있다,2025,2주기,3.0,852,30.43,보통이다
경기학교교육실태조사,중학교,TR_COMMUNITY_02,C12,학교풍토·리더십,S1203,지역사회 연계,교사,지역사회와의 연계 - 2)우리 학교는 학부모나 지역사회기관으로부터 학교 교육활동에 대한 다양한 도움을 받고 있다,2025,2주기,4.0,1293,46.18,그렇다
경기학교교육실태조사,중학교,TR_COMMUNITY_02,C12,학교풍토·리더십,S1203,지역사회 연계,교사,지역사회와의 연계 - 2)우리 학교는 학부모나 지역사회기관으로부터 학교 교육활동에 대한 다양한 도움을 받고 있다,2025,2주기,5.0,502,17.93,매우그렇다
경기학교교육실태조사,중학교,TR_COMMUNITY_03,C12,학교풍토·리더십,S1203,지역사회 연계,교사,지역사회와의 연계 - 3)우리 학교는 지역사회에 도움을 준다,2021,1주기,1.0,25,0.48,전혀 그렇지 않다
경기학교교육실태조사,중학교,TR_COMMUNITY_03,C12,학교풍토·리더십,S1203,지역사회 연계,교사,지역사회와의 연계 - 3)우리 학교는 지역사회에 도움을 준다,2021,1주기,2.0,125,2.41,그렇지 않다
경기학교교육실태조사,중학교,TR_COMMUNITY_03,C12,학교풍토·리더십,S1203,지역사회 연계,교사,지역사회와의 연계 - 3)우리 학교는 지역사회에 도움을 준다,2021,1주기,3.0,1466,28.25,보통이다
경기학교교육실태조사,중학교,TR_COMMUNITY_03,C12,학교풍토·리더십,S1203,지역사회 연계,교사,지역사회와의 연계 - 3)우리 학교는 지역사회에 도움을 준다,2021,1주기,4.0,2339,45.08,그렇다
경기학교교육실태조사,중학교,TR_COMMUNITY_03,C12,학교풍토·리더십,S1203,지역사회 연계,교사,지역사회와의 연계 - 3)우리 학교는 지역사회에 도움을 준다,2021,1주기,5.0,1234,23.78,매우 그렇다
경기학교교육실태조사,중학교,TR_COMMUNITY_03,C12,학교풍토·리더십,S1203,지역사회 연계,교사,지역사회와의 연계 - 3)우리 학교는 지역사회에 도움을 준다,2025,2주기,1.0,23,0.82,전혀그렇지않다
경기학교교육실태조사,중학교,TR_COMMUNITY_03,C12,학교풍토·리더십,S1203,지역사회 연계,교사,지역사회와의 연계 - 3)우리 학교는 지역사회에 도움을 준다,2025,2주기,2.0,90,3.21,그렇지않다
경기학교교육실태조사,중학교,TR_COMMUNITY_03,C12,학교풍토·리더십,S1203,지역사회 연계,교사,지역사회와의 연계 - 3)우리 학교는 지역사회에 도움을 준다,2025,2주기,3.0,856,30.57,보통이다
경기학교교육실태조사,중학교,TR_COMMUNITY_03,C12,학교풍토·리더십,S1203,지역사회 연계,교사,지역사회와의 연계 - 3)우리 학교는 지역사회에 도움을 준다,2025,2주기,4.0,1261,45.04,그렇다
경기학교교육실태조사,중학교,TR_COMMUNITY_03,C12,학교풍토·리더십,S1203,지역사회 연계,교사,지역사회와의 연계 - 3)우리 학교는 지역사회에 도움을 준다,2025,2주기,5.0,570,20.36,매우그렇다
경기학교교육실태조사,중학교,TR_COMMUNITY_04,C12,학교풍토·리더십,S1203,지역사회 연계,교사,지역사회와의 연계 - 4)우리 학교는 학부모나 지역사회기관과 연계하여 진행하고 있는 프로그램에 학생들이 적극적으로 참여한다,2021,1주기,1.0,29,0.56,전혀 그렇지 않다
경기학교교육실태조사,중학교,TR_COMMUNITY_04,C12,학교풍토·리더십,S1203,지역사회 연계,교사,지역사회와의 연계 - 4)우리 학교는 학부모나 지역사회기관과 연계하여 진행하고 있는 프로그램에 학생들이 적극적으로 참여한다,2021,1주기,2.0,208,4.01,그렇지 않다
경기학교교육실태조사,중학교,TR_COMMUNITY_04,C12,학교풍토·리더십,S1203,지역사회 연계,교사,지역사회와의 연계 - 4)우리 학교는 학부모나 지역사회기관과 연계하여 진행하고 있는 프로그램에 학생들이 적극적으로 참여한다,2021,1주기,3.0,1523,29.35,보통이다
경기학교교육실태조사,중학교,TR_COMMUNITY_04,C12,학교풍토·리더십,S1203,지역사회 연계,교사,지역사회와의 연계 - 4)우리 학교는 학부모나 지역사회기관과 연계하여 진행하고 있는 프로그램에 학생들이 적극적으로 참여한다,2021,1주기,4.0,2225,42.88,그렇다
경기학교교육실태조사,중학교,TR_COMMUNITY_04,C12,학교풍토·리더십,S1203,지역사회 연계,교사,지역사회와의 연계 - 4)우리 학교는 학부모나 지역사회기관과 연계하여 진행하고 있는 프로그램에 학생들이 적극적으로 참여한다,2021,1주기,5.0,1204,23.2,매우 그렇다
경기학교교육실태조사,중학교,TR_COMMUNITY_04,C12,학교풍토·리더십,S1203,지역사회 연계,교사,지역사회와의 연계 - 4)우리 학교는 학부모나 지역사회기관과 연계하여 진행하고 있는 프로그램에 학생들이 적극적으로 참여한다,2025,2주기,1.0,16,0.57,전혀그렇지않다
경기학교교육실태조사,중학교,TR_COMMUNITY_04,C12,학교풍토·리더십,S1203,지역사회 연계,교사,지역사회와의 연계 - 4)우리 학교는 학부모나 지역사회기관과 연계하여 진행하고 있는 프로그램에 학생들이 적극적으로 참여한다,2025,2주기,2.0,164,5.86,그렇지않다
경기학교교육실태조사,중학교,TR_COMMUNITY_04,C12,학교풍토·리더십,S1203,지역사회 연계,교사,지역사회와의 연계 - 4)우리 학교는 학부모나 지역사회기관과 연계하여 진행하고 있는 프로그램에 학생들이 적극적으로 참여한다,2025,2주기,3.0,848,30.29,보통이다
경기학교교육실태조사,중학교,TR_COMMUNITY_04,C12,학교풍토·리더십,S1203,지역사회 연계,교사,지역사회와의 연계 - 4)우리 학교는 학부모나 지역사회기관과 연계하여 진행하고 있는 프로그램에 학생들이 적극적으로 참여한다,2025,2주기,4.0,1203,42.96,그렇다
경기학교교육실태조사,중학교,TR_COMMUNITY_04,C12,학교풍토·리더십,S1203,지역사회 연계,교사,지역사회와의 연계 - 4)우리 학교는 학부모나 지역사회기관과 연계하여 진행하고 있는 프로그램에 학생들이 적극적으로 참여한다,2025,2주기,5.0,569,20.32,매우그렇다
경기학교교육실태조사,중학교,TR_COMMUNITY_05,C12,학교풍토·리더십,S1203,지역사회 연계,교사,지역사회와의 연계 - 5)우리 학교는 학생들을 지원하기 위해 학부모나 지역사회기관과 협의회나 모임을 적극적으로 개최한다,2021,1주기,1.0,42,0.81,전혀 그렇지 않다
경기학교교육실태조사,중학교,TR_COMMUNITY_05,C12,학교풍토·리더십,S1203,지역사회 연계,교사,지역사회와의 연계 - 5)우리 학교는 학생들을 지원하기 위해 학부모나 지역사회기관과 협의회나 모임을 적극적으로 개최한다,2021,1주기,2.0,226,4.36,그렇지 않다
경기학교교육실태조사,중학교,TR_COMMUNITY_05,C12,학교풍토·리더십,S1203,지역사회 연계,교사,지역사회와의 연계 - 5)우리 학교는 학생들을 지원하기 위해 학부모나 지역사회기관과 협의회나 모임을 적극적으로 개최한다,2021,1주기,3.0,1709,32.94,보통이다
경기학교교육실태조사,중학교,TR_COMMUNITY_05,C12,학교풍토·리더십,S1203,지역사회 연계,교사,지역사회와의 연계 - 5)우리 학교는 학생들을 지원하기 위해 학부모나 지역사회기관과 협의회나 모임을 적극적으로 개최한다,2021,1주기,4.0,2076,40.01,그렇다
경기학교교육실태조사,중학교,TR_COMMUNITY_05,C12,학교풍토·리더십,S1203,지역사회 연계,교사,지역사회와의 연계 - 5)우리 학교는 학생들을 지원하기 위해 학부모나 지역사회기관과 협의회나 모임을 적극적으로 개최한다,2021,1주기,5.0,1136,21.89,매우 그렇다
경기학교교육실태조사,중학교,TR_COMMUNITY_05,C12,학교풍토·리더십,S1203,지역사회 연계,교사,지역사회와의 연계 - 5)우리 학교는 학생들을 지원하기 위해 학부모나 지역사회기관과 협의회나 모임을 적극적으로 개최한다,2025,2주기,1.0,28,1.0,전혀그렇지않다
경기학교교육실태조사,중학교,TR_COMMUNITY_05,C12,학교풍토·리더십,S1203,지역사회 연계,교사,지역사회와의 연계 - 5)우리 학교는 학생들을 지원하기 위해 학부모나 지역사회기관과 협의회나 모임을 적극적으로 개최한다,2025,2주기,2.0,222,7.93,그렇지않다
경기학교교육실태조사,중학교,TR_COMMUNITY_05,C12,학교풍토·리더십,S1203,지역사회 연계,교사,지역사회와의 연계 - 5)우리 학교는 학생들을 지원하기 위해 학부모나 지역사회기관과 협의회나 모임을 적극적으로 개최한다,2025,2주기,3.0,1063,37.96,보통이다
경기학교교육실태조사,중학교,TR_COMMUNITY_05,C12,학교풍토·리더십,S1203,지역사회 연계,교사,지역사회와의 연계 - 5)우리 학교는 학생들을 지원하기 위해 학부모나 지역사회기관과 협의회나 모임을 적극적으로 개최한다,2025,2주기,4.0,1063,37.96,그렇다
경기학교교육실태조사,중학교,TR_COMMUNITY_05,C12,학교풍토·리더십,S1203,지역사회 연계,교사,지역사회와의 연계 - 5)우리 학교는 학생들을 지원하기 위해 학부모나 지역사회기관과 협의회나 모임을 적극적으로 개최한다,2025,2주기,5.0,424,15.14,매우그렇다
경기학교교육실태조사,중학교,TR_COUNCIL_01,C08,참여·자치,S0801,학생자치,교사,학교 자치회 활성화 - 1)학교운영위원회,2021,1주기,1.0,14,0.27,전혀 그렇지 않다
경기학교교육실태조사,중학교,TR_COUNCIL_01,C08,참여·자치,S0801,학생자치,교사,학교 자치회 활성화 - 1)학교운영위원회,2021,1주기,2.0,21,0.4,그렇지 않다
경기학교교육실태조사,중학교,TR_COUNCIL_01,C08,참여·자치,S0801,학생자치,교사,학교 자치회 활성화 - 1)학교운영위원회,2021,1주기,3.0,513,9.89,보통이다
경기학교교육실태조사,중학교,TR_COUNCIL_01,C08,참여·자치,S0801,학생자치,교사,학교 자치회 활성화 - 1)학교운영위원회,2021,1주기,4.0,2013,38.79,그렇다
경기학교교육실태조사,중학교,TR_COUNCIL_01,C08,참여·자치,S0801,학생자치,교사,학교 자치회 활성화 - 1)학교운영위원회,2021,1주기,5.0,2628,50.65,매우 그렇다
경기학교교육실태조사,중학교,TR_COUNCIL_01,C08,참여·자치,S0801,학생자치,교사,학교 자치회 활성화 - 1)학교운영위원회,2025,2주기,1.0,26,0.93,전혀그렇지않다
경기학교교육실태조사,중학교,TR_COUNCIL_01,C08,참여·자치,S0801,학생자치,교사,학교 자치회 활성화 - 1)학교운영위원회,2025,2주기,2.0,42,1.5,그렇지않다
경기학교교육실태조사,중학교,TR_COUNCIL_01,C08,참여·자치,S0801,학생자치,교사,학교 자치회 활성화 - 1)학교운영위원회,2025,2주기,3.0,563,20.11,보통이다
경기학교교육실태조사,중학교,TR_COUNCIL_01,C08,참여·자치,S0801,학생자치,교사,학교 자치회 활성화 - 1)학교운영위원회,2025,2주기,4.0,1304,46.57,그렇다
경기학교교육실태조사,중학교,TR_COUNCIL_01,C08,참여·자치,S0801,학생자치,교사,학교 자치회 활성화 - 1)학교운영위원회,2025,2주기,5.0,865,30.89,매우그렇다
경기학교교육실태조사,중학교,TR_COUNCIL_02,C08,참여·자치,S0801,학생자치,교사,학교 자치회 활성화 - 2)학년 협의회,2021,1주기,1.0,13,0.25,전혀 그렇지 않다
경기학교교육실태조사,중학교,TR_COUNCIL_02,C08,참여·자치,S0801,학생자치,교사,학교 자치회 활성화 - 2)학년 협의회,2021,1주기,2.0,31,0.6,그렇지 않다
경기학교교육실태조사,중학교,TR_COUNCIL_02,C08,참여·자치,S0801,학생자치,교사,학교 자치회 활성화 - 2)학년 협의회,2021,1주기,3.0,446,8.6,보통이다
경기학교교육실태조사,중학교,TR_COUNCIL_02,C08,참여·자치,S0801,학생자치,교사,학교 자치회 활성화 - 2)학년 협의회,2021,1주기,4.0,1858,35.81,그렇다
경기학교교육실태조사,중학교,TR_COUNCIL_02,C08,참여·자치,S0801,학생자치,교사,학교 자치회 활성화 - 2)학년 협의회,2021,1주기,5.0,2841,54.75,매우 그렇다
경기학교교육실태조사,중학교,TR_COUNCIL_02,C08,참여·자치,S0801,학생자치,교사,학교 자치회 활성화 - 2)학년 협의회,2025,2주기,1.0,22,0.79,전혀그렇지않다
경기학교교육실태조사,중학교,TR_COUNCIL_02,C08,참여·자치,S0801,학생자치,교사,학교 자치회 활성화 - 2)학년 협의회,2025,2주기,2.0,49,1.75,그렇지않다
경기학교교육실태조사,중학교,TR_COUNCIL_02,C08,참여·자치,S0801,학생자치,교사,학교 자치회 활성화 - 2)학년 협의회,2025,2주기,3.0,368,13.14,보통이다
경기학교교육실태조사,중학교,TR_COUNCIL_02,C08,참여·자치,S0801,학생자치,교사,학교 자치회 활성화 - 2)학년 협의회,2025,2주기,4.0,1090,38.93,그렇다
경기학교교육실태조사,중학교,TR_COUNCIL_02,C08,참여·자치,S0801,학생자치,교사,학교 자치회 활성화 - 2)학년 협의회,2025,2주기,5.0,1271,45.39,매우그렇다
경기학교교육실태조사,중학교,TR_COUNCIL_03,C08,참여·자치,S0801,학생자치,교사,학교 자치회 활성화 - 3)교과 협의회,2021,1주기,1.0,13,0.25,전혀 그렇지 않다
경기학교교육실태조사,중학교,TR_COUNCIL_03,C08,참여·자치,S0801,학생자치,교사,학교 자치회 활성화 - 3)교과 협의회,2021,1주기,2.0,38,0.73,그렇지 않다
경기학교교육실태조사,중학교,TR_COUNCIL_03,C08,참여·자치,S0801,학생자치,교사,학교 자치회 활성화 - 3)교과 협의회,2021,1주기,3.0,454,8.75,보통이다
경기학교교육실태조사,중학교,TR_COUNCIL_03,C08,참여·자치,S0801,학생자치,교사,학교 자치회 활성화 - 3)교과 협의회,2021,1주기,4.0,1934,37.27,그렇다
경기학교교육실태조사,중학교,TR_COUNCIL_03,C08,참여·자치,S0801,학생자치,교사,학교 자치회 활성화 - 3)교과 협의회,2021,1주기,5.0,2750,53.0,매우 그렇다
경기학교교육실태조사,중학교,TR_COUNCIL_03,C08,참여·자치,S0801,학생자치,교사,학교 자치회 활성화 - 3)교과 협의회,2025,2주기,1.0,21,0.75,전혀그렇지않다
경기학교교육실태조사,중학교,TR_COUNCIL_03,C08,참여·자치,S0801,학생자치,교사,학교 자치회 활성화 - 3)교과 협의회,2025,2주기,2.0,62,2.21,그렇지않다
경기학교교육실태조사,중학교,TR_COUNCIL_03,C08,참여·자치,S0801,학생자치,교사,학교 자치회 활성화 - 3)교과 협의회,2025,2주기,3.0,428,15.29,보통이다
경기학교교육실태조사,중학교,TR_COUNCIL_03,C08,참여·자치,S0801,학생자치,교사,학교 자치회 활성화 - 3)교과 협의회,2025,2주기,4.0,1167,41.68,그렇다
경기학교교육실태조사,중학교,TR_COUNCIL_03,C08,참여·자치,S0801,학생자치,교사,학교 자치회 활성화 - 3)교과 협의회,2025,2주기,5.0,1122,40.07,매우그렇다
경기학교교육실태조사,중학교,TR_COUNCIL_04,C08,참여·자치,S0801,학생자치,교사,학교 자치회 활성화 - 4)교직원 협의회,2021,1주기,1.0,17,0.33,전혀 그렇지 않다
경기학교교육실태조사,중학교,TR_COUNCIL_04,C08,참여·자치,S0801,학생자치,교사,학교 자치회 활성화 - 4)교직원 협의회,2021,1주기,2.0,33,0.64,그렇지 않다
경기학교교육실태조사,중학교,TR_COUNCIL_04,C08,참여·자치,S0801,학생자치,교사,학교 자치회 활성화 - 4)교직원 협의회,2021,1주기,3.0,452,8.71,보통이다
경기학교교육실태조사,중학교,TR_COUNCIL_04,C08,참여·자치,S0801,학생자치,교사,학교 자치회 활성화 - 4)교직원 협의회,2021,1주기,4.0,1854,35.73,그렇다
경기학교교육실태조사,중학교,TR_COUNCIL_04,C08,참여·자치,S0801,학생자치,교사,학교 자치회 활성화 - 4)교직원 협의회,2021,1주기,5.0,2833,54.6,매우 그렇다
경기학교교육실태조사,중학교,TR_COUNCIL_04,C08,참여·자치,S0801,학생자치,교사,학교 자치회 활성화 - 4)교직원 협의회,2025,2주기,1.0,26,0.93,전혀그렇지않다
경기학교교육실태조사,중학교,TR_COUNCIL_04,C08,참여·자치,S0801,학생자치,교사,학교 자치회 활성화 - 4)교직원 협의회,2025,2주기,2.0,69,2.46,그렇지않다
경기학교교육실태조사,중학교,TR_COUNCIL_04,C08,참여·자치,S0801,학생자치,교사,학교 자치회 활성화 - 4)교직원 협의회,2025,2주기,3.0,446,15.93,보통이다
경기학교교육실태조사,중학교,TR_COUNCIL_04,C08,참여·자치,S0801,학생자치,교사,학교 자치회 활성화 - 4)교직원 협의회,2025,2주기,4.0,1172,41.86,그렇다
경기학교교육실태조사,중학교,TR_COUNCIL_04,C08,참여·자치,S0801,학생자치,교사,학교 자치회 활성화 - 4)교직원 협의회,2025,2주기,5.0,1087,38.82,매우그렇다
경기학교교육실태조사,중학교,TR_COUNCIL_05,C08,참여·자치,S0801,학생자치,교사,학교 자치회 활성화 - 5)교사 동호회,2021,1주기,1.0,672,12.95,전혀 그렇지 않다
경기학교교육실태조사,중학교,TR_COUNCIL_05,C08,참여·자치,S0801,학생자치,교사,학교 자치회 활성화 - 5)교사 동호회,2021,1주기,2.0,722,13.91,그렇지 않다
경기학교교육실태조사,중학교,TR_COUNCIL_05,C08,참여·자치,S0801,학생자치,교사,학교 자치회 활성화 - 5)교사 동호회,2021,1주기,3.0,1355,26.11,보통이다
경기학교교육실태조사,중학교,TR_COUNCIL_05,C08,참여·자치,S0801,학생자치,교사,학교 자치회 활성화 - 5)교사 동호회,2021,1주기,4.0,1270,24.47,그렇다
경기학교교육실태조사,중학교,TR_COUNCIL_05,C08,참여·자치,S0801,학생자치,교사,학교 자치회 활성화 - 5)교사 동호회,2021,1주기,5.0,1170,22.55,매우 그렇다
경기학교교육실태조사,중학교,TR_COUNCIL_05,C08,참여·자치,S0801,학생자치,교사,학교 자치회 활성화 - 5)교사 동호회,2025,2주기,1.0,241,8.61,전혀그렇지않다
경기학교교육실태조사,중학교,TR_COUNCIL_05,C08,참여·자치,S0801,학생자치,교사,학교 자치회 활성화 - 5)교사 동호회,2025,2주기,2.0,382,13.64,그렇지않다
경기학교교육실태조사,중학교,TR_COUNCIL_05,C08,참여·자치,S0801,학생자치,교사,학교 자치회 활성화 - 5)교사 동호회,2025,2주기,3.0,823,29.39,보통이다
경기학교교육실태조사,중학교,TR_COUNCIL_05,C08,참여·자치,S0801,학생자치,교사,학교 자치회 활성화 - 5)교사 동호회,2025,2주기,4.0,826,29.5,그렇다
경기학교교육실태조사,중학교,TR_COUNCIL_05,C08,참여·자치,S0801,학생자치,교사,학교 자치회 활성화 - 5)교사 동호회,2025,2주기,5.0,528,18.86,매우그렇다
경기학교교육실태조사,중학교,TR_COUNCIL_06,C08,참여·자치,S0801,학생자치,교사,학교 자치회 활성화 - 6)학생자치회,2021,1주기,1.0,22,0.42,전혀 그렇지 않다
경기학교교육실태조사,중학교,TR_COUNCIL_06,C08,참여·자치,S0801,학생자치,교사,학교 자치회 활성화 - 6)학생자치회,2021,1주기,2.0,57,1.1,그렇지 않다
경기학교교육실태조사,중학교,TR_COUNCIL_06,C08,참여·자치,S0801,학생자치,교사,학교 자치회 활성화 - 6)학생자치회,2021,1주기,3.0,712,13.72,보통이다
경기학교교육실태조사,중학교,TR_COUNCIL_06,C08,참여·자치,S0801,학생자치,교사,학교 자치회 활성화 - 6)학생자치회,2021,1주기,4.0,2052,39.55,그렇다
경기학교교육실태조사,중학교,TR_COUNCIL_06,C08,참여·자치,S0801,학생자치,교사,학교 자치회 활성화 - 6)학생자치회,2021,1주기,5.0,2346,45.21,매우 그렇다
경기학교교육실태조사,중학교,TR_COUNCIL_06,C08,참여·자치,S0801,학생자치,교사,학교 자치회 활성화 - 6)학생자치회,2025,2주기,1.0,28,1.0,전혀그렇지않다
경기학교교육실태조사,중학교,TR_COUNCIL_06,C08,참여·자치,S0801,학생자치,교사,학교 자치회 활성화 - 6)학생자치회,2025,2주기,2.0,88,3.14,그렇지않다
경기학교교육실태조사,중학교,TR_COUNCIL_06,C08,참여·자치,S0801,학생자치,교사,학교 자치회 활성화 - 6)학생자치회,2025,2주기,3.0,492,17.57,보통이다
경기학교교육실태조사,중학교,TR_COUNCIL_06,C08,참여·자치,S0801,학생자치,교사,학교 자치회 활성화 - 6)학생자치회,2025,2주기,4.0,1134,40.5,그렇다
경기학교교육실태조사,중학교,TR_COUNCIL_06,C08,참여·자치,S0801,학생자치,교사,학교 자치회 활성화 - 6)학생자치회,2025,2주기,5.0,1058,37.79,매우그렇다
경기학교교육실태조사,중학교,TR_COUNCIL_07,C08,참여·자치,S0801,학생자치,교사,학교 자치회 활성화 - 7)학생 동아리,2021,1주기,1.0,36,0.69,전혀 그렇지 않다
경기학교교육실태조사,중학교,TR_COUNCIL_07,C08,참여·자치,S0801,학생자치,교사,학교 자치회 활성화 - 7)학생 동아리,2021,1주기,2.0,104,2.0,그렇지 않다
경기학교교육실태조사,중학교,TR_COUNCIL_07,C08,참여·자치,S0801,학생자치,교사,학교 자치회 활성화 - 7)학생 동아리,2021,1주기,3.0,812,15.65,보통이다
경기학교교육실태조사,중학교,TR_COUNCIL_07,C08,참여·자치,S0801,학생자치,교사,학교 자치회 활성화 - 7)학생 동아리,2021,1주기,4.0,2090,40.28,그렇다
경기학교교육실태조사,중학교,TR_COUNCIL_07,C08,참여·자치,S0801,학생자치,교사,학교 자치회 활성화 - 7)학생 동아리,2021,1주기,5.0,2147,41.38,매우 그렇다
경기학교교육실태조사,중학교,TR_COUNCIL_07,C08,참여·자치,S0801,학생자치,교사,학교 자치회 활성화 - 7)학생 동아리,2025,2주기,1.0,21,0.75,전혀그렇지않다
경기학교교육실태조사,중학교,TR_COUNCIL_07,C08,참여·자치,S0801,학생자치,교사,학교 자치회 활성화 - 7)학생 동아리,2025,2주기,2.0,77,2.75,그렇지않다
경기학교교육실태조사,중학교,TR_COUNCIL_07,C08,참여·자치,S0801,학생자치,교사,학교 자치회 활성화 - 7)학생 동아리,2025,2주기,3.0,599,21.39,보통이다
경기학교교육실태조사,중학교,TR_COUNCIL_07,C08,참여·자치,S0801,학생자치,교사,학교 자치회 활성화 - 7)학생 동아리,2025,2주기,4.0,1205,43.04,그렇다
경기학교교육실태조사,중학교,TR_COUNCIL_07,C08,참여·자치,S0801,학생자치,교사,학교 자치회 활성화 - 7)학생 동아리,2025,2주기,5.0,898,32.07,매우그렇다
경기학교교육실태조사,중학교,TR_COUNCIL_08,C08,참여·자치,S0801,학생자치,교사,학교 자치회 활성화 - 8)학부모회,2021,1주기,1.0,67,1.29,전혀 그렇지 않다
경기학교교육실태조사,중학교,TR_COUNCIL_08,C08,참여·자치,S0801,학생자치,교사,학교 자치회 활성화 - 8)학부모회,2021,1주기,2.0,228,4.39,그렇지 않다
경기학교교육실태조사,중학교,TR_COUNCIL_08,C08,참여·자치,S0801,학생자치,교사,학교 자치회 활성화 - 8)학부모회,2021,1주기,3.0,1426,27.48,보통이다
경기학교교육실태조사,중학교,TR_COUNCIL_08,C08,참여·자치,S0801,학생자치,교사,학교 자치회 활성화 - 8)학부모회,2021,1주기,4.0,1984,38.23,그렇다
경기학교교육실태조사,중학교,TR_COUNCIL_08,C08,참여·자치,S0801,학생자치,교사,학교 자치회 활성화 - 8)학부모회,2021,1주기,5.0,1484,28.6,매우 그렇다
경기학교교육실태조사,중학교,TR_COUNCIL_08,C08,참여·자치,S0801,학생자치,교사,학교 자치회 활성화 - 8)학부모회,2025,2주기,1.0,28,1.0,전혀그렇지않다
경기학교교육실태조사,중학교,TR_COUNCIL_08,C08,참여·자치,S0801,학생자치,교사,학교 자치회 활성화 - 8)학부모회,2025,2주기,2.0,127,4.54,그렇지않다
경기학교교육실태조사,중학교,TR_COUNCIL_08,C08,참여·자치,S0801,학생자치,교사,학교 자치회 활성화 - 8)학부모회,2025,2주기,3.0,789,28.18,보통이다
경기학교교육실태조사,중학교,TR_COUNCIL_08,C08,참여·자치,S0801,학생자치,교사,학교 자치회 활성화 - 8)학부모회,2025,2주기,4.0,1263,45.11,그렇다
경기학교교육실태조사,중학교,TR_COUNCIL_08,C08,참여·자치,S0801,학생자치,교사,학교 자치회 활성화 - 8)학부모회,2025,2주기,5.0,593,21.18,매우그렇다
경기학교교육실태조사,중학교,TR_CURRIC_01,C06,수업·평가 혁신,S0601,학생중심수업,교사,교육과정설계·수업활동·평가(구:학습자중심 수업운영) - 1)교과 교육과정이나 교과 운영계획을 세울 때 학생과 학부모의 의견을 수렴한다,2021,1주기,1.0,66,1.27,전혀 그렇지 않다
경기학교교육실태조사,중학교,TR_CURRIC_01,C06,수업·평가 혁신,S0601,학생중심수업,교사,교육과정설계·수업활동·평가(구:학습자중심 수업운영) - 1)교과 교육과정이나 교과 운영계획을 세울 때 학생과 학부모의 의견을 수렴한다,2021,1주기,2.0,328,6.32,그렇지 않다
경기학교교육실태조사,중학교,TR_CURRIC_01,C06,수업·평가 혁신,S0601,학생중심수업,교사,교육과정설계·수업활동·평가(구:학습자중심 수업운영) - 1)교과 교육과정이나 교과 운영계획을 세울 때 학생과 학부모의 의견을 수렴한다,2021,1주기,3.0,1609,31.01,보통이다
경기학교교육실태조사,중학교,TR_CURRIC_01,C06,수업·평가 혁신,S0601,학생중심수업,교사,교육과정설계·수업활동·평가(구:학습자중심 수업운영) - 1)교과 교육과정이나 교과 운영계획을 세울 때 학생과 학부모의 의견을 수렴한다,2021,1주기,4.0,2284,44.02,그렇다
경기학교교육실태조사,중학교,TR_CURRIC_01,C06,수업·평가 혁신,S0601,학생중심수업,교사,교육과정설계·수업활동·평가(구:학습자중심 수업운영) - 1)교과 교육과정이나 교과 운영계획을 세울 때 학생과 학부모의 의견을 수렴한다,2021,1주기,5.0,902,17.38,매우 그렇다
경기학교교육실태조사,중학교,TR_CURRIC_01,C06,수업·평가 혁신,S0601,학생중심수업,교사,교육과정설계·수업활동·평가(구:학습자중심 수업운영) - 1)교과 교육과정이나 교과 운영계획을 세울 때 학생과 학부모의 의견을 수렴한다,2025,2주기,1.0,50,1.79,전혀그렇지않다
경기학교교육실태조사,중학교,TR_CURRIC_01,C06,수업·평가 혁신,S0601,학생중심수업,교사,교육과정설계·수업활동·평가(구:학습자중심 수업운영) - 1)교과 교육과정이나 교과 운영계획을 세울 때 학생과 학부모의 의견을 수렴한다,2025,2주기,2.0,235,8.39,그렇지않다
경기학교교육실태조사,중학교,TR_CURRIC_01,C06,수업·평가 혁신,S0601,학생중심수업,교사,교육과정설계·수업활동·평가(구:학습자중심 수업운영) - 1)교과 교육과정이나 교과 운영계획을 세울 때 학생과 학부모의 의견을 수렴한다,2025,2주기,3.0,1025,36.61,보통이다
경기학교교육실태조사,중학교,TR_CURRIC_01,C06,수업·평가 혁신,S0601,학생중심수업,교사,교육과정설계·수업활동·평가(구:학습자중심 수업운영) - 1)교과 교육과정이나 교과 운영계획을 세울 때 학생과 학부모의 의견을 수렴한다,2025,2주기,4.0,1179,42.11,그렇다
경기학교교육실태조사,중학교,TR_CURRIC_01,C06,수업·평가 혁신,S0601,학생중심수업,교사,교육과정설계·수업활동·평가(구:학습자중심 수업운영) - 1)교과 교육과정이나 교과 운영계획을 세울 때 학생과 학부모의 의견을 수렴한다,2025,2주기,5.0,311,11.11,매우그렇다
경기학교교육실태조사,중학교,TR_CURRIC_02,C06,수업·평가 혁신,S0601,학생중심수업,교사,교육과정설계·수업활동·평가(구:학습자중심 수업운영) - 2)학생의 흥미를 고려하여 교육과정을 재구성하려고 노력한다,2021,1주기,1.0,12,0.23,전혀 그렇지 않다
경기학교교육실태조사,중학교,TR_CURRIC_02,C06,수업·평가 혁신,S0601,학생중심수업,교사,교육과정설계·수업활동·평가(구:학습자중심 수업운영) - 2)학생의 흥미를 고려하여 교육과정을 재구성하려고 노력한다,2021,1주기,2.0,20,0.39,그렇지 않다
경기학교교육실태조사,중학교,TR_CURRIC_02,C06,수업·평가 혁신,S0601,학생중심수업,교사,교육과정설계·수업활동·평가(구:학습자중심 수업운영) - 2)학생의 흥미를 고려하여 교육과정을 재구성하려고 노력한다,2021,1주기,3.0,456,8.79,보통이다
경기학교교육실태조사,중학교,TR_CURRIC_02,C06,수업·평가 혁신,S0601,학생중심수업,교사,교육과정설계·수업활동·평가(구:학습자중심 수업운영) - 2)학생의 흥미를 고려하여 교육과정을 재구성하려고 노력한다,2021,1주기,4.0,2662,51.3,그렇다
경기학교교육실태조사,중학교,TR_CURRIC_02,C06,수업·평가 혁신,S0601,학생중심수업,교사,교육과정설계·수업활동·평가(구:학습자중심 수업운영) - 2)학생의 흥미를 고려하여 교육과정을 재구성하려고 노력한다,2021,1주기,5.0,2039,39.29,매우 그렇다
경기학교교육실태조사,중학교,TR_CURRIC_02,C06,수업·평가 혁신,S0601,학생중심수업,교사,교육과정설계·수업활동·평가(구:학습자중심 수업운영) - 2)학생의 흥미를 고려하여 교육과정을 재구성하려고 노력한다,2025,2주기,1.0,6,0.21,전혀그렇지않다
경기학교교육실태조사,중학교,TR_CURRIC_02,C06,수업·평가 혁신,S0601,학생중심수업,교사,교육과정설계·수업활동·평가(구:학습자중심 수업운영) - 2)학생의 흥미를 고려하여 교육과정을 재구성하려고 노력한다,2025,2주기,2.0,26,0.93,그렇지않다
경기학교교육실태조사,중학교,TR_CURRIC_02,C06,수업·평가 혁신,S0601,학생중심수업,교사,교육과정설계·수업활동·평가(구:학습자중심 수업운영) - 2)학생의 흥미를 고려하여 교육과정을 재구성하려고 노력한다,2025,2주기,3.0,284,10.14,보통이다
경기학교교육실태조사,중학교,TR_CURRIC_02,C06,수업·평가 혁신,S0601,학생중심수업,교사,교육과정설계·수업활동·평가(구:학습자중심 수업운영) - 2)학생의 흥미를 고려하여 교육과정을 재구성하려고 노력한다,2025,2주기,4.0,1475,52.68,그렇다
경기학교교육실태조사,중학교,TR_CURRIC_02,C06,수업·평가 혁신,S0601,학생중심수업,교사,교육과정설계·수업활동·평가(구:학습자중심 수업운영) - 2)학생의 흥미를 고려하여 교육과정을 재구성하려고 노력한다,2025,2주기,5.0,1009,36.04,매우그렇다
경기학교교육실태조사,중학교,TR_CURRIC_03,C06,수업·평가 혁신,S0601,학생중심수업,교사,"교육과정설계·수업활동·평가(구:학습자중심 수업운영) - 5)토론수업, 협력수업, 프로젝트 수업 등 학생 참여 수업을 한다",2021,1주기,1.0,85,1.64,전혀 그렇지 않다
경기학교교육실태조사,중학교,TR_CURRIC_03,C06,수업·평가 혁신,S0601,학생중심수업,교사,"교육과정설계·수업활동·평가(구:학습자중심 수업운영) - 5)토론수업, 협력수업, 프로젝트 수업 등 학생 참여 수업을 한다",2021,1주기,2.0,333,6.42,그렇지 않다
경기학교교육실태조사,중학교,TR_CURRIC_03,C06,수업·평가 혁신,S0601,학생중심수업,교사,"교육과정설계·수업활동·평가(구:학습자중심 수업운영) - 5)토론수업, 협력수업, 프로젝트 수업 등 학생 참여 수업을 한다",2021,1주기,3.0,1465,28.23,보통이다
경기학교교육실태조사,중학교,TR_CURRIC_03,C06,수업·평가 혁신,S0601,학생중심수업,교사,"교육과정설계·수업활동·평가(구:학습자중심 수업운영) - 5)토론수업, 협력수업, 프로젝트 수업 등 학생 참여 수업을 한다",2021,1주기,4.0,2244,43.25,그렇다
경기학교교육실태조사,중학교,TR_CURRIC_03,C06,수업·평가 혁신,S0601,학생중심수업,교사,"교육과정설계·수업활동·평가(구:학습자중심 수업운영) - 5)토론수업, 협력수업, 프로젝트 수업 등 학생 참여 수업을 한다",2021,1주기,5.0,1062,20.47,매우 그렇다
경기학교교육실태조사,중학교,TR_CURRIC_03,C06,수업·평가 혁신,S0601,학생중심수업,교사,"교육과정설계·수업활동·평가(구:학습자중심 수업운영) - 5)토론수업, 협력수업, 프로젝트 수업 등 학생 참여 수업을 한다",2025,2주기,1.0,22,0.79,전혀그렇지않다
경기학교교육실태조사,중학교,TR_CURRIC_03,C06,수업·평가 혁신,S0601,학생중심수업,교사,"교육과정설계·수업활동·평가(구:학습자중심 수업운영) - 5)토론수업, 협력수업, 프로젝트 수업 등 학생 참여 수업을 한다",2025,2주기,2.0,125,4.46,그렇지않다
경기학교교육실태조사,중학교,TR_CURRIC_03,C06,수업·평가 혁신,S0601,학생중심수업,교사,"교육과정설계·수업활동·평가(구:학습자중심 수업운영) - 5)토론수업, 협력수업, 프로젝트 수업 등 학생 참여 수업을 한다",2025,2주기,3.0,749,26.75,보통이다
경기학교교육실태조사,중학교,TR_CURRIC_03,C06,수업·평가 혁신,S0601,학생중심수업,교사,"교육과정설계·수업활동·평가(구:학습자중심 수업운영) - 5)토론수업, 협력수업, 프로젝트 수업 등 학생 참여 수업을 한다",2025,2주기,4.0,1223,43.68,그렇다
경기학교교육실태조사,중학교,TR_CURRIC_03,C06,수업·평가 혁신,S0601,학생중심수업,교사,"교육과정설계·수업활동·평가(구:학습자중심 수업운영) - 5)토론수업, 협력수업, 프로젝트 수업 등 학생 참여 수업을 한다",2025,2주기,5.0,681,24.32,매우그렇다
경기학교교육실태조사,중학교,TR_CURRIC_08,C06,수업·평가 혁신,S0603,수행평가,교사,교육과정·수업·평가 일체화 - 10)평가 결과를 교육과정운영계획 수립과 수업개선에 활용한다,2021,1주기,1.0,12,0.23,전혀 그렇지 않다
경기학교교육실태조사,중학교,TR_CURRIC_08,C06,수업·평가 혁신,S0603,수행평가,교사,교육과정·수업·평가 일체화 - 10)평가 결과를 교육과정운영계획 수립과 수업개선에 활용한다,2021,1주기,2.0,31,0.6,그렇지 않다
경기학교교육실태조사,중학교,TR_CURRIC_08,C06,수업·평가 혁신,S0603,수행평가,교사,교육과정·수업·평가 일체화 - 10)평가 결과를 교육과정운영계획 수립과 수업개선에 활용한다,2021,1주기,3.0,486,9.37,보통이다
경기학교교육실태조사,중학교,TR_CURRIC_08,C06,수업·평가 혁신,S0603,수행평가,교사,교육과정·수업·평가 일체화 - 10)평가 결과를 교육과정운영계획 수립과 수업개선에 활용한다,2021,1주기,4.0,3032,58.43,그렇다
경기학교교육실태조사,중학교,TR_CURRIC_08,C06,수업·평가 혁신,S0603,수행평가,교사,교육과정·수업·평가 일체화 - 10)평가 결과를 교육과정운영계획 수립과 수업개선에 활용한다,2021,1주기,5.0,1628,31.37,매우 그렇다
경기학교교육실태조사,중학교,TR_CURRIC_08,C06,수업·평가 혁신,S0603,수행평가,교사,교육과정·수업·평가 일체화 - 10)평가 결과를 교육과정운영계획 수립과 수업개선에 활용한다,2025,2주기,1.0,7,0.25,전혀그렇지않다
경기학교교육실태조사,중학교,TR_CURRIC_08,C06,수업·평가 혁신,S0603,수행평가,교사,교육과정·수업·평가 일체화 - 10)평가 결과를 교육과정운영계획 수립과 수업개선에 활용한다,2025,2주기,2.0,37,1.32,그렇지않다
경기학교교육실태조사,중학교,TR_CURRIC_08,C06,수업·평가 혁신,S0603,수행평가,교사,교육과정·수업·평가 일체화 - 10)평가 결과를 교육과정운영계획 수립과 수업개선에 활용한다,2025,2주기,3.0,400,14.29,보통이다
경기학교교육실태조사,중학교,TR_CURRIC_08,C06,수업·평가 혁신,S0603,수행평가,교사,교육과정·수업·평가 일체화 - 10)평가 결과를 교육과정운영계획 수립과 수업개선에 활용한다,2025,2주기,4.0,1582,56.5,그렇다
경기학교교육실태조사,중학교,TR_CURRIC_08,C06,수업·평가 혁신,S0603,수행평가,교사,교육과정·수업·평가 일체화 - 10)평가 결과를 교육과정운영계획 수립과 수업개선에 활용한다,2025,2주기,5.0,774,27.64,매우그렇다
경기학교교육실태조사,중학교,TR_CURRIC_09,C06,수업·평가 혁신,S0603,수행평가,교사,"교육과정·수업·평가 일체화 - 8)논술형 평가, 토론, 보고서, 현장조사, 포트폴리오 등 다양한 평가방법을 사용한다",2021,1주기,1.0,19,0.37,전혀 그렇지 않다
경기학교교육실태조사,중학교,TR_CURRIC_09,C06,수업·평가 혁신,S0603,수행평가,교사,"교육과정·수업·평가 일체화 - 8)논술형 평가, 토론, 보고서, 현장조사, 포트폴리오 등 다양한 평가방법을 사용한다",2021,1주기,2.0,68,1.31,그렇지 않다
경기학교교육실태조사,중학교,TR_CURRIC_09,C06,수업·평가 혁신,S0603,수행평가,교사,"교육과정·수업·평가 일체화 - 8)논술형 평가, 토론, 보고서, 현장조사, 포트폴리오 등 다양한 평가방법을 사용한다",2021,1주기,3.0,817,15.74,보통이다
경기학교교육실태조사,중학교,TR_CURRIC_09,C06,수업·평가 혁신,S0603,수행평가,교사,"교육과정·수업·평가 일체화 - 8)논술형 평가, 토론, 보고서, 현장조사, 포트폴리오 등 다양한 평가방법을 사용한다",2021,1주기,4.0,2577,49.66,그렇다
경기학교교육실태조사,중학교,TR_CURRIC_09,C06,수업·평가 혁신,S0603,수행평가,교사,"교육과정·수업·평가 일체화 - 8)논술형 평가, 토론, 보고서, 현장조사, 포트폴리오 등 다양한 평가방법을 사용한다",2021,1주기,5.0,1708,32.92,매우 그렇다
경기학교교육실태조사,중학교,TR_CURRIC_09,C06,수업·평가 혁신,S0603,수행평가,교사,"교육과정·수업·평가 일체화 - 8)논술형 평가, 토론, 보고서, 현장조사, 포트폴리오 등 다양한 평가방법을 사용한다",2025,2주기,1.0,25,0.89,전혀그렇지않다
경기학교교육실태조사,중학교,TR_CURRIC_09,C06,수업·평가 혁신,S0603,수행평가,교사,"교육과정·수업·평가 일체화 - 8)논술형 평가, 토론, 보고서, 현장조사, 포트폴리오 등 다양한 평가방법을 사용한다",2025,2주기,2.0,86,3.07,그렇지않다
경기학교교육실태조사,중학교,TR_CURRIC_09,C06,수업·평가 혁신,S0603,수행평가,교사,"교육과정·수업·평가 일체화 - 8)논술형 평가, 토론, 보고서, 현장조사, 포트폴리오 등 다양한 평가방법을 사용한다",2025,2주기,3.0,596,21.29,보통이다
경기학교교육실태조사,중학교,TR_CURRIC_09,C06,수업·평가 혁신,S0603,수행평가,교사,"교육과정·수업·평가 일체화 - 8)논술형 평가, 토론, 보고서, 현장조사, 포트폴리오 등 다양한 평가방법을 사용한다",2025,2주기,4.0,1258,44.93,그렇다
경기학교교육실태조사,중학교,TR_CURRIC_09,C06,수업·평가 혁신,S0603,수행평가,교사,"교육과정·수업·평가 일체화 - 8)논술형 평가, 토론, 보고서, 현장조사, 포트폴리오 등 다양한 평가방법을 사용한다",2025,2주기,5.0,835,29.82,매우그렇다
경기학교교육실태조사,중학교,TR_CURRIC_11,C06,수업·평가 혁신,S0603,수행평가,교사,"교육과정·수업·평가 일체화 - 9)학생의 성장, 발달을 평가하여 그 결과를 학생의 계속적인 성장을 돕는 자료로 활용한다",2021,1주기,1.0,14,0.27,전혀 그렇지 않다
경기학교교육실태조사,중학교,TR_CURRIC_11,C06,수업·평가 혁신,S0603,수행평가,교사,"교육과정·수업·평가 일체화 - 9)학생의 성장, 발달을 평가하여 그 결과를 학생의 계속적인 성장을 돕는 자료로 활용한다",2021,1주기,2.0,45,0.87,그렇지 않다
경기학교교육실태조사,중학교,TR_CURRIC_11,C06,수업·평가 혁신,S0603,수행평가,교사,"교육과정·수업·평가 일체화 - 9)학생의 성장, 발달을 평가하여 그 결과를 학생의 계속적인 성장을 돕는 자료로 활용한다",2021,1주기,3.0,660,12.72,보통이다
경기학교교육실태조사,중학교,TR_CURRIC_11,C06,수업·평가 혁신,S0603,수행평가,교사,"교육과정·수업·평가 일체화 - 9)학생의 성장, 발달을 평가하여 그 결과를 학생의 계속적인 성장을 돕는 자료로 활용한다",2021,1주기,4.0,2717,52.36,그렇다
경기학교교육실태조사,중학교,TR_CURRIC_11,C06,수업·평가 혁신,S0603,수행평가,교사,"교육과정·수업·평가 일체화 - 9)학생의 성장, 발달을 평가하여 그 결과를 학생의 계속적인 성장을 돕는 자료로 활용한다",2021,1주기,5.0,1753,33.78,매우 그렇다
경기학교교육실태조사,중학교,TR_CURRIC_11,C06,수업·평가 혁신,S0603,수행평가,교사,"교육과정·수업·평가 일체화 - 9)학생의 성장, 발달을 평가하여 그 결과를 학생의 계속적인 성장을 돕는 자료로 활용한다",2025,2주기,1.0,8,0.29,전혀그렇지않다
경기학교교육실태조사,중학교,TR_CURRIC_11,C06,수업·평가 혁신,S0603,수행평가,교사,"교육과정·수업·평가 일체화 - 9)학생의 성장, 발달을 평가하여 그 결과를 학생의 계속적인 성장을 돕는 자료로 활용한다",2025,2주기,2.0,54,1.93,그렇지않다
경기학교교육실태조사,중학교,TR_CURRIC_11,C06,수업·평가 혁신,S0603,수행평가,교사,"교육과정·수업·평가 일체화 - 9)학생의 성장, 발달을 평가하여 그 결과를 학생의 계속적인 성장을 돕는 자료로 활용한다",2025,2주기,3.0,600,21.43,보통이다
경기학교교육실태조사,중학교,TR_CURRIC_11,C06,수업·평가 혁신,S0603,수행평가,교사,"교육과정·수업·평가 일체화 - 9)학생의 성장, 발달을 평가하여 그 결과를 학생의 계속적인 성장을 돕는 자료로 활용한다",2025,2주기,4.0,1411,50.39,그렇다
경기학교교육실태조사,중학교,TR_CURRIC_11,C06,수업·평가 혁신,S0603,수행평가,교사,"교육과정·수업·평가 일체화 - 9)학생의 성장, 발달을 평가하여 그 결과를 학생의 계속적인 성장을 돕는 자료로 활용한다",2025,2주기,5.0,727,25.96,매우그렇다
경기학교교육실태조사,중학교,TR_DECISION_01,C08,참여·자치,S0803,교사 참여·의사결정,교사,참여적 의사결정(구:교사의견 반영) - 1)학교 교육목표 설정,2021,1주기,1.0,96,1.85,전혀 반영되지 않는다
경기학교교육실태조사,중학교,TR_DECISION_01,C08,참여·자치,S0803,교사 참여·의사결정,교사,참여적 의사결정(구:교사의견 반영) - 1)학교 교육목표 설정,2021,1주기,2.0,279,5.38,대체로 반영되지 않는다
경기학교교육실태조사,중학교,TR_DECISION_01,C08,참여·자치,S0803,교사 참여·의사결정,교사,참여적 의사결정(구:교사의견 반영) - 1)학교 교육목표 설정,2021,1주기,3.0,1460,28.14,보통이다
경기학교교육실태조사,중학교,TR_DECISION_01,C08,참여·자치,S0803,교사 참여·의사결정,교사,참여적 의사결정(구:교사의견 반영) - 1)학교 교육목표 설정,2021,1주기,4.0,2328,44.86,대체로 반영된다
경기학교교육실태조사,중학교,TR_DECISION_01,C08,참여·자치,S0803,교사 참여·의사결정,교사,참여적 의사결정(구:교사의견 반영) - 1)학교 교육목표 설정,2021,1주기,5.0,1026,19.77,매우 많이 반영된다
경기학교교육실태조사,중학교,TR_DECISION_01,C08,참여·자치,S0803,교사 참여·의사결정,교사,참여적 의사결정(구:교사의견 반영) - 1)학교 교육목표 설정,2025,2주기,1.0,58,2.07,전혀반영되지않는다
경기학교교육실태조사,중학교,TR_DECISION_01,C08,참여·자치,S0803,교사 참여·의사결정,교사,참여적 의사결정(구:교사의견 반영) - 1)학교 교육목표 설정,2025,2주기,2.0,165,5.89,대체로반영되지않는다
경기학교교육실태조사,중학교,TR_DECISION_01,C08,참여·자치,S0803,교사 참여·의사결정,교사,참여적 의사결정(구:교사의견 반영) - 1)학교 교육목표 설정,2025,2주기,3.0,727,25.96,보통이다
경기학교교육실태조사,중학교,TR_DECISION_01,C08,참여·자치,S0803,교사 참여·의사결정,교사,참여적 의사결정(구:교사의견 반영) - 1)학교 교육목표 설정,2025,2주기,4.0,1304,46.57,대체로반영된다
경기학교교육실태조사,중학교,TR_DECISION_01,C08,참여·자치,S0803,교사 참여·의사결정,교사,참여적 의사결정(구:교사의견 반영) - 1)학교 교육목표 설정,2025,2주기,5.0,546,19.5,매우 많이반영된다
경기학교교육실태조사,중학교,TR_DECISION_02,C08,참여·자치,S0803,교사 참여·의사결정,교사,참여적 의사결정(구:교사의견 반영) - 2)교수·학습 자료 선정,2021,1주기,1.0,35,0.67,전혀 반영되지 않는다
경기학교교육실태조사,중학교,TR_DECISION_02,C08,참여·자치,S0803,교사 참여·의사결정,교사,참여적 의사결정(구:교사의견 반영) - 2)교수·학습 자료 선정,2021,1주기,2.0,64,1.23,대체로 반영되지 않는다
경기학교교육실태조사,중학교,TR_DECISION_02,C08,참여·자치,S0803,교사 참여·의사결정,교사,참여적 의사결정(구:교사의견 반영) - 2)교수·학습 자료 선정,2021,1주기,3.0,821,15.82,보통이다
경기학교교육실태조사,중학교,TR_DECISION_02,C08,참여·자치,S0803,교사 참여·의사결정,교사,참여적 의사결정(구:교사의견 반영) - 2)교수·학습 자료 선정,2021,1주기,4.0,2541,48.97,대체로 반영된다
경기학교교육실태조사,중학교,TR_DECISION_02,C08,참여·자치,S0803,교사 참여·의사결정,교사,참여적 의사결정(구:교사의견 반영) - 2)교수·학습 자료 선정,2021,1주기,5.0,1728,33.3,매우 많이 반영된다
경기학교교육실태조사,중학교,TR_DECISION_02,C08,참여·자치,S0803,교사 참여·의사결정,교사,참여적 의사결정(구:교사의견 반영) - 2)교수·학습 자료 선정,2025,2주기,1.0,15,0.54,전혀반영되지않는다
경기학교교육실태조사,중학교,TR_DECISION_02,C08,참여·자치,S0803,교사 참여·의사결정,교사,참여적 의사결정(구:교사의견 반영) - 2)교수·학습 자료 선정,2025,2주기,2.0,50,1.79,대체로반영되지않는다
경기학교교육실태조사,중학교,TR_DECISION_02,C08,참여·자치,S0803,교사 참여·의사결정,교사,참여적 의사결정(구:교사의견 반영) - 2)교수·학습 자료 선정,2025,2주기,3.0,380,13.57,보통이다
경기학교교육실태조사,중학교,TR_DECISION_02,C08,참여·자치,S0803,교사 참여·의사결정,교사,참여적 의사결정(구:교사의견 반영) - 2)교수·학습 자료 선정,2025,2주기,4.0,1348,48.14,대체로반영된다
경기학교교육실태조사,중학교,TR_DECISION_02,C08,참여·자치,S0803,교사 참여·의사결정,교사,참여적 의사결정(구:교사의견 반영) - 2)교수·학습 자료 선정,2025,2주기,5.0,1007,35.96,매우 많이반영된다
경기학교교육실태조사,중학교,TR_DECISION_03,C08,참여·자치,S0803,교사 참여·의사결정,교사,참여적 의사결정(구:교사의견 반영) - 3)수업 운영 방식 결정,2021,1주기,1.0,39,0.75,전혀 반영되지 않는다
경기학교교육실태조사,중학교,TR_DECISION_03,C08,참여·자치,S0803,교사 참여·의사결정,교사,참여적 의사결정(구:교사의견 반영) - 3)수업 운영 방식 결정,2021,1주기,2.0,81,1.56,대체로 반영되지 않는다
경기학교교육실태조사,중학교,TR_DECISION_03,C08,참여·자치,S0803,교사 참여·의사결정,교사,참여적 의사결정(구:교사의견 반영) - 3)수업 운영 방식 결정,2021,1주기,3.0,775,14.94,보통이다
경기학교교육실태조사,중학교,TR_DECISION_03,C08,참여·자치,S0803,교사 참여·의사결정,교사,참여적 의사결정(구:교사의견 반영) - 3)수업 운영 방식 결정,2021,1주기,4.0,2379,45.85,대체로 반영된다
경기학교교육실태조사,중학교,TR_DECISION_03,C08,참여·자치,S0803,교사 참여·의사결정,교사,참여적 의사결정(구:교사의견 반영) - 3)수업 운영 방식 결정,2021,1주기,5.0,1915,36.9,매우 많이 반영된다
경기학교교육실태조사,중학교,TR_DECISION_03,C08,참여·자치,S0803,교사 참여·의사결정,교사,참여적 의사결정(구:교사의견 반영) - 3)수업 운영 방식 결정,2025,2주기,1.0,22,0.79,전혀반영되지않는다
경기학교교육실태조사,중학교,TR_DECISION_03,C08,참여·자치,S0803,교사 참여·의사결정,교사,참여적 의사결정(구:교사의견 반영) - 3)수업 운영 방식 결정,2025,2주기,2.0,65,2.32,대체로반영되지않는다
경기학교교육실태조사,중학교,TR_DECISION_03,C08,참여·자치,S0803,교사 참여·의사결정,교사,참여적 의사결정(구:교사의견 반영) - 3)수업 운영 방식 결정,2025,2주기,3.0,387,13.82,보통이다
경기학교교육실태조사,중학교,TR_DECISION_03,C08,참여·자치,S0803,교사 참여·의사결정,교사,참여적 의사결정(구:교사의견 반영) - 3)수업 운영 방식 결정,2025,2주기,4.0,1153,41.18,대체로반영된다
경기학교교육실태조사,중학교,TR_DECISION_03,C08,참여·자치,S0803,교사 참여·의사결정,교사,참여적 의사결정(구:교사의견 반영) - 3)수업 운영 방식 결정,2025,2주기,5.0,1173,41.89,매우 많이반영된다
경기학교교육실태조사,중학교,TR_DECISION_04,C08,참여·자치,S0803,교사 참여·의사결정,교사,참여적 의사결정(구:교사의견 반영) - 4)교육과정 편성 및 운영,2021,1주기,1.0,68,1.31,전혀 반영되지 않는다
경기학교교육실태조사,중학교,TR_DECISION_04,C08,참여·자치,S0803,교사 참여·의사결정,교사,참여적 의사결정(구:교사의견 반영) - 4)교육과정 편성 및 운영,2021,1주기,2.0,167,3.22,대체로 반영되지 않는다
경기학교교육실태조사,중학교,TR_DECISION_04,C08,참여·자치,S0803,교사 참여·의사결정,교사,참여적 의사결정(구:교사의견 반영) - 4)교육과정 편성 및 운영,2021,1주기,3.0,1108,21.35,보통이다
경기학교교육실태조사,중학교,TR_DECISION_04,C08,참여·자치,S0803,교사 참여·의사결정,교사,참여적 의사결정(구:교사의견 반영) - 4)교육과정 편성 및 운영,2021,1주기,4.0,2463,47.47,대체로 반영된다
경기학교교육실태조사,중학교,TR_DECISION_04,C08,참여·자치,S0803,교사 참여·의사결정,교사,참여적 의사결정(구:교사의견 반영) - 4)교육과정 편성 및 운영,2021,1주기,5.0,1383,26.65,매우 많이 반영된다
경기학교교육실태조사,중학교,TR_DECISION_04,C08,참여·자치,S0803,교사 참여·의사결정,교사,참여적 의사결정(구:교사의견 반영) - 4)교육과정 편성 및 운영,2025,2주기,1.0,44,1.57,전혀반영되지않는다
경기학교교육실태조사,중학교,TR_DECISION_04,C08,참여·자치,S0803,교사 참여·의사결정,교사,참여적 의사결정(구:교사의견 반영) - 4)교육과정 편성 및 운영,2025,2주기,2.0,125,4.46,대체로반영되지않는다
경기학교교육실태조사,중학교,TR_DECISION_04,C08,참여·자치,S0803,교사 참여·의사결정,교사,참여적 의사결정(구:교사의견 반영) - 4)교육과정 편성 및 운영,2025,2주기,3.0,610,21.79,보통이다
경기학교교육실태조사,중학교,TR_DECISION_04,C08,참여·자치,S0803,교사 참여·의사결정,교사,참여적 의사결정(구:교사의견 반영) - 4)교육과정 편성 및 운영,2025,2주기,4.0,1272,45.43,대체로반영된다
경기학교교육실태조사,중학교,TR_DECISION_04,C08,참여·자치,S0803,교사 참여·의사결정,교사,참여적 의사결정(구:교사의견 반영) - 4)교육과정 편성 및 운영,2025,2주기,5.0,749,26.75,매우 많이반영된다
경기학교교육실태조사,중학교,TR_DECISION_05,C08,참여·자치,S0803,교사 참여·의사결정,교사,참여적 의사결정(구:교사의견 반영) - 5)교원 업무 조직 및 업무 분장,2021,1주기,1.0,185,3.57,전혀 반영되지 않는다
경기학교교육실태조사,중학교,TR_DECISION_05,C08,참여·자치,S0803,교사 참여·의사결정,교사,참여적 의사결정(구:교사의견 반영) - 5)교원 업무 조직 및 업무 분장,2021,1주기,2.0,410,7.9,대체로 반영되지 않는다
경기학교교육실태조사,중학교,TR_DECISION_05,C08,참여·자치,S0803,교사 참여·의사결정,교사,참여적 의사결정(구:교사의견 반영) - 5)교원 업무 조직 및 업무 분장,2021,1주기,3.0,1424,27.44,보통이다
경기학교교육실태조사,중학교,TR_DECISION_05,C08,참여·자치,S0803,교사 참여·의사결정,교사,참여적 의사결정(구:교사의견 반영) - 5)교원 업무 조직 및 업무 분장,2021,1주기,4.0,2169,41.8,대체로 반영된다
경기학교교육실태조사,중학교,TR_DECISION_05,C08,참여·자치,S0803,교사 참여·의사결정,교사,참여적 의사결정(구:교사의견 반영) - 5)교원 업무 조직 및 업무 분장,2021,1주기,5.0,1001,19.29,매우 많이 반영된다
경기학교교육실태조사,중학교,TR_DECISION_05,C08,참여·자치,S0803,교사 참여·의사결정,교사,참여적 의사결정(구:교사의견 반영) - 5)교원 업무 조직 및 업무 분장,2025,2주기,1.0,120,4.29,전혀반영되지않는다
경기학교교육실태조사,중학교,TR_DECISION_05,C08,참여·자치,S0803,교사 참여·의사결정,교사,참여적 의사결정(구:교사의견 반영) - 5)교원 업무 조직 및 업무 분장,2025,2주기,2.0,272,9.71,대체로반영되지않는다
경기학교교육실태조사,중학교,TR_DECISION_05,C08,참여·자치,S0803,교사 참여·의사결정,교사,참여적 의사결정(구:교사의견 반영) - 5)교원 업무 조직 및 업무 분장,2025,2주기,3.0,838,29.93,보통이다
경기학교교육실태조사,중학교,TR_DECISION_05,C08,참여·자치,S0803,교사 참여·의사결정,교사,참여적 의사결정(구:교사의견 반영) - 5)교원 업무 조직 및 업무 분장,2025,2주기,4.0,1136,40.57,대체로반영된다
경기학교교육실태조사,중학교,TR_DECISION_05,C08,참여·자치,S0803,교사 참여·의사결정,교사,참여적 의사결정(구:교사의견 반영) - 5)교원 업무 조직 및 업무 분장,2025,2주기,5.0,434,15.5,매우 많이반영된다
경기학교교육실태조사,중학교,TR_DECISION_06,C08,참여·자치,S0803,교사 참여·의사결정,교사,참여적 의사결정(구:교사의견 반영) - 6)학교 예산 편성,2021,1주기,1.0,100,1.93,전혀 반영되지 않는다
경기학교교육실태조사,중학교,TR_DECISION_06,C08,참여·자치,S0803,교사 참여·의사결정,교사,참여적 의사결정(구:교사의견 반영) - 6)학교 예산 편성,2021,1주기,2.0,212,4.09,대체로 반영되지 않는다
경기학교교육실태조사,중학교,TR_DECISION_06,C08,참여·자치,S0803,교사 참여·의사결정,교사,참여적 의사결정(구:교사의견 반영) - 6)학교 예산 편성,2021,1주기,3.0,1381,26.61,보통이다
경기학교교육실태조사,중학교,TR_DECISION_06,C08,참여·자치,S0803,교사 참여·의사결정,교사,참여적 의사결정(구:교사의견 반영) - 6)학교 예산 편성,2021,1주기,4.0,2346,45.21,대체로 반영된다
경기학교교육실태조사,중학교,TR_DECISION_06,C08,참여·자치,S0803,교사 참여·의사결정,교사,참여적 의사결정(구:교사의견 반영) - 6)학교 예산 편성,2021,1주기,5.0,1150,22.16,매우 많이 반영된다
경기학교교육실태조사,중학교,TR_DECISION_06,C08,참여·자치,S0803,교사 참여·의사결정,교사,참여적 의사결정(구:교사의견 반영) - 6)학교 예산 편성,2025,2주기,1.0,57,2.04,전혀반영되지않는다
경기학교교육실태조사,중학교,TR_DECISION_06,C08,참여·자치,S0803,교사 참여·의사결정,교사,참여적 의사결정(구:교사의견 반영) - 6)학교 예산 편성,2025,2주기,2.0,154,5.5,대체로반영되지않는다
경기학교교육실태조사,중학교,TR_DECISION_06,C08,참여·자치,S0803,교사 참여·의사결정,교사,참여적 의사결정(구:교사의견 반영) - 6)학교 예산 편성,2025,2주기,3.0,755,26.96,보통이다
경기학교교육실태조사,중학교,TR_DECISION_06,C08,참여·자치,S0803,교사 참여·의사결정,교사,참여적 의사결정(구:교사의견 반영) - 6)학교 예산 편성,2025,2주기,4.0,1302,46.5,대체로반영된다
경기학교교육실태조사,중학교,TR_DECISION_06,C08,참여·자치,S0803,교사 참여·의사결정,교사,참여적 의사결정(구:교사의견 반영) - 6)학교 예산 편성,2025,2주기,5.0,532,19.0,매우 많이반영된다
경기학교교육실태조사,중학교,TR_DECISION_07,C08,참여·자치,S0803,교사 참여·의사결정,교사,참여적 의사결정(구:교사의견 반영) - 7)학교 규칙이나 규정 제정 및 개정,2021,1주기,1.0,95,1.83,전혀 반영되지 않는다
경기학교교육실태조사,중학교,TR_DECISION_07,C08,참여·자치,S0803,교사 참여·의사결정,교사,참여적 의사결정(구:교사의견 반영) - 7)학교 규칙이나 규정 제정 및 개정,2021,1주기,2.0,210,4.05,대체로 반영되지 않는다
경기학교교육실태조사,중학교,TR_DECISION_07,C08,참여·자치,S0803,교사 참여·의사결정,교사,참여적 의사결정(구:교사의견 반영) - 7)학교 규칙이나 규정 제정 및 개정,2021,1주기,3.0,1454,28.02,보통이다
경기학교교육실태조사,중학교,TR_DECISION_07,C08,참여·자치,S0803,교사 참여·의사결정,교사,참여적 의사결정(구:교사의견 반영) - 7)학교 규칙이나 규정 제정 및 개정,2021,1주기,4.0,2343,45.15,대체로 반영된다
경기학교교육실태조사,중학교,TR_DECISION_07,C08,참여·자치,S0803,교사 참여·의사결정,교사,참여적 의사결정(구:교사의견 반영) - 7)학교 규칙이나 규정 제정 및 개정,2021,1주기,5.0,1087,20.95,매우 많이 반영된다
경기학교교육실태조사,중학교,TR_DECISION_07,C08,참여·자치,S0803,교사 참여·의사결정,교사,참여적 의사결정(구:교사의견 반영) - 7)학교 규칙이나 규정 제정 및 개정,2025,2주기,1.0,43,1.54,전혀반영되지않는다
경기학교교육실태조사,중학교,TR_DECISION_07,C08,참여·자치,S0803,교사 참여·의사결정,교사,참여적 의사결정(구:교사의견 반영) - 7)학교 규칙이나 규정 제정 및 개정,2025,2주기,2.0,123,4.39,대체로반영되지않는다
경기학교교육실태조사,중학교,TR_DECISION_07,C08,참여·자치,S0803,교사 참여·의사결정,교사,참여적 의사결정(구:교사의견 반영) - 7)학교 규칙이나 규정 제정 및 개정,2025,2주기,3.0,676,24.14,보통이다
경기학교교육실태조사,중학교,TR_DECISION_07,C08,참여·자치,S0803,교사 참여·의사결정,교사,참여적 의사결정(구:교사의견 반영) - 7)학교 규칙이나 규정 제정 및 개정,2025,2주기,4.0,1354,48.36,대체로반영된다
경기학교교육실태조사,중학교,TR_DECISION_07,C08,참여·자치,S0803,교사 참여·의사결정,교사,참여적 의사결정(구:교사의견 반영) - 7)학교 규칙이나 규정 제정 및 개정,2025,2주기,5.0,604,21.57,매우 많이반영된다
경기학교교육실태조사,중학교,TR_EFFICACY_01,C11,교사 전문성,S1101A,교사효능감,교사,교사효능감·교사의 사기 - 1)학생들이 수업에 집중하지 않을 때 왜 그런지 이유를 파악할 수 있다,2021,1주기,1.0,9,0.17,전혀 그렇지 않다
경기학교교육실태조사,중학교,TR_EFFICACY_01,C11,교사 전문성,S1101A,교사효능감,교사,교사효능감·교사의 사기 - 1)학생들이 수업에 집중하지 않을 때 왜 그런지 이유를 파악할 수 있다,2021,1주기,2.0,75,1.45,그렇지 않다
경기학교교육실태조사,중학교,TR_EFFICACY_01,C11,교사 전문성,S1101A,교사효능감,교사,교사효능감·교사의 사기 - 1)학생들이 수업에 집중하지 않을 때 왜 그런지 이유를 파악할 수 있다,2021,1주기,3.0,522,10.06,보통이다
경기학교교육실태조사,중학교,TR_EFFICACY_01,C11,교사 전문성,S1101A,교사효능감,교사,교사효능감·교사의 사기 - 1)학생들이 수업에 집중하지 않을 때 왜 그런지 이유를 파악할 수 있다,2021,1주기,4.0,3209,61.84,그렇다
경기학교교육실태조사,중학교,TR_EFFICACY_01,C11,교사 전문성,S1101A,교사효능감,교사,교사효능감·교사의 사기 - 1)학생들이 수업에 집중하지 않을 때 왜 그런지 이유를 파악할 수 있다,2021,1주기,5.0,1374,26.48,매우 그렇다
경기학교교육실태조사,중학교,TR_EFFICACY_01,C11,교사 전문성,S1101A,교사효능감,교사,교사효능감·교사의 사기 - 1)학생들이 수업에 집중하지 않을 때 왜 그런지 이유를 파악할 수 있다,2025,2주기,1.0,7,0.25,전혀그렇지않다
경기학교교육실태조사,중학교,TR_EFFICACY_01,C11,교사 전문성,S1101A,교사효능감,교사,교사효능감·교사의 사기 - 1)학생들이 수업에 집중하지 않을 때 왜 그런지 이유를 파악할 수 있다,2025,2주기,2.0,54,1.93,그렇지않다
경기학교교육실태조사,중학교,TR_EFFICACY_01,C11,교사 전문성,S1101A,교사효능감,교사,교사효능감·교사의 사기 - 1)학생들이 수업에 집중하지 않을 때 왜 그런지 이유를 파악할 수 있다,2025,2주기,3.0,456,16.29,보통이다
경기학교교육실태조사,중학교,TR_EFFICACY_01,C11,교사 전문성,S1101A,교사효능감,교사,교사효능감·교사의 사기 - 1)학생들이 수업에 집중하지 않을 때 왜 그런지 이유를 파악할 수 있다,2025,2주기,4.0,1846,65.93,그렇다
경기학교교육실태조사,중학교,TR_EFFICACY_01,C11,교사 전문성,S1101A,교사효능감,교사,교사효능감·교사의 사기 - 1)학생들이 수업에 집중하지 않을 때 왜 그런지 이유를 파악할 수 있다,2025,2주기,5.0,437,15.61,매우그렇다
경기학교교육실태조사,중학교,TR_EFFICACY_02,C11,교사 전문성,S1101A,교사효능감,교사,교사효능감·교사의 사기 - 2)학생들의 학업 능력에 대해 판단할 수 있다,2021,1주기,1.0,3,0.06,전혀 그렇지 않다
경기학교교육실태조사,중학교,TR_EFFICACY_02,C11,교사 전문성,S1101A,교사효능감,교사,교사효능감·교사의 사기 - 2)학생들의 학업 능력에 대해 판단할 수 있다,2021,1주기,2.0,35,0.67,그렇지 않다
경기학교교육실태조사,중학교,TR_EFFICACY_02,C11,교사 전문성,S1101A,교사효능감,교사,교사효능감·교사의 사기 - 2)학생들의 학업 능력에 대해 판단할 수 있다,2021,1주기,3.0,383,7.38,보통이다
경기학교교육실태조사,중학교,TR_EFFICACY_02,C11,교사 전문성,S1101A,교사효능감,교사,교사효능감·교사의 사기 - 2)학생들의 학업 능력에 대해 판단할 수 있다,2021,1주기,4.0,3209,61.84,그렇다
경기학교교육실태조사,중학교,TR_EFFICACY_02,C11,교사 전문성,S1101A,교사효능감,교사,교사효능감·교사의 사기 - 2)학생들의 학업 능력에 대해 판단할 수 있다,2021,1주기,5.0,1559,30.04,매우 그렇다
경기학교교육실태조사,중학교,TR_EFFICACY_02,C11,교사 전문성,S1101A,교사효능감,교사,교사효능감·교사의 사기 - 2)학생들의 학업 능력에 대해 판단할 수 있다,2025,2주기,1.0,4,0.14,전혀그렇지않다
경기학교교육실태조사,중학교,TR_EFFICACY_02,C11,교사 전문성,S1101A,교사효능감,교사,교사효능감·교사의 사기 - 2)학생들의 학업 능력에 대해 판단할 수 있다,2025,2주기,2.0,18,0.64,그렇지않다
경기학교교육실태조사,중학교,TR_EFFICACY_02,C11,교사 전문성,S1101A,교사효능감,교사,교사효능감·교사의 사기 - 2)학생들의 학업 능력에 대해 판단할 수 있다,2025,2주기,3.0,278,9.93,보통이다
경기학교교육실태조사,중학교,TR_EFFICACY_02,C11,교사 전문성,S1101A,교사효능감,교사,교사효능감·교사의 사기 - 2)학생들의 학업 능력에 대해 판단할 수 있다,2025,2주기,4.0,1816,64.86,그렇다
경기학교교육실태조사,중학교,TR_EFFICACY_02,C11,교사 전문성,S1101A,교사효능감,교사,교사효능감·교사의 사기 - 2)학생들의 학업 능력에 대해 판단할 수 있다,2025,2주기,5.0,684,24.43,매우그렇다
경기학교교육실태조사,중학교,TR_EFFICACY_03,C11,교사 전문성,S1101A,교사효능감,교사,교사효능감·교사의 사기 - 3)수업에 대한 학생들의 관심 정도를 파악할 수 있다,2021,1주기,1.0,3,0.06,전혀 그렇지 않다
경기학교교육실태조사,중학교,TR_EFFICACY_03,C11,교사 전문성,S1101A,교사효능감,교사,교사효능감·교사의 사기 - 3)수업에 대한 학생들의 관심 정도를 파악할 수 있다,2021,1주기,2.0,18,0.35,그렇지 않다
경기학교교육실태조사,중학교,TR_EFFICACY_03,C11,교사 전문성,S1101A,교사효능감,교사,교사효능감·교사의 사기 - 3)수업에 대한 학생들의 관심 정도를 파악할 수 있다,2021,1주기,3.0,173,3.33,보통이다
경기학교교육실태조사,중학교,TR_EFFICACY_03,C11,교사 전문성,S1101A,교사효능감,교사,교사효능감·교사의 사기 - 3)수업에 대한 학생들의 관심 정도를 파악할 수 있다,2021,1주기,4.0,2913,56.14,그렇다
경기학교교육실태조사,중학교,TR_EFFICACY_03,C11,교사 전문성,S1101A,교사효능감,교사,교사효능감·교사의 사기 - 3)수업에 대한 학생들의 관심 정도를 파악할 수 있다,2021,1주기,5.0,2082,40.12,매우 그렇다
경기학교교육실태조사,중학교,TR_EFFICACY_03,C11,교사 전문성,S1101A,교사효능감,교사,교사효능감·교사의 사기 - 3)수업에 대한 학생들의 관심 정도를 파악할 수 있다,2025,2주기,2.0,7,0.25,그렇지않다
경기학교교육실태조사,중학교,TR_EFFICACY_03,C11,교사 전문성,S1101A,교사효능감,교사,교사효능감·교사의 사기 - 3)수업에 대한 학생들의 관심 정도를 파악할 수 있다,2025,2주기,3.0,185,6.61,보통이다
경기학교교육실태조사,중학교,TR_EFFICACY_03,C11,교사 전문성,S1101A,교사효능감,교사,교사효능감·교사의 사기 - 3)수업에 대한 학생들의 관심 정도를 파악할 수 있다,2025,2주기,4.0,1723,61.54,그렇다
경기학교교육실태조사,중학교,TR_EFFICACY_03,C11,교사 전문성,S1101A,교사효능감,교사,교사효능감·교사의 사기 - 3)수업에 대한 학생들의 관심 정도를 파악할 수 있다,2025,2주기,5.0,885,31.61,매우그렇다
경기학교교육실태조사,중학교,TR_EFFICACY_04,C11,교사 전문성,S1101A,교사효능감,교사,교사효능감·교사의 사기 - 4)학생들이 학업에 흥미를 가지지 못하는 이유를 분석할 수 있다,2021,1주기,1.0,4,0.08,전혀 그렇지 않다
경기학교교육실태조사,중학교,TR_EFFICACY_04,C11,교사 전문성,S1101A,교사효능감,교사,교사효능감·교사의 사기 - 4)학생들이 학업에 흥미를 가지지 못하는 이유를 분석할 수 있다,2021,1주기,2.0,65,1.25,그렇지 않다
경기학교교육실태조사,중학교,TR_EFFICACY_04,C11,교사 전문성,S1101A,교사효능감,교사,교사효능감·교사의 사기 - 4)학생들이 학업에 흥미를 가지지 못하는 이유를 분석할 수 있다,2021,1주기,3.0,750,14.45,보통이다
경기학교교육실태조사,중학교,TR_EFFICACY_04,C11,교사 전문성,S1101A,교사효능감,교사,교사효능감·교사의 사기 - 4)학생들이 학업에 흥미를 가지지 못하는 이유를 분석할 수 있다,2021,1주기,4.0,3327,64.12,그렇다
경기학교교육실태조사,중학교,TR_EFFICACY_04,C11,교사 전문성,S1101A,교사효능감,교사,교사효능감·교사의 사기 - 4)학생들이 학업에 흥미를 가지지 못하는 이유를 분석할 수 있다,2021,1주기,5.0,1043,20.1,매우 그렇다
경기학교교육실태조사,중학교,TR_EFFICACY_04,C11,교사 전문성,S1101A,교사효능감,교사,교사효능감·교사의 사기 - 4)학생들이 학업에 흥미를 가지지 못하는 이유를 분석할 수 있다,2025,2주기,1.0,2,0.07,전혀그렇지않다
경기학교교육실태조사,중학교,TR_EFFICACY_04,C11,교사 전문성,S1101A,교사효능감,교사,교사효능감·교사의 사기 - 4)학생들이 학업에 흥미를 가지지 못하는 이유를 분석할 수 있다,2025,2주기,2.0,41,1.46,그렇지않다
경기학교교육실태조사,중학교,TR_EFFICACY_04,C11,교사 전문성,S1101A,교사효능감,교사,교사효능감·교사의 사기 - 4)학생들이 학업에 흥미를 가지지 못하는 이유를 분석할 수 있다,2025,2주기,3.0,426,15.21,보통이다
경기학교교육실태조사,중학교,TR_EFFICACY_04,C11,교사 전문성,S1101A,교사효능감,교사,교사효능감·교사의 사기 - 4)학생들이 학업에 흥미를 가지지 못하는 이유를 분석할 수 있다,2025,2주기,4.0,1808,64.57,그렇다
경기학교교육실태조사,중학교,TR_EFFICACY_04,C11,교사 전문성,S1101A,교사효능감,교사,교사효능감·교사의 사기 - 4)학생들이 학업에 흥미를 가지지 못하는 이유를 분석할 수 있다,2025,2주기,5.0,523,18.68,매우그렇다
경기학교교육실태조사,중학교,TR_EFFICACY_05,C11,교사 전문성,S1101A,교사효능감,교사,교사효능감·교사의 사기 - 5)문제행동을 하는 학생들이 왜 그렇게 행동하는지 이유를 분석할 수 있다,2021,1주기,1.0,13,0.25,전혀 그렇지 않다
경기학교교육실태조사,중학교,TR_EFFICACY_05,C11,교사 전문성,S1101A,교사효능감,교사,교사효능감·교사의 사기 - 5)문제행동을 하는 학생들이 왜 그렇게 행동하는지 이유를 분석할 수 있다,2021,1주기,2.0,159,3.06,그렇지 않다
경기학교교육실태조사,중학교,TR_EFFICACY_05,C11,교사 전문성,S1101A,교사효능감,교사,교사효능감·교사의 사기 - 5)문제행동을 하는 학생들이 왜 그렇게 행동하는지 이유를 분석할 수 있다,2021,1주기,3.0,1156,22.28,보통이다
경기학교교육실태조사,중학교,TR_EFFICACY_05,C11,교사 전문성,S1101A,교사효능감,교사,교사효능감·교사의 사기 - 5)문제행동을 하는 학생들이 왜 그렇게 행동하는지 이유를 분석할 수 있다,2021,1주기,4.0,2950,56.85,그렇다
경기학교교육실태조사,중학교,TR_EFFICACY_05,C11,교사 전문성,S1101A,교사효능감,교사,교사효능감·교사의 사기 - 5)문제행동을 하는 학생들이 왜 그렇게 행동하는지 이유를 분석할 수 있다,2021,1주기,5.0,911,17.56,매우 그렇다
경기학교교육실태조사,중학교,TR_EFFICACY_05,C11,교사 전문성,S1101A,교사효능감,교사,교사효능감·교사의 사기 - 5)문제행동을 하는 학생들이 왜 그렇게 행동하는지 이유를 분석할 수 있다,2025,2주기,1.0,8,0.29,전혀그렇지않다
경기학교교육실태조사,중학교,TR_EFFICACY_05,C11,교사 전문성,S1101A,교사효능감,교사,교사효능감·교사의 사기 - 5)문제행동을 하는 학생들이 왜 그렇게 행동하는지 이유를 분석할 수 있다,2025,2주기,2.0,113,4.04,그렇지않다
경기학교교육실태조사,중학교,TR_EFFICACY_05,C11,교사 전문성,S1101A,교사효능감,교사,교사효능감·교사의 사기 - 5)문제행동을 하는 학생들이 왜 그렇게 행동하는지 이유를 분석할 수 있다,2025,2주기,3.0,653,23.32,보통이다
경기학교교육실태조사,중학교,TR_EFFICACY_05,C11,교사 전문성,S1101A,교사효능감,교사,교사효능감·교사의 사기 - 5)문제행동을 하는 학생들이 왜 그렇게 행동하는지 이유를 분석할 수 있다,2025,2주기,4.0,1597,57.04,그렇다
경기학교교육실태조사,중학교,TR_EFFICACY_05,C11,교사 전문성,S1101A,교사효능감,교사,교사효능감·교사의 사기 - 5)문제행동을 하는 학생들이 왜 그렇게 행동하는지 이유를 분석할 수 있다,2025,2주기,5.0,429,15.32,매우그렇다
경기학교교육실태조사,중학교,TR_EFFICACY_06,C11,교사 전문성,S1101A,교사효능감,교사,교사효능감·교사의 사기 - 6)생활지도를 할 때 학생 개인의 특성을 충분히  고려할 수 있다,2021,1주기,1.0,7,0.13,전혀 그렇지 않다
경기학교교육실태조사,중학교,TR_EFFICACY_06,C11,교사 전문성,S1101A,교사효능감,교사,교사효능감·교사의 사기 - 6)생활지도를 할 때 학생 개인의 특성을 충분히  고려할 수 있다,2021,1주기,2.0,103,1.98,그렇지 않다
경기학교교육실태조사,중학교,TR_EFFICACY_06,C11,교사 전문성,S1101A,교사효능감,교사,교사효능감·교사의 사기 - 6)생활지도를 할 때 학생 개인의 특성을 충분히  고려할 수 있다,2021,1주기,3.0,814,15.69,보통이다
경기학교교육실태조사,중학교,TR_EFFICACY_06,C11,교사 전문성,S1101A,교사효능감,교사,교사효능감·교사의 사기 - 6)생활지도를 할 때 학생 개인의 특성을 충분히  고려할 수 있다,2021,1주기,4.0,2880,55.5,그렇다
경기학교교육실태조사,중학교,TR_EFFICACY_06,C11,교사 전문성,S1101A,교사효능감,교사,교사효능감·교사의 사기 - 6)생활지도를 할 때 학생 개인의 특성을 충분히  고려할 수 있다,2021,1주기,5.0,1385,26.69,매우 그렇다
경기학교교육실태조사,중학교,TR_EFFICACY_06,C11,교사 전문성,S1101A,교사효능감,교사,교사효능감·교사의 사기 - 6)생활지도를 할 때 학생 개인의 특성을 충분히  고려할 수 있다,2025,2주기,1.0,5,0.18,전혀그렇지않다
경기학교교육실태조사,중학교,TR_EFFICACY_06,C11,교사 전문성,S1101A,교사효능감,교사,교사효능감·교사의 사기 - 6)생활지도를 할 때 학생 개인의 특성을 충분히  고려할 수 있다,2025,2주기,2.0,76,2.71,그렇지않다
경기학교교육실태조사,중학교,TR_EFFICACY_06,C11,교사 전문성,S1101A,교사효능감,교사,교사효능감·교사의 사기 - 6)생활지도를 할 때 학생 개인의 특성을 충분히  고려할 수 있다,2025,2주기,3.0,498,17.79,보통이다
경기학교교육실태조사,중학교,TR_EFFICACY_06,C11,교사 전문성,S1101A,교사효능감,교사,교사효능감·교사의 사기 - 6)생활지도를 할 때 학생 개인의 특성을 충분히  고려할 수 있다,2025,2주기,4.0,1612,57.57,그렇다
경기학교교육실태조사,중학교,TR_EFFICACY_06,C11,교사 전문성,S1101A,교사효능감,교사,교사효능감·교사의 사기 - 6)생활지도를 할 때 학생 개인의 특성을 충분히  고려할 수 있다,2025,2주기,5.0,609,21.75,매우그렇다
경기학교교육실태조사,중학교,TR_EFFICACY_07,C11,교사 전문성,S1101A,교사효능감,교사,교사효능감·교사의 사기 - 7)문제행동을 하는 학생을 보면 나의 지도에 따른 변화가능성을 예상할 수 있다,2021,1주기,1.0,9,0.17,전혀 그렇지 않다
경기학교교육실태조사,중학교,TR_EFFICACY_07,C11,교사 전문성,S1101A,교사효능감,교사,교사효능감·교사의 사기 - 7)문제행동을 하는 학생을 보면 나의 지도에 따른 변화가능성을 예상할 수 있다,2021,1주기,2.0,131,2.52,그렇지 않다
경기학교교육실태조사,중학교,TR_EFFICACY_07,C11,교사 전문성,S1101A,교사효능감,교사,교사효능감·교사의 사기 - 7)문제행동을 하는 학생을 보면 나의 지도에 따른 변화가능성을 예상할 수 있다,2021,1주기,3.0,750,14.45,보통이다
경기학교교육실태조사,중학교,TR_EFFICACY_07,C11,교사 전문성,S1101A,교사효능감,교사,교사효능감·교사의 사기 - 7)문제행동을 하는 학생을 보면 나의 지도에 따른 변화가능성을 예상할 수 있다,2021,1주기,4.0,3070,59.16,그렇다
경기학교교육실태조사,중학교,TR_EFFICACY_07,C11,교사 전문성,S1101A,교사효능감,교사,교사효능감·교사의 사기 - 7)문제행동을 하는 학생을 보면 나의 지도에 따른 변화가능성을 예상할 수 있다,2021,1주기,5.0,1229,23.68,매우 그렇다
경기학교교육실태조사,중학교,TR_EFFICACY_07,C11,교사 전문성,S1101A,교사효능감,교사,교사효능감·교사의 사기 - 7)문제행동을 하는 학생을 보면 나의 지도에 따른 변화가능성을 예상할 수 있다,2025,2주기,1.0,18,0.64,전혀그렇지않다
경기학교교육실태조사,중학교,TR_EFFICACY_07,C11,교사 전문성,S1101A,교사효능감,교사,교사효능감·교사의 사기 - 7)문제행동을 하는 학생을 보면 나의 지도에 따른 변화가능성을 예상할 수 있다,2025,2주기,2.0,181,6.46,그렇지않다
경기학교교육실태조사,중학교,TR_EFFICACY_07,C11,교사 전문성,S1101A,교사효능감,교사,교사효능감·교사의 사기 - 7)문제행동을 하는 학생을 보면 나의 지도에 따른 변화가능성을 예상할 수 있다,2025,2주기,3.0,728,26.0,보통이다
경기학교교육실태조사,중학교,TR_EFFICACY_07,C11,교사 전문성,S1101A,교사효능감,교사,교사효능감·교사의 사기 - 7)문제행동을 하는 학생을 보면 나의 지도에 따른 변화가능성을 예상할 수 있다,2025,2주기,4.0,1487,53.11,그렇다
경기학교교육실태조사,중학교,TR_EFFICACY_07,C11,교사 전문성,S1101A,교사효능감,교사,교사효능감·교사의 사기 - 7)문제행동을 하는 학생을 보면 나의 지도에 따른 변화가능성을 예상할 수 있다,2025,2주기,5.0,386,13.79,매우그렇다
경기학교교육실태조사,중학교,TR_EFFICACY_08,C11,교사 전문성,S1101B,교사 사기,교사,교사효능감·교사의 사기 - 8)나는 책임감이 높다,2021,1주기,1.0,19,0.37,전혀 그렇지 않다
경기학교교육실태조사,중학교,TR_EFFICACY_08,C11,교사 전문성,S1101B,교사 사기,교사,교사효능감·교사의 사기 - 8)나는 책임감이 높다,2021,1주기,2.0,130,2.51,그렇지 않다
경기학교교육실태조사,중학교,TR_EFFICACY_08,C11,교사 전문성,S1101B,교사 사기,교사,교사효능감·교사의 사기 - 8)나는 책임감이 높다,2021,1주기,3.0,961,18.52,보통이다
경기학교교육실태조사,중학교,TR_EFFICACY_08,C11,교사 전문성,S1101B,교사 사기,교사,교사효능감·교사의 사기 - 8)나는 책임감이 높다,2021,1주기,4.0,2565,49.43,그렇다
경기학교교육실태조사,중학교,TR_EFFICACY_08,C11,교사 전문성,S1101B,교사 사기,교사,교사효능감·교사의 사기 - 8)나는 책임감이 높다,2021,1주기,5.0,1514,29.18,매우 그렇다
경기학교교육실태조사,중학교,TR_EFFICACY_08,C11,교사 전문성,S1101B,교사 사기,교사,교사효능감·교사의 사기 - 8)나는 책임감이 높다,2025,2주기,1.0,1,0.04,전혀그렇지않다
경기학교교육실태조사,중학교,TR_EFFICACY_08,C11,교사 전문성,S1101B,교사 사기,교사,교사효능감·교사의 사기 - 8)나는 책임감이 높다,2025,2주기,2.0,14,0.5,그렇지않다
경기학교교육실태조사,중학교,TR_EFFICACY_08,C11,교사 전문성,S1101B,교사 사기,교사,교사효능감·교사의 사기 - 8)나는 책임감이 높다,2025,2주기,3.0,183,6.54,보통이다
경기학교교육실태조사,중학교,TR_EFFICACY_08,C11,교사 전문성,S1101B,교사 사기,교사,교사효능감·교사의 사기 - 8)나는 책임감이 높다,2025,2주기,4.0,1111,39.68,그렇다
경기학교교육실태조사,중학교,TR_EFFICACY_08,C11,교사 전문성,S1101B,교사 사기,교사,교사효능감·교사의 사기 - 8)나는 책임감이 높다,2025,2주기,5.0,1491,53.25,매우그렇다
경기학교교육실태조사,중학교,TR_EFFICACY_09,C11,교사 전문성,S1101B,교사 사기,교사,교사효능감·교사의 사기 - 9)나는 열의를 갖고 근무한다,2021,1주기,1.0,12,0.23,전혀 그렇지 않다
경기학교교육실태조사,중학교,TR_EFFICACY_09,C11,교사 전문성,S1101B,교사 사기,교사,교사효능감·교사의 사기 - 9)나는 열의를 갖고 근무한다,2021,1주기,2.0,64,1.23,그렇지 않다
경기학교교육실태조사,중학교,TR_EFFICACY_09,C11,교사 전문성,S1101B,교사 사기,교사,교사효능감·교사의 사기 - 9)나는 열의를 갖고 근무한다,2021,1주기,3.0,601,11.58,보통이다
경기학교교육실태조사,중학교,TR_EFFICACY_09,C11,교사 전문성,S1101B,교사 사기,교사,교사효능감·교사의 사기 - 9)나는 열의를 갖고 근무한다,2021,1주기,4.0,2510,48.37,그렇다
경기학교교육실태조사,중학교,TR_EFFICACY_09,C11,교사 전문성,S1101B,교사 사기,교사,교사효능감·교사의 사기 - 9)나는 열의를 갖고 근무한다,2021,1주기,5.0,2002,38.58,매우 그렇다
경기학교교육실태조사,중학교,TR_EFFICACY_09,C11,교사 전문성,S1101B,교사 사기,교사,교사효능감·교사의 사기 - 9)나는 열의를 갖고 근무한다,2025,2주기,1.0,5,0.18,전혀그렇지않다
경기학교교육실태조사,중학교,TR_EFFICACY_09,C11,교사 전문성,S1101B,교사 사기,교사,교사효능감·교사의 사기 - 9)나는 열의를 갖고 근무한다,2025,2주기,2.0,19,0.68,그렇지않다
경기학교교육실태조사,중학교,TR_EFFICACY_09,C11,교사 전문성,S1101B,교사 사기,교사,교사효능감·교사의 사기 - 9)나는 열의를 갖고 근무한다,2025,2주기,3.0,248,8.86,보통이다
경기학교교육실태조사,중학교,TR_EFFICACY_09,C11,교사 전문성,S1101B,교사 사기,교사,교사효능감·교사의 사기 - 9)나는 열의를 갖고 근무한다,2025,2주기,4.0,1180,42.14,그렇다
경기학교교육실태조사,중학교,TR_EFFICACY_09,C11,교사 전문성,S1101B,교사 사기,교사,교사효능감·교사의 사기 - 9)나는 열의를 갖고 근무한다,2025,2주기,5.0,1348,48.14,매우그렇다
경기학교교육실태조사,중학교,TR_EFFICACY_10,C11,교사 전문성,S1101B,교사 사기,교사,교사효능감·교사의 사기 - 10)나는 교사로서 자부심을 갖고 있다,2021,1주기,1.0,31,0.6,전혀 그렇지 않다
경기학교교육실태조사,중학교,TR_EFFICACY_10,C11,교사 전문성,S1101B,교사 사기,교사,교사효능감·교사의 사기 - 10)나는 교사로서 자부심을 갖고 있다,2021,1주기,2.0,78,1.5,그렇지 않다
경기학교교육실태조사,중학교,TR_EFFICACY_10,C11,교사 전문성,S1101B,교사 사기,교사,교사효능감·교사의 사기 - 10)나는 교사로서 자부심을 갖고 있다,2021,1주기,3.0,630,12.14,보통이다
경기학교교육실태조사,중학교,TR_EFFICACY_10,C11,교사 전문성,S1101B,교사 사기,교사,교사효능감·교사의 사기 - 10)나는 교사로서 자부심을 갖고 있다,2021,1주기,4.0,2212,42.63,그렇다
경기학교교육실태조사,중학교,TR_EFFICACY_10,C11,교사 전문성,S1101B,교사 사기,교사,교사효능감·교사의 사기 - 10)나는 교사로서 자부심을 갖고 있다,2021,1주기,5.0,2238,43.13,매우 그렇다
경기학교교육실태조사,중학교,TR_EFFICACY_10,C11,교사 전문성,S1101B,교사 사기,교사,교사효능감·교사의 사기 - 10)나는 교사로서 자부심을 갖고 있다,2025,2주기,1.0,30,1.07,전혀그렇지않다
경기학교교육실태조사,중학교,TR_EFFICACY_10,C11,교사 전문성,S1101B,교사 사기,교사,교사효능감·교사의 사기 - 10)나는 교사로서 자부심을 갖고 있다,2025,2주기,2.0,92,3.29,그렇지않다
경기학교교육실태조사,중학교,TR_EFFICACY_10,C11,교사 전문성,S1101B,교사 사기,교사,교사효능감·교사의 사기 - 10)나는 교사로서 자부심을 갖고 있다,2025,2주기,3.0,449,16.04,보통이다
경기학교교육실태조사,중학교,TR_EFFICACY_10,C11,교사 전문성,S1101B,교사 사기,교사,교사효능감·교사의 사기 - 10)나는 교사로서 자부심을 갖고 있다,2025,2주기,4.0,1098,39.21,그렇다
경기학교교육실태조사,중학교,TR_EFFICACY_10,C11,교사 전문성,S1101B,교사 사기,교사,교사효능감·교사의 사기 - 10)나는 교사로서 자부심을 갖고 있다,2025,2주기,5.0,1131,40.39,매우그렇다
경기학교교육실태조사,중학교,TR_LEADER_01,C12,학교풍토·리더십,S1201,학교장 리더십,교사,"학교장의 리더십(구:학교장의 변혁적 리더십) - 1)교장선생님은 학교발전에 대해 분명한 계획을 가지고, 교사 및 학부모와 학교 교육목표를 공유한다",2021,1주기,1.0,78,1.5,전혀 그렇지 않다
경기학교교육실태조사,중학교,TR_LEADER_01,C12,학교풍토·리더십,S1201,학교장 리더십,교사,"학교장의 리더십(구:학교장의 변혁적 리더십) - 1)교장선생님은 학교발전에 대해 분명한 계획을 가지고, 교사 및 학부모와 학교 교육목표를 공유한다",2021,1주기,2.0,153,2.95,그렇지 않다
경기학교교육실태조사,중학교,TR_LEADER_01,C12,학교풍토·리더십,S1201,학교장 리더십,교사,"학교장의 리더십(구:학교장의 변혁적 리더십) - 1)교장선생님은 학교발전에 대해 분명한 계획을 가지고, 교사 및 학부모와 학교 교육목표를 공유한다",2021,1주기,3.0,853,16.44,보통이다
경기학교교육실태조사,중학교,TR_LEADER_01,C12,학교풍토·리더십,S1201,학교장 리더십,교사,"학교장의 리더십(구:학교장의 변혁적 리더십) - 1)교장선생님은 학교발전에 대해 분명한 계획을 가지고, 교사 및 학부모와 학교 교육목표를 공유한다",2021,1주기,4.0,2148,41.4,그렇다
경기학교교육실태조사,중학교,TR_LEADER_01,C12,학교풍토·리더십,S1201,학교장 리더십,교사,"학교장의 리더십(구:학교장의 변혁적 리더십) - 1)교장선생님은 학교발전에 대해 분명한 계획을 가지고, 교사 및 학부모와 학교 교육목표를 공유한다",2021,1주기,5.0,1957,37.71,매우 그렇다
경기학교교육실태조사,중학교,TR_LEADER_01,C12,학교풍토·리더십,S1201,학교장 리더십,교사,"학교장의 리더십(구:학교장의 변혁적 리더십) - 1)교장선생님은 학교발전에 대해 분명한 계획을 가지고, 교사 및 학부모와 학교 교육목표를 공유한다",2025,2주기,1.0,66,2.36,전혀그렇지않다
경기학교교육실태조사,중학교,TR_LEADER_01,C12,학교풍토·리더십,S1201,학교장 리더십,교사,"학교장의 리더십(구:학교장의 변혁적 리더십) - 1)교장선생님은 학교발전에 대해 분명한 계획을 가지고, 교사 및 학부모와 학교 교육목표를 공유한다",2025,2주기,2.0,94,3.36,그렇지않다
경기학교교육실태조사,중학교,TR_LEADER_01,C12,학교풍토·리더십,S1201,학교장 리더십,교사,"학교장의 리더십(구:학교장의 변혁적 리더십) - 1)교장선생님은 학교발전에 대해 분명한 계획을 가지고, 교사 및 학부모와 학교 교육목표를 공유한다",2025,2주기,3.0,481,17.18,보통이다
경기학교교육실태조사,중학교,TR_LEADER_01,C12,학교풍토·리더십,S1201,학교장 리더십,교사,"학교장의 리더십(구:학교장의 변혁적 리더십) - 1)교장선생님은 학교발전에 대해 분명한 계획을 가지고, 교사 및 학부모와 학교 교육목표를 공유한다",2025,2주기,4.0,1210,43.21,그렇다
경기학교교육실태조사,중학교,TR_LEADER_01,C12,학교풍토·리더십,S1201,학교장 리더십,교사,"학교장의 리더십(구:학교장의 변혁적 리더십) - 1)교장선생님은 학교발전에 대해 분명한 계획을 가지고, 교사 및 학부모와 학교 교육목표를 공유한다",2025,2주기,5.0,949,33.89,매우그렇다
경기학교교육실태조사,중학교,TR_LEADER_02,C12,학교풍토·리더십,S1201,학교장 리더십,교사,학교장의 리더십(구:학교장의 변혁적 리더십) - 2)교장선생님은 학교목표의 설정과 학교 자체 평가 과정에 교사를 참여시킨다,2021,1주기,1.0,107,2.06,전혀 그렇지 않다
경기학교교육실태조사,중학교,TR_LEADER_02,C12,학교풍토·리더십,S1201,학교장 리더십,교사,학교장의 리더십(구:학교장의 변혁적 리더십) - 2)교장선생님은 학교목표의 설정과 학교 자체 평가 과정에 교사를 참여시킨다,2021,1주기,2.0,182,3.51,그렇지 않다
경기학교교육실태조사,중학교,TR_LEADER_02,C12,학교풍토·리더십,S1201,학교장 리더십,교사,학교장의 리더십(구:학교장의 변혁적 리더십) - 2)교장선생님은 학교목표의 설정과 학교 자체 평가 과정에 교사를 참여시킨다,2021,1주기,3.0,864,16.65,보통이다
경기학교교육실태조사,중학교,TR_LEADER_02,C12,학교풍토·리더십,S1201,학교장 리더십,교사,학교장의 리더십(구:학교장의 변혁적 리더십) - 2)교장선생님은 학교목표의 설정과 학교 자체 평가 과정에 교사를 참여시킨다,2021,1주기,4.0,2093,40.34,그렇다
경기학교교육실태조사,중학교,TR_LEADER_02,C12,학교풍토·리더십,S1201,학교장 리더십,교사,학교장의 리더십(구:학교장의 변혁적 리더십) - 2)교장선생님은 학교목표의 설정과 학교 자체 평가 과정에 교사를 참여시킨다,2021,1주기,5.0,1943,37.44,매우 그렇다
경기학교교육실태조사,중학교,TR_LEADER_02,C12,학교풍토·리더십,S1201,학교장 리더십,교사,학교장의 리더십(구:학교장의 변혁적 리더십) - 2)교장선생님은 학교목표의 설정과 학교 자체 평가 과정에 교사를 참여시킨다,2025,2주기,1.0,76,2.71,전혀그렇지않다
경기학교교육실태조사,중학교,TR_LEADER_02,C12,학교풍토·리더십,S1201,학교장 리더십,교사,학교장의 리더십(구:학교장의 변혁적 리더십) - 2)교장선생님은 학교목표의 설정과 학교 자체 평가 과정에 교사를 참여시킨다,2025,2주기,2.0,142,5.07,그렇지않다
경기학교교육실태조사,중학교,TR_LEADER_02,C12,학교풍토·리더십,S1201,학교장 리더십,교사,학교장의 리더십(구:학교장의 변혁적 리더십) - 2)교장선생님은 학교목표의 설정과 학교 자체 평가 과정에 교사를 참여시킨다,2025,2주기,3.0,488,17.43,보통이다
경기학교교육실태조사,중학교,TR_LEADER_02,C12,학교풍토·리더십,S1201,학교장 리더십,교사,학교장의 리더십(구:학교장의 변혁적 리더십) - 2)교장선생님은 학교목표의 설정과 학교 자체 평가 과정에 교사를 참여시킨다,2025,2주기,4.0,1166,41.64,그렇다
경기학교교육실태조사,중학교,TR_LEADER_02,C12,학교풍토·리더십,S1201,학교장 리더십,교사,학교장의 리더십(구:학교장의 변혁적 리더십) - 2)교장선생님은 학교목표의 설정과 학교 자체 평가 과정에 교사를 참여시킨다,2025,2주기,5.0,928,33.14,매우그렇다
경기학교교육실태조사,중학교,TR_LEADER_03,C12,학교풍토·리더십,S1201,학교장 리더십,교사,"학교장의 리더십(구:학교장의 변혁적 리더십) - 3)교장선생님은 학교혁신과 발전에 대해서 교사와 학부모, 학생에게 조언을 구한다",2021,1주기,1.0,115,2.22,전혀 그렇지 않다
경기학교교육실태조사,중학교,TR_LEADER_03,C12,학교풍토·리더십,S1201,학교장 리더십,교사,"학교장의 리더십(구:학교장의 변혁적 리더십) - 3)교장선생님은 학교혁신과 발전에 대해서 교사와 학부모, 학생에게 조언을 구한다",2021,1주기,2.0,210,4.05,그렇지 않다
경기학교교육실태조사,중학교,TR_LEADER_03,C12,학교풍토·리더십,S1201,학교장 리더십,교사,"학교장의 리더십(구:학교장의 변혁적 리더십) - 3)교장선생님은 학교혁신과 발전에 대해서 교사와 학부모, 학생에게 조언을 구한다",2021,1주기,3.0,908,17.5,보통이다
경기학교교육실태조사,중학교,TR_LEADER_03,C12,학교풍토·리더십,S1201,학교장 리더십,교사,"학교장의 리더십(구:학교장의 변혁적 리더십) - 3)교장선생님은 학교혁신과 발전에 대해서 교사와 학부모, 학생에게 조언을 구한다",2021,1주기,4.0,2049,39.49,그렇다
경기학교교육실태조사,중학교,TR_LEADER_03,C12,학교풍토·리더십,S1201,학교장 리더십,교사,"학교장의 리더십(구:학교장의 변혁적 리더십) - 3)교장선생님은 학교혁신과 발전에 대해서 교사와 학부모, 학생에게 조언을 구한다",2021,1주기,5.0,1907,36.75,매우 그렇다
경기학교교육실태조사,중학교,TR_LEADER_03,C12,학교풍토·리더십,S1201,학교장 리더십,교사,"학교장의 리더십(구:학교장의 변혁적 리더십) - 3)교장선생님은 학교혁신과 발전에 대해서 교사와 학부모, 학생에게 조언을 구한다",2025,2주기,1.0,97,3.46,전혀그렇지않다
경기학교교육실태조사,중학교,TR_LEADER_03,C12,학교풍토·리더십,S1201,학교장 리더십,교사,"학교장의 리더십(구:학교장의 변혁적 리더십) - 3)교장선생님은 학교혁신과 발전에 대해서 교사와 학부모, 학생에게 조언을 구한다",2025,2주기,2.0,154,5.5,그렇지않다
경기학교교육실태조사,중학교,TR_LEADER_03,C12,학교풍토·리더십,S1201,학교장 리더십,교사,"학교장의 리더십(구:학교장의 변혁적 리더십) - 3)교장선생님은 학교혁신과 발전에 대해서 교사와 학부모, 학생에게 조언을 구한다",2025,2주기,3.0,560,20.0,보통이다
경기학교교육실태조사,중학교,TR_LEADER_03,C12,학교풍토·리더십,S1201,학교장 리더십,교사,"학교장의 리더십(구:학교장의 변혁적 리더십) - 3)교장선생님은 학교혁신과 발전에 대해서 교사와 학부모, 학생에게 조언을 구한다",2025,2주기,4.0,1156,41.29,그렇다
경기학교교육실태조사,중학교,TR_LEADER_03,C12,학교풍토·리더십,S1201,학교장 리더십,교사,"학교장의 리더십(구:학교장의 변혁적 리더십) - 3)교장선생님은 학교혁신과 발전에 대해서 교사와 학부모, 학생에게 조언을 구한다",2025,2주기,5.0,833,29.75,매우그렇다
경기학교교육실태조사,중학교,TR_LEADER_04,C12,학교풍토·리더십,S1201,학교장 리더십,교사,학교장의 리더십(구:학교장의 변혁적 리더십) - 4)교장선생님은 교사에게 영향을 줄 수 있는 의사결정에 대해 교사들과 상의한다,2021,1주기,1.0,162,3.12,전혀 그렇지 않다
경기학교교육실태조사,중학교,TR_LEADER_04,C12,학교풍토·리더십,S1201,학교장 리더십,교사,학교장의 리더십(구:학교장의 변혁적 리더십) - 4)교장선생님은 교사에게 영향을 줄 수 있는 의사결정에 대해 교사들과 상의한다,2021,1주기,2.0,244,4.7,그렇지 않다
경기학교교육실태조사,중학교,TR_LEADER_04,C12,학교풍토·리더십,S1201,학교장 리더십,교사,학교장의 리더십(구:학교장의 변혁적 리더십) - 4)교장선생님은 교사에게 영향을 줄 수 있는 의사결정에 대해 교사들과 상의한다,2021,1주기,3.0,881,16.98,보통이다
경기학교교육실태조사,중학교,TR_LEADER_04,C12,학교풍토·리더십,S1201,학교장 리더십,교사,학교장의 리더십(구:학교장의 변혁적 리더십) - 4)교장선생님은 교사에게 영향을 줄 수 있는 의사결정에 대해 교사들과 상의한다,2021,1주기,4.0,1973,38.02,그렇다
경기학교교육실태조사,중학교,TR_LEADER_04,C12,학교풍토·리더십,S1201,학교장 리더십,교사,학교장의 리더십(구:학교장의 변혁적 리더십) - 4)교장선생님은 교사에게 영향을 줄 수 있는 의사결정에 대해 교사들과 상의한다,2021,1주기,5.0,1929,37.17,매우 그렇다
경기학교교육실태조사,중학교,TR_LEADER_04,C12,학교풍토·리더십,S1201,학교장 리더십,교사,학교장의 리더십(구:학교장의 변혁적 리더십) - 4)교장선생님은 교사에게 영향을 줄 수 있는 의사결정에 대해 교사들과 상의한다,2025,2주기,1.0,148,5.29,전혀그렇지않다
경기학교교육실태조사,중학교,TR_LEADER_04,C12,학교풍토·리더십,S1201,학교장 리더십,교사,학교장의 리더십(구:학교장의 변혁적 리더십) - 4)교장선생님은 교사에게 영향을 줄 수 있는 의사결정에 대해 교사들과 상의한다,2025,2주기,2.0,187,6.68,그렇지않다
경기학교교육실태조사,중학교,TR_LEADER_04,C12,학교풍토·리더십,S1201,학교장 리더십,교사,학교장의 리더십(구:학교장의 변혁적 리더십) - 4)교장선생님은 교사에게 영향을 줄 수 있는 의사결정에 대해 교사들과 상의한다,2025,2주기,3.0,512,18.29,보통이다
경기학교교육실태조사,중학교,TR_LEADER_04,C12,학교풍토·리더십,S1201,학교장 리더십,교사,학교장의 리더십(구:학교장의 변혁적 리더십) - 4)교장선생님은 교사에게 영향을 줄 수 있는 의사결정에 대해 교사들과 상의한다,2025,2주기,4.0,1081,38.61,그렇다
경기학교교육실태조사,중학교,TR_LEADER_04,C12,학교풍토·리더십,S1201,학교장 리더십,교사,학교장의 리더십(구:학교장의 변혁적 리더십) - 4)교장선생님은 교사에게 영향을 줄 수 있는 의사결정에 대해 교사들과 상의한다,2025,2주기,5.0,872,31.14,매우그렇다
경기학교교육실태조사,중학교,TR_PLC_01,C11,교사 전문성,S1102,동료 협력,교사,전문적 학습공동체 - 1)우리 학교는 학습공동체를 통해 처한 공동의 문제를 해결하려고 한다,2021,1주기,1.0,39,0.75,전혀 그렇지 않다
경기학교교육실태조사,중학교,TR_PLC_01,C11,교사 전문성,S1102,동료 협력,교사,전문적 학습공동체 - 1)우리 학교는 학습공동체를 통해 처한 공동의 문제를 해결하려고 한다,2021,1주기,2.0,126,2.43,그렇지 않다
경기학교교육실태조사,중학교,TR_PLC_01,C11,교사 전문성,S1102,동료 협력,교사,전문적 학습공동체 - 1)우리 학교는 학습공동체를 통해 처한 공동의 문제를 해결하려고 한다,2021,1주기,3.0,607,11.7,보통이다
경기학교교육실태조사,중학교,TR_PLC_01,C11,교사 전문성,S1102,동료 협력,교사,전문적 학습공동체 - 1)우리 학교는 학습공동체를 통해 처한 공동의 문제를 해결하려고 한다,2021,1주기,4.0,2362,45.52,그렇다
경기학교교육실태조사,중학교,TR_PLC_01,C11,교사 전문성,S1102,동료 협력,교사,전문적 학습공동체 - 1)우리 학교는 학습공동체를 통해 처한 공동의 문제를 해결하려고 한다,2021,1주기,5.0,2055,39.6,매우 그렇다
경기학교교육실태조사,중학교,TR_PLC_01,C11,교사 전문성,S1102,동료 협력,교사,전문적 학습공동체 - 1)우리 학교는 학습공동체를 통해 처한 공동의 문제를 해결하려고 한다,2025,2주기,1.0,33,1.18,전혀그렇지않다
경기학교교육실태조사,중학교,TR_PLC_01,C11,교사 전문성,S1102,동료 협력,교사,전문적 학습공동체 - 1)우리 학교는 학습공동체를 통해 처한 공동의 문제를 해결하려고 한다,2025,2주기,2.0,94,3.36,그렇지않다
경기학교교육실태조사,중학교,TR_PLC_01,C11,교사 전문성,S1102,동료 협력,교사,전문적 학습공동체 - 1)우리 학교는 학습공동체를 통해 처한 공동의 문제를 해결하려고 한다,2025,2주기,3.0,538,19.21,보통이다
경기학교교육실태조사,중학교,TR_PLC_01,C11,교사 전문성,S1102,동료 협력,교사,전문적 학습공동체 - 1)우리 학교는 학습공동체를 통해 처한 공동의 문제를 해결하려고 한다,2025,2주기,4.0,1331,47.54,그렇다
경기학교교육실태조사,중학교,TR_PLC_01,C11,교사 전문성,S1102,동료 협력,교사,전문적 학습공동체 - 1)우리 학교는 학습공동체를 통해 처한 공동의 문제를 해결하려고 한다,2025,2주기,5.0,804,28.71,매우그렇다
경기학교교육실태조사,중학교,TR_PLC_02,C11,교사 전문성,S1102,동료 협력,교사,전문적 학습공동체 - 2)우리 학교 선생님들은 협력하여 교육과정을 재구성하거나 공동 수업안을 개발한다,2021,1주기,1.0,46,0.89,전혀 그렇지 않다
경기학교교육실태조사,중학교,TR_PLC_02,C11,교사 전문성,S1102,동료 협력,교사,전문적 학습공동체 - 2)우리 학교 선생님들은 협력하여 교육과정을 재구성하거나 공동 수업안을 개발한다,2021,1주기,2.0,184,3.55,그렇지 않다
경기학교교육실태조사,중학교,TR_PLC_02,C11,교사 전문성,S1102,동료 협력,교사,전문적 학습공동체 - 2)우리 학교 선생님들은 협력하여 교육과정을 재구성하거나 공동 수업안을 개발한다,2021,1주기,3.0,869,16.75,보통이다
경기학교교육실태조사,중학교,TR_PLC_02,C11,교사 전문성,S1102,동료 협력,교사,전문적 학습공동체 - 2)우리 학교 선생님들은 협력하여 교육과정을 재구성하거나 공동 수업안을 개발한다,2021,1주기,4.0,2305,44.42,그렇다
경기학교교육실태조사,중학교,TR_PLC_02,C11,교사 전문성,S1102,동료 협력,교사,전문적 학습공동체 - 2)우리 학교 선생님들은 협력하여 교육과정을 재구성하거나 공동 수업안을 개발한다,2021,1주기,5.0,1785,34.4,매우 그렇다
경기학교교육실태조사,중학교,TR_PLC_02,C11,교사 전문성,S1102,동료 협력,교사,전문적 학습공동체 - 2)우리 학교 선생님들은 협력하여 교육과정을 재구성하거나 공동 수업안을 개발한다,2025,2주기,1.0,25,0.89,전혀그렇지않다
경기학교교육실태조사,중학교,TR_PLC_02,C11,교사 전문성,S1102,동료 협력,교사,전문적 학습공동체 - 2)우리 학교 선생님들은 협력하여 교육과정을 재구성하거나 공동 수업안을 개발한다,2025,2주기,2.0,99,3.54,그렇지않다
경기학교교육실태조사,중학교,TR_PLC_02,C11,교사 전문성,S1102,동료 협력,교사,전문적 학습공동체 - 2)우리 학교 선생님들은 협력하여 교육과정을 재구성하거나 공동 수업안을 개발한다,2025,2주기,3.0,626,22.36,보통이다
경기학교교육실태조사,중학교,TR_PLC_02,C11,교사 전문성,S1102,동료 협력,교사,전문적 학습공동체 - 2)우리 학교 선생님들은 협력하여 교육과정을 재구성하거나 공동 수업안을 개발한다,2025,2주기,4.0,1329,47.46,그렇다
경기학교교육실태조사,중학교,TR_PLC_02,C11,교사 전문성,S1102,동료 협력,교사,전문적 학습공동체 - 2)우리 학교 선생님들은 협력하여 교육과정을 재구성하거나 공동 수업안을 개발한다,2025,2주기,5.0,721,25.75,매우그렇다
경기학교교육실태조사,중학교,TR_PLC_03,C11,교사 전문성,S1102,동료 협력,교사,"전문적 학습공동체 - 3)교육과정 세미나, 교수학습활동 워크숍, 교사 학급경영 발표회 등 협력적 연구 활동을 운영한다",2021,1주기,1.0,51,0.98,전혀 그렇지 않다
경기학교교육실태조사,중학교,TR_PLC_03,C11,교사 전문성,S1102,동료 협력,교사,"전문적 학습공동체 - 3)교육과정 세미나, 교수학습활동 워크숍, 교사 학급경영 발표회 등 협력적 연구 활동을 운영한다",2021,1주기,2.0,199,3.84,그렇지 않다
경기학교교육실태조사,중학교,TR_PLC_03,C11,교사 전문성,S1102,동료 협력,교사,"전문적 학습공동체 - 3)교육과정 세미나, 교수학습활동 워크숍, 교사 학급경영 발표회 등 협력적 연구 활동을 운영한다",2021,1주기,3.0,953,18.37,보통이다
경기학교교육실태조사,중학교,TR_PLC_03,C11,교사 전문성,S1102,동료 협력,교사,"전문적 학습공동체 - 3)교육과정 세미나, 교수학습활동 워크숍, 교사 학급경영 발표회 등 협력적 연구 활동을 운영한다",2021,1주기,4.0,2261,43.57,그렇다
경기학교교육실태조사,중학교,TR_PLC_03,C11,교사 전문성,S1102,동료 협력,교사,"전문적 학습공동체 - 3)교육과정 세미나, 교수학습활동 워크숍, 교사 학급경영 발표회 등 협력적 연구 활동을 운영한다",2021,1주기,5.0,1725,33.24,매우 그렇다
경기학교교육실태조사,중학교,TR_PLC_03,C11,교사 전문성,S1102,동료 협력,교사,"전문적 학습공동체 - 3)교육과정 세미나, 교수학습활동 워크숍, 교사 학급경영 발표회 등 협력적 연구 활동을 운영한다",2025,2주기,1.0,25,0.89,전혀그렇지않다
경기학교교육실태조사,중학교,TR_PLC_03,C11,교사 전문성,S1102,동료 협력,교사,"전문적 학습공동체 - 3)교육과정 세미나, 교수학습활동 워크숍, 교사 학급경영 발표회 등 협력적 연구 활동을 운영한다",2025,2주기,2.0,129,4.61,그렇지않다
경기학교교육실태조사,중학교,TR_PLC_03,C11,교사 전문성,S1102,동료 협력,교사,"전문적 학습공동체 - 3)교육과정 세미나, 교수학습활동 워크숍, 교사 학급경영 발표회 등 협력적 연구 활동을 운영한다",2025,2주기,3.0,708,25.29,보통이다
경기학교교육실태조사,중학교,TR_PLC_03,C11,교사 전문성,S1102,동료 협력,교사,"전문적 학습공동체 - 3)교육과정 세미나, 교수학습활동 워크숍, 교사 학급경영 발표회 등 협력적 연구 활동을 운영한다",2025,2주기,4.0,1256,44.86,그렇다
경기학교교육실태조사,중학교,TR_PLC_03,C11,교사 전문성,S1102,동료 협력,교사,"전문적 학습공동체 - 3)교육과정 세미나, 교수학습활동 워크숍, 교사 학급경영 발표회 등 협력적 연구 활동을 운영한다",2025,2주기,5.0,682,24.36,매우그렇다
경기학교교육실태조사,중학교,TR_PLC_04,C11,교사 전문성,S1102,동료 협력,교사,전문적 학습공동체 - 4)우리 학교는 학습하는 조직이다.,2021,1주기,1.0,51,0.98,전혀 그렇지 않다
경기학교교육실태조사,중학교,TR_PLC_04,C11,교사 전문성,S1102,동료 협력,교사,전문적 학습공동체 - 4)우리 학교는 학습하는 조직이다.,2021,1주기,2.0,200,3.85,그렇지 않다
경기학교교육실태조사,중학교,TR_PLC_04,C11,교사 전문성,S1102,동료 협력,교사,전문적 학습공동체 - 4)우리 학교는 학습하는 조직이다.,2021,1주기,3.0,1010,19.46,보통이다
경기학교교육실태조사,중학교,TR_PLC_04,C11,교사 전문성,S1102,동료 협력,교사,전문적 학습공동체 - 4)우리 학교는 학습하는 조직이다.,2021,1주기,4.0,2306,44.44,그렇다
경기학교교육실태조사,중학교,TR_PLC_04,C11,교사 전문성,S1102,동료 협력,교사,전문적 학습공동체 - 4)우리 학교는 학습하는 조직이다.,2021,1주기,5.0,1622,31.26,매우 그렇다
경기학교교육실태조사,중학교,TR_PLC_04,C11,교사 전문성,S1102,동료 협력,교사,전문적 학습공동체 - 4)우리 학교는 학습하는 조직이다.,2025,2주기,1.0,29,1.04,전혀그렇지않다
경기학교교육실태조사,중학교,TR_PLC_04,C11,교사 전문성,S1102,동료 협력,교사,전문적 학습공동체 - 4)우리 학교는 학습하는 조직이다.,2025,2주기,2.0,103,3.68,그렇지않다
경기학교교육실태조사,중학교,TR_PLC_04,C11,교사 전문성,S1102,동료 협력,교사,전문적 학습공동체 - 4)우리 학교는 학습하는 조직이다.,2025,2주기,3.0,674,24.07,보통이다
경기학교교육실태조사,중학교,TR_PLC_04,C11,교사 전문성,S1102,동료 협력,교사,전문적 학습공동체 - 4)우리 학교는 학습하는 조직이다.,2025,2주기,4.0,1328,47.43,그렇다
경기학교교육실태조사,중학교,TR_PLC_04,C11,교사 전문성,S1102,동료 협력,교사,전문적 학습공동체 - 4)우리 학교는 학습하는 조직이다.,2025,2주기,5.0,666,23.79,매우그렇다
경기학교교육실태조사,중학교,TR_SAT_DETAIL_01,C09,만족도,S0902,세부 만족도,교사,학교만족도(세부) - 1)학교의 비전 및 중점추진사항,2021,1주기,1.0,68,1.31,전혀 만족하지 않는다
경기학교교육실태조사,중학교,TR_SAT_DETAIL_01,C09,만족도,S0902,세부 만족도,교사,학교만족도(세부) - 1)학교의 비전 및 중점추진사항,2021,1주기,2.0,165,3.18,만족하지 않는다
경기학교교육실태조사,중학교,TR_SAT_DETAIL_01,C09,만족도,S0902,세부 만족도,교사,학교만족도(세부) - 1)학교의 비전 및 중점추진사항,2021,1주기,3.0,1474,28.41,보통이다
경기학교교육실태조사,중학교,TR_SAT_DETAIL_01,C09,만족도,S0902,세부 만족도,교사,학교만족도(세부) - 1)학교의 비전 및 중점추진사항,2021,1주기,4.0,2319,44.69,만족한다
경기학교교육실태조사,중학교,TR_SAT_DETAIL_01,C09,만족도,S0902,세부 만족도,교사,학교만족도(세부) - 1)학교의 비전 및 중점추진사항,2021,1주기,5.0,1163,22.41,매우 만족한다
경기학교교육실태조사,중학교,TR_SAT_DETAIL_01,C09,만족도,S0902,세부 만족도,교사,학교만족도(세부) - 1)학교의 비전 및 중점추진사항,2025,2주기,1.0,44,1.57,전혀만족하지않는다
경기학교교육실태조사,중학교,TR_SAT_DETAIL_01,C09,만족도,S0902,세부 만족도,교사,학교만족도(세부) - 1)학교의 비전 및 중점추진사항,2025,2주기,2.0,108,3.86,만족하지않는다
경기학교교육실태조사,중학교,TR_SAT_DETAIL_01,C09,만족도,S0902,세부 만족도,교사,학교만족도(세부) - 1)학교의 비전 및 중점추진사항,2025,2주기,3.0,769,27.46,보통이다
경기학교교육실태조사,중학교,TR_SAT_DETAIL_01,C09,만족도,S0902,세부 만족도,교사,학교만족도(세부) - 1)학교의 비전 및 중점추진사항,2025,2주기,4.0,1348,48.14,만족한다
경기학교교육실태조사,중학교,TR_SAT_DETAIL_01,C09,만족도,S0902,세부 만족도,교사,학교만족도(세부) - 1)학교의 비전 및 중점추진사항,2025,2주기,5.0,531,18.96,매우만족한다
경기학교교육실태조사,중학교,TR_SAT_DETAIL_02,C09,만족도,S0902,세부 만족도,교사,학교만족도(세부) - 2)학교운영 참여,2021,1주기,1.0,77,1.48,전혀 만족하지 않는다
경기학교교육실태조사,중학교,TR_SAT_DETAIL_02,C09,만족도,S0902,세부 만족도,교사,학교만족도(세부) - 2)학교운영 참여,2021,1주기,2.0,201,3.87,만족하지 않는다
경기학교교육실태조사,중학교,TR_SAT_DETAIL_02,C09,만족도,S0902,세부 만족도,교사,학교만족도(세부) - 2)학교운영 참여,2021,1주기,3.0,1435,27.65,보통이다
경기학교교육실태조사,중학교,TR_SAT_DETAIL_02,C09,만족도,S0902,세부 만족도,교사,학교만족도(세부) - 2)학교운영 참여,2021,1주기,4.0,2319,44.69,만족한다
경기학교교육실태조사,중학교,TR_SAT_DETAIL_02,C09,만족도,S0902,세부 만족도,교사,학교만족도(세부) - 2)학교운영 참여,2021,1주기,5.0,1157,22.3,매우 만족한다
경기학교교육실태조사,중학교,TR_SAT_DETAIL_02,C09,만족도,S0902,세부 만족도,교사,학교만족도(세부) - 2)학교운영 참여,2025,2주기,1.0,54,1.93,전혀만족하지않는다
경기학교교육실태조사,중학교,TR_SAT_DETAIL_02,C09,만족도,S0902,세부 만족도,교사,학교만족도(세부) - 2)학교운영 참여,2025,2주기,2.0,141,5.04,만족하지않는다
경기학교교육실태조사,중학교,TR_SAT_DETAIL_02,C09,만족도,S0902,세부 만족도,교사,학교만족도(세부) - 2)학교운영 참여,2025,2주기,3.0,863,30.82,보통이다
경기학교교육실태조사,중학교,TR_SAT_DETAIL_02,C09,만족도,S0902,세부 만족도,교사,학교만족도(세부) - 2)학교운영 참여,2025,2주기,4.0,1255,44.82,만족한다
경기학교교육실태조사,중학교,TR_SAT_DETAIL_02,C09,만족도,S0902,세부 만족도,교사,학교만족도(세부) - 2)학교운영 참여,2025,2주기,5.0,487,17.39,매우만족한다
경기학교교육실태조사,중학교,TR_SAT_DETAIL_03,C09,만족도,S0902,세부 만족도,교사,학교만족도(세부) - 3)교수-학습 활동 결과,2021,1주기,1.0,26,0.5,전혀 만족하지 않는다
경기학교교육실태조사,중학교,TR_SAT_DETAIL_03,C09,만족도,S0902,세부 만족도,교사,학교만족도(세부) - 3)교수-학습 활동 결과,2021,1주기,2.0,76,1.46,만족하지 않는다
경기학교교육실태조사,중학교,TR_SAT_DETAIL_03,C09,만족도,S0902,세부 만족도,교사,학교만족도(세부) - 3)교수-학습 활동 결과,2021,1주기,3.0,1244,23.97,보통이다
경기학교교육실태조사,중학교,TR_SAT_DETAIL_03,C09,만족도,S0902,세부 만족도,교사,학교만족도(세부) - 3)교수-학습 활동 결과,2021,1주기,4.0,2613,50.36,만족한다
경기학교교육실태조사,중학교,TR_SAT_DETAIL_03,C09,만족도,S0902,세부 만족도,교사,학교만족도(세부) - 3)교수-학습 활동 결과,2021,1주기,5.0,1230,23.7,매우 만족한다
경기학교교육실태조사,중학교,TR_SAT_DETAIL_03,C09,만족도,S0902,세부 만족도,교사,학교만족도(세부) - 3)교수-학습 활동 결과,2025,2주기,1.0,21,0.75,전혀만족하지않는다
경기학교교육실태조사,중학교,TR_SAT_DETAIL_03,C09,만족도,S0902,세부 만족도,교사,학교만족도(세부) - 3)교수-학습 활동 결과,2025,2주기,2.0,78,2.79,만족하지않는다
경기학교교육실태조사,중학교,TR_SAT_DETAIL_03,C09,만족도,S0902,세부 만족도,교사,학교만족도(세부) - 3)교수-학습 활동 결과,2025,2주기,3.0,639,22.82,보통이다
경기학교교육실태조사,중학교,TR_SAT_DETAIL_03,C09,만족도,S0902,세부 만족도,교사,학교만족도(세부) - 3)교수-학습 활동 결과,2025,2주기,4.0,1469,52.46,만족한다
경기학교교육실태조사,중학교,TR_SAT_DETAIL_03,C09,만족도,S0902,세부 만족도,교사,학교만족도(세부) - 3)교수-학습 활동 결과,2025,2주기,5.0,593,21.18,매우만족한다
경기학교교육실태조사,중학교,TR_SAT_DETAIL_04,C09,만족도,S0902,세부 만족도,교사,학교만족도(세부) - 4)새로운 교육활동 시도,2021,1주기,1.0,45,0.87,전혀 만족하지 않는다
경기학교교육실태조사,중학교,TR_SAT_DETAIL_04,C09,만족도,S0902,세부 만족도,교사,학교만족도(세부) - 4)새로운 교육활동 시도,2021,1주기,2.0,120,2.31,만족하지 않는다
경기학교교육실태조사,중학교,TR_SAT_DETAIL_04,C09,만족도,S0902,세부 만족도,교사,학교만족도(세부) - 4)새로운 교육활동 시도,2021,1주기,3.0,1334,25.71,보통이다
경기학교교육실태조사,중학교,TR_SAT_DETAIL_04,C09,만족도,S0902,세부 만족도,교사,학교만족도(세부) - 4)새로운 교육활동 시도,2021,1주기,4.0,2435,46.93,만족한다
경기학교교육실태조사,중학교,TR_SAT_DETAIL_04,C09,만족도,S0902,세부 만족도,교사,학교만족도(세부) - 4)새로운 교육활동 시도,2021,1주기,5.0,1255,24.19,매우 만족한다
경기학교교육실태조사,중학교,TR_SAT_DETAIL_04,C09,만족도,S0902,세부 만족도,교사,학교만족도(세부) - 4)새로운 교육활동 시도,2025,2주기,1.0,42,1.5,전혀만족하지않는다
경기학교교육실태조사,중학교,TR_SAT_DETAIL_04,C09,만족도,S0902,세부 만족도,교사,학교만족도(세부) - 4)새로운 교육활동 시도,2025,2주기,2.0,106,3.79,만족하지않는다
경기학교교육실태조사,중학교,TR_SAT_DETAIL_04,C09,만족도,S0902,세부 만족도,교사,학교만족도(세부) - 4)새로운 교육활동 시도,2025,2주기,3.0,752,26.86,보통이다
경기학교교육실태조사,중학교,TR_SAT_DETAIL_04,C09,만족도,S0902,세부 만족도,교사,학교만족도(세부) - 4)새로운 교육활동 시도,2025,2주기,4.0,1301,46.46,만족한다
경기학교교육실태조사,중학교,TR_SAT_DETAIL_04,C09,만족도,S0902,세부 만족도,교사,학교만족도(세부) - 4)새로운 교육활동 시도,2025,2주기,5.0,599,21.39,매우만족한다
경기학교교육실태조사,중학교,TR_SAT_JOB_01,C09,만족도,S0901,전반적 만족도,교사,교직만족도/학교만족도 - 1)나는 교사라는 직업에 만족한다,2021,1주기,1.0,55,1.06,전혀 그렇지 않다
경기학교교육실태조사,중학교,TR_SAT_JOB_01,C09,만족도,S0901,전반적 만족도,교사,교직만족도/학교만족도 - 1)나는 교사라는 직업에 만족한다,2021,1주기,2.0,160,3.08,그렇지 않다
경기학교교육실태조사,중학교,TR_SAT_JOB_01,C09,만족도,S0901,전반적 만족도,교사,교직만족도/학교만족도 - 1)나는 교사라는 직업에 만족한다,2021,1주기,3.0,837,16.13,보통이다
경기학교교육실태조사,중학교,TR_SAT_JOB_01,C09,만족도,S0901,전반적 만족도,교사,교직만족도/학교만족도 - 1)나는 교사라는 직업에 만족한다,2021,1주기,4.0,2255,43.46,그렇다
경기학교교육실태조사,중학교,TR_SAT_JOB_01,C09,만족도,S0901,전반적 만족도,교사,교직만족도/학교만족도 - 1)나는 교사라는 직업에 만족한다,2021,1주기,5.0,1882,36.27,매우 그렇다
경기학교교육실태조사,중학교,TR_SAT_JOB_01,C09,만족도,S0901,전반적 만족도,교사,교직만족도/학교만족도 - 1)나는 교사라는 직업에 만족한다,2025,2주기,1.0,59,2.11,전혀그렇지않다
경기학교교육실태조사,중학교,TR_SAT_JOB_01,C09,만족도,S0901,전반적 만족도,교사,교직만족도/학교만족도 - 1)나는 교사라는 직업에 만족한다,2025,2주기,2.0,151,5.39,그렇지않다
경기학교교육실태조사,중학교,TR_SAT_JOB_01,C09,만족도,S0901,전반적 만족도,교사,교직만족도/학교만족도 - 1)나는 교사라는 직업에 만족한다,2025,2주기,3.0,536,19.14,보통이다
경기학교교육실태조사,중학교,TR_SAT_JOB_01,C09,만족도,S0901,전반적 만족도,교사,교직만족도/학교만족도 - 1)나는 교사라는 직업에 만족한다,2025,2주기,4.0,1271,45.39,그렇다
경기학교교육실태조사,중학교,TR_SAT_JOB_01,C09,만족도,S0901,전반적 만족도,교사,교직만족도/학교만족도 - 1)나는 교사라는 직업에 만족한다,2025,2주기,5.0,783,27.96,매우그렇다
경기학교교육실태조사,중학교,TR_SAT_JOB_02,C09,만족도,S0901,전반적 만족도,교사,교직만족도/학교만족도 - 2)나는 교사로서 하는 업무에 만족한다,2021,1주기,1.0,118,2.27,전혀 그렇지 않다
경기학교교육실태조사,중학교,TR_SAT_JOB_02,C09,만족도,S0901,전반적 만족도,교사,교직만족도/학교만족도 - 2)나는 교사로서 하는 업무에 만족한다,2021,1주기,2.0,381,7.34,그렇지 않다
경기학교교육실태조사,중학교,TR_SAT_JOB_02,C09,만족도,S0901,전반적 만족도,교사,교직만족도/학교만족도 - 2)나는 교사로서 하는 업무에 만족한다,2021,1주기,3.0,1162,22.39,보통이다
경기학교교육실태조사,중학교,TR_SAT_JOB_02,C09,만족도,S0901,전반적 만족도,교사,교직만족도/학교만족도 - 2)나는 교사로서 하는 업무에 만족한다,2021,1주기,4.0,2059,39.68,그렇다
경기학교교육실태조사,중학교,TR_SAT_JOB_02,C09,만족도,S0901,전반적 만족도,교사,교직만족도/학교만족도 - 2)나는 교사로서 하는 업무에 만족한다,2021,1주기,5.0,1469,28.31,매우 그렇다
경기학교교육실태조사,중학교,TR_SAT_JOB_02,C09,만족도,S0901,전반적 만족도,교사,교직만족도/학교만족도 - 2)나는 교사로서 하는 업무에 만족한다,2025,2주기,1.0,113,4.04,전혀그렇지않다
경기학교교육실태조사,중학교,TR_SAT_JOB_02,C09,만족도,S0901,전반적 만족도,교사,교직만족도/학교만족도 - 2)나는 교사로서 하는 업무에 만족한다,2025,2주기,2.0,282,10.07,그렇지않다
경기학교교육실태조사,중학교,TR_SAT_JOB_02,C09,만족도,S0901,전반적 만족도,교사,교직만족도/학교만족도 - 2)나는 교사로서 하는 업무에 만족한다,2025,2주기,3.0,771,27.54,보통이다
경기학교교육실태조사,중학교,TR_SAT_JOB_02,C09,만족도,S0901,전반적 만족도,교사,교직만족도/학교만족도 - 2)나는 교사로서 하는 업무에 만족한다,2025,2주기,4.0,1068,38.14,그렇다
경기학교교육실태조사,중학교,TR_SAT_JOB_02,C09,만족도,S0901,전반적 만족도,교사,교직만족도/학교만족도 - 2)나는 교사로서 하는 업무에 만족한다,2025,2주기,5.0,566,20.21,매우그렇다
경기학교교육실태조사,중학교,TR_SAT_JOB_03,C09,만족도,S0901,전반적 만족도,교사,교직만족도/학교만족도 - 3)다시 직업을 선택하더라도 교사가 될 것이다,2021,1주기,1.0,282,5.43,전혀 그렇지 않다
경기학교교육실태조사,중학교,TR_SAT_JOB_03,C09,만족도,S0901,전반적 만족도,교사,교직만족도/학교만족도 - 3)다시 직업을 선택하더라도 교사가 될 것이다,2021,1주기,2.0,628,12.1,그렇지 않다
경기학교교육실태조사,중학교,TR_SAT_JOB_03,C09,만족도,S0901,전반적 만족도,교사,교직만족도/학교만족도 - 3)다시 직업을 선택하더라도 교사가 될 것이다,2021,1주기,3.0,1223,23.57,보통이다
경기학교교육실태조사,중학교,TR_SAT_JOB_03,C09,만족도,S0901,전반적 만족도,교사,교직만족도/학교만족도 - 3)다시 직업을 선택하더라도 교사가 될 것이다,2021,1주기,4.0,1593,30.7,그렇다
경기학교교육실태조사,중학교,TR_SAT_JOB_03,C09,만족도,S0901,전반적 만족도,교사,교직만족도/학교만족도 - 3)다시 직업을 선택하더라도 교사가 될 것이다,2021,1주기,5.0,1463,28.19,매우 그렇다
경기학교교육실태조사,중학교,TR_SAT_JOB_03,C09,만족도,S0901,전반적 만족도,교사,교직만족도/학교만족도 - 3)다시 직업을 선택하더라도 교사가 될 것이다,2025,2주기,1.0,296,10.57,전혀그렇지않다
경기학교교육실태조사,중학교,TR_SAT_JOB_03,C09,만족도,S0901,전반적 만족도,교사,교직만족도/학교만족도 - 3)다시 직업을 선택하더라도 교사가 될 것이다,2025,2주기,2.0,484,17.29,그렇지않다
경기학교교육실태조사,중학교,TR_SAT_JOB_03,C09,만족도,S0901,전반적 만족도,교사,교직만족도/학교만족도 - 3)다시 직업을 선택하더라도 교사가 될 것이다,2025,2주기,3.0,740,26.43,보통이다
경기학교교육실태조사,중학교,TR_SAT_JOB_03,C09,만족도,S0901,전반적 만족도,교사,교직만족도/학교만족도 - 3)다시 직업을 선택하더라도 교사가 될 것이다,2025,2주기,4.0,750,26.79,그렇다
경기학교교육실태조사,중학교,TR_SAT_JOB_03,C09,만족도,S0901,전반적 만족도,교사,교직만족도/학교만족도 - 3)다시 직업을 선택하더라도 교사가 될 것이다,2025,2주기,5.0,530,18.93,매우그렇다
경기학교교육실태조사,중학교,TR_SAT_JOB_04,C09,만족도,S0901,전반적 만족도,교사,교직만족도/학교만족도 - 4)나는 우리 학교에서 기대감을 갖고 하루하루를 생활한다,2021,1주기,1.0,191,3.68,전혀 그렇지 않다
경기학교교육실태조사,중학교,TR_SAT_JOB_04,C09,만족도,S0901,전반적 만족도,교사,교직만족도/학교만족도 - 4)나는 우리 학교에서 기대감을 갖고 하루하루를 생활한다,2021,1주기,2.0,404,7.79,그렇지 않다
경기학교교육실태조사,중학교,TR_SAT_JOB_04,C09,만족도,S0901,전반적 만족도,교사,교직만족도/학교만족도 - 4)나는 우리 학교에서 기대감을 갖고 하루하루를 생활한다,2021,1주기,3.0,1433,27.62,보통이다
경기학교교육실태조사,중학교,TR_SAT_JOB_04,C09,만족도,S0901,전반적 만족도,교사,교직만족도/학교만족도 - 4)나는 우리 학교에서 기대감을 갖고 하루하루를 생활한다,2021,1주기,4.0,1823,35.13,그렇다
경기학교교육실태조사,중학교,TR_SAT_JOB_04,C09,만족도,S0901,전반적 만족도,교사,교직만족도/학교만족도 - 4)나는 우리 학교에서 기대감을 갖고 하루하루를 생활한다,2021,1주기,5.0,1338,25.79,매우 그렇다
경기학교교육실태조사,중학교,TR_SAT_JOB_04,C09,만족도,S0901,전반적 만족도,교사,교직만족도/학교만족도 - 4)나는 우리 학교에서 기대감을 갖고 하루하루를 생활한다,2025,2주기,1.0,164,5.86,전혀그렇지않다
경기학교교육실태조사,중학교,TR_SAT_JOB_04,C09,만족도,S0901,전반적 만족도,교사,교직만족도/학교만족도 - 4)나는 우리 학교에서 기대감을 갖고 하루하루를 생활한다,2025,2주기,2.0,351,12.54,그렇지않다
경기학교교육실태조사,중학교,TR_SAT_JOB_04,C09,만족도,S0901,전반적 만족도,교사,교직만족도/학교만족도 - 4)나는 우리 학교에서 기대감을 갖고 하루하루를 생활한다,2025,2주기,3.0,893,31.89,보통이다
경기학교교육실태조사,중학교,TR_SAT_JOB_04,C09,만족도,S0901,전반적 만족도,교사,교직만족도/학교만족도 - 4)나는 우리 학교에서 기대감을 갖고 하루하루를 생활한다,2025,2주기,4.0,906,32.36,그렇다
경기학교교육실태조사,중학교,TR_SAT_JOB_04,C09,만족도,S0901,전반적 만족도,교사,교직만족도/학교만족도 - 4)나는 우리 학교에서 기대감을 갖고 하루하루를 생활한다,2025,2주기,5.0,486,17.36,매우그렇다
경기학교교육실태조사,중학교,TR_SAT_JOB_05,C09,만족도,S0901,전반적 만족도,교사,교직만족도/학교만족도 - 5)우리 학교에 대해 긍지를 느낀다,2021,1주기,1.0,169,3.26,전혀 그렇지 않다
경기학교교육실태조사,중학교,TR_SAT_JOB_05,C09,만족도,S0901,전반적 만족도,교사,교직만족도/학교만족도 - 5)우리 학교에 대해 긍지를 느낀다,2021,1주기,2.0,278,5.36,그렇지 않다
경기학교교육실태조사,중학교,TR_SAT_JOB_05,C09,만족도,S0901,전반적 만족도,교사,교직만족도/학교만족도 - 5)우리 학교에 대해 긍지를 느낀다,2021,1주기,3.0,1304,25.13,보통이다
경기학교교육실태조사,중학교,TR_SAT_JOB_05,C09,만족도,S0901,전반적 만족도,교사,교직만족도/학교만족도 - 5)우리 학교에 대해 긍지를 느낀다,2021,1주기,4.0,1967,37.91,그렇다
경기학교교육실태조사,중학교,TR_SAT_JOB_05,C09,만족도,S0901,전반적 만족도,교사,교직만족도/학교만족도 - 5)우리 학교에 대해 긍지를 느낀다,2021,1주기,5.0,1471,28.35,매우 그렇다
경기학교교육실태조사,중학교,TR_SAT_JOB_05,C09,만족도,S0901,전반적 만족도,교사,교직만족도/학교만족도 - 5)우리 학교에 대해 긍지를 느낀다,2025,2주기,1.0,135,4.82,전혀그렇지않다
경기학교교육실태조사,중학교,TR_SAT_JOB_05,C09,만족도,S0901,전반적 만족도,교사,교직만족도/학교만족도 - 5)우리 학교에 대해 긍지를 느낀다,2025,2주기,2.0,227,8.11,그렇지않다
경기학교교육실태조사,중학교,TR_SAT_JOB_05,C09,만족도,S0901,전반적 만족도,교사,교직만족도/학교만족도 - 5)우리 학교에 대해 긍지를 느낀다,2025,2주기,3.0,838,29.93,보통이다
경기학교교육실태조사,중학교,TR_SAT_JOB_05,C09,만족도,S0901,전반적 만족도,교사,교직만족도/학교만족도 - 5)우리 학교에 대해 긍지를 느낀다,2025,2주기,4.0,1027,36.68,그렇다
경기학교교육실태조사,중학교,TR_SAT_JOB_05,C09,만족도,S0901,전반적 만족도,교사,교직만족도/학교만족도 - 5)우리 학교에 대해 긍지를 느낀다,2025,2주기,5.0,573,20.46,매우그렇다
경기학교교육실태조사,중학교,TR_SAT_JOB_06,C09,만족도,S0901,전반적 만족도,교사,교직만족도/학교만족도 - 6)우리 학교에서의 교직 생활은 나 자신의 발전에 도움이 된다,2021,1주기,1.0,132,2.54,전혀 그렇지 않다
경기학교교육실태조사,중학교,TR_SAT_JOB_06,C09,만족도,S0901,전반적 만족도,교사,교직만족도/학교만족도 - 6)우리 학교에서의 교직 생활은 나 자신의 발전에 도움이 된다,2021,1주기,2.0,200,3.85,그렇지 않다
경기학교교육실태조사,중학교,TR_SAT_JOB_06,C09,만족도,S0901,전반적 만족도,교사,교직만족도/학교만족도 - 6)우리 학교에서의 교직 생활은 나 자신의 발전에 도움이 된다,2021,1주기,3.0,1085,20.91,보통이다
경기학교교육실태조사,중학교,TR_SAT_JOB_06,C09,만족도,S0901,전반적 만족도,교사,교직만족도/학교만족도 - 6)우리 학교에서의 교직 생활은 나 자신의 발전에 도움이 된다,2021,1주기,4.0,2154,41.51,그렇다
경기학교교육실태조사,중학교,TR_SAT_JOB_06,C09,만족도,S0901,전반적 만족도,교사,교직만족도/학교만족도 - 6)우리 학교에서의 교직 생활은 나 자신의 발전에 도움이 된다,2021,1주기,5.0,1618,31.18,매우 그렇다
경기학교교육실태조사,중학교,TR_SAT_JOB_06,C09,만족도,S0901,전반적 만족도,교사,교직만족도/학교만족도 - 6)우리 학교에서의 교직 생활은 나 자신의 발전에 도움이 된다,2025,2주기,1.0,93,3.32,전혀그렇지않다
경기학교교육실태조사,중학교,TR_SAT_JOB_06,C09,만족도,S0901,전반적 만족도,교사,교직만족도/학교만족도 - 6)우리 학교에서의 교직 생활은 나 자신의 발전에 도움이 된다,2025,2주기,2.0,178,6.36,그렇지않다
경기학교교육실태조사,중학교,TR_SAT_JOB_06,C09,만족도,S0901,전반적 만족도,교사,교직만족도/학교만족도 - 6)우리 학교에서의 교직 생활은 나 자신의 발전에 도움이 된다,2025,2주기,3.0,661,23.61,보통이다
경기학교교육실태조사,중학교,TR_SAT_JOB_06,C09,만족도,S0901,전반적 만족도,교사,교직만족도/학교만족도 - 6)우리 학교에서의 교직 생활은 나 자신의 발전에 도움이 된다,2025,2주기,4.0,1182,42.21,그렇다
경기학교교육실태조사,중학교,TR_SAT_JOB_06,C09,만족도,S0901,전반적 만족도,교사,교직만족도/학교만족도 - 6)우리 학교에서의 교직 생활은 나 자신의 발전에 도움이 된다,2025,2주기,5.0,686,24.5,매우그렇다
경기학교교육실태조사,중학교,TR_SCH_CULTURE_01,C12,학교풍토·리더십,S1202,민주적 학교문화,교사,혁신적·민주적 학교 문화 - 1)교사 개개인의 실수나 시행착오를 학습의 기회로 삼는 분위기이다,2021,1주기,1.0,121,2.33,전혀 그렇지 않다
경기학교교육실태조사,중학교,TR_SCH_CULTURE_01,C12,학교풍토·리더십,S1202,민주적 학교문화,교사,혁신적·민주적 학교 문화 - 1)교사 개개인의 실수나 시행착오를 학습의 기회로 삼는 분위기이다,2021,1주기,2.0,363,7.0,그렇지 않다
경기학교교육실태조사,중학교,TR_SCH_CULTURE_01,C12,학교풍토·리더십,S1202,민주적 학교문화,교사,혁신적·민주적 학교 문화 - 1)교사 개개인의 실수나 시행착오를 학습의 기회로 삼는 분위기이다,2021,1주기,3.0,1157,22.3,보통이다
경기학교교육실태조사,중학교,TR_SCH_CULTURE_01,C12,학교풍토·리더십,S1202,민주적 학교문화,교사,혁신적·민주적 학교 문화 - 1)교사 개개인의 실수나 시행착오를 학습의 기회로 삼는 분위기이다,2021,1주기,4.0,2482,47.83,그렇다
경기학교교육실태조사,중학교,TR_SCH_CULTURE_01,C12,학교풍토·리더십,S1202,민주적 학교문화,교사,혁신적·민주적 학교 문화 - 1)교사 개개인의 실수나 시행착오를 학습의 기회로 삼는 분위기이다,2021,1주기,5.0,1066,20.54,매우 그렇다
경기학교교육실태조사,중학교,TR_SCH_CULTURE_01,C12,학교풍토·리더십,S1202,민주적 학교문화,교사,혁신적·민주적 학교 문화 - 1)교사 개개인의 실수나 시행착오를 학습의 기회로 삼는 분위기이다,2025,2주기,1.0,64,2.29,전혀그렇지않다
경기학교교육실태조사,중학교,TR_SCH_CULTURE_01,C12,학교풍토·리더십,S1202,민주적 학교문화,교사,혁신적·민주적 학교 문화 - 1)교사 개개인의 실수나 시행착오를 학습의 기회로 삼는 분위기이다,2025,2주기,2.0,192,6.86,그렇지않다
경기학교교육실태조사,중학교,TR_SCH_CULTURE_01,C12,학교풍토·리더십,S1202,민주적 학교문화,교사,혁신적·민주적 학교 문화 - 1)교사 개개인의 실수나 시행착오를 학습의 기회로 삼는 분위기이다,2025,2주기,3.0,691,24.68,보통이다
경기학교교육실태조사,중학교,TR_SCH_CULTURE_01,C12,학교풍토·리더십,S1202,민주적 학교문화,교사,혁신적·민주적 학교 문화 - 1)교사 개개인의 실수나 시행착오를 학습의 기회로 삼는 분위기이다,2025,2주기,4.0,1347,48.11,그렇다
경기학교교육실태조사,중학교,TR_SCH_CULTURE_01,C12,학교풍토·리더십,S1202,민주적 학교문화,교사,혁신적·민주적 학교 문화 - 1)교사 개개인의 실수나 시행착오를 학습의 기회로 삼는 분위기이다,2025,2주기,5.0,506,18.07,매우그렇다
경기학교교육실태조사,중학교,TR_SCH_CULTURE_02,C12,학교풍토·리더십,S1202,민주적 학교문화,교사,혁신적·민주적 학교 문화 - 2)직위나 경력에 관계없이 교사들이 참신한 아이디어를 내도록 서로 격려한다,2021,1주기,1.0,120,2.31,전혀 그렇지 않다
경기학교교육실태조사,중학교,TR_SCH_CULTURE_02,C12,학교풍토·리더십,S1202,민주적 학교문화,교사,혁신적·민주적 학교 문화 - 2)직위나 경력에 관계없이 교사들이 참신한 아이디어를 내도록 서로 격려한다,2021,1주기,2.0,264,5.09,그렇지 않다
경기학교교육실태조사,중학교,TR_SCH_CULTURE_02,C12,학교풍토·리더십,S1202,민주적 학교문화,교사,혁신적·민주적 학교 문화 - 2)직위나 경력에 관계없이 교사들이 참신한 아이디어를 내도록 서로 격려한다,2021,1주기,3.0,950,18.31,보통이다
경기학교교육실태조사,중학교,TR_SCH_CULTURE_02,C12,학교풍토·리더십,S1202,민주적 학교문화,교사,혁신적·민주적 학교 문화 - 2)직위나 경력에 관계없이 교사들이 참신한 아이디어를 내도록 서로 격려한다,2021,1주기,4.0,2324,44.79,그렇다
경기학교교육실태조사,중학교,TR_SCH_CULTURE_02,C12,학교풍토·리더십,S1202,민주적 학교문화,교사,혁신적·민주적 학교 문화 - 2)직위나 경력에 관계없이 교사들이 참신한 아이디어를 내도록 서로 격려한다,2021,1주기,5.0,1531,29.5,매우 그렇다
경기학교교육실태조사,중학교,TR_SCH_CULTURE_02,C12,학교풍토·리더십,S1202,민주적 학교문화,교사,혁신적·민주적 학교 문화 - 2)직위나 경력에 관계없이 교사들이 참신한 아이디어를 내도록 서로 격려한다,2025,2주기,1.0,62,2.21,전혀그렇지않다
경기학교교육실태조사,중학교,TR_SCH_CULTURE_02,C12,학교풍토·리더십,S1202,민주적 학교문화,교사,혁신적·민주적 학교 문화 - 2)직위나 경력에 관계없이 교사들이 참신한 아이디어를 내도록 서로 격려한다,2025,2주기,2.0,167,5.96,그렇지않다
경기학교교육실태조사,중학교,TR_SCH_CULTURE_02,C12,학교풍토·리더십,S1202,민주적 학교문화,교사,혁신적·민주적 학교 문화 - 2)직위나 경력에 관계없이 교사들이 참신한 아이디어를 내도록 서로 격려한다,2025,2주기,3.0,556,19.86,보통이다
경기학교교육실태조사,중학교,TR_SCH_CULTURE_02,C12,학교풍토·리더십,S1202,민주적 학교문화,교사,혁신적·민주적 학교 문화 - 2)직위나 경력에 관계없이 교사들이 참신한 아이디어를 내도록 서로 격려한다,2025,2주기,4.0,1279,45.68,그렇다
경기학교교육실태조사,중학교,TR_SCH_CULTURE_02,C12,학교풍토·리더십,S1202,민주적 학교문화,교사,혁신적·민주적 학교 문화 - 2)직위나 경력에 관계없이 교사들이 참신한 아이디어를 내도록 서로 격려한다,2025,2주기,5.0,736,26.29,매우그렇다
경기학교교육실태조사,중학교,TR_SCH_CULTURE_03,C12,학교풍토·리더십,S1202,민주적 학교문화,교사,혁신적·민주적 학교 문화 - 3)교장선생님의 학교경영에 대해 구성원이 자유롭게 의견을 제시한다,2021,1주기,1.0,205,3.95,전혀 그렇지 않다
경기학교교육실태조사,중학교,TR_SCH_CULTURE_03,C12,학교풍토·리더십,S1202,민주적 학교문화,교사,혁신적·민주적 학교 문화 - 3)교장선생님의 학교경영에 대해 구성원이 자유롭게 의견을 제시한다,2021,1주기,2.0,363,7.0,그렇지 않다
경기학교교육실태조사,중학교,TR_SCH_CULTURE_03,C12,학교풍토·리더십,S1202,민주적 학교문화,교사,혁신적·민주적 학교 문화 - 3)교장선생님의 학교경영에 대해 구성원이 자유롭게 의견을 제시한다,2021,1주기,3.0,1197,23.07,보통이다
경기학교교육실태조사,중학교,TR_SCH_CULTURE_03,C12,학교풍토·리더십,S1202,민주적 학교문화,교사,혁신적·민주적 학교 문화 - 3)교장선생님의 학교경영에 대해 구성원이 자유롭게 의견을 제시한다,2021,1주기,4.0,2076,40.01,그렇다
경기학교교육실태조사,중학교,TR_SCH_CULTURE_03,C12,학교풍토·리더십,S1202,민주적 학교문화,교사,혁신적·민주적 학교 문화 - 3)교장선생님의 학교경영에 대해 구성원이 자유롭게 의견을 제시한다,2021,1주기,5.0,1348,25.98,매우 그렇다
경기학교교육실태조사,중학교,TR_SCH_CULTURE_03,C12,학교풍토·리더십,S1202,민주적 학교문화,교사,혁신적·민주적 학교 문화 - 3)교장선생님의 학교경영에 대해 구성원이 자유롭게 의견을 제시한다,2025,2주기,1.0,160,5.71,전혀그렇지않다
경기학교교육실태조사,중학교,TR_SCH_CULTURE_03,C12,학교풍토·리더십,S1202,민주적 학교문화,교사,혁신적·민주적 학교 문화 - 3)교장선생님의 학교경영에 대해 구성원이 자유롭게 의견을 제시한다,2025,2주기,2.0,282,10.07,그렇지않다
경기학교교육실태조사,중학교,TR_SCH_CULTURE_03,C12,학교풍토·리더십,S1202,민주적 학교문화,교사,혁신적·민주적 학교 문화 - 3)교장선생님의 학교경영에 대해 구성원이 자유롭게 의견을 제시한다,2025,2주기,3.0,666,23.79,보통이다
경기학교교육실태조사,중학교,TR_SCH_CULTURE_03,C12,학교풍토·리더십,S1202,민주적 학교문화,교사,혁신적·민주적 학교 문화 - 3)교장선생님의 학교경영에 대해 구성원이 자유롭게 의견을 제시한다,2025,2주기,4.0,1054,37.64,그렇다
경기학교교육실태조사,중학교,TR_SCH_CULTURE_03,C12,학교풍토·리더십,S1202,민주적 학교문화,교사,혁신적·민주적 학교 문화 - 3)교장선생님의 학교경영에 대해 구성원이 자유롭게 의견을 제시한다,2025,2주기,5.0,638,22.79,매우그렇다
경기학교교육실태조사,중학교,TR_SCH_CULTURE_04,C12,학교풍토·리더십,S1202,민주적 학교문화,교사,혁신적·민주적 학교 문화 - 4)교사들의 아이디어가 학교 운영에 적극적으로 반영된다,2021,1주기,1.0,144,2.78,전혀 그렇지 않다
경기학교교육실태조사,중학교,TR_SCH_CULTURE_04,C12,학교풍토·리더십,S1202,민주적 학교문화,교사,혁신적·민주적 학교 문화 - 4)교사들의 아이디어가 학교 운영에 적극적으로 반영된다,2021,1주기,2.0,319,6.15,그렇지 않다
경기학교교육실태조사,중학교,TR_SCH_CULTURE_04,C12,학교풍토·리더십,S1202,민주적 학교문화,교사,혁신적·민주적 학교 문화 - 4)교사들의 아이디어가 학교 운영에 적극적으로 반영된다,2021,1주기,3.0,1253,24.15,보통이다
경기학교교육실태조사,중학교,TR_SCH_CULTURE_04,C12,학교풍토·리더십,S1202,민주적 학교문화,교사,혁신적·민주적 학교 문화 - 4)교사들의 아이디어가 학교 운영에 적극적으로 반영된다,2021,1주기,4.0,2138,41.2,그렇다
경기학교교육실태조사,중학교,TR_SCH_CULTURE_04,C12,학교풍토·리더십,S1202,민주적 학교문화,교사,혁신적·민주적 학교 문화 - 4)교사들의 아이디어가 학교 운영에 적극적으로 반영된다,2021,1주기,5.0,1335,25.73,매우 그렇다
경기학교교육실태조사,중학교,TR_SCH_CULTURE_04,C12,학교풍토·리더십,S1202,민주적 학교문화,교사,혁신적·민주적 학교 문화 - 4)교사들의 아이디어가 학교 운영에 적극적으로 반영된다,2025,2주기,1.0,93,3.32,전혀그렇지않다
경기학교교육실태조사,중학교,TR_SCH_CULTURE_04,C12,학교풍토·리더십,S1202,민주적 학교문화,교사,혁신적·민주적 학교 문화 - 4)교사들의 아이디어가 학교 운영에 적극적으로 반영된다,2025,2주기,2.0,240,8.57,그렇지않다
경기학교교육실태조사,중학교,TR_SCH_CULTURE_04,C12,학교풍토·리더십,S1202,민주적 학교문화,교사,혁신적·민주적 학교 문화 - 4)교사들의 아이디어가 학교 운영에 적극적으로 반영된다,2025,2주기,3.0,729,26.04,보통이다
경기학교교육실태조사,중학교,TR_SCH_CULTURE_04,C12,학교풍토·리더십,S1202,민주적 학교문화,교사,혁신적·민주적 학교 문화 - 4)교사들의 아이디어가 학교 운영에 적극적으로 반영된다,2025,2주기,4.0,1140,40.71,그렇다
경기학교교육실태조사,중학교,TR_SCH_CULTURE_04,C12,학교풍토·리더십,S1202,민주적 학교문화,교사,혁신적·민주적 학교 문화 - 4)교사들의 아이디어가 학교 운영에 적극적으로 반영된다,2025,2주기,5.0,598,21.36,매우그렇다
경기학교교육실태조사,중학교,TR_SCH_CULTURE_05,C12,학교풍토·리더십,S1202,민주적 학교문화,교사,혁신적·민주적 학교 문화 - 5)환경 변화에 대응하여 학교를 개선하기 위해 교사들이 능동적으로 노력한다,2021,1주기,1.0,91,1.75,전혀 그렇지 않다
경기학교교육실태조사,중학교,TR_SCH_CULTURE_05,C12,학교풍토·리더십,S1202,민주적 학교문화,교사,혁신적·민주적 학교 문화 - 5)환경 변화에 대응하여 학교를 개선하기 위해 교사들이 능동적으로 노력한다,2021,1주기,2.0,208,4.01,그렇지 않다
경기학교교육실태조사,중학교,TR_SCH_CULTURE_05,C12,학교풍토·리더십,S1202,민주적 학교문화,교사,혁신적·민주적 학교 문화 - 5)환경 변화에 대응하여 학교를 개선하기 위해 교사들이 능동적으로 노력한다,2021,1주기,3.0,1056,20.35,보통이다
경기학교교육실태조사,중학교,TR_SCH_CULTURE_05,C12,학교풍토·리더십,S1202,민주적 학교문화,교사,혁신적·민주적 학교 문화 - 5)환경 변화에 대응하여 학교를 개선하기 위해 교사들이 능동적으로 노력한다,2021,1주기,4.0,2357,45.42,그렇다
경기학교교육실태조사,중학교,TR_SCH_CULTURE_05,C12,학교풍토·리더십,S1202,민주적 학교문화,교사,혁신적·민주적 학교 문화 - 5)환경 변화에 대응하여 학교를 개선하기 위해 교사들이 능동적으로 노력한다,2021,1주기,5.0,1477,28.46,매우 그렇다
경기학교교육실태조사,중학교,TR_SCH_CULTURE_05,C12,학교풍토·리더십,S1202,민주적 학교문화,교사,혁신적·민주적 학교 문화 - 5)환경 변화에 대응하여 학교를 개선하기 위해 교사들이 능동적으로 노력한다,2025,2주기,1.0,39,1.39,전혀그렇지않다
경기학교교육실태조사,중학교,TR_SCH_CULTURE_05,C12,학교풍토·리더십,S1202,민주적 학교문화,교사,혁신적·민주적 학교 문화 - 5)환경 변화에 대응하여 학교를 개선하기 위해 교사들이 능동적으로 노력한다,2025,2주기,2.0,144,5.14,그렇지않다
경기학교교육실태조사,중학교,TR_SCH_CULTURE_05,C12,학교풍토·리더십,S1202,민주적 학교문화,교사,혁신적·민주적 학교 문화 - 5)환경 변화에 대응하여 학교를 개선하기 위해 교사들이 능동적으로 노력한다,2025,2주기,3.0,628,22.43,보통이다
경기학교교육실태조사,중학교,TR_SCH_CULTURE_05,C12,학교풍토·리더십,S1202,민주적 학교문화,교사,혁신적·민주적 학교 문화 - 5)환경 변화에 대응하여 학교를 개선하기 위해 교사들이 능동적으로 노력한다,2025,2주기,4.0,1267,45.25,그렇다
경기학교교육실태조사,중학교,TR_SCH_CULTURE_05,C12,학교풍토·리더십,S1202,민주적 학교문화,교사,혁신적·민주적 학교 문화 - 5)환경 변화에 대응하여 학교를 개선하기 위해 교사들이 능동적으로 노력한다,2025,2주기,5.0,722,25.79,매우그렇다
경기학교교육실태조사,중학교,TR_SCH_CULTURE_06,C12,학교풍토·리더십,S1202,민주적 학교문화,교사,혁신적·민주적 학교 문화 - 6)지역사회와의 연계를 강화하기 위하여 노력한다,2021,1주기,1.0,109,2.1,전혀 그렇지 않다
경기학교교육실태조사,중학교,TR_SCH_CULTURE_06,C12,학교풍토·리더십,S1202,민주적 학교문화,교사,혁신적·민주적 학교 문화 - 6)지역사회와의 연계를 강화하기 위하여 노력한다,2021,1주기,2.0,308,5.94,그렇지 않다
경기학교교육실태조사,중학교,TR_SCH_CULTURE_06,C12,학교풍토·리더십,S1202,민주적 학교문화,교사,혁신적·민주적 학교 문화 - 6)지역사회와의 연계를 강화하기 위하여 노력한다,2021,1주기,3.0,1624,31.3,보통이다
경기학교교육실태조사,중학교,TR_SCH_CULTURE_06,C12,학교풍토·리더십,S1202,민주적 학교문화,교사,혁신적·민주적 학교 문화 - 6)지역사회와의 연계를 강화하기 위하여 노력한다,2021,1주기,4.0,2111,40.68,그렇다
경기학교교육실태조사,중학교,TR_SCH_CULTURE_06,C12,학교풍토·리더십,S1202,민주적 학교문화,교사,혁신적·민주적 학교 문화 - 6)지역사회와의 연계를 강화하기 위하여 노력한다,2021,1주기,5.0,1037,19.98,매우 그렇다
경기학교교육실태조사,중학교,TR_SCH_CULTURE_06,C12,학교풍토·리더십,S1202,민주적 학교문화,교사,혁신적·민주적 학교 문화 - 6)지역사회와의 연계를 강화하기 위하여 노력한다,2025,2주기,1.0,51,1.82,전혀그렇지않다
경기학교교육실태조사,중학교,TR_SCH_CULTURE_06,C12,학교풍토·리더십,S1202,민주적 학교문화,교사,혁신적·민주적 학교 문화 - 6)지역사회와의 연계를 강화하기 위하여 노력한다,2025,2주기,2.0,237,8.46,그렇지않다
경기학교교육실태조사,중학교,TR_SCH_CULTURE_06,C12,학교풍토·리더십,S1202,민주적 학교문화,교사,혁신적·민주적 학교 문화 - 6)지역사회와의 연계를 강화하기 위하여 노력한다,2025,2주기,3.0,990,35.36,보통이다
경기학교교육실태조사,중학교,TR_SCH_CULTURE_06,C12,학교풍토·리더십,S1202,민주적 학교문화,교사,혁신적·민주적 학교 문화 - 6)지역사회와의 연계를 강화하기 위하여 노력한다,2025,2주기,4.0,1116,39.86,그렇다
경기학교교육실태조사,중학교,TR_SCH_CULTURE_06,C12,학교풍토·리더십,S1202,민주적 학교문화,교사,혁신적·민주적 학교 문화 - 6)지역사회와의 연계를 강화하기 위하여 노력한다,2025,2주기,5.0,406,14.5,매우그렇다
경기학교교육실태조사,중학교,TR_TALK_01,C11,교사 전문성,S1102,동료 협력,교사,동료교사와의 대화(주제와 시간) - 1)수업 및 평가,2021,1주기,1.0,895,17.25,1시간 미만
경기학교교육실태조사,중학교,TR_TALK_01,C11,교사 전문성,S1102,동료 협력,교사,동료교사와의 대화(주제와 시간) - 1)수업 및 평가,2021,1주기,2.0,1674,32.26,1시간 이상~2시간 미만
경기학교교육실태조사,중학교,TR_TALK_01,C11,교사 전문성,S1102,동료 협력,교사,동료교사와의 대화(주제와 시간) - 1)수업 및 평가,2021,1주기,3.0,1108,21.35,2시간 이상~3시간 미만
경기학교교육실태조사,중학교,TR_TALK_01,C11,교사 전문성,S1102,동료 협력,교사,동료교사와의 대화(주제와 시간) - 1)수업 및 평가,2021,1주기,4.0,604,11.64,3시간 이상~4시간 미만
경기학교교육실태조사,중학교,TR_TALK_01,C11,교사 전문성,S1102,동료 협력,교사,동료교사와의 대화(주제와 시간) - 1)수업 및 평가,2021,1주기,5.0,347,6.69,4시간 이상~5시간 미만
경기학교교육실태조사,중학교,TR_TALK_01,C11,교사 전문성,S1102,동료 협력,교사,동료교사와의 대화(주제와 시간) - 1)수업 및 평가,2021,1주기,6.0,561,10.81,5시간 이상
경기학교교육실태조사,중학교,TR_TALK_01,C11,교사 전문성,S1102,동료 협력,교사,동료교사와의 대화(주제와 시간) - 1)수업 및 평가,2025,2주기,1.0,416,14.86,1시간 미만
경기학교교육실태조사,중학교,TR_TALK_01,C11,교사 전문성,S1102,동료 협력,교사,동료교사와의 대화(주제와 시간) - 1)수업 및 평가,2025,2주기,2.0,900,32.14,1시간 이상~ 2시간 미만
경기학교교육실태조사,중학교,TR_TALK_01,C11,교사 전문성,S1102,동료 협력,교사,동료교사와의 대화(주제와 시간) - 1)수업 및 평가,2025,2주기,3.0,613,21.89,2시간 이상~ 3시간 미만
경기학교교육실태조사,중학교,TR_TALK_01,C11,교사 전문성,S1102,동료 협력,교사,동료교사와의 대화(주제와 시간) - 1)수업 및 평가,2025,2주기,4.0,396,14.14,3시간 이상~ 4시간 미만
경기학교교육실태조사,중학교,TR_TALK_01,C11,교사 전문성,S1102,동료 협력,교사,동료교사와의 대화(주제와 시간) - 1)수업 및 평가,2025,2주기,5.0,174,6.21,4시간 이상~ 5시간 미만
경기학교교육실태조사,중학교,TR_TALK_01,C11,교사 전문성,S1102,동료 협력,교사,동료교사와의 대화(주제와 시간) - 1)수업 및 평가,2025,2주기,6.0,301,10.75,5시간 이상
경기학교교육실태조사,중학교,TR_TALK_02,C11,교사 전문성,S1102,동료 협력,교사,동료교사와의 대화(주제와 시간) - 2)진학·진로 지도,2021,1주기,1.0,1032,19.89,1시간 미만
경기학교교육실태조사,중학교,TR_TALK_02,C11,교사 전문성,S1102,동료 협력,교사,동료교사와의 대화(주제와 시간) - 2)진학·진로 지도,2021,1주기,2.0,1451,27.96,1시간 이상~2시간 미만
경기학교교육실태조사,중학교,TR_TALK_02,C11,교사 전문성,S1102,동료 협력,교사,동료교사와의 대화(주제와 시간) - 2)진학·진로 지도,2021,1주기,3.0,1045,20.14,2시간 이상~3시간 미만
경기학교교육실태조사,중학교,TR_TALK_02,C11,교사 전문성,S1102,동료 협력,교사,동료교사와의 대화(주제와 시간) - 2)진학·진로 지도,2021,1주기,4.0,682,13.14,3시간 이상~4시간 미만
경기학교교육실태조사,중학교,TR_TALK_02,C11,교사 전문성,S1102,동료 협력,교사,동료교사와의 대화(주제와 시간) - 2)진학·진로 지도,2021,1주기,5.0,413,7.96,4시간 이상~5시간 미만
경기학교교육실태조사,중학교,TR_TALK_02,C11,교사 전문성,S1102,동료 협력,교사,동료교사와의 대화(주제와 시간) - 2)진학·진로 지도,2021,1주기,6.0,566,10.91,5시간 이상
경기학교교육실태조사,중학교,TR_TALK_02,C11,교사 전문성,S1102,동료 협력,교사,동료교사와의 대화(주제와 시간) - 2)진학·진로 지도,2025,2주기,1.0,720,25.71,1시간 미만
경기학교교육실태조사,중학교,TR_TALK_02,C11,교사 전문성,S1102,동료 협력,교사,동료교사와의 대화(주제와 시간) - 2)진학·진로 지도,2025,2주기,2.0,791,28.25,1시간 이상~ 2시간 미만
경기학교교육실태조사,중학교,TR_TALK_02,C11,교사 전문성,S1102,동료 협력,교사,동료교사와의 대화(주제와 시간) - 2)진학·진로 지도,2025,2주기,3.0,552,19.71,2시간 이상~ 3시간 미만
경기학교교육실태조사,중학교,TR_TALK_02,C11,교사 전문성,S1102,동료 협력,교사,동료교사와의 대화(주제와 시간) - 2)진학·진로 지도,2025,2주기,4.0,321,11.46,3시간 이상~ 4시간 미만
경기학교교육실태조사,중학교,TR_TALK_02,C11,교사 전문성,S1102,동료 협력,교사,동료교사와의 대화(주제와 시간) - 2)진학·진로 지도,2025,2주기,5.0,167,5.96,4시간 이상~ 5시간 미만
경기학교교육실태조사,중학교,TR_TALK_02,C11,교사 전문성,S1102,동료 협력,교사,동료교사와의 대화(주제와 시간) - 2)진학·진로 지도,2025,2주기,6.0,249,8.89,5시간 이상
경기학교교육실태조사,중학교,TR_TALK_03,C11,교사 전문성,S1102,동료 협력,교사,동료교사와의 대화(주제와 시간) - 3)학교 행정업무,2021,1주기,1.0,511,9.85,1시간 미만
경기학교교육실태조사,중학교,TR_TALK_03,C11,교사 전문성,S1102,동료 협력,교사,동료교사와의 대화(주제와 시간) - 3)학교 행정업무,2021,1주기,2.0,1122,21.62,1시간 이상~2시간 미만
경기학교교육실태조사,중학교,TR_TALK_03,C11,교사 전문성,S1102,동료 협력,교사,동료교사와의 대화(주제와 시간) - 3)학교 행정업무,2021,1주기,3.0,1105,21.3,2시간 이상~3시간 미만
경기학교교육실태조사,중학교,TR_TALK_03,C11,교사 전문성,S1102,동료 협력,교사,동료교사와의 대화(주제와 시간) - 3)학교 행정업무,2021,1주기,4.0,821,15.82,3시간 이상~4시간 미만
경기학교교육실태조사,중학교,TR_TALK_03,C11,교사 전문성,S1102,동료 협력,교사,동료교사와의 대화(주제와 시간) - 3)학교 행정업무,2021,1주기,5.0,564,10.87,4시간 이상~5시간 미만
경기학교교육실태조사,중학교,TR_TALK_03,C11,교사 전문성,S1102,동료 협력,교사,동료교사와의 대화(주제와 시간) - 3)학교 행정업무,2021,1주기,6.0,1066,20.54,5시간 이상
경기학교교육실태조사,중학교,TR_TALK_03,C11,교사 전문성,S1102,동료 협력,교사,동료교사와의 대화(주제와 시간) - 3)학교 행정업무,2025,2주기,1.0,296,10.57,1시간 미만
경기학교교육실태조사,중학교,TR_TALK_03,C11,교사 전문성,S1102,동료 협력,교사,동료교사와의 대화(주제와 시간) - 3)학교 행정업무,2025,2주기,2.0,638,22.79,1시간 이상~ 2시간 미만
경기학교교육실태조사,중학교,TR_TALK_03,C11,교사 전문성,S1102,동료 협력,교사,동료교사와의 대화(주제와 시간) - 3)학교 행정업무,2025,2주기,3.0,604,21.57,2시간 이상~ 3시간 미만
경기학교교육실태조사,중학교,TR_TALK_03,C11,교사 전문성,S1102,동료 협력,교사,동료교사와의 대화(주제와 시간) - 3)학교 행정업무,2025,2주기,4.0,478,17.07,3시간 이상~ 4시간 미만
경기학교교육실태조사,중학교,TR_TALK_03,C11,교사 전문성,S1102,동료 협력,교사,동료교사와의 대화(주제와 시간) - 3)학교 행정업무,2025,2주기,5.0,289,10.32,4시간 이상~ 5시간 미만
경기학교교육실태조사,중학교,TR_TALK_03,C11,교사 전문성,S1102,동료 협력,교사,동료교사와의 대화(주제와 시간) - 3)학교 행정업무,2025,2주기,6.0,495,17.68,5시간 이상
경기학교교육실태조사,중학교,TR_TALK_04,C11,교사 전문성,S1102,동료 협력,교사,동료교사와의 대화(주제와 시간) - 4)학생 생활지도 및 상담,2021,1주기,1.0,418,8.06,1시간 미만
경기학교교육실태조사,중학교,TR_TALK_04,C11,교사 전문성,S1102,동료 협력,교사,동료교사와의 대화(주제와 시간) - 4)학생 생활지도 및 상담,2021,1주기,2.0,1287,24.8,1시간 이상~2시간 미만
경기학교교육실태조사,중학교,TR_TALK_04,C11,교사 전문성,S1102,동료 협력,교사,동료교사와의 대화(주제와 시간) - 4)학생 생활지도 및 상담,2021,1주기,3.0,1226,23.63,2시간 이상~3시간 미만
경기학교교육실태조사,중학교,TR_TALK_04,C11,교사 전문성,S1102,동료 협력,교사,동료교사와의 대화(주제와 시간) - 4)학생 생활지도 및 상담,2021,1주기,4.0,821,15.82,3시간 이상~4시간 미만
경기학교교육실태조사,중학교,TR_TALK_04,C11,교사 전문성,S1102,동료 협력,교사,동료교사와의 대화(주제와 시간) - 4)학생 생활지도 및 상담,2021,1주기,5.0,535,10.31,4시간 이상~5시간 미만
경기학교교육실태조사,중학교,TR_TALK_04,C11,교사 전문성,S1102,동료 협력,교사,동료교사와의 대화(주제와 시간) - 4)학생 생활지도 및 상담,2021,1주기,6.0,902,17.38,5시간 이상
경기학교교육실태조사,중학교,TR_TALK_04,C11,교사 전문성,S1102,동료 협력,교사,동료교사와의 대화(주제와 시간) - 4)학생 생활지도 및 상담,2025,2주기,1.0,193,6.89,1시간 미만
경기학교교육실태조사,중학교,TR_TALK_04,C11,교사 전문성,S1102,동료 협력,교사,동료교사와의 대화(주제와 시간) - 4)학생 생활지도 및 상담,2025,2주기,2.0,543,19.39,1시간 이상~ 2시간 미만
경기학교교육실태조사,중학교,TR_TALK_04,C11,교사 전문성,S1102,동료 협력,교사,동료교사와의 대화(주제와 시간) - 4)학생 생활지도 및 상담,2025,2주기,3.0,617,22.04,2시간 이상~ 3시간 미만
경기학교교육실태조사,중학교,TR_TALK_04,C11,교사 전문성,S1102,동료 협력,교사,동료교사와의 대화(주제와 시간) - 4)학생 생활지도 및 상담,2025,2주기,4.0,510,18.21,3시간 이상~ 4시간 미만
경기학교교육실태조사,중학교,TR_TALK_04,C11,교사 전문성,S1102,동료 협력,교사,동료교사와의 대화(주제와 시간) - 4)학생 생활지도 및 상담,2025,2주기,5.0,351,12.54,4시간 이상~ 5시간 미만
경기학교교육실태조사,중학교,TR_TALK_04,C11,교사 전문성,S1102,동료 협력,교사,동료교사와의 대화(주제와 시간) - 4)학생 생활지도 및 상담,2025,2주기,6.0,586,20.93,5시간 이상
경기학교교육실태조사,중학교,TR_TRAIN_01,C11,교사 전문성,S1103,교사 연수,교사,교사 연수 항목 및 수강 시간 - 1)교수학습 및 평가,2021,1주기,1.0,546,10.52,없음(0시간)
경기학교교육실태조사,중학교,TR_TRAIN_01,C11,교사 전문성,S1103,교사 연수,교사,교사 연수 항목 및 수강 시간 - 1)교수학습 및 평가,2021,1주기,2.0,1975,38.06,1-15시간
경기학교교육실태조사,중학교,TR_TRAIN_01,C11,교사 전문성,S1103,교사 연수,교사,교사 연수 항목 및 수강 시간 - 1)교수학습 및 평가,2021,1주기,3.0,1329,25.61,16-30시간
경기학교교육실태조사,중학교,TR_TRAIN_01,C11,교사 전문성,S1103,교사 연수,교사,교사 연수 항목 및 수강 시간 - 1)교수학습 및 평가,2021,1주기,4.0,569,10.97,31-45시간
경기학교교육실태조사,중학교,TR_TRAIN_01,C11,교사 전문성,S1103,교사 연수,교사,교사 연수 항목 및 수강 시간 - 1)교수학습 및 평가,2021,1주기,5.0,331,6.38,46-60시간
경기학교교육실태조사,중학교,TR_TRAIN_01,C11,교사 전문성,S1103,교사 연수,교사,교사 연수 항목 및 수강 시간 - 1)교수학습 및 평가,2021,1주기,6.0,439,8.46,61시간 이상
경기학교교육실태조사,중학교,TR_TRAIN_01,C11,교사 전문성,S1103,교사 연수,교사,교사 연수 항목 및 수강 시간 - 1)교수학습 및 평가,2025,2주기,1.0,175,6.25,없음(0시간)
경기학교교육실태조사,중학교,TR_TRAIN_01,C11,교사 전문성,S1103,교사 연수,교사,교사 연수 항목 및 수강 시간 - 1)교수학습 및 평가,2025,2주기,2.0,944,33.71,1-15시간
경기학교교육실태조사,중학교,TR_TRAIN_01,C11,교사 전문성,S1103,교사 연수,교사,교사 연수 항목 및 수강 시간 - 1)교수학습 및 평가,2025,2주기,3.0,782,27.93,16-30시간
경기학교교육실태조사,중학교,TR_TRAIN_01,C11,교사 전문성,S1103,교사 연수,교사,교사 연수 항목 및 수강 시간 - 1)교수학습 및 평가,2025,2주기,4.0,269,9.61,31-45시간
경기학교교육실태조사,중학교,TR_TRAIN_01,C11,교사 전문성,S1103,교사 연수,교사,교사 연수 항목 및 수강 시간 - 1)교수학습 및 평가,2025,2주기,5.0,143,5.11,46-60시간
경기학교교육실태조사,중학교,TR_TRAIN_01,C11,교사 전문성,S1103,교사 연수,교사,교사 연수 항목 및 수강 시간 - 1)교수학습 및 평가,2025,2주기,6.0,487,17.39,61시간 이상
경기학교교육실태조사,중학교,TR_TRAIN_02,C11,교사 전문성,S1103,교사 연수,교사,교사 연수 항목 및 수강 시간 - 2)교육정보화 및 에듀테크 활용,2021,1주기,1.0,1160,22.35,없음(0시간)
경기학교교육실태조사,중학교,TR_TRAIN_02,C11,교사 전문성,S1103,교사 연수,교사,교사 연수 항목 및 수강 시간 - 2)교육정보화 및 에듀테크 활용,2021,1주기,2.0,2475,47.7,1-15시간
경기학교교육실태조사,중학교,TR_TRAIN_02,C11,교사 전문성,S1103,교사 연수,교사,교사 연수 항목 및 수강 시간 - 2)교육정보화 및 에듀테크 활용,2021,1주기,3.0,858,16.53,16-30시간
경기학교교육실태조사,중학교,TR_TRAIN_02,C11,교사 전문성,S1103,교사 연수,교사,교사 연수 항목 및 수강 시간 - 2)교육정보화 및 에듀테크 활용,2021,1주기,4.0,326,6.28,31-45시간
경기학교교육실태조사,중학교,TR_TRAIN_02,C11,교사 전문성,S1103,교사 연수,교사,교사 연수 항목 및 수강 시간 - 2)교육정보화 및 에듀테크 활용,2021,1주기,5.0,180,3.47,46-60시간
경기학교교육실태조사,중학교,TR_TRAIN_02,C11,교사 전문성,S1103,교사 연수,교사,교사 연수 항목 및 수강 시간 - 2)교육정보화 및 에듀테크 활용,2021,1주기,6.0,190,3.66,61시간 이상
경기학교교육실태조사,중학교,TR_TRAIN_02,C11,교사 전문성,S1103,교사 연수,교사,교사 연수 항목 및 수강 시간 - 2)교육정보화 및 에듀테크 활용,2025,2주기,1.0,110,3.93,없음(0시간)
경기학교교육실태조사,중학교,TR_TRAIN_02,C11,교사 전문성,S1103,교사 연수,교사,교사 연수 항목 및 수강 시간 - 2)교육정보화 및 에듀테크 활용,2025,2주기,2.0,1182,42.21,1-15시간
경기학교교육실태조사,중학교,TR_TRAIN_02,C11,교사 전문성,S1103,교사 연수,교사,교사 연수 항목 및 수강 시간 - 2)교육정보화 및 에듀테크 활용,2025,2주기,3.0,905,32.32,16-30시간
경기학교교육실태조사,중학교,TR_TRAIN_02,C11,교사 전문성,S1103,교사 연수,교사,교사 연수 항목 및 수강 시간 - 2)교육정보화 및 에듀테크 활용,2025,2주기,4.0,344,12.29,31-45시간
경기학교교육실태조사,중학교,TR_TRAIN_02,C11,교사 전문성,S1103,교사 연수,교사,교사 연수 항목 및 수강 시간 - 2)교육정보화 및 에듀테크 활용,2025,2주기,5.0,98,3.5,46-60시간
경기학교교육실태조사,중학교,TR_TRAIN_02,C11,교사 전문성,S1103,교사 연수,교사,교사 연수 항목 및 수강 시간 - 2)교육정보화 및 에듀테크 활용,2025,2주기,6.0,161,5.75,61시간 이상
경기학교교육실태조사,중학교,TR_TRAIN_04,C11,교사 전문성,S1103,교사 연수,교사,교사 연수 항목 및 수강 시간 - 3)진로 및 진학 지도,2021,1주기,1.0,1824,35.15,없음(0시간)
경기학교교육실태조사,중학교,TR_TRAIN_04,C11,교사 전문성,S1103,교사 연수,교사,교사 연수 항목 및 수강 시간 - 3)진로 및 진학 지도,2021,1주기,2.0,2203,42.46,1-15시간
경기학교교육실태조사,중학교,TR_TRAIN_04,C11,교사 전문성,S1103,교사 연수,교사,교사 연수 항목 및 수강 시간 - 3)진로 및 진학 지도,2021,1주기,3.0,637,12.28,16-30시간
경기학교교육실태조사,중학교,TR_TRAIN_04,C11,교사 전문성,S1103,교사 연수,교사,교사 연수 항목 및 수강 시간 - 3)진로 및 진학 지도,2021,1주기,4.0,244,4.7,31-45시간
경기학교교육실태조사,중학교,TR_TRAIN_04,C11,교사 전문성,S1103,교사 연수,교사,교사 연수 항목 및 수강 시간 - 3)진로 및 진학 지도,2021,1주기,5.0,139,2.68,46-60시간
경기학교교육실태조사,중학교,TR_TRAIN_04,C11,교사 전문성,S1103,교사 연수,교사,교사 연수 항목 및 수강 시간 - 3)진로 및 진학 지도,2021,1주기,6.0,142,2.74,61시간 이상
경기학교교육실태조사,중학교,TR_TRAIN_04,C11,교사 전문성,S1103,교사 연수,교사,교사 연수 항목 및 수강 시간 - 3)진로 및 진학 지도,2025,2주기,1.0,781,27.89,없음(0시간)
경기학교교육실태조사,중학교,TR_TRAIN_04,C11,교사 전문성,S1103,교사 연수,교사,교사 연수 항목 및 수강 시간 - 3)진로 및 진학 지도,2025,2주기,2.0,1309,46.75,1-15시간
경기학교교육실태조사,중학교,TR_TRAIN_04,C11,교사 전문성,S1103,교사 연수,교사,교사 연수 항목 및 수강 시간 - 3)진로 및 진학 지도,2025,2주기,3.0,437,15.61,16-30시간
경기학교교육실태조사,중학교,TR_TRAIN_04,C11,교사 전문성,S1103,교사 연수,교사,교사 연수 항목 및 수강 시간 - 3)진로 및 진학 지도,2025,2주기,4.0,133,4.75,31-45시간
경기학교교육실태조사,중학교,TR_TRAIN_04,C11,교사 전문성,S1103,교사 연수,교사,교사 연수 항목 및 수강 시간 - 3)진로 및 진학 지도,2025,2주기,5.0,64,2.29,46-60시간
경기학교교육실태조사,중학교,TR_TRAIN_04,C11,교사 전문성,S1103,교사 연수,교사,교사 연수 항목 및 수강 시간 - 3)진로 및 진학 지도,2025,2주기,6.0,76,2.71,61시간 이상
경기학교교육실태조사,중학교,TR_TRAIN_05,C11,교사 전문성,S1103,교사 연수,교사,교사 연수 항목 및 수강 시간 - 4)교육과정 및 교육정책,2021,1주기,1.0,1903,36.67,없음(0시간)
경기학교교육실태조사,중학교,TR_TRAIN_05,C11,교사 전문성,S1103,교사 연수,교사,교사 연수 항목 및 수강 시간 - 4)교육과정 및 교육정책,2021,1주기,2.0,2217,42.72,1-15시간
경기학교교육실태조사,중학교,TR_TRAIN_05,C11,교사 전문성,S1103,교사 연수,교사,교사 연수 항목 및 수강 시간 - 4)교육과정 및 교육정책,2021,1주기,3.0,570,10.98,16-30시간
경기학교교육실태조사,중학교,TR_TRAIN_05,C11,교사 전문성,S1103,교사 연수,교사,교사 연수 항목 및 수강 시간 - 4)교육과정 및 교육정책,2021,1주기,4.0,229,4.41,31-45시간
경기학교교육실태조사,중학교,TR_TRAIN_05,C11,교사 전문성,S1103,교사 연수,교사,교사 연수 항목 및 수강 시간 - 4)교육과정 및 교육정책,2021,1주기,5.0,136,2.62,46-60시간
경기학교교육실태조사,중학교,TR_TRAIN_05,C11,교사 전문성,S1103,교사 연수,교사,교사 연수 항목 및 수강 시간 - 4)교육과정 및 교육정책,2021,1주기,6.0,134,2.58,61시간 이상
경기학교교육실태조사,중학교,TR_TRAIN_05,C11,교사 전문성,S1103,교사 연수,교사,교사 연수 항목 및 수강 시간 - 4)교육과정 및 교육정책,2025,2주기,1.0,535,19.11,없음(0시간)
경기학교교육실태조사,중학교,TR_TRAIN_05,C11,교사 전문성,S1103,교사 연수,교사,교사 연수 항목 및 수강 시간 - 4)교육과정 및 교육정책,2025,2주기,2.0,1514,54.07,1-15시간
경기학교교육실태조사,중학교,TR_TRAIN_05,C11,교사 전문성,S1103,교사 연수,교사,교사 연수 항목 및 수강 시간 - 4)교육과정 및 교육정책,2025,2주기,3.0,494,17.64,16-30시간
경기학교교육실태조사,중학교,TR_TRAIN_05,C11,교사 전문성,S1103,교사 연수,교사,교사 연수 항목 및 수강 시간 - 4)교육과정 및 교육정책,2025,2주기,4.0,143,5.11,31-45시간
경기학교교육실태조사,중학교,TR_TRAIN_05,C11,교사 전문성,S1103,교사 연수,교사,교사 연수 항목 및 수강 시간 - 4)교육과정 및 교육정책,2025,2주기,5.0,53,1.89,46-60시간
경기학교교육실태조사,중학교,TR_TRAIN_05,C11,교사 전문성,S1103,교사 연수,교사,교사 연수 항목 및 수강 시간 - 4)교육과정 및 교육정책,2025,2주기,6.0,61,2.18,61시간 이상
경기학교교육실태조사,중학교,TR_TRAIN_06,C11,교사 전문성,S1103,교사 연수,교사,교사 연수 항목 및 수강 시간 - 5)상담 및 학급경영,2021,1주기,1.0,1583,30.51,없음(0시간)
경기학교교육실태조사,중학교,TR_TRAIN_06,C11,교사 전문성,S1103,교사 연수,교사,교사 연수 항목 및 수강 시간 - 5)상담 및 학급경영,2021,1주기,2.0,2369,45.65,1-15시간
경기학교교육실태조사,중학교,TR_TRAIN_06,C11,교사 전문성,S1103,교사 연수,교사,교사 연수 항목 및 수강 시간 - 5)상담 및 학급경영,2021,1주기,3.0,688,13.26,16-30시간
경기학교교육실태조사,중학교,TR_TRAIN_06,C11,교사 전문성,S1103,교사 연수,교사,교사 연수 항목 및 수강 시간 - 5)상담 및 학급경영,2021,1주기,4.0,242,4.66,31-45시간
경기학교교육실태조사,중학교,TR_TRAIN_06,C11,교사 전문성,S1103,교사 연수,교사,교사 연수 항목 및 수강 시간 - 5)상담 및 학급경영,2021,1주기,5.0,156,3.01,46-60시간
경기학교교육실태조사,중학교,TR_TRAIN_06,C11,교사 전문성,S1103,교사 연수,교사,교사 연수 항목 및 수강 시간 - 5)상담 및 학급경영,2021,1주기,6.0,151,2.91,61시간 이상
경기학교교육실태조사,중학교,TR_TRAIN_06,C11,교사 전문성,S1103,교사 연수,교사,교사 연수 항목 및 수강 시간 - 5)상담 및 학급경영,2025,2주기,1.0,723,25.82,없음(0시간)
경기학교교육실태조사,중학교,TR_TRAIN_06,C11,교사 전문성,S1103,교사 연수,교사,교사 연수 항목 및 수강 시간 - 5)상담 및 학급경영,2025,2주기,2.0,1351,48.25,1-15시간
경기학교교육실태조사,중학교,TR_TRAIN_06,C11,교사 전문성,S1103,교사 연수,교사,교사 연수 항목 및 수강 시간 - 5)상담 및 학급경영,2025,2주기,3.0,438,15.64,16-30시간
경기학교교육실태조사,중학교,TR_TRAIN_06,C11,교사 전문성,S1103,교사 연수,교사,교사 연수 항목 및 수강 시간 - 5)상담 및 학급경영,2025,2주기,4.0,133,4.75,31-45시간
경기학교교육실태조사,중학교,TR_TRAIN_06,C11,교사 전문성,S1103,교사 연수,교사,교사 연수 항목 및 수강 시간 - 5)상담 및 학급경영,2025,2주기,5.0,75,2.68,46-60시간
경기학교교육실태조사,중학교,TR_TRAIN_06,C11,교사 전문성,S1103,교사 연수,교사,교사 연수 항목 및 수강 시간 - 5)상담 및 학급경영,2025,2주기,6.0,80,2.86,61시간 이상
경기학교교육실태조사,중학교,TR_TRAIN_07,C11,교사 전문성,S1103,교사 연수,교사,교사 연수 항목 및 수강 시간 - 6)학교폭력예방 교육 및 성교육,2021,1주기,1.0,205,3.95,없음(0시간)
경기학교교육실태조사,중학교,TR_TRAIN_07,C11,교사 전문성,S1103,교사 연수,교사,교사 연수 항목 및 수강 시간 - 6)학교폭력예방 교육 및 성교육,2021,1주기,2.0,3179,61.26,1-15시간
경기학교교육실태조사,중학교,TR_TRAIN_07,C11,교사 전문성,S1103,교사 연수,교사,교사 연수 항목 및 수강 시간 - 6)학교폭력예방 교육 및 성교육,2021,1주기,3.0,1170,22.55,16-30시간
경기학교교육실태조사,중학교,TR_TRAIN_07,C11,교사 전문성,S1103,교사 연수,교사,교사 연수 항목 및 수강 시간 - 6)학교폭력예방 교육 및 성교육,2021,1주기,4.0,332,6.4,31-45시간
경기학교교육실태조사,중학교,TR_TRAIN_07,C11,교사 전문성,S1103,교사 연수,교사,교사 연수 항목 및 수강 시간 - 6)학교폭력예방 교육 및 성교육,2021,1주기,5.0,171,3.3,46-60시간
경기학교교육실태조사,중학교,TR_TRAIN_07,C11,교사 전문성,S1103,교사 연수,교사,교사 연수 항목 및 수강 시간 - 6)학교폭력예방 교육 및 성교육,2021,1주기,6.0,132,2.54,61시간 이상
경기학교교육실태조사,중학교,TR_TRAIN_07,C11,교사 전문성,S1103,교사 연수,교사,교사 연수 항목 및 수강 시간 - 6)학교폭력예방 교육 및 성교육,2025,2주기,1.0,46,1.64,없음(0시간)
경기학교교육실태조사,중학교,TR_TRAIN_07,C11,교사 전문성,S1103,교사 연수,교사,교사 연수 항목 및 수강 시간 - 6)학교폭력예방 교육 및 성교육,2025,2주기,2.0,1812,64.71,1-15시간
경기학교교육실태조사,중학교,TR_TRAIN_07,C11,교사 전문성,S1103,교사 연수,교사,교사 연수 항목 및 수강 시간 - 6)학교폭력예방 교육 및 성교육,2025,2주기,3.0,648,23.14,16-30시간
경기학교교육실태조사,중학교,TR_TRAIN_07,C11,교사 전문성,S1103,교사 연수,교사,교사 연수 항목 및 수강 시간 - 6)학교폭력예방 교육 및 성교육,2025,2주기,4.0,175,6.25,31-45시간
경기학교교육실태조사,중학교,TR_TRAIN_07,C11,교사 전문성,S1103,교사 연수,교사,교사 연수 항목 및 수강 시간 - 6)학교폭력예방 교육 및 성교육,2025,2주기,5.0,64,2.29,46-60시간
경기학교교육실태조사,중학교,TR_TRAIN_07,C11,교사 전문성,S1103,교사 연수,교사,교사 연수 항목 및 수강 시간 - 6)학교폭력예방 교육 및 성교육,2025,2주기,6.0,55,1.96,61시간 이상
