조사연도,응답자ID,응답자키
2021,10011001,P21-008155
2021,10011002,P21-007660
2021,10011003,P21-007321
2021,10011004,P21-006847
2021,10011005,P21-000587
2021,10011006,P21-004676
2021,10011007,P21-009009
2021,10011008,P21-005991
2021,10011009,P21-003654
2021,10011010,P21-002999
2021,10011011,P21-005011
2021,10011012,P21-005309
2021,10011013,P21-002998
2021,10011014,P21-007811
2021,10011015,P21-003027
2021,10011016,P21-004842
2021,10011017,P21-008433
2021,10011018,P21-005402
2021,10011019,P21-000770
2021,10011020,P21-008461
2021,10011021,P21-001288
2021,10011022,P21-009017
2021,10011023,P21-009166
2021,10011024,P21-001810
2021,10011025,P21-006371
2021,10011026,P21-007951
2021,10011027,P21-004383
2021,10011028,P21-001013
2021,10011029,P21-004118
2021,10011030,P21-000615
2021,10011031,P21-004905
2021,10011032,P21-006298
2021,10011033,P21-009099
2021,10011034,P21-008284
2021,10011035,P21-008784
2021,10011036,P21-008701
2021,10011037,P21-005706
2021,10011038,P21-006765
2021,10011039,P21-004479
2021,10011040,P21-003846
2021,10011041,P21-003130
2021,10011042,P21-000531
2021,10011043,P21-000886
2021,10011044,P21-006803
2021,10011045,P21-006032
2021,10011046,P21-002448
2021,10011047,P21-007474
2021,10011048,P21-008310
2021,10011049,P21-007906
2021,10011050,P21-004251
2021,10011051,P21-001885
2021,10021001,P21-007994
2021,10021002,P21-001813
2021,10021003,P21-008120
2021,10021004,P21-007228
2021,10021005,P21-000542
2021,10021006,P21-009395
2021,10021007,P21-000581
2021,10021008,P21-008009
2021,10021009,P21-002569
2021,10021010,P21-004769
2021,10021011,P21-000388
2021,10021012,P21-001844
2021,10021013,P21-007589
2021,10021014,P21-008751
2021,10021015,P21-001989
2021,10021016,P21-002382
2021,10021017,P21-004675
2021,10021018,P21-008123
2021,10021019,P21-001664
2021,10021020,P21-001152
2021,10021021,P21-008440
2021,10021022,P21-006107
2021,10021023,P21-001204
2021,10021024,P21-006654
2021,10021025,P21-001751
2021,10021026,P21-002322
2021,10021027,P21-000112
2021,10021028,P21-007536
2021,10021029,P21-008602
2021,10021030,P21-006633
2021,10021031,P21-002366
2021,10021032,P21-004773
2021,10021033,P21-008851
2021,10021034,P21-001010
2021,10021035,P21-001951
2021,10021036,P21-004129
2021,10021037,P21-000849
2021,10021038,P21-007801
2021,10021039,P21-003759
2021,10031001,P21-006426
2021,10031002,P21-000296
2021,10031003,P21-000813
2021,10031004,P21-008507
2021,10031005,P21-005691
2021,10031006,P21-004935
2021,10031007,P21-004792
2021,10031008,P21-007760
2021,10031009,P21-007986
2021,10031010,P21-008292
2021,10031011,P21-000378
2021,10031012,P21-003566
2021,10031013,P21-003328
2021,10031014,P21-007548
2021,10031015,P21-003713
2021,10031016,P21-003695
2021,10031017,P21-007562
2021,10031018,P21-008063
2021,10031019,P21-004160
2021,10031020,P21-003413
2021,10031021,P21-002290
2021,10031022,P21-004425
2021,10041001,P21-004624
2021,10041002,P21-005768
2021,10041003,P21-004981
2021,10041004,P21-001970
2021,10041005,P21-002194
2021,10041006,P21-000975
2021,10041007,P21-006724
2021,10041008,P21-006102
2021,10041009,P21-005191
2021,10041010,P21-008601
2021,10041011,P21-008947
2021,10041012,P21-008909
2021,10041013,P21-006019
2021,10041014,P21-006153
2021,10041015,P21-000786
2021,10041016,P21-007556
2021,10041017,P21-002837
2021,10041018,P21-002675
2021,10041019,P21-004889
2021,10041020,P21-006125
2021,10041021,P21-000868
2021,10041022,P21-007408
2021,10041023,P21-003890
2021,10041024,P21-001476
2021,10041025,P21-004054
2021,10041026,P21-000783
2021,10041027,P21-000903
2021,10041028,P21-007839
2021,10041029,P21-003805
2021,10041030,P21-006339
2021,10041031,P21-000799
2021,10041032,P21-008994
2021,10041033,P21-004529
2021,10041034,P21-007284
2021,10041035,P21-007335
2021,10041036,P21-006691
2021,10041037,P21-004413
2021,10041038,P21-001736
2021,10041039,P21-002263
2021,10041040,P21-003399
2021,10041041,P21-003281
2021,10041042,P21-004563
2021,10041043,P21-002857
2021,10041044,P21-000556
2021,10041045,P21-007944
2021,10041046,P21-004340
2021,10041047,P21-003019
2021,10041048,P21-006034
2021,10041049,P21-003767
2021,10041050,P21-007218
2021,10041051,P21-006702
2021,10041052,P21-000832
2021,10051001,P21-004907
2021,10051002,P21-007187
2021,10051003,P21-001266
2021,10051004,P21-005443
2021,10051005,P21-004298
2021,10051006,P21-006925
2021,10051007,P21-000264
2021,10051008,P21-005255
2021,10051009,P21-004391
2021,10051010,P21-003507
2021,10051011,P21-006464
2021,10051012,P21-003198
2021,10051013,P21-003626
2021,10051014,P21-004954
2021,10051015,P21-008990
2021,10051016,P21-005266
2021,10051017,P21-000976
2021,10051018,P21-005378
2021,10051019,P21-006552
2021,10051020,P21-004987
2021,10051021,P21-004062
2021,10051022,P21-002061
2021,10051023,P21-006479
2021,10051024,P21-003569
2021,10051025,P21-003613
2021,10051026,P21-001672
2021,10051027,P21-007609
2021,10051028,P21-009269
2021,10051029,P21-002535
2021,10051030,P21-001065
2021,10051031,P21-000311
2021,10051032,P21-002911
2021,10051033,P21-006705
2021,10051034,P21-008818
2021,10051035,P21-007890
2021,10051036,P21-006871
2021,10051037,P21-006841
2021,10051038,P21-008085
2021,10051039,P21-001971
2021,10051040,P21-001108
2021,10051041,P21-008049
2021,10051042,P21-005084
2021,10051043,P21-000403
2021,10051044,P21-005846
2021,10051045,P21-006748
2021,10051046,P21-006314
2021,10051047,P21-004008
2021,10051048,P21-004281
2021,10051049,P21-007015
2021,10051050,P21-001225
2021,10051051,P21-009324
2021,10061001,P21-008119
2021,10061002,P21-005022
2021,10061003,P21-004815
2021,10061004,P21-008630
2021,10061005,P21-001023
2021,10061006,P21-005998
2021,10061007,P21-002591
2021,10061008,P21-009237
2021,10061009,P21-007255
2021,10061010,P21-006860
2021,10061011,P21-001433
2021,10061012,P21-006611
2021,10061013,P21-005306
2021,10061014,P21-007710
2021,10061015,P21-004313
2021,10061016,P21-008334
2021,10061017,P21-008898
2021,10061018,P21-008361
2021,10061019,P21-003959
2021,10061020,P21-001511
2021,10061021,P21-009244
2021,10061022,P21-006013
2021,10061023,P21-004833
2021,10061024,P21-009331
2021,10061025,P21-007655
2021,10061026,P21-006524
2021,10061027,P21-001428
2021,10061028,P21-008489
2021,10061029,P21-002354
2021,10061030,P21-007152
2021,10061031,P21-008060
2021,10061032,P21-000202
2021,10061033,P21-007530
2021,10061034,P21-004995
2021,10061035,P21-001326
2021,10061036,P21-006106
2021,10061037,P21-006859
2021,10061038,P21-009036
2021,10061039,P21-002667
2021,10061040,P21-007742
2021,10061041,P21-000833
2021,10061042,P21-005328
2021,10061043,P21-006345
2021,10061044,P21-001458
2021,10061045,P21-006097
2021,10061046,P21-003719
2021,10061047,P21-000262
2021,10071001,P21-002616
2021,10071002,P21-000772
2021,10071003,P21-004424
2021,10071004,P21-001698
2021,10071005,P21-000927
2021,10071006,P21-002110
2021,10071007,P21-006501
2021,10071008,P21-005601
2021,10071009,P21-004410
2021,10071010,P21-002022
2021,10071011,P21-006470
2021,10071012,P21-005020
2021,10071013,P21-007483
2021,10071014,P21-001197
2021,10071015,P21-003718
2021,10071016,P21-004519
2021,10071017,P21-006944
2021,10071018,P21-004382
2021,10071019,P21-009350
2021,10071020,P21-005081
2021,10071021,P21-006459
2021,10071022,P21-004291
2021,10071023,P21-009224
2021,10071024,P21-003181
2021,10071025,P21-005212
2021,10071026,P21-005887
2021,10071027,P21-000780
2021,10071028,P21-006350
2021,10071029,P21-006320
2021,10071030,P21-008508
2021,10071031,P21-005890
2021,10071032,P21-005352
2021,10071033,P21-002825
2021,10071034,P21-005476
2021,10071035,P21-008480
2021,10071036,P21-003353
2021,10071037,P21-005043
2021,10071038,P21-000438
2021,10071039,P21-004125
2021,10071040,P21-004126
2021,10071041,P21-008219
2021,10071042,P21-005363
2021,10071043,P21-007950
2021,10071044,P21-005994
2021,10071045,P21-003676
2021,10071046,P21-001346
2021,10071047,P21-005570
2021,10071048,P21-004626
2021,10071049,P21-005072
2021,10071050,P21-003536
2021,10071051,P21-003843
2021,10071052,P21-005326
2021,10071053,P21-005206
2021,10071054,P21-005439
2021,10071055,P21-008415
2021,10071056,P21-001832
2021,10071057,P21-007077
2021,10071058,P21-007696
2021,10081001,P21-008043
2021,10081002,P21-008824
2021,10081003,P21-008597
2021,10081004,P21-007139
2021,10081005,P21-006171
2021,10081006,P21-006008
2021,10081007,P21-001871
2021,10081008,P21-005857
2021,10081009,P21-000358
2021,10081010,P21-000111
2021,10081011,P21-000932
2021,10081012,P21-006953
2021,10081013,P21-001915
2021,10081014,P21-005795
2021,10081015,P21-009345
2021,10081016,P21-006466
2021,10081017,P21-006164
2021,10081018,P21-001285
2021,10081019,P21-000800
2021,10081020,P21-007454
2021,10081021,P21-002205
2021,10081022,P21-008030
2021,10081023,P21-000368
2021,10081024,P21-000034
2021,10081025,P21-008741
2021,10081026,P21-003795
2021,10081027,P21-006111
2021,10081028,P21-003270
2021,10081029,P21-005190
2021,10081030,P21-002465
2021,10081031,P21-005094
2021,10081032,P21-002627
2021,10081033,P21-006763
2021,10081034,P21-003926
2021,10081035,P21-004940
2021,10081036,P21-001006
2021,10081037,P21-000137
2021,10081038,P21-005803
2021,10081039,P21-005442
2021,10081040,P21-006494
2021,10081041,P21-005078
2021,10081042,P21-001973
2021,10081043,P21-001470
2021,10081044,P21-005362
2021,10081045,P21-002213
2021,10081046,P21-002566
2021,10081047,P21-009367
2021,10081048,P21-006882
2021,10081049,P21-004124
2021,10091001,P21-003992
2021,10091002,P21-000480
2021,10091003,P21-004973
2021,10091004,P21-003708
2021,10091005,P21-009133
2021,10091006,P21-002041
2021,10091007,P21-003562
2021,10091008,P21-000075
2021,10091009,P21-002356
2021,10091010,P21-003461
2021,10091011,P21-005470
2021,10091012,P21-000147
2021,10091013,P21-008644
2021,10091014,P21-003712
2021,10091015,P21-005529
2021,10091016,P21-001126
2021,10091017,P21-007831
2021,10091018,P21-007318
2021,10091019,P21-003442
2021,10091020,P21-009023
2021,10091021,P21-003625
2021,10091022,P21-001256
2021,10091023,P21-004435
2021,10091024,P21-002528
2021,10091025,P21-003561
2021,10091026,P21-004911
2021,10091027,P21-005613
2021,10091028,P21-008637
2021,10091029,P21-002279
2021,10091030,P21-005393
2021,10091031,P21-000744
2021,10091032,P21-005310
2021,10091033,P21-005247
2021,10091034,P21-002267
2021,10091035,P21-002640
2021,10091036,P21-008110
2021,10091037,P21-000158
2021,10091038,P21-008067
2021,10091039,P21-004736
2021,10091040,P21-000593
2021,10091041,P21-000382
2021,10091042,P21-005371
2021,10091043,P21-003753
2021,10091044,P21-007842
2021,10091045,P21-004384
2021,10091046,P21-005237
2021,10091047,P21-003175
2021,10091048,P21-002865
2021,10091049,P21-009282
2021,10091050,P21-000385
2021,10091051,P21-003845
2021,10091052,P21-008343
2021,10091053,P21-007062
2021,10101001,P21-002572
2021,10101002,P21-000028
2021,10101003,P21-005642
2021,10101004,P21-002893
2021,10101005,P21-007806
2021,10101006,P21-002697
2021,10101007,P21-003820
2021,10101008,P21-008884
2021,10101009,P21-008899
2021,10101010,P21-009213
2021,10101011,P21-001095
2021,10101012,P21-004742
2021,10101013,P21-003619
2021,10101014,P21-000342
2021,10101015,P21-003916
2021,10101016,P21-007274
2021,10101017,P21-001778
2021,10101018,P21-000585
2021,10101019,P21-000173
2021,10101020,P21-006733
2021,10101021,P21-002870
2021,10101022,P21-006142
2021,10101023,P21-009072
2021,10101024,P21-005076
2021,10101025,P21-004754
2021,10101026,P21-000898
2021,10101027,P21-004084
2021,10101028,P21-002987
2021,10101029,P21-003430
2021,10101030,P21-008807
2021,10101031,P21-006734
2021,10101032,P21-007816
2021,10101033,P21-003008
2021,10101034,P21-004365
2021,10101035,P21-002740
2021,10101036,P21-007272
2021,10101037,P21-008716
2021,10101038,P21-000908
2021,10101039,P21-004655
2021,10101040,P21-000219
2021,10101041,P21-002049
2021,10101042,P21-001984
2021,10101043,P21-000198
2021,10101044,P21-006007
2021,10101045,P21-007072
2021,10101046,P21-004560
2021,10101047,P21-004854
2021,10101048,P21-002469
2021,10101049,P21-003863
2021,10101050,P21-003263
2021,10101051,P21-007442
2021,10101052,P21-000310
2021,10101053,P21-001117
2021,10111001,P21-005075
2021,10111002,P21-002255
2021,10111003,P21-004429
2021,10111004,P21-001484
2021,10111005,P21-003355
2021,10111006,P21-006462
2021,10111007,P21-003799
2021,10111008,P21-003452
2021,10111009,P21-008915
2021,10111010,P21-001781
2021,10111011,P21-005427
2021,10111012,P21-009394
2021,10111013,P21-006670
2021,10111014,P21-003426
2021,10111015,P21-003963
2021,10111016,P21-006562
2021,10111017,P21-004476
2021,10111018,P21-005744
2021,10111019,P21-003930
2021,10111020,P21-002593
2021,10111021,P21-006566
2021,10111022,P21-008902
2021,10111023,P21-007965
2021,10111024,P21-003938
2021,10111025,P21-002673
2021,10111026,P21-001456
2021,10111027,P21-009305
2021,10111028,P21-005390
2021,10111029,P21-007509
2021,10111030,P21-007013
2021,10111031,P21-009046
2021,10111032,P21-005911
2021,10111033,P21-008748
2021,10111034,P21-005913
2021,10111035,P21-009225
2021,10111036,P21-003653
2021,10111037,P21-009380
2021,10111038,P21-004996
2021,10111039,P21-001617
2021,10111040,P21-004647
2021,10111041,P21-001059
2021,10111042,P21-006885
2021,10111043,P21-007017
2021,10111044,P21-006553
2021,10111045,P21-007933
2021,10111046,P21-003250
2021,10111047,P21-008620
2021,10111048,P21-005715
2021,10111049,P21-008368
2021,10111050,P21-006711
2021,10111051,P21-003899
2021,10111052,P21-004162
2021,10111053,P21-002186
2021,10111054,P21-001932
2021,10111055,P21-006822
2021,10121001,P21-002834
2021,10121002,P21-005101
2021,10121003,P21-006890
2021,10121004,P21-005373
2021,10121005,P21-005606
2021,10121006,P21-003646
2021,10121007,P21-006313
2021,10121008,P21-007590
2021,10121009,P21-005111
2021,10121010,P21-007782
2021,10121011,P21-004136
2021,10121012,P21-007291
2021,10121013,P21-005434
2021,10121014,P21-001508
2021,10121015,P21-003491
2021,10121016,P21-003785
2021,10121017,P21-004840
2021,10121018,P21-006403
2021,10121019,P21-003506
2021,10121020,P21-008698
2021,10121021,P21-005736
2021,10121022,P21-001742
2021,10121023,P21-008578
2021,10121024,P21-003310
2021,10121025,P21-006366
2021,10121026,P21-000464
2021,10121027,P21-000623
2021,10121028,P21-004246
2021,10121029,P21-005124
2021,10121030,P21-003069
2021,10121031,P21-004357
2021,10121032,P21-007168
2021,10121033,P21-002918
2021,10121034,P21-003015
2021,10121035,P21-001463
2021,10121036,P21-009404
2021,10121037,P21-004680
2021,10121038,P21-006945
2021,10121039,P21-004901
2021,10121040,P21-002104
2021,10121041,P21-002166
2021,10121042,P21-002249
2021,10121043,P21-007386
2021,10121044,P21-009240
2021,10121045,P21-004762
2021,10121046,P21-002826
2021,10121047,P21-003356
2021,10121048,P21-005741
2021,10121049,P21-003923
2021,10121050,P21-005867
2021,10121051,P21-007381
2021,10121052,P21-003395
2021,10121053,P21-004387
2021,10121054,P21-005697
2021,10131001,P21-004804
2021,10131002,P21-007643
2021,10131003,P21-001877
2021,10131004,P21-009030
2021,10131005,P21-000314
2021,10131006,P21-008111
2021,10131007,P21-001411
2021,10131008,P21-008864
2021,10131009,P21-008778
2021,10131010,P21-003336
2021,10131011,P21-007639
2021,10131012,P21-004109
2021,10131013,P21-006271
2021,10131014,P21-005942
2021,10131015,P21-003123
2021,10131016,P21-009199
2021,10131017,P21-001294
2021,10131018,P21-006892
2021,10131019,P21-000329
2021,10131020,P21-009311
2021,10131021,P21-008870
2021,10131022,P21-001305
2021,10131023,P21-000153
2021,10131024,P21-007173
2021,10131025,P21-008756
2021,10131026,P21-000681
2021,10131027,P21-007302
2021,10131028,P21-009045
2021,10131029,P21-005265
2021,10131030,P21-000249
2021,10131031,P21-009006
2021,10131032,P21-001822
2021,10131033,P21-001612
2021,10131034,P21-002059
2021,10131035,P21-004290
2021,10131036,P21-008957
2021,10131037,P21-001753
2021,10131038,P21-008070
2021,10131039,P21-002070
2021,10131040,P21-004316
2021,10131041,P21-007426
2021,10131042,P21-008082
2021,10131043,P21-001468
2021,10131044,P21-001995
2021,10131045,P21-007851
2021,10131046,P21-007726
2021,10131047,P21-003366
2021,10131048,P21-002400
2021,10131049,P21-005473
2021,10131050,P21-007249
2021,10131051,P21-009001
2021,10141001,P21-008421
2021,10141002,P21-003882
2021,10141003,P21-006662
2021,10141004,P21-005324
2021,10141005,P21-000935
2021,10141006,P21-004195
2021,10141007,P21-003525
2021,10141008,P21-003777
2021,10141009,P21-004802
2021,10141010,P21-006513
2021,10141011,P21-008648
2021,10141012,P21-001625
2021,10141013,P21-008022
2021,10141014,P21-002198
2021,10141015,P21-001535
2021,10141016,P21-007615
2021,10141017,P21-004043
2021,10141018,P21-007598
2021,10141019,P21-000346
2021,10141020,P21-002001
2021,10141021,P21-008499
2021,10141022,P21-003948
2021,10141023,P21-004472
2021,10141024,P21-008873
2021,10141025,P21-003808
2021,10141026,P21-007489
2021,10141027,P21-004530
2021,10141028,P21-002081
2021,10141029,P21-007306
2021,10141030,P21-006231
2021,10141031,P21-007813
2021,10141032,P21-008404
2021,10141033,P21-001017
2021,10141034,P21-008447
2021,10141035,P21-001113
2021,10141036,P21-002982
2021,10141037,P21-005607
2021,10141038,P21-007778
2021,10141039,P21-001171
2021,10141040,P21-000205
2021,10141041,P21-004004
2021,10151001,P21-006495
2021,10151002,P21-008327
2021,10151003,P21-003344
2021,10151004,P21-003510
2021,10151005,P21-007464
2021,10151006,P21-003901
2021,10151007,P21-006737
2021,10151008,P21-006581
2021,10151009,P21-002207
2021,10151010,P21-008656
2021,10151011,P21-004884
2021,10151012,P21-005009
2021,10151013,P21-004683
2021,10151014,P21-008379
2021,10151015,P21-001732
2021,10151016,P21-008010
2021,10151017,P21-000911
2021,10151018,P21-003449
2021,10151019,P21-008056
2021,10151020,P21-005915
2021,10151021,P21-003477
2021,10151022,P21-003796
2021,10151023,P21-006033
2021,10151024,P21-003294
2021,10151025,P21-001848
2021,10151026,P21-001649
2021,10151027,P21-008745
2021,10151028,P21-008099
2021,10151029,P21-005066
2021,10151030,P21-004944
2021,10151031,P21-003414
2021,10151032,P21-007279
2021,10151033,P21-001299
2021,10151034,P21-002428
2021,10151035,P21-007734
2021,10151036,P21-007785
2021,10151037,P21-006130
2021,10151038,P21-000046
2021,10151039,P21-003513
2021,10151040,P21-009346
2021,10151041,P21-008538
2021,10151042,P21-000033
2021,10151043,P21-005576
2021,10151044,P21-004199
2021,10151045,P21-009008
2021,10151046,P21-002120
2021,10151047,P21-006921
2021,10151048,P21-002014
2021,10151049,P21-005923
2021,10161001,P21-006433
2021,10161002,P21-001276
2021,10161003,P21-005142
2021,10161004,P21-007914
2021,10161005,P21-008149
2021,10161006,P21-007118
2021,10161007,P21-003748
2021,10161008,P21-005474
2021,10161009,P21-005441
2021,10161010,P21-003769
2021,10161011,P21-008516
2021,10161012,P21-003300
2021,10161013,P21-002809
2021,10161014,P21-004341
2021,10161015,P21-006005
2021,10161016,P21-000916
2021,10161017,P21-005796
2021,10161018,P21-007652
2021,10161019,P21-005652
2021,10161020,P21-004102
2021,10161021,P21-001558
2021,10161022,P21-001024
2021,10161023,P21-000718
2021,10161024,P21-002111
2021,10161025,P21-001876
2021,10161026,P21-005873
2021,10161027,P21-000301
2021,10161028,P21-003811
2021,10161029,P21-002606
2021,10161030,P21-000429
2021,10161031,P21-002212
2021,10161032,P21-009031
2021,10161033,P21-004875
2021,10161034,P21-003313
2021,10161035,P21-000271
2021,10161036,P21-001671
2021,10161037,P21-001062
2021,10161038,P21-002827
2021,10161039,P21-007294
2021,10161040,P21-005970
2021,10161041,P21-008539
2021,10161042,P21-009152
2021,10161043,P21-004497
2021,10161044,P21-008323
2021,10161045,P21-002177
2021,10161046,P21-001681
2021,10161047,P21-007781
2021,10161048,P21-005862
2021,10161049,P21-005782
2021,10161050,P21-000315
2021,10171001,P21-000181
2021,10171002,P21-003409
2021,10171003,P21-001300
2021,10171004,P21-007692
2021,10171005,P21-002923
2021,10171006,P21-002695
2021,10171007,P21-009165
2021,10171008,P21-008223
2021,10171009,P21-005079
2021,10171010,P21-001520
2021,10171011,P21-007672
2021,10171012,P21-001812
2021,10171013,P21-001493
2021,10171014,P21-000448
2021,10171015,P21-005912
2021,10171016,P21-008934
2021,10171017,P21-005852
2021,10171018,P21-005978
2021,10171019,P21-008593
2021,10171020,P21-007046
2021,10171021,P21-006592
2021,10171022,P21-001999
2021,10171023,P21-006285
2021,10171024,P21-008757
2021,10171025,P21-001170
2021,10171026,P21-008211
2021,10191001,P21-000150
2021,10191002,P21-001386
2021,10191003,P21-007747
2021,10191004,P21-007057
2021,10191005,P21-002018
2021,10191006,P21-008800
2021,10191007,P21-007266
2021,10191008,P21-001425
2021,10191009,P21-005634
2021,10191010,P21-006897
2021,10191011,P21-006902
2021,10191012,P21-007585
2021,10191013,P21-006349
2021,10191014,P21-006862
2021,10191015,P21-009303
2021,10191016,P21-002635
2021,10191017,P21-001055
2021,10191018,P21-009343
2021,10191019,P21-001453
2021,10191020,P21-003998
2021,10191021,P21-008011
2021,10191022,P21-002185
2021,10191023,P21-001500
2021,10191024,P21-003986
2021,10191025,P21-002735
2021,10191026,P21-007673
2021,10191027,P21-005067
2021,10191028,P21-005766
2021,10191029,P21-001242
2021,10191030,P21-005105
2021,10191031,P21-008237
2021,10191032,P21-001882
2021,10191033,P21-000807
2021,10191034,P21-004333
2021,10191035,P21-000038
2021,10191036,P21-004663
2021,10191037,P21-001084
2021,10191038,P21-000950
2021,10191039,P21-007450
2021,10191040,P21-007796
2021,10191041,P21-001700
2021,10191042,P21-007867
2021,10191043,P21-007093
2021,10191044,P21-005815
2021,10201001,P21-006740
2021,10201002,P21-005203
2021,10201003,P21-003164
2021,10201004,P21-002884
2021,10201005,P21-000210
2021,10201006,P21-008896
2021,10201007,P21-003205
2021,10201008,P21-007467
2021,10201009,P21-002614
2021,10201010,P21-007033
2021,10201011,P21-001910
2021,10201012,P21-004689
2021,10201013,P21-003760
2021,10201014,P21-003291
2021,10201015,P21-000826
2021,10201016,P21-009349
2021,10201017,P21-008919
2021,10201018,P21-007664
2021,10201019,P21-003053
2021,10201020,P21-003186
2021,10201021,P21-006877
2021,10201022,P21-009102
2021,10201023,P21-005274
2021,10201024,P21-005976
2021,10201025,P21-008416
2021,10201026,P21-008308
2021,10201027,P21-007874
2021,10201028,P21-006405
2021,10201029,P21-004158
2021,10201030,P21-001597
2021,10201031,P21-000282
2021,10201032,P21-003132
2021,10201033,P21-009306
2021,10201034,P21-002155
2021,10201035,P21-007755
2021,10201036,P21-006963
2021,10201037,P21-003211
2021,10201038,P21-008918
2021,10201039,P21-002586
2021,10201040,P21-004534
2021,10201041,P21-006188
2021,10201042,P21-007680
2021,10201043,P21-004798
2021,10201044,P21-008595
2021,10201045,P21-001786
2021,10201046,P21-006569
2021,10201047,P21-005966
2021,10201048,P21-003618
2021,10201049,P21-004671
2021,10201050,P21-006504
2021,10201051,P21-001632
2021,10201052,P21-003283
2021,10211001,P21-005598
2021,10211002,P21-003655
2021,10211003,P21-002330
2021,10211004,P21-000308
2021,10211005,P21-001372
2021,10211006,P21-000406
2021,10211007,P21-002384
2021,10211008,P21-008131
2021,10211009,P21-008781
2021,10211010,P21-004559
2021,10211011,P21-006956
2021,10211012,P21-000054
2021,10211013,P21-005526
2021,10211014,P21-008021
2021,10211015,P21-001916
2021,10211016,P21-005213
2021,10211017,P21-001733
2021,10211018,P21-002610
2021,10211019,P21-004532
2021,10211020,P21-002361
2021,10211021,P21-003246
2021,10211022,P21-004887
2021,10211023,P21-007310
2021,10211024,P21-002871
2021,10211025,P21-002563
2021,10211026,P21-004698
2021,10211027,P21-000634
2021,10211028,P21-005153
2021,10211029,P21-004467
2021,10211030,P21-005017
2021,10211031,P21-008657
2021,10211032,P21-003146
2021,10211033,P21-000507
2021,10211034,P21-004904
2021,10211035,P21-001704
2021,10211036,P21-001440
2021,10211037,P21-008629
2021,10211038,P21-006157
2021,10211039,P21-002473
2021,10211040,P21-001241
2021,10211041,P21-004254
2021,10211042,P21-004488
2021,10211043,P21-008254
2021,10211044,P21-006531
2021,10211045,P21-006612
2021,10211046,P21-003411
2021,10211047,P21-008311
2021,10211048,P21-006837
2021,10211049,P21-006625
2021,10211050,P21-005379
2021,10211051,P21-003994
2021,10211052,P21-009013
2021,10211053,P21-001835
2021,10211054,P21-008405
2021,10211055,P21-000521
2021,10211056,P21-004057
2021,10211057,P21-006212
2021,10211058,P21-000894
2021,10211059,P21-004880
2021,10211060,P21-006556
2021,10221001,P21-002453
2021,10221002,P21-000380
2021,10221003,P21-001452
2021,10221004,P21-006086
2021,10221005,P21-000027
2021,10221006,P21-002574
2021,10221007,P21-000523
2021,10221008,P21-003277
2021,10221009,P21-006788
2021,10221010,P21-007997
2021,10221011,P21-005021
2021,10221012,P21-005872
2021,10221013,P21-002511
2021,10221014,P21-009148
2021,10221015,P21-000460
2021,10221016,P21-003376
2021,10221017,P21-000636
2021,10221018,P21-002192
2021,10221019,P21-005888
2021,10221020,P21-002691
2021,10221021,P21-004687
2021,10221022,P21-001391
2021,10221023,P21-003660
2021,10221024,P21-000823
2021,10221025,P21-005454
2021,10221026,P21-002117
2021,10221027,P21-009172
2021,10221028,P21-001675
2021,10221029,P21-006006
2021,10221030,P21-005047
2021,10221031,P21-001090
2021,10221032,P21-008062
2021,10221033,P21-001172
2021,10221034,P21-008445
2021,10221035,P21-003537
2021,10221036,P21-000758
2021,10221037,P21-002459
2021,10221038,P21-002910
2021,10221039,P21-003225
2021,10221040,P21-003116
2021,10221041,P21-008868
2021,10221042,P21-000699
2021,10221043,P21-002873
2021,10221044,P21-004354
2021,10221045,P21-005215
2021,10221046,P21-001223
2021,10221047,P21-002966
2021,10221048,P21-001568
2021,10221049,P21-004201
2021,10221050,P21-007506
2021,10221051,P21-000860
2021,10221052,P21-005401
2021,10221053,P21-002364
2021,10221054,P21-009333
2021,10221055,P21-002214
2021,10231001,P21-003648
2021,10231002,P21-009407
2021,10231003,P21-007632
2021,10231004,P21-003600
2021,10231005,P21-005456
2021,10231006,P21-002108
2021,10231007,P21-008273
2021,10231008,P21-004514
2021,10231009,P21-001355
2021,10231010,P21-006907
2021,10231011,P21-001263
2021,10231012,P21-008184
2021,10231013,P21-000441
2021,10231014,P21-000188
2021,10231015,P21-005051
2021,10231016,P21-000481
2021,10231017,P21-006292
2021,10231018,P21-008650
2021,10231019,P21-006110
2021,10231020,P21-004446
2021,10231021,P21-007904
2021,10231022,P21-000018
2021,10231023,P21-005338
2021,10231024,P21-002025
2021,10231025,P21-006138
2021,10231026,P21-007414
2021,10231027,P21-004039
2021,10231028,P21-001128
2021,10231029,P21-006522
2021,10231030,P21-005032
2021,10231031,P21-005299
2021,10231032,P21-005627
2021,10231033,P21-005907
2021,10231034,P21-000853
2021,10231035,P21-008513
2021,10231036,P21-008523
2021,10231037,P21-003235
2021,10231038,P21-004106
2021,10231039,P21-008953
2021,10231040,P21-004643
2021,10231041,P21-004119
2021,10231042,P21-007156
2021,10231043,P21-004961
2021,10231044,P21-005579
2021,10231045,P21-004551
2021,10231046,P21-003861
2021,10231047,P21-008975
2021,10231048,P21-001447
2021,10231049,P21-000010
2021,10231050,P21-000044
2021,10231051,P21-008951
2021,10231052,P21-004726
2021,10231053,P21-003308
2021,10231054,P21-002634
2021,10231055,P21-005463
2021,10231056,P21-003980
2021,10231057,P21-006166
2021,10231058,P21-006545
2021,10231059,P21-006084
2021,10241001,P21-003255
2021,10241002,P21-007659
2021,10241003,P21-000538
2021,10241004,P21-004839
2021,10241005,P21-008721
2021,10241006,P21-002721
2021,10241007,P21-000511
2021,10241008,P21-004014
2021,10241009,P21-001679
2021,10241010,P21-001593
2021,10241011,P21-000877
2021,10241012,P21-008952
2021,10241013,P21-009351
2021,10241014,P21-000078
2021,10241015,P21-005113
2021,10241016,P21-008561
2021,10241017,P21-004986
2021,10241018,P21-007642
2021,10241019,P21-006544
2021,10241020,P21-008158
2021,10241021,P21-002200
2021,10241022,P21-000061
2021,10241023,P21-000991
2021,10241024,P21-000808
2021,10241025,P21-002883
2021,10241026,P21-001369
2021,10241027,P21-005241
2021,10241028,P21-000830
2021,10241029,P21-008752
2021,10241030,P21-008989
2021,10241031,P21-001701
2021,10241032,P21-008536
2021,10241033,P21-002077
2021,10241034,P21-000313
2021,10241035,P21-001450
2021,10241036,P21-006004
2021,10241037,P21-006414
2021,10241038,P21-003309
2021,10241039,P21-003968
2021,10241040,P21-000338
2021,10241041,P21-006529
2021,10241042,P21-000087
2021,10241043,P21-007582
2021,10241044,P21-000834
2021,10241045,P21-000913
2021,10241046,P21-008723
2021,10241047,P21-005488
2021,10241048,P21-005148
2021,10241049,P21-003605
2021,10241050,P21-007779
2021,10241051,P21-001136
2021,10241052,P21-004847
2021,10241053,P21-008159
2021,10241054,P21-002130
2021,10241055,P21-002781
2021,10241056,P21-004293
2021,10241057,P21-007819
2021,10241058,P21-004893
2021,10251001,P21-007981
2021,10251002,P21-003243
2021,10251003,P21-007300
2021,10251004,P21-003920
2021,10251005,P21-005982
2021,10251006,P21-007210
2021,10251007,P21-000327
2021,10251008,P21-000420
2021,10251009,P21-000404
2021,10251010,P21-001982
2021,10251011,P21-000505
2021,10251012,P21-009110
2021,10251013,P21-001100
2021,10251014,P21-000693
2021,10251015,P21-000943
2021,10251016,P21-000134
2021,10251017,P21-002172
2021,10251018,P21-003136
2021,10251019,P21-007313
2021,10251020,P21-006614
2021,10251021,P21-008357
2021,10251022,P21-000966
2021,10251023,P21-006550
2021,10251024,P21-008478
2021,10251025,P21-007829
2021,10251026,P21-006845
2021,10251027,P21-004516
2021,10251028,P21-004103
2021,10251029,P21-003929
2021,10251030,P21-003057
2021,10251031,P21-008679
2021,10251032,P21-000425
2021,10251033,P21-000254
2021,10251034,P21-004783
2021,10251035,P21-000469
2021,10251036,P21-006704
2021,10251037,P21-002487
2021,10251038,P21-002596
2021,10251039,P21-005910
2021,10251040,P21-006894
2021,10251041,P21-006160
2021,10251042,P21-001652
2021,10251043,P21-008079
2021,10251044,P21-006100
2021,10251045,P21-000656
2021,10251046,P21-007393
2021,10251047,P21-001048
2021,10251048,P21-001176
2021,10251049,P21-001401
2021,10251050,P21-008434
2021,10251051,P21-000937
2021,10251052,P21-003118
2021,10251053,P21-007921
2021,10251054,P21-000190
2021,10251055,P21-001628
2021,10251056,P21-001565
2021,10251057,P21-001949
2021,10251058,P21-002543
2021,10251059,P21-002785
2021,10261001,P21-004582
2021,10261002,P21-001219
2021,10261003,P21-008783
2021,10261004,P21-007026
2021,10261005,P21-004034
2021,10261006,P21-004328
2021,10261007,P21-008017
2021,10261008,P21-005990
2021,10261009,P21-008136
2021,10261010,P21-002552
2021,10261011,P21-007412
2021,10261012,P21-008328
2021,10261013,P21-003418
2021,10261014,P21-007448
2021,10261015,P21-004989
2021,10261016,P21-006052
2021,10261017,P21-005886
2021,10261018,P21-008438
2021,10261019,P21-008519
2021,10261020,P21-001618
2021,10261021,P21-005657
2021,10261022,P21-001164
2021,10261023,P21-003473
2021,10261024,P21-002745
2021,10261025,P21-004748
2021,10261026,P21-008654
2021,10261027,P21-005103
2021,10261028,P21-001926
2021,10261029,P21-008655
2021,10261030,P21-008251
2021,10261031,P21-001175
2021,10261032,P21-007697
2021,10261033,P21-000114
2021,10261034,P21-000227
2021,10261035,P21-000193
2021,10261036,P21-000595
2021,10261037,P21-005778
2021,10261038,P21-003227
2021,10261039,P21-003831
2021,10261040,P21-002474
2021,10261041,P21-008706
2021,10261042,P21-006317
2021,10261043,P21-004171
2021,10261044,P21-005320
2021,10261045,P21-006839
2021,10261046,P21-000864
2021,10261047,P21-005628
2021,10261048,P21-006309
2021,10261049,P21-008384
2021,10261050,P21-008061
2021,10261051,P21-003443
2021,10261052,P21-005117
2021,10261053,P21-006154
2021,10261054,P21-008598
2021,10261055,P21-005478
2021,10261056,P21-000251
2021,10261057,P21-001339
2021,10261058,P21-006973
2021,10261059,P21-000025
2021,10261060,P21-005824
2021,10261061,P21-002710
2021,10261062,P21-004776
2021,10271001,P21-006548
2021,10271002,P21-008230
2021,10271003,P21-007768
2021,10271004,P21-000032
2021,10271005,P21-000053
2021,10271006,P21-003047
2021,10271007,P21-007818
2021,10271008,P21-003955
2021,10271009,P21-005054
2021,10271010,P21-006208
2021,10271011,P21-002420
2021,10271012,P21-006750
2021,10271013,P21-001683
2021,10271014,P21-000478
2021,10271015,P21-003368
2021,10271016,P21-004093
2021,10271017,P21-001009
2021,10271018,P21-008616
2021,10271019,P21-002706
2021,10271020,P21-004581
2021,10271021,P21-004864
2021,10271022,P21-005290
2021,10271023,P21-003111
2021,10271024,P21-001177
2021,10271025,P21-008623
2021,10271026,P21-002568
2021,10271027,P21-002380
2021,10271028,P21-006299
2021,10271029,P21-007085
2021,10271030,P21-009174
2021,10271031,P21-004277
2021,10271032,P21-008740
2021,10271033,P21-008401
2021,10271034,P21-003946
2021,10271035,P21-009156
2021,10271036,P21-003261
2021,10271037,P21-002058
2021,10271038,P21-006117
2021,10271039,P21-004461
2021,10271040,P21-005804
2021,10271041,P21-008193
2021,10271042,P21-007160
2021,10271043,P21-007242
2021,10271044,P21-003492
2021,10271045,P21-008879
2021,10271046,P21-005648
2021,10271047,P21-004235
2021,10271048,P21-003093
2021,10271049,P21-009338
2021,10271050,P21-003893
2021,10271051,P21-000504
2021,10271052,P21-001695
2021,10271053,P21-003866
2021,10271054,P21-000539
2021,10271055,P21-004060
2021,10271056,P21-005143
2021,10271057,P21-002913
2021,10271058,P21-002275
2021,10271059,P21-000763
2021,10281001,P21-001650
2021,10281002,P21-002206
2021,10281003,P21-001168
2021,10281004,P21-007918
2021,10281005,P21-008455
2021,10281006,P21-003456
2021,10281007,P21-002794
2021,10281008,P21-001517
2021,10281009,P21-006179
2021,10281010,P21-001318
2021,10281011,P21-006262
2021,10281012,P21-006563
2021,10281013,P21-009131
2021,10281014,P21-003424
2021,10281015,P21-000497
2021,10281016,P21-000779
2021,10281017,P21-001206
2021,10281018,P21-003749
2021,10281019,P21-000760
2021,10281020,P21-000384
2021,10281021,P21-004948
2021,10281022,P21-004466
2021,10281023,P21-004848
2021,10281024,P21-005149
2021,10281025,P21-001873
2021,10281026,P21-006564
2021,10281027,P21-008804
2021,10281028,P21-001708
2021,10281029,P21-002661
2021,10281030,P21-007828
2021,10281031,P21-005042
2021,10281032,P21-009170
2021,10281033,P21-000292
2021,10281034,P21-009374
2021,10281035,P21-007203
2021,10281036,P21-006844
2021,10281037,P21-006353
2021,10281038,P21-006935
2021,10281039,P21-005918
2021,10281040,P21-004213
2021,10281041,P21-002647
2021,10281042,P21-005743
2021,10281043,P21-007014
2021,10281044,P21-002335
2021,10281045,P21-003716
2021,10281046,P21-005288
2021,10281047,P21-002505
2021,10281048,P21-008794
2021,10281049,P21-002224
2021,10281050,P21-005958
2021,10281051,P21-001539
2021,10281052,P21-000100
2021,10281053,P21-006880
2021,10281054,P21-005284
2021,10281055,P21-000648
2021,10281056,P21-007061
2021,10291001,P21-007441
2021,10291002,P21-004219
2021,10291003,P21-007907
2021,10291004,P21-006778
2021,10291005,P21-003292
2021,10291006,P21-006255
2021,10291007,P21-000768
2021,10291008,P21-000527
2021,10291009,P21-008291
2021,10291010,P21-008762
2021,10291011,P21-005930
2021,10291012,P21-001311
2021,10291013,P21-000450
2021,10291014,P21-007596
2021,10291015,P21-008218
2021,10291016,P21-001085
2021,10291017,P21-005036
2021,10291018,P21-006420
2021,10291019,P21-002114
2021,10291020,P21-004910
2021,10291021,P21-000196
2021,10291022,P21-006165
2021,10291023,P21-003898
2021,10291024,P21-005617
2021,10291025,P21-000942
2021,10291026,P21-003259
2021,10291027,P21-008160
2021,10291028,P21-000640
2021,10291029,P21-004030
2021,10291030,P21-000643
2021,10291031,P21-001942
2021,10291032,P21-007473
2021,10291033,P21-005765
2021,10291034,P21-007619
2021,10291035,P21-008531
2021,10291036,P21-003415
2021,10291037,P21-004730
2021,10291038,P21-009151
2021,10291039,P21-001419
2021,10291040,P21-004210
2021,10291041,P21-004288
2021,10291042,P21-002233
2021,10291043,P21-005544
2021,10291044,P21-006809
2021,10291045,P21-008175
2021,10291046,P21-008935
2021,10291047,P21-007887
2021,10291048,P21-007232
2021,10291049,P21-006766
2021,10291050,P21-001945
2021,10291051,P21-003131
2021,10291052,P21-001855
2021,10291053,P21-006105
2021,10301001,P21-004731
2021,10301002,P21-008024
2021,10301003,P21-002607
2021,10301004,P21-003758
2021,10301005,P21-003754
2021,10301006,P21-005761
2021,10301007,P21-000370
2021,10301008,P21-000563
2021,10301009,P21-001863
2021,10301010,P21-009158
2021,10301011,P21-007370
2021,10301012,P21-003301
2021,10301013,P21-004794
2021,10301014,P21-004027
2021,10301015,P21-000667
2021,10301016,P21-000604
2021,10301017,P21-009033
2021,10301018,P21-005591
2021,10301019,P21-002252
2021,10301020,P21-002472
2021,10301021,P21-003297
2021,10301022,P21-002285
2021,10301023,P21-007836
2021,10311001,P21-005467
2021,10311002,P21-000835
2021,10311003,P21-002401
2021,10311004,P21-005997
2021,10311005,P21-000212
2021,10311006,P21-001808
2021,10311007,P21-006679
2021,10311008,P21-006135
2021,10311009,P21-009087
2021,10311010,P21-004814
2021,10311011,P21-007469
2021,10311012,P21-007961
2021,10311013,P21-009354
2021,10311014,P21-003746
2021,10311015,P21-005269
2021,10311016,P21-005830
2021,10311017,P21-000836
2021,10311018,P21-007438
2021,10311019,P21-004657
2021,10311020,P21-003039
2021,10311021,P21-004317
2021,10311022,P21-002629
2021,10311023,P21-002515
2021,10311024,P21-008500
2021,10311025,P21-003672
2021,10311026,P21-006568
2021,10311027,P21-003380
2021,10311028,P21-007110
2021,10311029,P21-004350
2021,10311030,P21-008681
2021,10311031,P21-008462
2021,10311032,P21-004567
2021,10311033,P21-007099
2021,10311034,P21-007002
2021,10311035,P21-000125
2021,10311036,P21-000569
2021,10311037,P21-003325
2021,10311038,P21-003242
2021,10311039,P21-002073
2021,10311040,P21-008091
2021,10311041,P21-008305
2021,10311042,P21-009291
2021,10311043,P21-009137
2021,10311044,P21-003657
2021,10311045,P21-004788
2021,10311046,P21-003407
2021,10311047,P21-000172
2021,10311048,P21-008943
2021,10311049,P21-003278
2021,10311050,P21-008614
2021,10311051,P21-007233
2021,10311052,P21-008234
2021,10311053,P21-009355
2021,10311054,P21-004993
2021,10311055,P21-005169
2021,10321001,P21-001420
2021,10321002,P21-000091
2021,10321003,P21-000578
2021,10321004,P21-004090
2021,10321005,P21-000162
2021,10321006,P21-004715
2021,10321007,P21-009210
2021,10321008,P21-001292
2021,10321009,P21-005623
2021,10321010,P21-006678
2021,10321011,P21-005162
2021,10321012,P21-003364
2021,10321013,P21-002141
2021,10321014,P21-008466
2021,10321015,P21-006817
2021,10321016,P21-004945
2021,10321017,P21-008543
2021,10321018,P21-008161
2021,10321019,P21-002732
2021,10321020,P21-002340
2021,10321021,P21-006810
2021,10321022,P21-004917
2021,10321023,P21-009270
2021,10321024,P21-004610
2021,10321025,P21-000670
2021,10321026,P21-006324
2021,10321027,P21-004702
2021,10321028,P21-006898
2021,10321029,P21-002494
2021,10321030,P21-000649
2021,10321031,P21-001210
2021,10321032,P21-003818
2021,10321033,P21-008059
2021,10321034,P21-006415
2021,10321035,P21-003084
2021,10321036,P21-002753
2021,10321037,P21-005834
2021,10321038,P21-004433
2021,10321039,P21-000124
2021,10321040,P21-002937
2021,10321041,P21-008472
2021,10321042,P21-007830
2021,10321043,P21-002929
2021,10321044,P21-003611
2021,10321045,P21-008606
2021,10321046,P21-007798
2021,10321047,P21-004718
2021,10321048,P21-001397
2021,10321049,P21-005023
2021,10321050,P21-006764
2021,10321051,P21-006315
2021,10321052,P21-007418
2021,10321053,P21-006657
2021,10321054,P21-000012
2021,10321055,P21-004873
2021,10321056,P21-007048
2021,10321057,P21-003574
2021,10321058,P21-006335
2021,10321059,P21-006058
2021,10321060,P21-000524
2021,10331001,P21-000729
2021,10331002,P21-002814
2021,10331003,P21-005178
2021,10331004,P21-006889
2021,10331005,P21-005726
2021,10331006,P21-003694
2021,10331007,P21-003870
2021,10331008,P21-004463
2021,10331009,P21-008549
2021,10331010,P21-001771
2021,10331011,P21-009368
2021,10331012,P21-005641
2021,10331013,P21-003487
2021,10331014,P21-008390
2021,10331015,P21-006516
2021,10331016,P21-008242
2021,10331017,P21-003717
2021,10331018,P21-007383
2021,10331019,P21-004036
2021,10331020,P21-005917
2021,10331021,P21-004677
2021,10331022,P21-002584
2021,10331023,P21-007076
2021,10331024,P21-006916
2021,10331025,P21-006508
2021,10331026,P21-006754
2021,10331027,P21-005551
2021,10331028,P21-005654
2021,10331029,P21-000389
2021,10331030,P21-004749
2021,10331031,P21-008771
2021,10331032,P21-000896
2021,10331033,P21-009078
2021,10331034,P21-008380
2021,10331035,P21-003101
2021,10331036,P21-002959
2021,10331037,P21-004781
2021,10331038,P21-003359
2021,10331039,P21-005431
2021,10331040,P21-000629
2021,10331041,P21-002558
2021,10331042,P21-004180
2021,10331043,P21-009369
2021,10331044,P21-000814
2021,10331045,P21-005985
2021,10331046,P21-004071
2021,10331047,P21-009304
2021,10331048,P21-007544
2021,10331049,P21-000048
2021,10331050,P21-004394
2021,10331051,P21-008201
2021,10331052,P21-007025
2021,10331053,P21-006453
2021,10331054,P21-005334
2021,10331055,P21-004250
2021,10331056,P21-007576
2021,10331057,P21-003864
2021,10341001,P21-000357
2021,10341002,P21-002286
2021,10341003,P21-005983
2021,10341004,P21-007853
2021,10341005,P21-007041
2021,10341006,P21-007689
2021,10341007,P21-006091
2021,10341008,P21-007036
2021,10341009,P21-009268
2021,10341010,P21-006604
2021,10341011,P21-003109
2021,10341012,P21-003100
2021,10341013,P21-004978
2021,10341014,P21-008410
2021,10341015,P21-006431
2021,10341016,P21-008846
2021,10341017,P21-000653
2021,10341018,P21-006977
2021,10341019,P21-001307
2021,10341020,P21-002818
2021,10341021,P21-004361
2021,10341022,P21-000743
2021,10341023,P21-005235
2021,10341024,P21-003266
2021,10341025,P21-001160
2021,10341026,P21-003486
2021,10341027,P21-005260
2021,10341028,P21-001247
2021,10341029,P21-005322
2021,10341030,P21-004453
2021,10341031,P21-009024
2021,10341032,P21-007738
2021,10341033,P21-008877
2021,10341034,P21-007505
2021,10341035,P21-005186
2021,10341036,P21-006543
2021,10341037,P21-009125
2021,10341038,P21-009140
2021,10341039,P21-003311
2021,10341040,P21-000612
2021,10341041,P21-002396
2021,10341042,P21-006103
2021,10341043,P21-008731
2021,10341044,P21-003016
2021,10341045,P21-002639
2021,10341046,P21-008674
2021,10341047,P21-006683
2021,10341048,P21-007923
2021,10341049,P21-001976
2021,10341050,P21-003849
2021,10341051,P21-002612
2021,10341052,P21-004312
2021,10341053,P21-006634
2021,10341054,P21-007345
2021,10351001,P21-004977
2021,10351002,P21-009089
2021,10351003,P21-007278
2021,10351004,P21-006651
2021,10351005,P21-003881
2021,10351006,P21-004032
2021,10351007,P21-002101
2021,10351008,P21-003156
2021,10351009,P21-003780
2021,10351010,P21-008856
2021,10351011,P21-004052
2021,10351012,P21-001011
2021,10351013,P21-004378
2021,10351014,P21-000630
2021,10351015,P21-002222
2021,10351016,P21-008995
2021,10351017,P21-000076
2021,10351018,P21-002143
2021,10351019,P21-007987
2021,10351020,P21-001860
2021,10351021,P21-001385
2021,10351022,P21-007982
2021,10351023,P21-004374
2021,10351024,P21-001936
2021,10351025,P21-006176
2021,10351026,P21-004528
2021,10351027,P21-006085
2021,10351028,P21-001015
2021,10351029,P21-000344
2021,10351030,P21-004515
2021,10351031,P21-000540
2021,10351032,P21-001958
2021,10351033,P21-006306
2021,10351034,P21-000764
2021,10351035,P21-002523
2021,10351036,P21-000290
2021,10351037,P21-001462
2021,10351038,P21-004225
2021,10351039,P21-003792
2021,10351040,P21-007884
2021,10351041,P21-003664
2021,10351042,P21-000126
2021,10351043,P21-000724
2021,10351044,P21-001922
2021,10351045,P21-004937
2021,10351046,P21-006684
2021,10351047,P21-007216
2021,10351048,P21-002750
2021,10351049,P21-002417
2021,10351050,P21-006082
2021,10351051,P21-009155
2021,10351052,P21-003221
2021,10351053,P21-000021
2021,10351054,P21-009265
2021,10351055,P21-004087
2021,10351056,P21-007362
2021,10351057,P21-002153
2021,10351058,P21-006346
2021,10351059,P21-006254
2021,10351060,P21-007170
2021,10351061,P21-007727
2021,10361001,P21-001367
2021,10361002,P21-005108
2021,10361003,P21-001600
2021,10361004,P21-001166
2021,10361005,P21-006336
2021,10361006,P21-002907
2021,10361007,P21-004737
2021,10361008,P21-006172
2021,10361009,P21-000609
2021,10361010,P21-000174
2021,10361011,P21-003390
2021,10361012,P21-001278
2021,10361013,P21-006427
2021,10361014,P21-008140
2021,10361015,P21-009021
2021,10361016,P21-000405
2021,10361017,P21-003147
2021,10361018,P21-000607
2021,10361019,P21-000677
2021,10361020,P21-003043
2021,10361021,P21-008862
2021,10361022,P21-003339
2021,10361023,P21-004385
2021,10361024,P21-001245
2021,10361025,P21-005483
2021,10361026,P21-007597
2021,10361027,P21-003632
2021,10361028,P21-008002
2021,10361029,P21-001309
2021,10361030,P21-003834
2021,10361031,P21-001737
2021,10361032,P21-000781
2021,10361033,P21-002833
2021,10361034,P21-007869
2021,10361035,P21-003085
2021,10361036,P21-007952
2021,10361037,P21-001572
2021,10361038,P21-002386
2021,10361039,P21-001378
2021,10361040,P21-006147
2021,10361041,P21-004857
2021,10361042,P21-004613
2021,10361043,P21-000274
2021,10361044,P21-007197
2021,10361045,P21-008608
2021,10361046,P21-000011
2021,10361047,P21-004101
2021,10361048,P21-004207
2021,10361049,P21-005015
2021,10361050,P21-002084
2021,10361051,P21-008795
2021,10361052,P21-003987
2021,10361053,P21-000625
2021,10361054,P21-009248
2021,10361055,P21-006527
2021,10361056,P21-008008
2021,10361057,P21-006381
2021,10361058,P21-005429
2021,10361059,P21-000006
2021,10361060,P21-001120
2021,10361061,P21-002187
2021,10361062,P21-007657
2021,10361063,P21-008785
2021,10371001,P21-003763
2021,10371002,P21-007803
2021,10371003,P21-008895
2021,10371004,P21-009191
2021,10371005,P21-007561
2021,10371006,P21-000934
2021,10371007,P21-004919
2021,10371008,P21-003813
2021,10371009,P21-004598
2021,10371010,P21-008670
2021,10371011,P21-008495
2021,10371012,P21-008275
2021,10371013,P21-009086
2021,10371014,P21-000821
2021,10371015,P21-004878
2021,10371016,P21-007998
2021,10371017,P21-005717
2021,10371018,P21-005840
2021,10371019,P21-005325
2021,10371020,P21-000104
2021,10371021,P21-000184
2021,10371022,P21-006775
2021,10371023,P21-000987
2021,10371024,P21-001102
2021,10371025,P21-004294
2021,10381001,P21-006399
2021,10381002,P21-004756
2021,10381003,P21-002368
2021,10381004,P21-001937
2021,10381005,P21-004397
2021,10381006,P21-005509
2021,10381007,P21-003764
2021,10381008,P21-003066
2021,10381009,P21-009128
2021,10381010,P21-008625
2021,10381011,P21-007267
2021,10381012,P21-007893
2021,10381013,P21-002031
2021,10381014,P21-004913
2021,10381015,P21-005620
2021,10381016,P21-005633
2021,10381017,P21-004661
2021,10381018,P21-006491
2021,10381019,P21-009358
2021,10381020,P21-004856
2021,10381021,P21-005408
2021,10381022,P21-007440
2021,10381023,P21-002289
2021,10381024,P21-004438
2021,10381025,P21-000988
2021,10381026,P21-008572
2021,10381027,P21-002816
2021,10381028,P21-004299
2021,10381029,P21-004226
2021,10381030,P21-004105
2021,10381031,P21-009251
2021,10381032,P21-008732
2021,10381033,P21-006673
2021,10381034,P21-000788
2021,10381035,P21-008132
2021,10381036,P21-004732
2021,10381037,P21-001580
2021,10381038,P21-008041
2021,10381039,P21-006836
2021,10381040,P21-000705
2021,10381041,P21-003548
2021,10381042,P21-008198
2021,10381043,P21-005369
2021,10381044,P21-007541
2021,10381045,P21-002489
2021,10381046,P21-009363
2021,10381047,P21-004863
2021,10381048,P21-008759
2021,10381049,P21-005947
2021,10381050,P21-003179
2021,10381051,P21-002381
2021,10381052,P21-007443
2021,10381053,P21-005780
2021,10381054,P21-008428
2021,10381055,P21-008102
2021,10381056,P21-000239
2021,10381057,P21-006156
2021,10381058,P21-005185
2021,10381059,P21-000635
2021,10381060,P21-000805
2021,10391001,P21-001853
2021,10391002,P21-005211
2021,10391003,P21-009288
2021,10391004,P21-000668
2021,10391005,P21-008649
2021,10391006,P21-009139
2021,10391007,P21-006852
2021,10391008,P21-002878
2021,10391009,P21-001474
2021,10391010,P21-003001
2021,10391011,P21-006924
2021,10391012,P21-004175
2021,10391013,P21-002687
2021,10391014,P21-002027
2021,10391015,P21-008474
2021,10391016,P21-000037
2021,10391017,P21-006496
2021,10391018,P21-007285
2021,10391019,P21-007243
2021,10391020,P21-001222
2021,10391021,P21-000367
2021,10391022,P21-008104
2021,10391023,P21-006039
2021,10391024,P21-001356
2021,10391025,P21-004722
2021,10391026,P21-005166
2021,10391027,P21-004104
2021,10391028,P21-005104
2021,10391029,P21-008168
2021,10391030,P21-005582
2021,10391031,P21-001039
2021,10391032,P21-007075
2021,10391033,P21-007140
2021,10391034,P21-006234
2021,10391035,P21-008196
2021,10391036,P21-007268
2021,10391037,P21-001639
2021,10391038,P21-001555
2021,10391039,P21-007463
2021,10391040,P21-005000
2021,10391041,P21-005891
2021,10391042,P21-008854
2021,10391043,P21-003840
2021,10391044,P21-003332
2021,10391045,P21-001157
2021,10391046,P21-001574
2021,10391047,P21-007940
2021,10391048,P21-005469
2021,10391049,P21-005340
2021,10391050,P21-000045
2021,10391051,P21-008397
2021,10391052,P21-003571
2021,10391053,P21-001833
2021,10391054,P21-003902
2021,10391055,P21-001526
2021,10401001,P21-005350
2021,10401002,P21-001713
2021,10401003,P21-004820
2021,10401004,P21-009019
2021,10401005,P21-001183
2021,10401006,P21-001364
2021,10401007,P21-007946
2021,10401008,P21-007029
2021,10401009,P21-004823
2021,10401010,P21-006623
2021,10401011,P21-004520
2021,10401012,P21-003940
2021,10401013,P21-003393
2021,10401014,P21-005540
2021,10401015,P21-008737
2021,10401016,P21-000651
2021,10401017,P21-003237
2021,10401018,P21-007881
2021,10401019,P21-001820
2021,10401020,P21-006690
2021,10401021,P21-000600
2021,10401022,P21-004232
2021,10401023,P21-006198
2021,10401024,P21-000284
2021,10401025,P21-001766
2021,10401026,P21-002901
2021,10401027,P21-000365
2021,10401028,P21-001041
2021,10401029,P21-008722
2021,10401030,P21-005968
2021,10401031,P21-005107
2021,10401032,P21-003656
2021,10401033,P21-008312
2021,10401034,P21-008839
2021,10401035,P21-006108
2021,10401036,P21-009082
2021,10401037,P21-005119
2021,10401038,P21-004925
2021,10401039,P21-006565
2021,10401040,P21-001796
2021,10401041,P21-005863
2021,10401042,P21-007873
2021,10401043,P21-008376
2021,10401044,P21-001042
2021,10401045,P21-005794
2021,10401046,P21-006914
2021,10401047,P21-002297
2021,10401048,P21-002742
2021,10401049,P21-007797
2021,10401050,P21-007280
2021,10401051,P21-009065
2021,10401052,P21-001775
2021,10401053,P21-001637
2021,10401054,P21-007309
2021,10401055,P21-008127
2021,10401056,P21-004565
2021,10401057,P21-002052
2021,10411001,P21-002434
2021,10411002,P21-006706
2021,10411003,P21-007526
2021,10411004,P21-005416
2021,10411005,P21-008587
2021,10411006,P21-005073
2021,10411007,P21-008205
2021,10411008,P21-001037
2021,10411009,P21-002334
2021,10411010,P21-007120
2021,10411011,P21-003726
2021,10411012,P21-001457
2021,10411013,P21-000026
2021,10411014,P21-004679
2021,10411015,P21-002431
2021,10411016,P21-000204
2021,10411017,P21-004459
2021,10411018,P21-008660
2021,10411019,P21-000766
2021,10411020,P21-001492
2021,10411021,P21-007012
2021,10411022,P21-004229
2021,10411023,P21-006791
2021,10411024,P21-007557
2021,10411025,P21-007850
2021,10411026,P21-001514
2021,10411027,P21-008248
2021,10411028,P21-000680
2021,10411029,P21-006884
2021,10411030,P21-008925
2021,10411031,P21-006677
2021,10411032,P21-006028
2021,10411033,P21-007417
2021,10411034,P21-005248
2021,10411035,P21-001901
2021,10411036,P21-009000
2021,10411037,P21-002530
2021,10411038,P21-002631
2021,10411039,P21-007366
2021,10411040,P21-005389
2021,10411041,P21-002962
2021,10411042,P21-003628
2021,10411043,P21-001939
2021,10411044,P21-001747
2021,10411045,P21-003624
2021,10411046,P21-004026
2021,10411047,P21-006826
2021,10411048,P21-003396
2021,10411049,P21-000285
2021,10411050,P21-002771
2021,10411051,P21-004658
2021,10411052,P21-005574
2021,10411053,P21-003319
2021,10411054,P21-002369
2021,10411055,P21-009390
2021,10411056,P21-003905
2021,10411057,P21-000617
2021,10421001,P21-002315
2021,10421002,P21-001908
2021,10421003,P21-005112
2021,10421004,P21-001124
2021,10421005,P21-000451
2021,10421006,P21-001513
2021,10421007,P21-005787
2021,10421008,P21-003381
2021,10421009,P21-008830
2021,10421010,P21-003316
2021,10421011,P21-002441
2021,10421012,P21-002292
2021,10421013,P21-008554
2021,10421014,P21-002050
2021,10421015,P21-000201
2021,10421016,P21-002035
2021,10421017,P21-003854
2021,10421018,P21-004879
2021,10421019,P21-002189
2021,10421020,P21-003290
2021,10421021,P21-004208
2021,10421022,P21-002113
2021,10421023,P21-002953
2021,10421024,P21-004083
2021,10421025,P21-001602
2021,10421026,P21-006047
2021,10421027,P21-006903
2021,10421028,P21-001181
2021,10421029,P21-004966
2021,10421030,P21-001567
2021,10421031,P21-007879
2021,10421032,P21-005505
2021,10421033,P21-001064
2021,10421034,P21-007456
2021,10421035,P21-000192
2021,10421036,P21-005996
2021,10421037,P21-004155
2021,10421038,P21-008945
2021,10421039,P21-005487
2021,10421040,P21-009020
2021,10421041,P21-004719
2021,10421042,P21-001022
2021,10421043,P21-005899
2021,10421044,P21-005025
2021,10421045,P21-005548
2021,10421046,P21-003150
2021,10421047,P21-004303
2021,10421048,P21-003533
2021,10421049,P21-003658
2021,10421050,P21-005965
2021,10421051,P21-008194
2021,10421052,P21-005199
2021,10421053,P21-006692
2021,10421054,P21-008170
2021,10421055,P21-001132
2021,10421056,P21-009327
2021,10421057,P21-002270
2021,10431001,P21-000483
2021,10431002,P21-000690
2021,10431003,P21-000288
2021,10431004,P21-002011
2021,10431005,P21-006321
2021,10431006,P21-001631
2021,10431007,P21-003865
2021,10431008,P21-000737
2021,10431009,P21-002163
2021,10431010,P21-001028
2021,10431011,P21-006217
2021,10431012,P21-000747
2021,10431013,P21-000974
2021,10431014,P21-005214
2021,10431015,P21-008688
2021,10431016,P21-001917
2021,10431017,P21-002215
2021,10431018,P21-008959
2021,10431019,P21-004628
2021,10431020,P21-002658
2021,10431021,P21-004495
2021,10431022,P21-005418
2021,10431023,P21-000589
2021,10431024,P21-004759
2021,10431025,P21-003542
2021,10431026,P21-008206
2021,10431027,P21-000885
2021,10431028,P21-001096
2021,10431029,P21-008135
2021,10431030,P21-002009
2021,10431031,P21-000194
2021,10431032,P21-002119
2021,10431033,P21-007037
2021,10431034,P21-000912
2021,10431035,P21-004006
2021,10431036,P21-000819
2021,10431037,P21-002758
2021,10431038,P21-003114
2021,10431039,P21-007142
2021,10431040,P21-000936
2021,10431041,P21-002242
2021,10431042,P21-001416
2021,10431043,P21-008665
2021,10431044,P21-003212
2021,10431045,P21-008763
2021,10431046,P21-005280
2021,10431047,P21-004092
2021,10431048,P21-002202
2021,10431049,P21-007954
2021,10431050,P21-007595
2021,10431051,P21-005635
2021,10431052,P21-006467
2021,10431053,P21-003143
2021,10431054,P21-000920
2021,10431055,P21-008045
2021,10431056,P21-000686
2021,10431057,P21-005769
2021,10441001,P21-005597
2021,10441002,P21-003059
2021,10441003,P21-004504
2021,10441004,P21-006753
2021,10441005,P21-002306
2021,10441006,P21-005146
2021,10441007,P21-002779
2021,10441008,P21-005670
2021,10441009,P21-004370
2021,10441010,P21-001426
2021,10441011,P21-007449
2021,10441012,P21-003614
2021,10441013,P21-008209
2021,10441014,P21-006281
2021,10441015,P21-006445
2021,10441016,P21-004801
2021,10441017,P21-004487
2021,10441018,P21-003857
2021,10441019,P21-006970
2021,10441020,P21-003174
2021,10441021,P21-004179
2021,10441022,P21-001321
2021,10441023,P21-000637
2021,10441024,P21-005028
2021,10441025,P21-001795
2021,10441026,P21-000017
2021,10441027,P21-000458
2021,10441028,P21-007763
2021,10441029,P21-000769
2021,10441030,P21-002327
2021,10441031,P21-004441
2021,10441032,P21-006385
2021,10441033,P21-009403
2021,10441034,P21-002424
2021,10441035,P21-004757
2021,10441036,P21-006380
2021,10441037,P21-003494
2021,10441038,P21-007685
2021,10441039,P21-005651
2021,10441040,P21-007044
2021,10441041,P21-003837
2021,10441042,P21-001530
2021,10441043,P21-002044
2021,10441044,P21-001438
2021,10441045,P21-006609
2021,10441046,P21-006498
2021,10441047,P21-003207
2021,10451001,P21-004331
2021,10451002,P21-002150
2021,10451003,P21-006158
2021,10451004,P21-002433
2021,10451005,P21-007844
2021,10451006,P21-003836
2021,10451007,P21-000319
2021,10451008,P21-007358
2021,10451009,P21-002062
2021,10451010,P21-003167
2021,10451011,P21-008129
2021,10451012,P21-007928
2021,10451013,P21-008635
2021,10451014,P21-002601
2021,10451015,P21-005664
2021,10451016,P21-003621
2021,10451017,P21-005038
2021,10451018,P21-001615
2021,10451019,P21-000154
2021,10451020,P21-002768
2021,10451021,P21-005689
2021,10451022,P21-000526
2021,10451023,P21-003523
2021,10451024,P21-006933
2021,10451025,P21-005116
2021,10451026,P21-006533
2021,10451027,P21-006073
2021,10451028,P21-002217
2021,10451029,P21-003121
2021,10451030,P21-008612
2021,10451031,P21-008226
2021,10451032,P21-006015
2021,10451033,P21-007574
2021,10451034,P21-006667
2021,10451035,P21-007293
2021,10451036,P21-000031
2021,10451037,P21-006275
2021,10451038,P21-004498
2021,10451039,P21-001215
2021,10451040,P21-008213
2021,10451041,P21-006695
2021,10451042,P21-003939
2021,10451043,P21-007892
2021,10451044,P21-002845
2021,10451045,P21-003683
2021,10451046,P21-003828
2021,10451047,P21-008267
2021,10451048,P21-008047
2021,10451049,P21-002208
2021,10451050,P21-001228
2021,10451051,P21-003552
2021,10451052,P21-001078
2021,10451053,P21-004224
2021,10451054,P21-002823
2021,10451055,P21-007708
2021,10451056,P21-008143
2021,10451057,P21-008351
2021,10451058,P21-002609
2021,10451059,P21-005420
2021,10451060,P21-002562
2021,10461001,P21-000225
2021,10461002,P21-001153
2021,10461003,P21-001328
2021,10461004,P21-008803
2021,10461005,P21-008055
2021,10461006,P21-004607
2021,10461007,P21-003711
2021,10461008,P21-004154
2021,10461009,P21-000187
2021,10461010,P21-000529
2021,10461011,P21-007387
2021,10461012,P21-000970
2021,10461013,P21-009002
2021,10461014,P21-008299
2021,10461015,P21-007545
2021,10461016,P21-005927
2021,10461017,P21-002161
2021,10461018,P21-006444
2021,10461019,P21-002167
2021,10461020,P21-003469
2021,10461021,P21-006913
2021,10461022,P21-008565
2021,10461023,P21-001016
2021,10461024,P21-003044
2021,10461025,P21-000030
2021,10461026,P21-006167
2021,10461027,P21-005542
2021,10461028,P21-003689
2021,10461029,P21-005707
2021,10461030,P21-008754
2021,10461031,P21-003361
2021,10461032,P21-006699
2021,10461033,P21-003405
2021,10461034,P21-003172
2021,10461035,P21-007733
2021,10461036,P21-003233
2021,10461037,P21-000110
2021,10461038,P21-002238
2021,10461039,P21-005080
2021,10461040,P21-007725
2021,10461041,P21-008076
2021,10461042,P21-005134
2021,10461043,P21-007196
2021,10461044,P21-009236
2021,10461045,P21-006621
2021,10461046,P21-008744
2021,10461047,P21-005138
2021,10461048,P21-008490
2021,10461049,P21-009260
2021,10461050,P21-006095
2021,10461051,P21-007491
2021,10461052,P21-008838
2021,10461053,P21-007227
2021,10461054,P21-002525
2021,10461055,P21-007775
2021,10471001,P21-000103
2021,10471002,P21-008849
2021,10471003,P21-000761
2021,10471004,P21-006304
2021,10471005,P21-008281
2021,10471006,P21-008926
2021,10471007,P21-005578
2021,10471008,P21-004019
2021,10471009,P21-000583
2021,10471010,P21-006413
2021,10471011,P21-009161
2021,10471012,P21-002792
2021,10471013,P21-004950
2021,10471014,P21-009032
2021,10471015,P21-000929
2021,10471016,P21-005533
2021,10471017,P21-000178
2021,10471018,P21-002251
2021,10471019,P21-002260
2021,10471020,P21-002844
2021,10471021,P21-009370
2021,10471022,P21-003416
2021,10471023,P21-008758
2021,10471024,P21-005285
2021,10471025,P21-001454
2021,10471026,P21-008747
2021,10471027,P21-004985
2021,10471028,P21-006861
2021,10471029,P21-008647
2021,10471030,P21-005121
2021,10471031,P21-002849
2021,10471032,P21-005367
2021,10471033,P21-009275
2021,10471034,P21-005934
2021,10471035,P21-008592
2021,10471036,P21-006796
2021,10471037,P21-000347
2021,10471038,P21-004437
2021,10471039,P21-000182
2021,10471040,P21-008505
2021,10471041,P21-005732
2021,10471042,P21-007567
2021,10471043,P21-004691
2021,10471044,P21-001570
2021,10471045,P21-008389
2021,10471046,P21-006237
2021,10471047,P21-002055
2021,10471048,P21-007616
2021,10481001,P21-000716
2021,10481002,P21-002047
2021,10481003,P21-001479
2021,10481004,P21-007880
2021,10481005,P21-006243
2021,10481006,P21-001549
2021,10481007,P21-004959
2021,10481008,P21-005423
2021,10481009,P21-003927
2021,10481010,P21-003877
2021,10481011,P21-002005
2021,10481012,P21-000847
2021,10481013,P21-006940
2021,10481014,P21-005430
2021,10481015,P21-000665
2021,10481016,P21-001728
2021,10481017,P21-005451
2021,10481018,P21-004705
2021,10481019,P21-007863
2021,10481020,P21-004377
2021,10481021,P21-002773
2021,10481022,P21-002754
2021,10481023,P21-004307
2021,10481024,P21-001864
2021,10481025,P21-006375
2021,10481026,P21-006201
2021,10481027,P21-006645
2021,10481028,P21-006607
2021,10481029,P21-004368
2021,10481030,P21-005596
2021,10481031,P21-000235
2021,10481032,P21-006886
2021,10481033,P21-006186
2021,10481034,P21-009242
2021,10481035,P21-001792
2021,10481036,P21-002323
2021,10481037,P21-002107
2021,10481038,P21-006539
2021,10481039,P21-007897
2021,10481040,P21-006092
2021,10481041,P21-008564
2021,10481042,P21-007226
2021,10481043,P21-007584
2021,10481044,P21-009083
2021,10481045,P21-003886
2021,10481046,P21-009010
2021,10481047,P21-000095
2021,10481048,P21-000318
2021,10481049,P21-006758
2021,10481050,P21-000899
2021,10481051,P21-001904
2021,10481052,P21-003287
2021,10481053,P21-007825
2021,10481054,P21-000848
2021,10481055,P21-008040
2021,10481056,P21-003462
2021,10481057,P21-006818
2021,10481058,P21-001486
2021,10481059,P21-005705
2021,10481060,P21-001239
2021,10481061,P21-000007
2021,10481062,P21-007752
2021,10481063,P21-004614
2021,10481064,P21-006141
2021,10481065,P21-008913
2021,10491001,P21-004185
2021,10491002,P21-007835
2021,10491003,P21-008742
2021,10491004,P21-002938
2021,10491005,P21-003563
2021,10491006,P21-003375
2021,10491007,P21-002422
2021,10491008,P21-000339
2021,10491009,P21-002045
2021,10491010,P21-007430
2021,10491011,P21-004837
2021,10491012,P21-000831
2021,10491013,P21-004082
2021,10491014,P21-003776
2021,10491015,P21-007298
2021,10491016,P21-001993
2021,10491017,P21-008172
2021,10491018,P21-004262
2021,10491019,P21-007878
2021,10491020,P21-003567
2021,10491021,P21-007101
2021,10491022,P21-001021
2021,10491023,P21-009217
2021,10491024,P21-005058
2021,10491025,P21-006493
2021,10491026,P21-005003
2021,10491027,P21-002412
2021,10491028,P21-009027
2021,10491029,P21-005561
2021,10491030,P21-002235
2021,10491031,P21-003970
2021,10491032,P21-006962
2021,10491033,P21-005622
2021,10491034,P21-003791
2021,10491035,P21-005798
2021,10491036,P21-006018
2021,10491037,P21-007314
2021,10491038,P21-006215
2021,10491039,P21-001229
2021,10491040,P21-001740
2021,10491041,P21-005024
2021,10491042,P21-004812
2021,10491043,P21-002226
2021,10491044,P21-004593
2021,10491045,P21-006364
2021,10491046,P21-003817
2021,10491047,P21-003268
2021,10491048,P21-008642
2021,10491049,P21-005869
2021,10491050,P21-006601
2021,10491051,P21-002555
2021,10491052,P21-005528
2021,10491053,P21-002220
2021,10491054,P21-002696
2021,10491055,P21-001997
2021,10501001,P21-002702
2021,10501002,P21-003220
2021,10501003,P21-006727
2021,10501004,P21-009277
2021,10501005,P21-000794
2021,10501006,P21-008372
2021,10501007,P21-003663
2021,10501008,P21-006731
2021,10501009,P21-006535
2021,10501010,P21-008427
2021,10501011,P21-006094
2021,10501012,P21-006443
2021,10501013,P21-004912
2021,10501014,P21-000096
2021,10501015,P21-008552
2021,10501016,P21-008403
2021,10501017,P21-009200
2021,10501018,P21-008261
2021,10501019,P21-002621
2021,10501020,P21-004659
2021,10501021,P21-000127
2021,10501022,P21-005845
2021,10501023,P21-003810
2021,10501024,P21-007053
2021,10501025,P21-003935
2021,10501026,P21-007292
2021,10501027,P21-000442
2021,10501028,P21-004703
2021,10501029,P21-008365
2021,10501030,P21-004372
2021,10501031,P21-006656
2021,10501032,P21-003737
2021,10501033,P21-003338
2021,10501034,P21-006357
2021,10501035,P21-005731
2021,10501036,P21-005999
2021,10501037,P21-001079
2021,10501038,P21-008960
2021,10501039,P21-008307
2021,10501040,P21-002227
2021,10501041,P21-001990
2021,10501042,P21-001494
2021,10501043,P21-004077
2021,10501044,P21-007487
2021,10501045,P21-005026
2021,10501046,P21-001571
2021,10501047,P21-006302
2021,10501048,P21-006447
2021,10501049,P21-006457
2021,10501050,P21-009205
2021,10501051,P21-002700
2021,10501052,P21-008624
2021,10501053,P21-000993
2021,10501054,P21-007329
2021,10501055,P21-009336
2021,10501056,P21-006518
2021,10501057,P21-008713
2021,10501058,P21-005177
2021,10501059,P21-005433
2021,10501060,P21-009056
2021,10501061,P21-005344
2021,10501062,P21-008374
2021,10501063,P21-003517
2021,10501064,P21-002759
2021,10501065,P21-008457
2021,10511001,P21-001847
2021,10511002,P21-009068
2021,10511003,P21-004664
2021,10511004,P21-005207
2021,10511005,P21-001465
2021,10511006,P21-007376
2021,10511007,P21-003752
2021,10511008,P21-000867
2021,10511009,P21-009025
2021,10511010,P21-000306
2021,10511011,P21-002589
2021,10511012,P21-001349
2021,10511013,P21-006259
2021,10511014,P21-001635
2021,10511015,P21-000963
2021,10511016,P21-004380
2021,10511017,P21-001430
2021,10511018,P21-009098
2021,10511019,P21-001139
2021,10511020,P21-000740
2021,10511021,P21-007390
2021,10511022,P21-002223
2021,10511023,P21-008114
2021,10511024,P21-002419
2021,10511025,P21-009206
2021,10511026,P21-004346
2021,10511027,P21-004031
2021,10511028,P21-008116
2021,10511029,P21-001360
2021,10511030,P21-002935
2021,10511031,P21-008739
2021,10511032,P21-003482
2021,10511033,P21-001522
2021,10511034,P21-000777
2021,10511035,P21-004286
2021,10511036,P21-001008
2021,10511037,P21-008446
2021,10511038,P21-009229
2021,10511039,P21-004089
2021,10511040,P21-004483
2021,10511041,P21-000050
2021,10511042,P21-005653
2021,10511043,P21-007319
2021,10511044,P21-009400
2021,10511045,P21-005720
2021,10511046,P21-008274
2021,10511047,P21-002060
2021,10511048,P21-006752
2021,10511049,P21-009378
2021,10511050,P21-005200
2021,10511051,P21-002032
2021,10511052,P21-003919
2021,10511053,P21-007648
2021,10511054,P21-000234
2021,10511055,P21-003868
2021,10511056,P21-007186
2021,10511057,P21-001898
2021,10511058,P21-000580
2021,10521001,P21-005002
2021,10521002,P21-008586
2021,10521003,P21-005974
2021,10521004,P21-007236
2021,10521005,P21-005197
2021,10521006,P21-002253
2021,10521007,P21-003139
2021,10521008,P21-007164
2021,10521009,P21-001889
2021,10521010,P21-006534
2021,10521011,P21-005410
2021,10521012,P21-003550
2021,10521013,P21-000369
2021,10521014,P21-005669
2021,10521015,P21-000286
2021,10521016,P21-000242
2021,10521017,P21-002653
2021,10521018,P21-003230
2021,10521019,P21-007411
2021,10521020,P21-003787
2021,10521021,P21-005065
2021,10521022,P21-009153
2021,10521023,P21-003425
2021,10521024,P21-001068
2021,10521025,P21-000467
2021,10521026,P21-000364
2021,10521027,P21-000383
2021,10521028,P21-008083
2021,10521029,P21-005152
2021,10521030,P21-008632
2021,10521031,P21-003113
2021,10521032,P21-006468
2021,10521033,P21-002676
2021,10521034,P21-007694
2021,10521035,P21-004956
2021,10521036,P21-003812
2021,10521037,P21-002900
2021,10521038,P21-003437
2021,10521039,P21-009340
2021,10521040,P21-009337
2021,10521041,P21-000516
2021,10521042,P21-001831
2021,10521043,P21-001528
2021,10531001,P21-000918
2021,10531002,P21-001007
2021,10531003,P21-007111
2021,10531004,P21-000532
2021,10531005,P21-004733
2021,10531006,P21-001072
2021,10531007,P21-007769
2021,10531008,P21-007519
2021,10531009,P21-004665
2021,10531010,P21-003483
2021,10531011,P21-000736
2021,10531012,P21-009241
2021,10531013,P21-007380
2021,10531014,P21-002490
2021,10531015,P21-000229
2021,10531016,P21-003365
2021,10531017,P21-006982
2021,10531018,P21-007277
2021,10531019,P21-002767
2021,10531020,P21-003159
2021,10531021,P21-004047
2021,10531022,P21-000218
2021,10531023,P21-006978
2021,10531024,P21-006587
2021,10531025,P21-001930
2021,10531026,P21-004510
2021,10531027,P21-009307
2021,10531028,P21-002876
2021,10531029,P21-004344
2021,10531030,P21-001303
2021,10531031,P21-001306
2021,10531032,P21-007382
2021,10531033,P21-000541
2021,10531034,P21-008588
2021,10531035,P21-000931
2021,10531036,P21-009247
2021,10531037,P21-004867
2021,10531038,P21-007712
2021,10531039,P21-007016
2021,10531040,P21-005218
2021,10531041,P21-001061
2021,10531042,P21-007624
2021,10531043,P21-001148
2021,10531044,P21-008483
2021,10531045,P21-009183
2021,10531046,P21-002950
2021,10531047,P21-003703
2021,10531048,P21-001546
2021,10531049,P21-001787
2021,10531050,P21-005811
2021,10531051,P21-006730
2021,10531052,P21-007864
2021,10531053,P21-009284
2021,10531054,P21-002075
2021,10531055,P21-004988
2021,10531056,P21-001092
2021,10531057,P21-004600
2021,10531058,P21-002460
2021,10531059,P21-004173
2021,10531060,P21-008766
2021,10531061,P21-008878
2021,10541001,P21-008231
2021,10541002,P21-009377
2021,10541003,P21-005196
2021,10541004,P21-008585
2021,10541005,P21-008475
2021,10541006,P21-008932
2021,10541007,P21-000375
2021,10541008,P21-002777
2021,10541009,P21-001499
2021,10541010,P21-005282
2021,10541011,P21-003745
2021,10541012,P21-000545
2021,10541013,P21-007709
2021,10541014,P21-005374
2021,10541015,P21-007594
2021,10541016,P21-000231
2021,10541017,P21-003608
2021,10541018,P21-007963
2021,10541019,P21-004153
2021,10541020,P21-004568
2021,10541021,P21-007423
2021,10541022,P21-007067
2021,10541023,P21-000090
2021,10541024,P21-007705
2021,10541025,P21-007308
2021,10541026,P21-007646
2021,10541027,P21-000417
2021,10541028,P21-001518
2021,10541029,P21-000003
2021,10541030,P21-003815
2021,10541031,P21-000473
2021,10541032,P21-005802
2021,10541033,P21-004283
2021,10541034,P21-008814
2021,10541035,P21-008370
2021,10541036,P21-005925
2021,10541037,P21-007611
2021,10541038,P21-002034
2021,10541039,P21-007447
2021,10541040,P21-004991
2021,10541041,P21-002815
2021,10541042,P21-006994
2021,10541043,P21-008848
2021,10541044,P21-004958
2021,10541045,P21-005805
2021,10541046,P21-008250
2021,10541047,P21-009310
2021,10541048,P21-003367
2021,10541049,P21-007613
2021,10541050,P21-004638
2021,10541051,P21-000144
2021,10541052,P21-008922
2021,10541053,P21-007117
2021,10551001,P21-006700
2021,10551002,P21-001390
2021,10551003,P21-002271
2021,10551004,P21-005480
2021,10551005,P21-008395
2021,10551006,P21-000811
2021,10551007,P21-004933
2021,10551008,P21-007234
2021,10551009,P21-008673
2021,10551010,P21-006076
2021,10551011,P21-001351
2021,10551012,P21-000499
2021,10551013,P21-005563
2021,10551014,P21-004666
2021,10551015,P21-002654
2021,10551016,P21-009135
2021,10551017,P21-008792
2021,10551018,P21-006244
2021,10551019,P21-000945
2021,10551020,P21-008014
2021,10551021,P21-003585
2021,10551022,P21-001255
2021,10551023,P21-006680
2021,10551024,P21-003021
2021,10551025,P21-008617
2021,10551026,P21-003257
2021,10551027,P21-001358
2021,10551028,P21-008469
2021,10551029,P21-003835
2021,10551030,P21-005195
2021,10551031,P21-005748
2021,10551032,P21-009239
2021,10551033,P21-008813
2021,10551034,P21-001445
2021,10551035,P21-000414
2021,10551036,P21-000407
2021,10551037,P21-002533
2021,10551038,P21-009143
2021,10551039,P21-006729
2021,10551040,P21-003478
2021,10551041,P21-004796
2021,10551042,P21-001038
2021,10551043,P21-005631
2021,10551044,P21-007222
2021,10551045,P21-000263
2021,10551046,P21-008485
2021,10551047,P21-005271
2021,10551048,P21-001331
2021,10551049,P21-009389
2021,10551050,P21-007389
2021,10551051,P21-001803
2021,10551052,P21-005738
2021,10551053,P21-002840
2021,10551054,P21-001443
2021,10551055,P21-005228
2021,10551056,P21-005584
2021,10561001,P21-000139
2021,10561002,P21-000492
2021,10561003,P21-008048
2021,10561004,P21-005323
2021,10561005,P21-004215
2021,10561006,P21-007588
2021,10561007,P21-008425
2021,10561008,P21-006012
2021,10561009,P21-006807
2021,10561010,P21-007802
2021,10561011,P21-002817
2021,10561012,P21-006799
2021,10561013,P21-002168
2021,10561014,P21-008088
2021,10561015,P21-002484
2021,10561016,P21-006412
2021,10561017,P21-003499
2021,10561018,P21-001091
2021,10561019,P21-003458
2021,10561020,P21-000967
2021,10561021,P21-002443
2021,10561022,P21-005829
2021,10561023,P21-002360
2021,10561024,P21-002802
2021,10561025,P21-000277
2021,10561026,P21-004362
2021,10561027,P21-004826
2021,10561028,P21-003262
2021,10561029,P21-002013
2021,10561030,P21-005898
2021,10561031,P21-008069
2021,10561032,P21-005858
2021,10561033,P21-008360
2021,10561034,P21-003584
2021,10561035,P21-000168
2021,10561036,P21-006216
2021,10561037,P21-001202
2021,10561038,P21-006646
2021,10561039,P21-009114
2021,10561040,P21-008560
2021,10561041,P21-001371
2021,10561042,P21-005610
2021,10561043,P21-004874
2021,10561044,P21-003604
2021,10561045,P21-004546
2021,10561046,P21-002092
2021,10561047,P21-005671
2021,10561048,P21-001759
2021,10561049,P21-008037
2021,10561050,P21-004617
2021,10561051,P21-005088
2021,10561052,P21-000889
2021,10561053,P21-002387
2021,10561054,P21-009150
2021,10561055,P21-003171
2021,10561056,P21-006751
2021,10561057,P21-005844
2021,10571001,P21-006644
2021,10571002,P21-003049
2021,10571003,P21-003900
2021,10571004,P21-002872
2021,10571005,P21-005039
2021,10571006,P21-000287
2021,10571007,P21-007127
2021,10571008,P21-003593
2021,10571009,P21-000765
2021,10571010,P21-003103
2021,10571011,P21-001395
2021,10571012,P21-003989
2021,10571013,P21-004782
2021,10571014,P21-005181
2021,10571015,P21-001841
2021,10571016,P21-002748
2021,10571017,P21-004167
2021,10571018,P21-001488
2021,10571019,P21-000140
2021,10571020,P21-004035
2021,10571021,P21-003362
2021,10571022,P21-002377
2021,10571023,P21-005243
2021,10571024,P21-001563
2021,10571025,P21-002944
2021,10571026,P21-007034
2021,10571027,P21-008280
2021,10571028,P21-005901
2021,10581001,P21-009178
2021,10581002,P21-001069
2021,10581003,P21-004111
2021,10581004,P21-000683
2021,10581005,P21-008487
2021,10581006,P21-005681
2021,10581007,P21-005557
2021,10581008,P21-003165
2021,10581009,P21-004934
2021,10581010,P21-000273
2021,10581011,P21-004899
2021,10581012,P21-003096
2021,10581013,P21-003351
2021,10581014,P21-001178
2021,10581015,P21-003320
2021,10581016,P21-007397
2021,10581017,P21-004181
2021,10581018,P21-008233
2021,10581019,P21-001005
2021,10581020,P21-004142
2021,10581021,P21-007395
2021,10581022,P21-006469
2021,10581023,P21-001686
2021,10581024,P21-002699
2021,10581025,P21-000164
2021,10581026,P21-001761
2021,10581027,P21-008437
2021,10581028,P21-000893
2021,10581029,P21-008258
2021,10581030,P21-001619
2021,10581031,P21-005969
2021,10581032,P21-004211
2021,10581033,P21-002305
2021,10581034,P21-003852
2021,10581035,P21-004590
2021,10581036,P21-007484
2021,10581037,P21-001975
2021,10581038,P21-007807
2021,10581039,P21-007703
2021,10581040,P21-007758
2021,10581041,P21-002958
2021,10581042,P21-004579
2021,10581043,P21-008016
2021,10581044,P21-002466
2021,10581045,P21-008095
2021,10581046,P21-001923
2021,10581047,P21-001089
2021,10581048,P21-006261
2021,10581049,P21-001601
2021,10581050,P21-000710
2021,10581051,P21-004704
2021,10581052,P21-007573
2021,10581053,P21-008494
2021,10581054,P21-000250
2021,10581055,P21-003273
2021,10581056,P21-008264
2021,10581057,P21-003853
2021,10581058,P21-007019
2021,10591001,P21-002698
2021,10591002,P21-002744
2021,10591003,P21-000613
2021,10591004,P21-002343
2021,10591005,P21-004778
2021,10591006,P21-001957
2021,10591007,P21-009375
2021,10591008,P21-000986
2021,10591009,P21-000787
2021,10591010,P21-007180
2021,10591011,P21-006664
2021,10591012,P21-007992
2021,10591013,P21-008779
2021,10591014,P21-005932
2021,10591015,P21-001859
2021,10591016,P21-002231
2021,10591017,P21-000562
2021,10591018,P21-003472
2021,10591019,P21-001315
2021,10591020,P21-007071
2021,10591021,P21-006715
2021,10591022,P21-002657
2021,10591023,P21-003065
2021,10591024,P21-003412
2021,10591025,P21-009396
2021,10591026,P21-000500
2021,10591027,P21-006278
2021,10591028,P21-003915
2021,10591029,P21-001244
2021,10591030,P21-008626
2021,10591031,P21-001676
2021,10591032,P21-002183
2021,10591033,P21-005946
2021,10591034,P21-001765
2021,10591035,P21-007876
2021,10591036,P21-002135
2021,10591037,P21-007748
2021,10591038,P21-005236
2021,10591039,P21-003144
2021,10591040,P21-008302
2021,10591041,P21-003484
2021,10591042,P21-006088
2021,10591043,P21-004284
2021,10591044,P21-003470
2021,10591045,P21-006725
2021,10591046,P21-007270
2021,10591047,P21-003674
2021,10591048,P21-004635
2021,10591049,P21-002383
2021,10591050,P21-002131
2021,10591051,P21-001829
2021,10591052,P21-009384
2021,10601001,P21-003913
2021,10601002,P21-002729
2021,10601003,P21-006833
2021,10601004,P21-004238
2021,10601005,P21-002595
2021,10601006,P21-008777
2021,10601007,P21-007003
2021,10601008,P21-008559
2021,10601009,P21-000107
2021,10601010,P21-008387
2021,10601011,P21-008718
2021,10601012,P21-000520
2021,10601013,P21-006868
2021,10601014,P21-006905
2021,10601015,P21-004816
2021,10601016,P21-004193
2021,10601017,P21-001780
2021,10601018,P21-008615
2021,10601019,P21-006575
2021,10601020,P21-005289
2021,10601021,P21-005257
2021,10601022,P21-005788
2021,10601023,P21-000149
2021,10601024,P21-004279
2021,10601025,P21-006070
2021,10601026,P21-002585
2021,10601027,P21-007924
2021,10601028,P21-003140
2021,10601029,P21-003064
2021,10601030,P21-005445
2021,10601031,P21-005792
2021,10601032,P21-008979
2021,10601033,P21-008367
2021,10601034,P21-008610
2021,10601035,P21-004444
2021,10601036,P21-005381
2021,10601037,P21-007327
2021,10601038,P21-006203
2021,10601039,P21-008464
2021,10601040,P21-006027
2021,10601041,P21-004941
2021,10601042,P21-001475
2021,10601043,P21-004830
2021,10601044,P21-007354
2021,10601045,P21-007647
2021,10601046,P21-004000
2021,10601047,P21-007253
2021,10601048,P21-001710
2021,10601049,P21-000631
2021,10601050,P21-002136
2021,10601051,P21-008528
2021,10601052,P21-008221
2021,10601053,P21-002764
2021,10601054,P21-002126
2021,10601055,P21-006785
2021,10601056,P21-006795
2021,10601057,P21-007667
2021,10601058,P21-005499
2021,10611001,P21-001232
2021,10611002,P21-005879
2021,10611003,P21-000992
2021,10611004,P21-002807
2021,10611005,P21-005711
2021,10611006,P21-004055
2021,10611007,P21-007113
2021,10611008,P21-004205
2021,10611009,P21-001659
2021,10611010,P21-001804
2021,10611011,P21-006586
2021,10611012,P21-007184
2021,10611013,P21-008618
2021,10611014,P21-007583
2021,10611015,P21-003535
2021,10611016,P21-009211
2021,10611017,P21-006782
2021,10611018,P21-002458
2021,10611019,P21-001165
2021,10611020,P21-007143
2021,10611021,P21-004191
2021,10611022,P21-005501
2021,10611023,P21-007098
2021,10611024,P21-008703
2021,10611025,P21-003564
2021,10611026,P21-000350
2021,10611027,P21-001842
2021,10611028,P21-007688
2021,10611029,P21-007208
2021,10611030,P21-008386
2021,10611031,P21-007455
2021,10611032,P21-000491
2021,10611033,P21-001640
2021,10611034,P21-000543
2021,10611035,P21-001143
2021,10611036,P21-008936
2021,10611037,P21-003643
2021,10611038,P21-008238
2021,10611039,P21-008033
2021,10611040,P21-002933
2021,10611041,P21-006980
2021,10611042,P21-008138
2021,10611043,P21-002571
2021,10611044,P21-006455
2021,10611045,P21-002134
2021,10611046,P21-001726
2021,10611047,P21-007089
2021,10611048,P21-000472
2021,10611049,P21-003732
2021,10611050,P21-006417
2021,10611051,P21-003879
2021,10611052,P21-009283
2021,10611053,P21-008991
2021,10611054,P21-006319
2021,10611055,P21-008857
2021,10611056,P21-004895
2021,10611057,P21-007271
2021,10611058,P21-009035
2021,10611059,P21-000731
2021,10611060,P21-004013
2021,10611061,P21-007543
2021,10621001,P21-007577
2021,10621002,P21-007288
2021,10621003,P21-002298
2021,10621004,P21-004078
2021,10621005,P21-002037
2021,10621006,P21-005273
2021,10621007,P21-007182
2021,10621008,P21-009317
2021,10621009,P21-009192
2021,10621010,P21-000119
2021,10621011,P21-003302
2021,10621012,P21-007539
2021,10621013,P21-006061
2021,10621014,P21-007877
2021,10621015,P21-004822
2021,10621016,P21-003720
2021,10621017,P21-008096
2021,10621018,P21-005608
2021,10621019,P21-003354
2021,10621020,P21-005773
2021,10621021,P21-003232
2021,10621022,P21-000109
2021,10621023,P21-003623
2021,10621024,P21-007553
2021,10621025,P21-003475
2021,10621026,P21-002246
2021,10621027,P21-007011
2021,10621028,P21-004064
2021,10621029,P21-000320
2021,10621030,P21-003046
2021,10621031,P21-004537
2021,10621032,P21-002324
2021,10621033,P21-007439
2021,10621034,P21-003331
2021,10621035,P21-005210
2021,10621036,P21-007663
2021,10621037,P21-000608
2021,10621038,P21-004752
2021,10621039,P21-007636
2021,10621040,P21-004012
2021,10621041,P21-007343
2021,10621042,P21-001145
2021,10621043,P21-008354
2021,10621044,P21-007900
2021,10621045,P21-004188
2021,10621046,P21-000750
2021,10621047,P21-008997
2021,10621048,P21-006114
2021,10621049,P21-003520
2021,10621050,P21-008208
2021,10631001,P21-002860
2021,10631002,P21-005397
2021,10631003,P21-001566
2021,10631004,P21-000957
2021,10631005,P21-007295
2021,10631006,P21-007018
2021,10631007,P21-002363
2021,10631008,P21-007805
2021,10631009,P21-000574
2021,10631010,P21-001141
2021,10631011,P21-008577
2021,10631012,P21-001707
2021,10631013,P21-008050
2021,10631014,P21-006170
2021,10631015,P21-001352
2021,10631016,P21-008373
2021,10631017,P21-002868
2021,10631018,P21-002782
2021,10631019,P21-005035
2021,10631020,P21-002225
2021,10631021,P21-004587
2021,10631022,P21-004150
2021,10631023,P21-001836
2021,10631024,P21-000360
2021,10631025,P21-008955
2021,10631026,P21-005714
2021,10631027,P21-002105
2021,10631028,P21-002311
2021,10631029,P21-000940
2021,10631030,P21-001180
2021,10631031,P21-004818
2021,10631032,P21-007720
2021,10631033,P21-006242
2021,10631034,P21-000479
2021,10631035,P21-007821
2021,10631036,P21-000977
2021,10631037,P21-004379
2021,10631038,P21-000774
2021,10631039,P21-006507
2021,10631040,P21-005062
2021,10631041,P21-002000
2021,10631042,P21-002919
2021,10631043,P21-001388
2021,10631044,P21-007600
2021,10631045,P21-002761
2021,10631046,P21-005354
2021,10631047,P21-002261
2021,10631048,P21-001471
2021,10631049,P21-002495
2021,10631050,P21-000133
2021,10631051,P21-008460
2021,10631052,P21-003306
2021,10631053,P21-004490
2021,10631054,P21-002273
2021,10631055,P21-004493
2021,10631056,P21-006708
2021,10631057,P21-004538
2021,10641001,P21-006505
2021,10641002,P21-002096
2021,10641003,P21-003112
2021,10641004,P21-005154
2021,10641005,P21-002643
2021,10641006,P21-007700
2021,10641007,P21-003570
2021,10641008,P21-003554
2021,10641009,P21-002079
2021,10641010,P21-006359
2021,10641011,P21-006087
2021,10641012,P21-008963
2021,10641013,P21-007254
2021,10641014,P21-002017
2021,10641015,P21-001034
2021,10641016,P21-002538
2021,10641017,P21-000997
2021,10641018,P21-008575
2021,10641019,P21-006547
2021,10641020,P21-006824
2021,10641021,P21-004275
2021,10641022,P21-000151
2021,10641023,P21-008212
2021,10641024,P21-004771
2021,10641025,P21-005644
2021,10641026,P21-001435
2021,10641027,P21-004763
2021,10641028,P21-004793
2021,10641029,P21-004152
2021,10641030,P21-007394
2021,10641031,P21-005512
2021,10641032,P21-007258
2021,10641033,P21-006378
2021,10641034,P21-009372
2021,10641035,P21-000176
2021,10641036,P21-007095
2021,10641037,P21-001031
2021,10641038,P21-000232
2021,10641039,P21-002191
2021,10641040,P21-008064
2021,10641041,P21-001648
2021,10641042,P21-003591
2021,10641043,P21-006330
2021,10641044,P21-001896
2021,10641045,P21-007979
2021,10641046,P21-001467
2021,10641047,P21-006477
2021,10641048,P21-005816
2021,10641049,P21-004486
2021,10641050,P21-005249
2021,10651001,P21-003522
2021,10651002,P21-001805
2021,10651003,P21-008332
2021,10651004,P21-003370
2021,10651005,P21-006295
2021,10651006,P21-003515
2021,10651007,P21-002350
2021,10651008,P21-000220
2021,10651009,P21-004997
2021,10651010,P21-001086
2021,10651011,P21-004473
2021,10651012,P21-007109
2021,10651013,P21-005734
2021,10651014,P21-002851
2021,10651015,P21-002398
2021,10651016,P21-005063
2021,10651017,P21-002726
2021,10651018,P21-001868
2021,10651019,P21-007529
2021,10651020,P21-006288
2021,10651021,P21-003981
2021,10651022,P21-000300
2021,10651023,P21-000601
2021,10651024,P21-004450
2021,10651025,P21-006976
2021,10651026,P21-006132
2021,10651027,P21-007078
2021,10651028,P21-005372
2021,10651029,P21-003104
2021,10651030,P21-004743
2021,10651031,P21-002309
2021,10651032,P21-009179
2021,10651033,P21-001881
2021,10651034,P21-008696
2021,10651035,P21-005452
2021,10651036,P21-003688
2021,10651037,P21-008400
2021,10651038,P21-008749
2021,10651039,P21-004767
2021,10651040,P21-003895
2021,10651041,P21-000930
2021,10651042,P21-001460
2021,10651043,P21-003018
2021,10651044,P21-001257
2021,10651045,P21-005170
2021,10651046,P21-002920
2021,10651047,P21-000386
2021,10651048,P21-005987
2021,10651049,P21-005808
2021,10651050,P21-005919
2021,10651051,P21-006619
2021,10651052,P21-006181
2021,10651053,P21-005312
2021,10651054,P21-007040
2021,10651055,P21-005118
2021,10661001,P21-006789
2021,10661002,P21-006960
2021,10661003,P21-007402
2021,10661004,P21-002002
2021,10661005,P21-004585
2021,10661006,P21-007515
2021,10661007,P21-008316
2021,10661008,P21-003599
2021,10661009,P21-005132
2021,10661010,P21-002268
2021,10661011,P21-001550
2021,10661012,P21-003034
2021,10661013,P21-008279
2021,10661014,P21-005412
2021,10661015,P21-003183
2021,10661016,P21-007591
2021,10661017,P21-001811
2021,10661018,P21-006958
2021,10661019,P21-008028
2021,10661020,P21-006742
2021,10661021,P21-005145
2021,10661022,P21-004041
2021,10661023,P21-002352
2021,10661024,P21-006465
2021,10661025,P21-008600
2021,10661026,P21-004335
2021,10661027,P21-002010
2021,10661028,P21-004547
2021,10661029,P21-003800
2021,10661030,P21-002416
2021,10661031,P21-009285
2021,10661032,P21-007882
2021,10661033,P21-005833
2021,10661034,P21-006950
2021,10661035,P21-003002
2021,10661036,P21-008293
2021,10661037,P21-008524
2021,10661038,P21-004491
2021,10661039,P21-007224
2021,10661040,P21-001905
2021,10661041,P21-000512
2021,10661042,P21-008352
2021,10661043,P21-001977
2021,10661044,P21-005729
2021,10661045,P21-004594
2021,10661046,P21-005764
2021,10661047,P21-005896
2021,10661048,P21-006131
2021,10661049,P21-008525
2021,10661050,P21-005992
2021,10661051,P21-002909
2021,10661052,P21-002123
2021,10661053,P21-002665
2021,10661054,P21-004713
2021,10671001,P21-005553
2021,10671002,P21-006311
2021,10671003,P21-003635
2021,10671004,P21-007607
2021,10671005,P21-003933
2021,10671006,P21-008153
2021,10671007,P21-007630
2021,10671008,P21-004619
2021,10671009,P21-004178
2021,10671010,P21-004591
2021,10671011,P21-003996
2021,10671012,P21-004740
2021,10671013,P21-002259
2021,10671014,P21-005775
2021,10671015,P21-000727
2021,10671016,P21-004412
2021,10671017,P21-006537
2021,10671018,P21-004249
2021,10671019,P21-004558
2021,10671020,P21-005820
2021,10671021,P21-002820
2021,10671022,P21-000462
2021,10671023,P21-000582
2021,10671024,P21-004654
2021,10671025,P21-003816
2021,10671026,P21-007064
2021,10671027,P21-008335
2021,10671028,P21-007407
2021,10671029,P21-003224
2021,10671030,P21-007638
2021,10671031,P21-007498
2021,10671032,P21-000688
2021,10671033,P21-001173
2021,10671034,P21-003357
2021,10671035,P21-008774
2021,10671036,P21-007398
2021,10671037,P21-003883
2021,10671038,P21-000142
2021,10671039,P21-004081
2021,10671040,P21-003943
2021,10671041,P21-004432
2021,10671042,P21-003521
2021,10671043,P21-001282
2021,10671044,P21-000005
2021,10671045,P21-007273
2021,10671046,P21-007606
2021,10671047,P21-006760
2021,10671048,P21-008812
2021,10671049,P21-008509
2021,10671050,P21-000040
2021,10671051,P21-008910
2021,10671052,P21-004952
2021,10671053,P21-002188
2021,10671054,P21-004414
2021,10671055,P21-004255
2021,10671056,P21-004686
2021,10671057,P21-002116
2021,10671058,P21-006471
2021,10671059,P21-004359
2021,10671060,P21-005277
2021,10671061,P21-000567
2021,10681001,P21-000086
2021,10681002,P21-009342
2021,10681003,P21-002633
2021,10681004,P21-008769
2021,10681005,P21-005353
2021,10681006,P21-007158
2021,10681007,P21-007176
2021,10681008,P21-005317
2021,10681009,P21-003738
2021,10681010,P21-003794
2021,10681011,P21-008772
2021,10681012,P21-007617
2021,10681013,P21-003684
2021,10681014,P21-005749
2021,10681015,P21-000919
2021,10681016,P21-008547
2021,10681017,P21-000459
2021,10691001,P21-008535
2021,10691002,P21-001979
2021,10691003,P21-002349
2021,10691004,P21-001986
2021,10691005,P21-007379
2021,10691006,P21-003727
2021,10691007,P21-009175
2021,10691008,P21-007605
2021,10691009,P21-003993
2021,10691010,P21-005638
2021,10691011,P21-006653
2021,10691012,P21-004147
2021,10691013,P21-004553
2021,10691014,P21-008051
2021,10691015,P21-003025
2021,10691016,P21-000900
2021,10691017,P21-005790
2021,10691018,P21-002522
2021,10691019,P21-002800
2021,10691020,P21-007766
2021,10691021,P21-008210
2021,10691022,P21-001827
2021,10691023,P21-000474
2021,10691024,P21-006056
2021,10691025,P21-001782
2021,10691026,P21-003514
2021,10691027,P21-002247
2021,10691028,P21-008811
2021,10691029,P21-001988
2021,10691030,P21-003352
2021,10691031,P21-004468
2021,10691032,P21-008134
2021,10691033,P21-000767
2021,10691034,P21-008118
2021,10691035,P21-003782
2021,10691036,P21-007005
2021,10691037,P21-001224
2021,10691038,P21-002303
2021,10691039,P21-005233
2021,10691040,P21-001512
2021,10691041,P21-003120
2021,10691042,P21-002921
2021,10691043,P21-003723
2021,10691044,P21-004876
2021,10691045,P21-005409
2021,10691046,P21-009146
2021,10691047,P21-002006
2021,10691048,P21-004855
2021,10691049,P21-004621
2021,10691050,P21-000246
2021,10691051,P21-001541
2021,10691052,P21-000089
2021,10691053,P21-001414
2021,10691054,P21-005189
2021,10691055,P21-007451
2021,10691056,P21-006931
2021,10691057,P21-002529
2021,10701001,P21-004500
2021,10701002,P21-009188
2021,10701003,P21-008375
2021,10701004,P21-007337
2021,10701005,P21-002925
2021,10701006,P21-006825
2021,10701007,P21-004942
2021,10701008,P21-004469
2021,10701009,P21-004334
2021,10701010,P21-007059
2021,10701011,P21-004471
2021,10701012,P21-006959
2021,10701013,P21-006648
2021,10701014,P21-008108
2021,10701015,P21-006480
2021,10701016,P21-004375
2021,10701017,P21-006474
2021,10701018,P21-008950
2021,10701019,P21-003347
2021,10701020,P21-005005
2021,10701021,P21-003950
2021,10701022,P21-005097
2021,10701023,P21-002707
2021,10701024,P21-008501
2021,10701025,P21-008204
2021,10701026,P21-005728
2021,10701027,P21-009222
2021,10701028,P21-002949
2021,10701029,P21-000554
2021,10701030,P21-005629
2021,10701031,P21-004474
2021,10701032,P21-005221
2021,10701033,P21-005396
2021,10701034,P21-002728
2021,10701035,P21-000097
2021,10701036,P21-007937
2021,10701037,P21-004302
2021,10701038,P21-003997
2021,10701039,P21-004967
2021,10701040,P21-003169
2021,10701041,P21-005874
2021,10701042,P21-002444
2021,10701043,P21-002887
2021,10701044,P21-000804
2021,10701045,P21-002581
2021,10701046,P21-001093
2021,10701047,P21-006716
2021,10701048,P21-008599
2021,10701049,P21-008420
2021,10701050,P21-007996
2021,10711001,P21-008797
2021,10711002,P21-008229
2021,10711003,P21-003153
2021,10711004,P21-002321
2021,10711005,P21-008199
2021,10711006,P21-008522
2021,10711007,P21-005895
2021,10711008,P21-005106
2021,10711009,P21-000679
2021,10711010,P21-008331
2021,10711011,P21-003647
2021,10711012,P21-004561
2021,10711013,P21-004343
2021,10711014,P21-000398
2021,10711015,P21-004127
2021,10711016,P21-005156
2021,10711017,P21-002810
2021,10711018,P21-002711
2021,10711019,P21-004311
2021,10711020,P21-001573
2021,10711021,P21-002619
2021,10711022,P21-002102
2021,10711023,P21-007400
2021,10711024,P21-002579
2021,10711025,P21-001272
2021,10711026,P21-005625
2021,10721001,P21-003707
2021,10721002,P21-002926
2021,10721003,P21-007179
2021,10721004,P21-009230
2021,10721005,P21-008860
2021,10721006,P21-006641
2021,10721007,P21-000353
2021,10721008,P21-001633
2021,10721009,P21-001057
2021,10721010,P21-002672
2021,10721011,P21-000495
2021,10721012,P21-008144
2021,10721013,P21-005498
2021,10721014,P21-005204
2021,10721015,P21-005179
2021,10731001,P21-003736
2021,10731002,P21-007135
2021,10731003,P21-002004
2021,10731004,P21-001056
2021,10731005,P21-008876
2021,10731006,P21-003906
2021,10731007,P21-001883
2021,10731008,P21-003568
2021,10731009,P21-006449
2021,10731010,P21-006434
2021,10731011,P21-006938
2021,10731012,P21-006936
2021,10731013,P21-003252
2021,10731014,P21-002228
2021,10731015,P21-004366
2021,10731016,P21-006149
2021,10731017,P21-000815
2021,10731018,P21-007066
2021,10731019,P21-006062
2021,10731020,P21-008473
2021,10731021,P21-008191
2021,10731022,P21-001235
2021,10731023,P21-006432
2021,10731024,P21-008694
2021,10731025,P21-007783
2021,10731026,P21-000622
2021,10731027,P21-007154
2021,10731028,P21-003082
2021,10731029,P21-004805
2021,10731030,P21-004330
2021,10731031,P21-008894
2021,10731032,P21-001083
2021,10731033,P21-005425
2021,10731034,P21-005486
2021,10731035,P21-003730
2021,10731036,P21-001383
2021,10731037,P21-007199
2021,10731038,P21-000573
2021,10731039,P21-009121
2021,10731040,P21-007964
2021,10731041,P21-002237
2021,10731042,P21-000143
2021,10731043,P21-005831
2021,10731044,P21-004227
2021,10731045,P21-005516
2021,10731046,P21-003037
2021,10731047,P21-002418
2021,10731048,P21-004630
2021,10731049,P21-006450
2021,10731050,P21-001884
2021,10731051,P21-008246
2021,10731052,P21-007736
2021,10731053,P21-004980
2021,10731054,P21-004028
2021,10731055,P21-000305
2021,10731056,P21-002622
2021,10731057,P21-004524
2021,10731058,P21-005674
2021,10731059,P21-004237
2021,10731060,P21-008697
2021,10741001,P21-002201
2021,10741002,P21-003226
2021,10741003,P21-006588
2021,10741004,P21-000195
2021,10741005,P21-005521
2021,10741006,P21-009091
2021,10741007,P21-001121
2021,10741008,P21-005583
2021,10741009,P21-006435
2021,10741010,P21-005848
2021,10741011,P21-005315
2021,10741012,P21-001738
2021,10741013,P21-006394
2021,10741014,P21-000513
2021,10741015,P21-005971
2021,10741016,P21-006511
2021,10741017,P21-007524
2021,10741018,P21-002992
2021,10741019,P21-006821
2021,10741020,P21-007569
2021,10741021,P21-008413
2021,10741022,P21-006827
2021,10741023,P21-001677
2021,10741024,P21-000456
2021,10741025,P21-008724
2021,10741026,P21-003216
2021,10741027,P21-007612
2021,10741028,P21-005491
2021,10741029,P21-005201
2021,10741030,P21-007047
2021,10741031,P21-007039
2021,10741032,P21-004145
2021,10741033,P21-000336
2021,10741034,P21-001974
2021,10741035,P21-007051
2021,10741036,P21-007936
2021,10741037,P21-000923
2021,10741038,P21-003384
2021,10741039,P21-002666
2021,10741040,P21-005588
2021,10741041,P21-006523
2021,10741042,P21-000079
2021,10741043,P21-000989
2021,10741044,P21-005868
2021,10741045,P21-009262
2021,10741046,P21-003999
2021,10751001,P21-001012
2021,10751002,P21-002078
2021,10751003,P21-001295
2021,10751004,P21-005394
2021,10751005,P21-005747
2021,10751006,P21-001646
2021,10751007,P21-006855
2021,10751008,P21-006843
2021,10751009,P21-005662
2021,10751010,P21-009173
2021,10751011,P21-001207
2021,10751012,P21-005819
2021,10751013,P21-005856
2021,10751014,P21-000676
2021,10751015,P21-001489
2021,10751016,P21-000391
2021,10751017,P21-006492
2021,10751018,P21-005192
2021,10751019,P21-007973
2021,10751020,P21-006521
2021,10751021,P21-000544
2021,10751022,P21-005626
2021,10751023,P21-007169
2021,10751024,P21-001373
2021,10751025,P21-006372
2021,10751026,P21-000116
2021,10751027,P21-004709
2021,10751028,P21-008984
2021,10751029,P21-005449
2021,10751030,P21-000790
2021,10751031,P21-003013
2021,10751032,P21-006912
2021,10751033,P21-006790
2021,10751034,P21-004761
2021,10751035,P21-005956
2021,10751036,P21-003924
2021,10751037,P21-002670
2021,10751038,P21-004849
2021,10751039,P21-004931
2021,10751040,P21-004024
2021,10751041,P21-003202
2021,10751042,P21-002852
2021,10751043,P21-001687
2021,10751044,P21-000185
2021,10751045,P21-004974
2021,10751046,P21-002098
2021,10751047,P21-003248
2021,10761001,P21-003735
2021,10761002,P21-002902
2021,10761003,P21-005133
2021,10761004,P21-007695
2021,10761005,P21-006145
2021,10761006,P21-003823
2021,10761007,P21-002486
2021,10761008,P21-008859
2021,10761009,P21-000261
2021,10761010,P21-001595
2021,10761011,P21-000055
2021,10761012,P21-001459
2021,10761013,P21-006919
2021,10761014,P21-002312
2021,10761015,P21-003099
2021,10761016,P21-002737
2021,10761017,P21-009341
2021,10761018,P21-001940
2021,10761019,P21-008765
2021,10761020,P21-007743
2021,10761021,P21-005986
2021,10761022,P21-006472
2021,10761023,P21-001431
2021,10761024,P21-008904
2021,10761025,P21-004376
2021,10761026,P21-003634
2021,10761027,P21-006832
2021,10761028,P21-002577
2021,10761029,P21-005527
2021,10761030,P21-005924
2021,10761031,P21-007989
2021,10761032,P21-007384
2021,10761033,P21-006397
2021,10761034,P21-008232
2021,10761035,P21-005037
2021,10761036,P21-002688
2021,10761037,P21-003127
2021,10761038,P21-003280
2021,10761039,P21-006080
2021,10761040,P21-001280
2021,10761041,P21-002402
2021,10761042,P21-008986
2021,10761043,P21-003524
2021,10761044,P21-008381
2021,10761045,P21-007391
2021,10761046,P21-004198
2021,10761047,P21-006989
2021,10761048,P21-000619
2021,10761049,P21-003264
2021,10761050,P21-000379
2021,10761051,P21-002476
2021,10761052,P21-005061
2021,10761053,P21-002704
2021,10761054,P21-007776
2021,10761055,P21-005708
2021,10771001,P21-006835
2021,10771002,P21-004266
2021,10771003,P21-001969
2021,10771004,P21-009398
2021,10771005,P21-007522
2021,10771006,P21-004187
2021,10771007,P21-000256
2021,10771008,P21-002276
2021,10771009,P21-003323
2021,10771010,P21-000349
2021,10771011,P21-007826
2021,10771012,P21-006906
2021,10771013,P21-002602
2021,10771014,P21-001234
2021,10771015,P21-000334
2021,10771016,P21-009134
2021,10771017,P21-007385
2021,10771018,P21-007353
2021,10771019,P21-005259
2021,10771020,P21-007475
2021,10771021,P21-008834
2021,10771022,P21-001382
2021,10771023,P21-005343
2021,10771024,P21-008277
2021,10771025,P21-003358
2021,10771026,P21-002943
2021,10771027,P21-007799
2021,10771028,P21-000416
2021,10771029,P21-004141
2021,10771030,P21-006382
2021,10771031,P21-000812
2021,10771032,P21-001569
2021,10771033,P21-005698
2021,10771034,P21-004877
2021,10771035,P21-004113
2021,10781001,P21-001407
2021,10781002,P21-007687
2021,10781003,P21-000633
2021,10781004,P21-003967
2021,10781005,P21-005789
2021,10781006,P21-007910
2021,10781007,P21-002337
2021,10781008,P21-008396
2021,10781009,P21-000839
2021,10781010,P21-001265
2021,10781011,P21-006410
2021,10781012,P21-000243
2021,10781013,P21-008094
2021,10781014,P21-000366
2021,10781015,P21-007131
2021,10781016,P21-005031
2021,10781017,P21-009011
2021,10781018,P21-000692
2021,10781019,P21-001532
2021,10781020,P21-005835
2021,10781021,P21-005859
2021,10781022,P21-001711
2021,10781023,P21-000394
2021,10781024,P21-004998
2021,10781025,P21-000248
2021,10781026,P21-000854
2021,10781027,P21-006162
2021,10781028,P21-009101
2021,10781029,P21-004795
2021,10781030,P21-001032
2021,10781031,P21-006596
2021,10781032,P21-000650
2021,10781033,P21-006121
2021,10781034,P21-004701
2021,10781035,P21-002256
2021,10781036,P21-001893
2021,10781037,P21-000882
2021,10781038,P21-009315
2021,10781039,P21-002299
2021,10781040,P21-002162
2021,10781041,P21-007670
2021,10781042,P21-008638
2021,10781043,P21-008530
2021,10781044,P21-004408
2021,10781045,P21-002248
2021,10781046,P21-008689
2021,10781047,P21-007079
2021,10791001,P21-006325
2021,10791002,P21-006327
2021,10791003,P21-003148
2021,10791004,P21-006150
2021,10791005,P21-006220
2021,10791006,P21-005182
2021,10791007,P21-000802
2021,10791008,P21-002165
2021,10791009,P21-004807
2021,10791010,P21-001203
2021,10791011,P21-005772
2021,10791012,P21-000947
2021,10791013,P21-003234
2021,10791014,P21-001052
2021,10791015,P21-000792
2021,10791016,P21-001878
2021,10791017,P21-005268
2021,10791018,P21-005407
2021,10791019,P21-006026
2021,10791020,P21-004056
2021,10791021,P21-002072
2021,10791022,P21-001201
2021,10791023,P21-005318
2021,10791024,P21-006971
2021,10791025,P21-001185
2021,10791026,P21-003408
2021,10791027,P21-004115
2021,10791028,P21-005564
2021,10791029,P21-001603
2021,10791030,P21-009259
2021,10791031,P21-004046
2021,10791032,P21-002395
2021,10791033,P21-008169
2021,10791034,P21-002628
2021,10791035,P21-001192
2021,10791036,P21-003092
2021,10791037,P21-006379
2021,10791038,P21-000340
2021,10791039,P21-003379
2021,10791040,P21-009405
2021,10791041,P21-009312
2021,10791042,P21-005380
2021,10791043,P21-006981
2021,10791044,P21-005163
2021,10791045,P21-003480
2021,10791046,P21-000707
2021,10791047,P21-004597
2021,10791048,P21-001967
2021,10791049,P21-007472
2021,10791050,P21-009193
2021,10791051,P21-001273
2021,10791052,P21-000579
2021,10791053,P21-004670
2021,10791054,P21-009308
2021,10791055,P21-001298
2021,10791056,P21-008976
2021,10791057,P21-008113
2021,10791058,P21-009365
2021,10791059,P21-007898
2021,10801001,P21-001608
2021,10801002,P21-000354
2021,10801003,P21-002806
2021,10801004,P21-009189
2021,10801005,P21-002174
2021,10801006,P21-008767
2021,10801007,P21-004531
2021,10801008,P21-005405
2021,10801009,P21-005511
2021,10801010,P21-001794
2021,10801011,P21-005837
2021,10801012,P21-005964
2021,10801013,P21-000170
2021,10801014,P21-005559
2021,10801015,P21-004571
2021,10801016,P21-009329
2021,10801017,P21-002848
2021,10801018,P21-000611
2021,10801019,P21-000626
2021,10801020,P21-003862
2021,10801021,P21-006738
2021,10801022,P21-005252
2021,10801023,P21-006526
2021,10801024,P21-004252
2021,10801025,P21-006202
2021,10801026,P21-003778
2021,10801027,P21-005667
2021,10801028,P21-006904
2021,10801029,P21-004540
2021,10801030,P21-005321
2021,10801031,P21-005286
2021,10801032,P21-001985
2021,10801033,P21-003530
2021,10801034,P21-008786
2021,10801035,P21-003821
2021,10801036,P21-001150
2021,10801037,P21-008147
2021,10801038,P21-006017
2021,10801039,P21-004347
2021,10801040,P21-008886
2021,10801041,P21-004819
2021,10801042,P21-004223
2021,10801043,P21-006395
2021,10801044,P21-008695
2021,10801045,P21-001946
2021,10801046,P21-009325
2021,10801047,P21-006291
2021,10801048,P21-007052
2021,10801049,P21-001564
2021,10801050,P21-004133
2021,10801051,P21-005504
2021,10801052,P21-001361
2021,10801053,P21-007094
2021,10801054,P21-007678
2021,10811001,P21-008005
2021,10811002,P21-007970
2021,10811003,P21-007675
2021,10811004,P21-000004
2021,10811005,P21-007602
2021,10811006,P21-004040
2021,10811007,P21-006536
2021,10811008,P21-000645
2021,10811009,P21-001073
2021,10811010,P21-008819
2021,10811011,P21-007406
2021,10811012,P21-008761
2021,10811013,P21-000838
2021,10811014,P21-001112
2021,10811015,P21-004499
2021,10811016,P21-001582
2021,10811017,P21-007939
2021,10811018,P21-005855
2021,10811019,P21-005567
2021,10811020,P21-001138
2021,10811021,P21-001044
2021,10811022,P21-001931
2021,10811023,P21-007401
2021,10811024,P21-000216
2021,10811025,P21-006557
2021,10811026,P21-008825
2021,10811027,P21-002481
2021,10811028,P21-002413
2021,10811029,P21-001519
2021,10811030,P21-004457
2021,10811031,P21-006676
2021,10811032,P21-003728
2021,10811033,P21-006719
2021,10811034,P21-004245
2021,10811035,P21-003422
2021,10811036,P21-009145
2021,10811037,P21-000734
2021,10811038,P21-002608
2021,10811039,P21-003581
2021,10811040,P21-000419
2021,10811041,P21-004075
2021,10811042,P21-000909
2021,10811043,P21-000546
2021,10811044,P21-005615
2021,10811045,P21-006029
2021,10811046,P21-007934
2021,10811047,P21-005828
2021,10811048,P21-008222
2021,10811049,P21-001424
2021,10811050,P21-008178
2021,10811051,P21-004592
2021,10811052,P21-008256
2021,10811053,P21-000408
2021,10811054,P21-001730
2021,10811055,P21-004710
2021,10811056,P21-002410
2021,10811057,P21-005922
2021,10811058,P21-000850
2021,10811059,P21-000755
2021,10811060,P21-004407
2021,10811061,P21-008115
2021,10811062,P21-002545
2021,10811063,P21-002972
2021,10811064,P21-005040
2021,10821001,P21-004790
2021,10821002,P21-001862
2021,10821003,P21-004869
2021,10821004,P21-005666
2021,10821005,P21-007771
2021,10821006,P21-009376
2021,10821007,P21-004239
2021,10821008,P21-006736
2021,10821009,P21-007231
2021,10821010,P21-003168
2021,10821011,P21-006421
2021,10821012,P21-006707
2021,10821013,P21-001961
2021,10821014,P21-006266
2021,10821015,P21-008188
2021,10821016,P21-000525
2021,10821017,P21-004264
2021,10821018,P21-006514
2021,10821019,P21-001231
2021,10821020,P21-000791
2021,10821021,P21-008967
2021,10821022,P21-002842
2021,10821023,P21-000129
2021,10821024,P21-003668
2021,10821025,P21-008662
2021,10821026,P21-006093
2021,10821027,P21-003884
2021,10821028,P21-002882
2021,10821029,P21-002421
2021,10821030,P21-004928
2021,10821031,P21-008544
2021,10821032,P21-002561
2021,10821033,P21-000591
2021,10821034,P21-002462
2021,10821035,P21-002287
2021,10821036,P21-002517
2021,10821037,P21-001368
2021,10821038,P21-008715
2021,10821039,P21-000874
2021,10821040,P21-006910
2021,10821041,P21-003485
2021,10821042,P21-007460
2021,10821043,P21-006712
2021,10821044,P21-000395
2021,10821045,P21-001308
2021,10821046,P21-008314
2021,10821047,P21-007424
2021,10821048,P21-004955
2021,10821049,P21-008693
2021,10821050,P21-005851
2021,10821051,P21-006486
2021,10821052,P21-006048
2021,10821053,P21-004065
2021,10821054,P21-004314
2021,10821055,P21-006109
2021,10831001,P21-007322
2021,10831002,P21-006260
2021,10831003,P21-001487
2021,10831004,P21-003577
2021,10831005,P21-004608
2021,10831006,P21-000421
2021,10831007,P21-002432
2021,10831008,P21-008243
2021,10831009,P21-008220
2021,10831010,P21-004641
2021,10831011,P21-000252
2021,10831012,P21-006632
2021,10831013,P21-008787
2021,10831014,P21-002493
2021,10831015,P21-001604
2021,10831016,P21-005388
2021,10831017,P21-000998
2021,10831018,P21-002638
2021,10831019,P21-005786
2021,10831020,P21-006187
2021,10831021,P21-006694
2021,10831022,P21-004010
2021,10831023,P21-007575
2021,10831024,P21-003956
2021,10831025,P21-003783
2021,10831026,P21-006608
2021,10831027,P21-001047
2021,10831028,P21-006060
2021,10831029,P21-001159
2021,10831030,P21-006054
2021,10831031,P21-009034
2021,10831032,P21-005256
2021,10831033,P21-001734
2021,10831034,P21-003511
2021,10831035,P21-006177
2021,10831036,P21-001830
2021,10831037,P21-000257
2021,10831038,P21-005854
2021,10831039,P21-003286
2021,10831040,P21-002917
2021,10831041,P21-003682
2021,10831042,P21-006386
2021,10831043,P21-001403
2021,10831044,P21-000672
2021,10831045,P21-008562
2021,10831046,P21-003490
2021,10831047,P21-005122
2021,10831048,P21-001252
2021,10831049,P21-009136
2021,10831050,P21-005074
2021,10831051,P21-001118
2021,10831052,P21-002445
2021,10831053,P21-001890
2021,10831054,P21-009048
2021,10831055,P21-003276
2021,10841001,P21-005136
2021,10841002,P21-004356
2021,10841003,P21-002274
2021,10841004,P21-002856
2021,10841005,P21-007265
2021,10841006,P21-000865
2021,10841007,P21-006282
2021,10841008,P21-007388
2021,10841009,P21-001879
2021,10841010,P21-002979
2021,10841011,P21-001050
2021,10841012,P21-006863
2021,10841013,P21-007369
2021,10841014,P21-006615
2021,10841015,P21-005575
2021,10841016,P21-004881
2021,10841017,P21-005723
2021,10841018,P21-005712
2021,10841019,P21-004835
2021,10841020,P21-008228
2021,10841021,P21-008449
2021,10841022,P21-004098
2021,10841023,P21-000041
2021,10841024,P21-007563
2021,10841025,P21-008244
2021,10841026,P21-007065
2021,10841027,P21-007960
2021,10841028,P21-001880
2021,10841029,P21-007177
2021,10841030,P21-002348
2021,10841031,P21-005301
2021,10841032,P21-002485
2021,10841033,P21-003586
2021,10841034,P21-006580
2021,10841035,P21-005963
2021,10841036,P21-000552
2021,10841037,P21-006051
2021,10841038,P21-007141
2021,10841039,P21-008885
2021,10841040,P21-003714
2021,10841041,P21-007862
2021,10841042,P21-007540
2021,10841043,P21-009204
2021,10841044,P21-002374
2021,10841045,P21-007581
2021,10841046,P21-008897
2021,10841047,P21-003557
2021,10841048,P21-007854
2021,10841049,P21-004258
2021,10841050,P21-008965
2021,10841051,P21-004296
2021,10841052,P21-001437
2021,10841053,P21-004853
2021,10841054,P21-000209
2021,10841055,P21-001693
2021,10841056,P21-008350
2021,10841057,P21-008822
2021,10841058,P21-004821
2021,10841059,P21-009075
2021,10841060,P21-002539
2021,10841061,P21-000872
2021,10841062,P21-005468
2021,10841063,P21-002904
2021,10841064,P21-005948
2021,10851001,P21-008338
2021,10851002,P21-004228
2021,10851003,P21-004418
2021,10851004,P21-002963
2021,10851005,P21-002346
2021,10851006,P21-001613
2021,10851007,P21-008717
2021,10851008,P21-008260
2021,10851009,P21-002304
2021,10851010,P21-008889
2021,10851011,P21-009300
2021,10851012,P21-004963
2021,10851013,P21-009243
2021,10851014,P21-003772
2021,10851015,P21-003141
2021,10851016,P21-005147
2021,10851017,P21-006075
2021,10851018,P21-007503
2021,10851019,P21-005267
2021,10851020,P21-003142
2021,10851021,P21-003191
2021,10851022,P21-005813
2021,10851023,P21-000255
2021,10851024,P21-003378
2021,10851025,P21-005658
2021,10851026,P21-006067
2021,10851027,P21-007198
2021,10851028,P21-007723
2021,10851029,P21-000022
2021,10851030,P21-007681
2021,10851031,P21-004465
2021,10851032,P21-003966
2021,10851033,P21-001684
2021,10851034,P21-001018
2021,10851035,P21-007518
2021,10851036,P21-008326
2021,10851037,P21-004650
2021,10851038,P21-008815
2021,10851039,P21-002649
2021,10851040,P21-003404
2021,10851041,P21-007326
2021,10851042,P21-001964
2021,10851043,P21-000128
2021,10851044,P21-005034
2021,10851045,P21-000453
2021,10851046,P21-006851
2021,10851047,P21-006669
2021,10851048,P21-001275
2021,10851049,P21-005007
2021,10851050,P21-005223
2021,10851051,P21-005960
2021,10851052,P21-001162
2021,10851053,P21-008174
2021,10851054,P21-000062
2021,10861001,P21-007167
2021,10861002,P21-003045
2021,10861003,P21-004094
2021,10861004,P21-001410
2021,10861005,P21-003178
2021,10861006,P21-000324
2021,10861007,P21-005395
2021,10861008,P21-008319
2021,10861009,P21-001543
2021,10861010,P21-004143
2021,10861011,P21-002788
2021,10861012,P21-002269
2021,10861013,P21-002307
2021,10861014,P21-003505
2021,10861015,P21-001109
2021,10861016,P21-005435
2021,10861017,P21-001657
2021,10861018,P21-004882
2021,10861019,P21-000260
2021,10861020,P21-004439
2021,10861021,P21-000818
2021,10861022,P21-000113
2021,10861023,P21-002650
2021,10861024,P21-002903
2021,10861025,P21-001527
2021,10861026,P21-005139
2021,10861027,P21-004172
2021,10861028,P21-003976
2021,10861029,P21-007774
2021,10861030,P21-002905
2021,10861031,P21-003190
2021,10861032,P21-000477
2021,10861033,P21-004134
2021,10861034,P21-006927
2021,10861035,P21-008529
2021,10861036,P21-005033
2021,10861037,P21-005281
2021,10861038,P21-008929
2021,10861039,P21-003014
2021,10861040,P21-009106
2021,10861041,P21-007641
2021,10861042,P21-000036
2021,10861043,P21-006035
2021,10861044,P21-002404
2021,10861045,P21-001554
2021,10861046,P21-001745
2021,10861047,P21-001809
2021,10861048,P21-006812
2021,10861049,P21-004789
2021,10861050,P21-001260
2021,10861051,P21-005864
2021,10861052,P21-008038
2021,10861053,P21-009103
2021,10861054,P21-008313
2021,10861055,P21-009185
2021,10861056,P21-009028
2021,10871001,P21-007373
2021,10871002,P21-002708
2021,10871003,P21-009042
2021,10871004,P21-000978
2021,10871005,P21-003180
2021,10871006,P21-002147
2021,10871007,P21-002294
2021,10871008,P21-009138
2021,10871009,P21-007858
2021,10871010,P21-008097
2021,10871011,P21-006441
2021,10871012,P21-006191
2021,10871013,P21-003468
2021,10871014,P21-007112
2021,10871015,P21-002129
2021,10871016,P21-004505
2021,10871017,P21-000809
2021,10871018,P21-004577
2021,10871019,P21-005175
2021,10871020,P21-008470
2021,10871021,P21-000515
2021,10871022,P21-001233
2021,10871023,P21-000118
2021,10871024,P21-006961
2021,10871025,P21-008746
2021,10871026,P21-001251
2021,10871027,P21-001082
2021,10871028,P21-002446
2021,10871029,P21-001043
2021,10871030,P21-004166
2021,10871031,P21-002085
2021,10871032,P21-004233
2021,10871033,P21-001060
2021,10871034,P21-005817
2021,10871035,P21-000980
2021,10871036,P21-008317
2021,10871037,P21-000330
2021,10871038,P21-002488
2021,10871039,P21-002604
2021,10871040,P21-008607
2021,10871041,P21-007504
2021,10871042,P21-000669
2021,10871043,P21-008542
2021,10871044,P21-005253
2021,10871045,P21-001133
2021,10871046,P21-004061
2021,10871047,P21-001850
2021,10871048,P21-002626
2021,10871049,P21-006023
2021,10871050,P21-006983
2021,10871051,P21-007941
2021,10881001,P21-001441
2021,10881002,P21-002411
2021,10881003,P21-004927
2021,10881004,P21-001720
2021,10881005,P21-001212
2021,10881006,P21-004609
2021,10881007,P21-005167
2021,10881008,P21-004456
2021,10881009,P21-004170
2021,10881010,P21-007171
2021,10881011,P21-007250
2021,10881012,P21-008512
2021,10881013,P21-002236
2021,10881014,P21-007350
2021,10881015,P21-003598
2021,10881016,P21-008467
2021,10881017,P21-001529
2021,10881018,P21-006858
2021,10881019,P21-003617
2021,10881020,P21-003692
2021,10881021,P21-007339
2021,10881022,P21-003601
2021,10881023,P21-004569
2021,10881024,P21-004259
2021,10881025,P21-005497
2021,10881026,P21-006681
2021,10881027,P21-004836
2021,10881028,P21-008458
2021,10881029,P21-008591
2021,10881030,P21-002772
2021,10881031,P21-002426
2021,10881032,P21-002668
2021,10881033,P21-002939
2021,10881034,P21-000415
2021,10881035,P21-007967
2021,10881036,P21-005756
2021,10881037,P21-002866
2021,10881038,P21-004711
2021,10881039,P21-001491
2021,10881040,P21-003274
2021,10881041,P21-000304
2021,10881042,P21-007043
2021,10881043,P21-000094
2021,10881044,P21-006875
2021,10881045,P21-000553
2021,10881046,P21-000723
2021,10881047,P21-007333
2021,10881048,P21-000725
2021,10881049,P21-008408
2021,10881050,P21-006265
2021,10881051,P21-006437
2021,10881052,P21-008725
2021,10881053,P21-001184
2021,10881054,P21-005510
2021,10881055,P21-000454
2021,10881056,P21-004324
2021,10881057,P21-008173
2021,10881058,P21-000047
2021,10881059,P21-004604
2021,10881060,P21-000748
2021,10891001,P21-007786
2021,10891002,P21-004946
2021,10891003,P21-003651
2021,10891004,P21-006404
2021,10891005,P21-001167
2021,10891006,P21-006528
2021,10891007,P21-005931
2021,10891008,P21-007570
2021,10891009,P21-000328
2021,10891010,P21-009290
2021,10891011,P21-000165
2021,10891012,P21-001588
2021,10891013,P21-006659
2021,10891014,P21-003041
2021,10891015,P21-002076
2021,10891016,P21-000773
2021,10891017,P21-003801
2021,10891018,P21-000215
2021,10891019,P21-009264
2021,10891020,P21-009062
2021,10891021,P21-001996
2021,10891022,P21-000691
2021,10891023,P21-003334
2021,10891024,P21-003544
2021,10891025,P21-006605
2021,10891026,P21-000444
2021,10891027,P21-005176
2021,10891028,P21-005495
2021,10891029,P21-007132
2021,10891030,P21-004983
2021,10891031,P21-003427
2021,10891032,P21-002718
2021,10891033,P21-001755
2021,10891034,P21-000064
2021,10891035,P21-000555
2021,10891036,P21-005755
2021,10891037,P21-005646
2021,10891038,P21-003052
2021,10891039,P21-006229
2021,10891040,P21-003829
2021,10891041,P21-009182
2021,10891042,P21-005694
2021,10891043,P21-000463
2021,10891044,P21-006896
2021,10891045,P21-000489
2021,10891046,P21-005884
2021,10891047,P21-002733
2021,10891048,P21-001337
2021,10891049,P21-003729
2021,10891050,P21-004285
2021,10891051,P21-001980
2021,10891052,P21-007403
2021,10891053,P21-008636
2021,10891054,P21-001798
2021,10891055,P21-003757
2021,10891056,P21-006279
2021,10891057,P21-001551
2021,10891058,P21-008286
2021,10891059,P21-007303
2021,10891060,P21-003875
2021,10901001,P21-009356
2021,10901002,P21-002483
2021,10901003,P21-004164
2021,10901004,P21-004017
2021,10901005,P21-001840
2021,10901006,P21-003386
2021,10901007,P21-005029
2021,10901008,P21-005900
2021,10901009,P21-007938
2021,10901010,P21-008330
2021,10901011,P21-005941
2021,10901012,P21-006398
2021,10901013,P21-000427
2021,10901014,P21-007889
2021,10901015,P21-005935
2021,10901016,P21-003551
2021,10901017,P21-001722
2021,10901018,P21-003669
2021,10901019,P21-004800
2021,10901020,P21-006312
2021,10901021,P21-005399
2021,10901022,P21-005885
2021,10901023,P21-003606
2021,10901024,P21-002057
2021,10901025,P21-006792
2021,10901026,P21-003317
2021,10901027,P21-005988
2021,10901028,P21-007490
2021,10901029,P21-006808
2021,10901030,P21-005581
2021,10901031,P21-007256
2021,10901032,P21-005839
2021,10901033,P21-008619
2021,10901034,P21-004982
2021,10901035,P21-001709
2021,10901036,P21-004843
2021,10901037,P21-003691
2021,10901038,P21-009399
2021,10901039,P21-004900
2021,10901040,P21-008272
2021,10901041,P21-000910
2021,10901042,P21-002914
2021,10901043,P21-008058
2021,10911001,P21-005272
2021,10911002,P21-004236
2021,10911003,P21-005096
2021,10911004,P21-006993
2021,10911005,P21-006838
2021,10911006,P21-002087
2021,10911007,P21-006129
2021,10911008,P21-007917
2021,10911009,P21-003138
2021,10911010,P21-004176
2021,10911011,P21-008667
2021,10911012,P21-006074
2021,10911013,P21-008419
2021,10911014,P21-006878
2021,10911015,P21-008890
2021,10911016,P21-006225
2021,10911017,P21-008336
2021,10911018,P21-002015
2021,10911019,P21-003984
2021,10911020,P21-008026
2021,10911021,P21-002655
2021,10911022,P21-007661
2021,10911023,P21-004601
2021,10911024,P21-003337
2021,10911025,P21-008832
2021,10911026,P21-009154
2021,10911027,P21-005411
2021,10911028,P21-000237
2021,10911029,P21-008034
2021,10911030,P21-008484
2021,10911031,P21-005818
2021,10911032,P21-004539
2021,10911033,P21-006735
2021,10911034,P21-001196
2021,10911035,P21-002662
2021,10911036,P21-006998
2021,10911037,P21-000381
2021,10911038,P21-001552
2021,10911039,P21-008609
2021,10911040,P21-007780
2021,10911041,P21-001270
2021,10911042,P21-000738
2021,10911043,P21-003003
2021,10911044,P21-008678
2021,10911045,P21-004615
2021,10911046,P21-001314
2021,10911047,P21-003860
2021,10911048,P21-007035
2021,10921001,P21-007731
2021,10921002,P21-004845
2021,10921003,P21-006572
2021,10921004,P21-000042
2021,10921005,P21-004139
2021,10921006,P21-003199
2021,10921007,P21-000123
2021,10921008,P21-002415
2021,10921009,P21-008987
2021,10921010,P21-009292
2021,10921011,P21-005699
2021,10921012,P21-007980
2021,10921013,P21-006305
2021,10921014,P21-007494
2021,10921015,P21-000639
2021,10921016,P21-004622
2021,10921017,P21-000547
2021,10921018,P21-006674
2021,10921019,P21-000180
2021,10921020,P21-006423
2021,10921021,P21-002264
2021,10921022,P21-006718
2021,10921023,P21-001929
2021,10921024,P21-007458
2021,10921025,P21-001243
2021,10921026,P21-005370
2021,10921027,P21-001149
2021,10921028,P21-003500
2021,10921029,P21-002328
2021,10921030,P21-008937
2021,10921031,P21-005485
2021,10921032,P21-008969
2021,10921033,P21-005661
2021,10921034,P21-008001
2021,10921035,P21-001661
2021,10921036,P21-000437
2021,10921037,P21-002003
2021,10921038,P21-008573
2021,10921039,P21-005027
2021,10921040,P21-005287
2021,10921041,P21-007699
2021,10921042,P21-008240
2021,10921043,P21-003196
2021,10921044,P21-002082
2021,10921045,P21-002899
2021,10921046,P21-000208
2021,10921047,P21-001115
2021,10921048,P21-005102
2021,10921049,P21-005952
2021,10921050,P21-007090
2021,10921051,P21-005337
2021,10921052,P21-002703
2021,10921053,P21-007183
2021,10931001,P21-006057
2021,10931002,P21-009250
2021,10931003,P21-003756
2021,10931004,P21-004038
2021,10931005,P21-005655
2021,10931006,P21-006326
2021,10931007,P21-008105
2021,10931008,P21-006409
2021,10931009,P21-007975
2021,10931010,P21-008582
2021,10931011,P21-000039
2021,10931012,P21-005261
2021,10931013,P21-009074
2021,10931014,P21-007959
2021,10931015,P21-000921
2021,10931016,P21-000706
2021,10931017,P21-000213
2021,10931018,P21-004523
2021,10931019,P21-005174
2021,10931020,P21-004194
2021,10931021,P21-006488
2021,10931022,P21-004860
2021,10931023,P21-009203
2021,10931024,P21-001077
2021,10931025,P21-008563
2021,10931026,P21-001195
2021,10931027,P21-007693
2021,10931028,P21-002308
2021,10931029,P21-008497
2021,10931030,P21-000797
2021,10931031,P21-002301
2021,10931032,P21-002423
2021,10931033,P21-006228
2021,10931034,P21-008726
2021,10931035,P21-000663
2021,10931036,P21-002556
2021,10931037,P21-001046
2021,10931038,P21-002715
2021,10931039,P21-004323
2021,10931040,P21-003789
2021,10931041,P21-008663
2021,10931042,P21-008366
2021,10931043,P21-003885
2021,10931044,P21-000136
2021,10931045,P21-009016
2021,10931046,P21-004562
2021,10931047,P21-007008
2021,10931048,P21-001935
2021,10931049,P21-006854
2021,10931050,P21-006036
2021,10931051,P21-004962
2021,10931052,P21-004809
2021,10931053,P21-004070
2021,10931054,P21-001622
2021,10931055,P21-001286
2021,10941001,P21-004203
2021,10941002,P21-005586
2021,10941003,P21-001365
2021,10941004,P21-001451
2021,10941005,P21-007852
2021,10941006,P21-009309
2021,10941007,P21-005758
2021,10941008,P21-004871
2021,10941009,P21-004148
2021,10941010,P21-000238
2021,10941011,P21-003773
2021,10941012,P21-001497
2021,10941013,P21-001199
2021,10941014,P21-002669
2021,10941015,P21-005763
2021,10941016,P21-009216
2021,10941017,P21-000548
2021,10941018,P21-006721
2021,10941019,P21-004746
2021,10941020,P21-008046
2021,10941021,P21-008604
2021,10941022,P21-009249
2021,10941023,P21-008707
2021,10941024,P21-001875
2021,10941025,P21-008463
2021,10941026,P21-003721
2021,10941027,P21-000160
2021,10941028,P21-000922
2021,10941029,P21-003560
2021,10941030,P21-007495
2021,10941031,P21-006290
2021,10941032,P21-004535
2021,10941033,P21-001948
2021,10941034,P21-001442
2021,10941035,P21-006476
2021,10941036,P21-004817
2021,10941037,P21-002146
2021,10941038,P21-003417
2021,10941039,P21-003962
2021,10941040,P21-006322
2021,10941041,P21-007682
2021,10941042,P21-003887
2021,10941043,P21-001020
2021,10941044,P21-002239
2021,10941045,P21-001763
2021,10941046,P21-005069
2021,10941047,P21-004485
2021,10941048,P21-001142
2021,10941049,P21-008217
2021,10941050,P21-000694
2021,10941051,P21-007070
2021,10941052,P21-007566
2021,10941053,P21-005760
2021,10941054,P21-000689
2021,10941055,P21-003170
2021,10941056,P21-005489
2021,10941057,P21-008982
2021,10941058,P21-003518
2021,10941059,P21-001651
2021,10941060,P21-006022
2021,10941061,P21-005400
2021,10951001,P21-006519
2021,10951002,P21-009226
2021,10951003,P21-006332
2021,10951004,P21-001134
2021,10951005,P21-007565
2021,10951006,P21-005797
2021,10951007,P21-000418
2021,10951008,P21-008377
2021,10951009,P21-005330
2021,10951010,P21-005525
2021,10951011,P21-009319
2021,10951012,P21-001556
2021,10951013,P21-009320
2021,10951014,P21-003832
2021,10951015,P21-006908
2021,10951016,P21-007792
2021,10951017,P21-006396
2021,10951018,P21-003830
2021,10951019,P21-004169
2021,10951020,P21-007238
2021,10951021,P21-003017
2021,10951022,P21-008337
2021,10951023,P21-005359
2021,10951024,P21-009055
2021,10951025,P21-005881
2021,10951026,P21-005517
2021,10951027,P21-003556
2021,10951028,P21-004033
2021,10951029,P21-002429
2021,10951030,P21-007676
2021,10951031,P21-004859
2021,10951032,P21-005361
2021,10951033,P21-002645
2021,10951034,P21-000508
2021,10951035,P21-002968
2021,10951036,P21-000236
2021,10951037,P21-004096
2021,10951038,P21-009231
2021,10951039,P21-001324
2021,10951040,P21-003526
2021,10951041,P21-005590
2021,10951042,P21-008126
2021,10951043,P21-000618
2021,10951044,P21-007410
2021,10951045,P21-007225
2021,10951046,P21-002620
2021,10951047,P21-004460
2021,10951048,P21-000715
2021,10951049,P21-004633
2021,10951050,P21-007151
2021,10951051,P21-000121
2021,10951052,P21-005940
2021,10951053,P21-007671
2021,10951054,P21-001236
2021,10951055,P21-003894
2021,10951056,P21-006478
2021,10951057,P21-005984
2021,10961001,P21-006072
2021,10961002,P21-001797
2021,10961003,P21-004947
2021,10961004,P21-003433
2021,10961005,P21-005428
2021,10961006,P21-000709
2021,10961007,P21-008733
2021,10961008,P21-001545
2021,10961009,P21-001592
2021,10961010,P21-006713
2021,10961011,P21-006356
2021,10961012,P21-007608
2021,10961013,P21-005801
2021,10961014,P21-005783
2021,10961015,P21-002853
2021,10961016,P21-007022
2021,10961017,P21-005730
2021,10961018,P21-000410
2021,10961019,P21-005690
2021,10961020,P21-006937
2021,10961021,P21-009066
2021,10961022,P21-001504
2021,10961023,P21-000953
2021,10961024,P21-006946
2021,10961025,P21-007985
2021,10961026,P21-007568
2021,10961027,P21-002068
2021,10961028,P21-008321
2021,10961029,P21-002605
2021,10961030,P21-004570
2021,10961031,P21-006193
2021,10961032,P21-008342
2021,10961033,P21-004363
2021,10961034,P21-006879
2021,10961035,P21-003705
2021,10961036,P21-009272
2021,10961037,P21-000387
2021,10961038,P21-002642
2021,10961039,P21-005004
2021,10961040,P21-008171
2021,10961041,P21-006200
2021,10961042,P21-007765
2021,10961043,P21-000620
2021,10971001,P21-003440
2021,10971002,P21-001927
2021,10971003,P21-005304
2021,10971004,P21-001861
2021,10971005,P21-009157
2021,10971006,P21-007317
2021,10971007,P21-000594
2021,10971008,P21-007722
2021,10971009,P21-006422
2021,10971010,P21-002016
2021,10971011,P21-007618
2021,10971012,P21-000279
2021,10971013,P21-009371
2021,10971014,P21-008651
2021,10971015,P21-001920
2021,10971016,P21-004005
2021,10971017,P21-008641
2021,10971018,P21-006442
2021,10971019,P21-007348
2021,10971020,P21-001654
2021,10971021,P21-003321
2021,10971022,P21-006578
2021,10971023,P21-003240
2021,10971024,P21-001370
2021,10971025,P21-006769
2021,10971026,P21-003765
2021,10971027,P21-007525
2021,10971028,P21-006407
2021,10971029,P21-000644
2021,10971030,P21-001123
2021,10971031,P21-004337
2021,10971032,P21-006773
2021,10971033,P21-003912
2021,10971034,P21-007049
2021,10971035,P21-005460
2021,10971036,P21-001422
2021,10971037,P21-009201
2021,10971038,P21-005220
2021,10971039,P21-000666
2021,10971040,P21-002839
2021,10971041,P21-001596
2021,10971042,P21-000742
2021,10971043,P21-008988
2021,10971044,P21-002278
2021,10981001,P21-008195
2021,10981002,P21-006168
2021,10981003,P21-000392
2021,10981004,P21-003161
2021,10981005,P21-006175
2021,10981006,P21-005538
2021,10981007,P21-000029
2021,10981008,P21-008278
2021,10981009,P21-001837
2021,10981010,P21-003304
2021,10981011,P21-003833
2021,10981012,P21-000828
2021,10981013,P21-006425
2021,10981014,P21-004306
2021,10981015,P21-001636
2021,10981016,P21-000145
2021,10981017,P21-006517
2021,10981018,P21-005630
2021,10981019,P21-007201
2021,10981020,P21-008511
2021,10981021,P21-005238
2021,10981022,P21-002160
2021,10981023,P21-007153
2021,10981024,P21-008736
2021,10981025,P21-009348
2021,10981026,P21-004423
2021,10981027,P21-007445
2021,10981028,P21-009245
2021,10981029,P21-004292
2021,10981030,P21-004651
2021,10981031,P21-004751
2021,10981032,P21-006703
2021,10981033,P21-007028
2021,10981034,P21-007777
2021,10981035,P21-002414
2021,10981036,P21-006406
2021,10981037,P21-002746
2021,10981038,P21-005013
2021,10981039,P21-001918
2021,10981040,P21-006180
2021,10981041,P21-000657
2021,10981042,P21-007328
2021,10981043,P21-001956
2021,10981044,P21-006214
2021,10981045,P21-005171
2021,10981046,P21-000312
2021,10981047,P21-002594
2021,10981048,P21-007485
2021,10981049,P21-004339
2021,10981050,P21-002927
2021,10981051,P21-002157
2021,10981052,P21-004589
2021,10981053,P21-004841
2021,10981054,P21-001888
2021,10981055,P21-006975
2021,10991001,P21-002375
2021,10991002,P21-008550
2021,10991003,P21-004112
2021,10991004,P21-009253
2021,10991005,P21-002749
2021,10991006,P21-007532
2021,10991007,P21-002437
2021,10991008,P21-000345
2021,10991009,P21-003958
2021,10991010,P21-000857
2021,10991011,P21-007637
2021,10991012,P21-003971
2021,10991013,P21-006776
2021,10991014,P21-004021
2021,10991015,P21-003493
2021,10991016,P21-000564
2021,10991017,P21-009360
2021,10991018,P21-006037
2021,10991019,P21-002787
2021,10991020,P21-005357
2021,10991021,P21-007245
2021,10991022,P21-006323
2021,10991023,P21-003222
2021,10991024,P21-000186
2021,10991025,P21-001495
2021,10991026,P21-007480
2021,10991027,P21-000373
2021,10991028,P21-001656
2021,10991029,P21-008075
2021,10991030,P21-006436
2021,10991031,P21-001498
2021,10991032,P21-002325
2021,10991033,P21-006820
2021,10991034,P21-000092
2021,10991035,P21-006184
2021,10991036,P21-001000
2021,10991037,P21-003936
2021,10991038,P21-001536
2021,10991039,P21-009366
2021,10991040,P21-002318
2021,10991041,P21-004422
2021,10991042,P21-003385
2021,10991043,P21-003107
2021,10991044,P21-000343
2021,10991045,P21-008999
2021,10991046,P21-008521
2021,10991047,P21-007446
2021,10991048,P21-003972
2021,10991049,P21-006362
2021,10991050,P21-004699
2021,11001001,P21-002564
2021,11001002,P21-008035
2021,11001003,P21-009084
2021,11001004,P21-008349
2021,11001005,P21-002599
2021,11001006,P21-006169
2021,11001007,P21-003457
2021,11001008,P21-002976
2021,11001009,P21-008628
2021,11001010,P21-006096
2021,11001011,P21-001506
2021,11001012,P21-007958
2021,11001013,P21-009223
2021,11001014,P21-007905
2021,11001015,P21-001607
2021,11001016,P21-004909
2021,11001017,P21-001439
2021,11001018,P21-003622
2021,11001019,P21-002801
2021,11001020,P21-003391
2021,11001021,P21-006040
2021,11001022,P21-003991
2021,11001023,P21-008363
2021,11001024,P21-006771
2021,11001025,P21-007194
2021,11001026,P21-004886
2021,11001027,P21-008031
2021,11001028,P21-005293
2021,11001029,P21-005537
2021,11001030,P21-006400
2021,11001031,P21-004738
2021,11001032,P21-005385
2021,11001033,P21-007193
2021,11001034,P21-004811
2021,11001035,P21-002221
2021,11001036,P21-002686
2021,11001037,P21-003060
2021,11001038,P21-001943
2021,11001039,P21-004544
2021,11001040,P21-003163
2021,11001041,P21-006064
2021,11001042,P21-000875
2021,11001043,P21-009093
2021,11001044,P21-008128
2021,11001045,P21-005684
2021,11001046,P21-003117
2021,11001047,P21-008820
2021,11001048,P21-002442
2021,11011001,P21-009227
2021,11011002,P21-007756
2021,11011003,P21-006297
2021,11011004,P21-003305
2021,11011005,P21-006671
2021,11011006,P21-004924
2021,11011007,P21-004256
2021,11011008,P21-002981
2021,11011009,P21-003826
2021,11011010,P21-000557
2021,11011011,P21-008042
2021,11011012,P21-006053
2021,11011013,P21-003549
2021,11011014,P21-007706
2021,11011015,P21-008077
2021,11011016,P21-003102
2021,11011017,P21-001509
2021,11011018,P21-001169
2021,11011019,P21-008903
2021,11011020,P21-000371
2021,11011021,P21-002516
2021,11011022,P21-002178
2021,11011023,P21-006567
2021,11011024,P21-001845
2021,11011025,P21-003151
2021,11011026,P21-006251
2021,11011027,P21-005448
2021,11011028,P21-005349
2021,11011029,P21-004417
2021,11011030,P21-002180
2021,11011031,P21-003004
2021,11021001,P21-003681
2021,11021002,P21-000226
2021,11021003,P21-004140
2021,11021004,P21-007554
2021,11021005,P21-001894
2021,11021006,P21-006163
2021,11021007,P21-004308
2021,11021008,P21-008518
2021,11021009,P21-004304
2021,11021010,P21-008753
2021,11021011,P21-008837
2021,11021012,P21-009359
2021,11021013,P21-005298
2021,11021014,P21-001188
2021,11021015,P21-006218
2021,11021016,P21-001799
2021,11021017,P21-006389
2021,11021018,P21-007147
2021,11021019,P21-003279
2021,11021020,P21-003382
2021,11021021,P21-002232
2021,11021022,P21-007717
2021,11021023,P21-000514
2021,11021024,P21-008858
2021,11021025,P21-007122
2021,11021026,P21-001473
2021,11021027,P21-003011
2021,11021028,P21-004552
2021,11021029,P21-006603
2021,11021030,P21-001870
2021,11021031,P21-000058
2021,11021032,P21-001304
2021,11021033,P21-004772
2021,11021034,P21-004549
2021,11021035,P21-002406
2021,11021036,P21-008333
2021,11021037,P21-007896
2021,11021038,P21-004029
2021,11021039,P21-002403
2021,11021040,P21-001933
2021,11021041,P21-004990
2021,11021042,P21-001063
2021,11021043,P21-006815
2021,11021044,P21-001464
2021,11021045,P21-001353
2021,11021046,P21-004016
2021,11021047,P21-007968
2021,11031001,P21-004419
2021,11031002,P21-002797
2021,11031003,P21-001477
2021,11031004,P21-005693
2021,11031005,P21-002967
2021,11031006,P21-003251
2021,11031007,P21-001415
2021,11031008,P21-007516
2021,11031009,P21-002144
2021,11031010,P21-003602
2021,11031011,P21-004902
2021,11031012,P21-008712
2021,11031013,P21-001712
2021,11031014,P21-007195
2021,11031015,P21-007352
2021,11031016,P21-008025
2021,11031017,P21-001107
2021,11031018,P21-005799
2021,11031019,P21-009252
2021,11031020,P21-007166
2021,11031021,P21-002723
2021,11031022,P21-008503
2021,11031023,P21-005842
2021,11031024,P21-004018
2021,11031025,P21-004400
2021,11031026,P21-006189
2021,11031027,P21-006755
2021,11031028,P21-008829
2021,11031029,P21-004272
2021,11031030,P21-006658
2021,11031031,P21-006408
2021,11031032,P21-007347
2021,11031033,P21-009263
2021,11031034,P21-006624
2021,11031035,P21-007943
2021,11031036,P21-003474
2021,11031037,P21-007894
2021,11031038,P21-000141
2021,11031039,P21-005302
2021,11031040,P21-002137
2021,11031041,P21-008843
2021,11031042,P21-002138
2021,11031043,P21-004566
2021,11031044,P21-008869
2021,11031045,P21-005587
2021,11031046,P21-001575
2021,11031047,P21-001953
2021,11031048,P21-007024
2021,11031049,P21-008912
2021,11031050,P21-000436
2021,11031051,P21-008861
2021,11031052,P21-003444
2021,11031053,P21-005161
2021,11031054,P21-008728
2021,11031055,P21-007312
2021,11031056,P21-000614
2021,11041001,P21-003451
2021,11041002,P21-001925
2021,11041003,P21-000602
2021,11041004,P21-004108
2021,11041005,P21-003855
2021,11041006,P21-002940
2021,11041007,P21-009406
2021,11041008,P21-003667
2021,11041009,P21-000122
2021,11041010,P21-003012
2021,11041011,P21-001186
2021,11041012,P21-002159
2021,11041013,P21-008844
2021,11041014,P21-005090
2021,11041015,P21-000430
2021,11041016,P21-008964
2021,11041017,P21-003589
2021,11041018,P21-003914
2021,11041019,P21-000754
2021,11041020,P21-001900
2021,11041021,P21-008933
2021,11041022,P21-003192
2021,11041023,P21-002681
2021,11041024,P21-001605
2021,11041025,P21-007297
2021,11041026,P21-006481
2021,11041027,P21-003715
2021,11041028,P21-006922
2021,11041029,P21-008345
2021,11041030,P21-006078
2021,11041031,P21-004578
2021,11041032,P21-003058
2021,11041033,P21-008249
2021,11041034,P21-004602
2021,11041035,P21-007172
2021,11041036,P21-003983
2021,11041037,P21-008923
2021,11041038,P21-008207
2021,11041039,P21-006853
2021,11041040,P21-004972
2021,11041041,P21-003979
2021,11041042,P21-001274
2021,11041043,P21-007848
2021,11041044,P21-001436
2021,11041045,P21-005676
2021,11041046,P21-006888
2021,11041047,P21-007038
2021,11041048,P21-003349
2021,11041049,P21-000659
2021,11041050,P21-001793
2021,11051001,P21-007935
2021,11051002,P21-004908
2021,11051003,P21-007357
2021,11051004,P21-001531
2021,11051005,P21-006714
2021,11051006,P21-005049
2021,11051007,P21-004653
2021,11051008,P21-009113
2021,11051009,P21-008924
2021,11051010,P21-005880
2021,11051011,P21-003392
2021,11051012,P21-001144
2021,11051013,P21-008710
2021,11051014,P21-005224
2021,11051015,P21-005225
2021,11051016,P21-006582
2021,11051017,P21-002808
2021,11051018,P21-008496
2021,11051019,P21-005611
2021,11051020,P21-008165
2021,11051021,P21-008353
2021,11051022,P21-003397
2021,11051023,P21-002692
2021,11051024,P21-001525
2021,11051025,P21-006794
2021,11051026,P21-006355
2021,11051027,P21-007514
2021,11051028,P21-000719
2021,11051029,P21-008190
2021,11051030,P21-004936
2021,11051031,P21-009258
2021,11051032,P21-005554
2021,11051033,P21-009107
2021,11051034,P21-006233
2021,11051035,P21-004829
2021,11051036,P21-000223
2021,11051037,P21-003185
2021,11051038,P21-003253
2021,11051039,P21-005515
2021,11051040,P21-005437
2021,11051041,P21-008269
2021,11051042,P21-009041
2021,11051043,P21-002046
2021,11051044,P21-007995
2021,11051045,P21-006512
2021,11051046,P21-007899
2021,11051047,P21-008106
2021,11051048,P21-006136
2021,11051049,P21-004110
2021,11051050,P21-003077
2021,11051051,P21-006637
2021,11051052,P21-003050
2021,11051053,P21-006600
2021,11051054,P21-007045
2021,11051055,P21-000549
2021,11051056,P21-000795
2021,11051057,P21-006642
2021,11051058,P21-004714
2021,11061001,P21-008893
2021,11061002,P21-006197
2021,11061003,P21-000671
2021,11061004,P21-000789
2021,11061005,P21-000307
2021,11061006,P21-003129
2021,11061007,P21-008613
2021,11061008,P21-009383
2021,11061009,P21-003671
2021,11061010,P21-005800
2021,11061011,P21-001076
2021,11061012,P21-001480
2021,11061013,P21-009296
2021,11061014,P21-001238
2021,11061015,P21-008900
2021,11061016,P21-004690
2021,11061017,P21-008236
2021,11061018,P21-006613
2021,11061019,P21-001081
2021,11061020,P21-004764
2021,11061021,P21-003690
2021,11061022,P21-005580
2021,11061023,P21-009274
2021,11061024,P21-007286
2021,11061025,P21-003032
2021,11061026,P21-003892
2021,11061027,P21-005019
2021,11061028,P21-004645
2021,11061029,P21-006744
2021,11061030,P21-003432
2021,11061031,P21-007784
2021,11061032,P21-000822
2021,11061033,P21-006133
2021,11061034,P21-007645
2021,11061035,P21-005294
2021,11061036,P21-007007
2021,11061037,P21-007790
2021,11061038,P21-007808
2021,11061039,P21-000259
2021,11061040,P21-008682
2021,11061041,P21-001317
2021,11061042,P21-008996
2021,11061043,P21-007116
2021,11061044,P21-007635
2021,11061045,P21-006686
2021,11061046,P21-004364
2021,11061047,P21-002576
2021,11061048,P21-001281
2021,11061049,P21-003509
2021,11061050,P21-006990
2021,11061051,P21-008940
2021,11061052,P21-001773
2021,11061053,P21-003119
2021,11061054,P21-001348
2021,11061055,P21-004243
2021,11061056,P21-008840
2021,11061057,P21-005704
2021,11071001,P21-004212
2021,11071002,P21-002091
2021,11071003,P21-002730
2021,11071004,P21-003312
2021,11071005,P21-005995
2021,11071006,P21-001725
2021,11071007,P21-004192
2021,11071008,P21-006361
2021,11071009,P21-007631
2021,11071010,P21-001968
2021,11071011,P21-008652
2021,11071012,P21-000475
2021,11071013,P21-008259
2021,11071014,P21-007789
2021,11071015,P21-005471
2021,11071016,P21-003098
2021,11071017,P21-004430
2021,11071018,P21-003081
2021,11071019,P21-008187
2021,11071020,P21-007550
2021,11071021,P21-005572
2021,11071022,P21-001237
2021,11071023,P21-006059
2021,11071024,P21-000102
2021,11071025,P21-002956
2021,11071026,P21-002712
2021,11071027,P21-006226
2021,11071028,P21-005205
2021,11071029,P21-003401
2021,11071030,P21-008768
2021,11071031,P21-003214
2021,11071032,P21-004411
2021,11071033,P21-000130
2021,11071034,P21-007721
2021,11071035,P21-003423
2021,11071036,P21-001227
2021,11071037,P21-007686
2021,11071038,P21-008044
2021,11071039,P21-003134
2021,11071040,P21-001966
2021,11071041,P21-006418
2021,11071042,P21-008776
2021,11071043,P21-001938
2021,11071044,P21-007466
2021,11071045,P21-005701
2021,11071046,P21-005949
2021,11071047,P21-005360
2021,11071048,P21-007247
2021,11071049,P21-003036
2021,11071050,P21-004023
2021,11071051,P21-004072
2021,11071052,P21-007181
2021,11071053,P21-006055
2021,11071054,P21-001111
2021,11071055,P21-005319
2021,11071056,P21-008852
2021,11071057,P21-006438
2021,11071058,P21-003665
2021,11081001,P21-001670
2021,11081002,P21-000266
2021,11081003,P21-006224
2021,11081004,P21-008298
2021,11081005,P21-008385
2021,11081006,P21-007086
2021,11081007,P21-001994
2021,11081008,P21-001767
2021,11081009,P21-007926
2021,11081010,P21-004477
2021,11081011,P21-005826
2021,11081012,P21-000577
2021,11081013,P21-001643
2021,11081014,P21-004681
2021,11081015,P21-004834
2021,11081016,P21-008486
2021,11081017,P21-008805
2021,11081018,P21-008148
2021,11081019,P21-002524
2021,11081020,P21-002531
2021,11081021,P21-005663
2021,11081022,P21-006620
2021,11081023,P21-001621
2021,11081024,P21-008448
2021,11081025,P21-007006
2021,11081026,P21-001983
2021,11081027,P21-006597
2021,11081028,P21-003543
2021,11081029,P21-004392
2021,11081030,P21-004263
2021,11081031,P21-009040
2021,11081032,P21-001455
2021,11081033,P21-003750
2021,11081034,P21-002861
2021,11081035,P21-000884
2021,11081036,P21-003904
2021,11081037,P21-009064
2021,11081038,P21-008162
2021,11081039,P21-006999
2021,11081040,P21-001537
2021,11081041,P21-003363
2021,11081042,P21-002326
2021,11081043,P21-006010
2021,11081044,P21-005183
2021,11081045,P21-009051
2021,11081046,P21-007772
2021,11081047,P21-003272
2021,11081048,P21-007707
2021,11081049,P21-001851
2021,11081050,P21-009119
2021,11081051,P21-006003
2021,11081052,P21-007704
2021,11081053,P21-001019
2021,11081054,P21-002440
2021,11081055,P21-000060
2021,11081056,P21-003806
2021,11081057,P21-006331
2021,11081058,P21-005827
2021,11091001,P21-005771
2021,11091002,P21-004448
2021,11091003,P21-002499
2021,11091004,P21-006318
2021,11091005,P21-001581
2021,11091006,P21-008908
2021,11091007,P21-002262
2021,11091008,P21-000152
2021,11091009,P21-000446
2021,11091010,P21-004322
2021,11091011,P21-000652
2021,11091012,P21-003925
2021,11091013,P21-002780
2021,11091014,P21-004862
2021,11091015,P21-007372
2021,11091016,P21-000969
2021,11091017,P21-003465
2021,11091018,P21-008502
2021,11091019,P21-007559
2021,11091020,P21-006370
2021,11091021,P21-001434
2021,11091022,P21-006661
2021,11091023,P21-003229
2021,11091024,P21-005492
2021,11091025,P21-004674
2021,11091026,P21-003088
2021,11091027,P21-007010
2021,11091028,P21-000275
2021,11091029,P21-007104
2021,11091030,P21-004403
2021,11091031,P21-009313
2021,11091032,P21-005847
2021,11091033,P21-001146
2021,11091034,P21-007542
2021,11091035,P21-005333
2021,11091036,P21-000732
2021,11091037,P21-004542
2021,11091038,P21-002095
2021,11091039,P21-006928
2021,11091040,P21-001998
2021,11091041,P21-006561
2021,11091042,P21-002339
2021,11091043,P21-004766
2021,11091044,P21-001814
2021,11091045,P21-006473
2021,11091046,P21-006151
2021,11091047,P21-004240
2021,11091048,P21-006499
2021,11091049,P21-004684
2021,11091050,P21-008527
2021,11091051,P21-005475
2021,11091052,P21-009181
2021,11091053,P21-005897
2021,11091054,P21-007942
2021,11091055,P21-000775
2021,11091056,P21-007770
2021,11091057,P21-007702
2021,11091058,P21-001826
2021,11091059,P21-003673
2021,11101001,P21-001741
2021,11101002,P21-001897
2021,11101003,P21-006038
2021,11101004,P21-002714
2021,11101005,P21-006629
2021,11101006,P21-000905
2021,11101007,P21-004588
2021,11101008,P21-007129
2021,11101009,P21-008399
2021,11101010,P21-003952
2021,11101011,P21-003540
2021,11101012,P21-001217
2021,11101013,P21-003677
2021,11101014,P21-004926
2021,11101015,P21-008301
2021,11101016,P21-007832
2021,11101017,P21-008621
2021,11101018,P21-006893
2021,11101019,P21-003239
2021,11101020,P21-006402
2021,11101021,P21-002317
2021,11101022,P21-002725
2021,11101023,P21-007073
2021,11101024,P21-000510
2021,11101025,P21-001289
2021,11101026,P21-005733
2021,11101027,P21-008806
2021,11101028,P21-005250
2021,11101029,P21-008315
2021,11101030,P21-004625
2021,11101031,P21-000498
2021,11101032,P21-006227
2021,11101033,P21-003565
2021,11101034,P21-006577
2021,11101035,P21-001087
2021,11101036,P21-003627
2021,11101037,P21-004409
2021,11101038,P21-007644
2021,11101039,P21-002008
2021,11101040,P21-004257
2021,11101041,P21-005356
2021,11101042,P21-001393
2021,11101043,P21-006137
2021,11101044,P21-005957
2021,11101045,P21-006622
2021,11101046,P21-002991
2021,11101047,P21-005609
2021,11101048,P21-002456
2021,11101049,P21-002463
2021,11101050,P21-001249
2021,11101051,P21-006911
2021,11101052,P21-009256
2021,11101053,P21-008452
2021,11101054,P21-005507
2021,11101055,P21-005603
2021,11101056,P21-004352
2021,11101057,P21-004426
2021,11111001,P21-002791
2021,11111002,P21-004606
2021,11111003,P21-007847
2021,11111004,P21-006485
2021,11111005,P21-002965
2021,11111006,P21-006558
2021,11111007,P21-007690
2021,11111008,P21-003942
2021,11111009,P21-005131
2021,11111010,P21-002811
2021,11111011,P21-006652
2021,11121001,P21-003954
2021,11121002,P21-007715
2021,11121003,P21-004828
2021,11121004,P21-005303
2021,11121005,P21-006687
2021,11121006,P21-003489
2021,11121007,P21-005777
2021,11121008,P21-009326
2021,11121009,P21-004627
2021,11121010,P21-007870
2021,11121011,P21-004332
2021,11121012,P21-005208
2021,11121013,P21-006732
2021,11121014,P21-007547
2021,11121015,P21-006475
2021,11121016,P21-004716
2021,11121017,P21-008163
2021,11121018,P21-001750
2021,11121019,P21-006638
2021,11121020,P21-000135
2021,11121021,P21-003978
2021,11121022,P21-002924
2021,11121023,P21-007974
2021,11121024,P21-002038
2021,11121025,P21-001823
2021,11121026,P21-005128
2021,11121027,P21-006830
2021,11121028,P21-002890
2021,11121029,P21-006918
2021,11121030,P21-009071
2021,11121031,P21-003858
2021,11121032,P21-009202
2021,11121033,P21-001921
2021,11121034,P21-005494
2021,11121035,P21-001644
2021,11121036,P21-001800
2021,11121037,P21-007433
2021,11121038,P21-000735
2021,11121039,P21-000658
2021,11121040,P21-009195
2021,11121041,P21-008150
2021,11121042,P21-009207
2021,11121043,P21-004784
2021,11121044,P21-007148
2021,11121045,P21-006222
2021,11121046,P21-001097
2021,11121047,P21-001542
2021,11121048,P21-003824
2021,11121049,P21-005745
2021,11121050,P21-001140
2021,11121051,P21-002080
2021,11121052,P21-000488
2021,11121053,P21-003982
2021,11121054,P21-000745
2021,11121055,P21-002069
2021,11121056,P21-001769
2021,11131001,P21-004573
2021,11131002,P21-004320
2021,11131003,P21-007957
2021,11131004,P21-007069
2021,11131005,P21-002372
2021,11131006,P21-001320
2021,11131007,P21-006866
2021,11131008,P21-003033
2021,11131009,P21-003725
2021,11131010,P21-003022
2021,11131011,P21-008200
2021,11131012,P21-000197
2021,11131013,P21-008847
2021,11131014,P21-003155
2021,11131015,P21-005531
2021,11131016,P21-006595
2021,11131017,P21-007749
2021,11131018,P21-009323
2021,11131019,P21-008515
2021,11131020,P21-000845
2021,11131021,P21-008685
2021,11131022,P21-005459
2021,11131023,P21-007501
2021,11131024,P21-007060
2021,11131025,P21-007754
2021,11131026,P21-008875
2021,11131027,P21-003582
2021,11131028,P21-003031
2021,11131029,P21-000984
2021,11131030,P21-008532
2021,11131031,P21-007163
2021,11131032,P21-006992
2021,11131033,P21-004051
2021,11131034,P21-005592
2021,11131035,P21-000494
2021,11131036,P21-001014
2021,11131037,P21-008098
2021,11131038,P21-007571
2021,11131039,P21-002534
2021,11131040,P21-001363
2021,11131041,P21-002603
2021,11131042,P21-003733
2021,11131043,P21-001706
2021,11131044,P21-002331
2021,11131045,P21-007508
2021,11131046,P21-007728
2021,11131047,P21-001703
2021,11131048,P21-007620
2021,11131049,P21-001533
2021,11131050,P21-007457
2021,11131051,P21-005440
2021,11131052,P21-007948
2021,11131053,P21-004217
2021,11131054,P21-007791
2021,11131055,P21-007902
2021,11131056,P21-005973
2021,11141001,P21-000440
2021,11141002,P21-007855
2021,11141003,P21-005695
2021,11141004,P21-003819
2021,11141005,P21-007521
2021,11141006,P21-001547
2021,11141007,P21-001774
2021,11141008,P21-002763
2021,11141009,P21-001816
2021,11141010,P21-008692
2021,11141011,P21-007633
2021,11141012,P21-006460
2021,11141013,P21-007511
2021,11141014,P21-005193
2021,11141015,P21-004824
2021,11141016,P21-004960
2021,11141017,P21-000503
2021,11141018,P21-009012
2021,11141019,P21-003724
2021,11141020,P21-001699
2021,11141021,P21-004202
2021,11141022,P21-002898
2021,11141023,P21-000294
2021,11141024,P21-000101
2021,11141025,P21-006139
2021,11141026,P21-004348
2021,11141027,P21-004123
2021,11141028,P21-007885
2021,11141029,P21-004727
2021,11141030,P21-007453
2021,11141031,P21-005355
2021,11141032,P21-006116
2021,11141033,P21-006392
2021,11141034,P21-009167
2021,11141035,P21-006590
2021,11141036,P21-002613
2021,11141037,P21-004044
2021,11141038,P21-007684
2021,11141039,P21-001333
2021,11141040,P21-005883
2021,11141041,P21-007081
2021,11141042,P21-006079
2021,11141043,P21-008914
2021,11141044,P21-002850
2021,11141045,P21-002838
2021,11141046,P21-007282
2021,11141047,P21-003965
2021,11141048,P21-008122
2021,11141049,P21-004753
2021,11141050,P21-001673
2021,11141051,P21-005814
2021,11141052,P21-002969
2021,11141053,P21-005938
2021,11141054,P21-005064
2021,11141055,P21-008322
2021,11141056,P21-005709
2021,11141057,P21-005246
2021,11151001,P21-001815
2021,11151002,P21-002171
2021,11151003,P21-005014
2021,11151004,P21-005244
2021,11151005,P21-002452
2021,11151006,P21-002347
2021,11151007,P21-003026
2021,11151008,P21-004146
2021,11151009,P21-007622
2021,11151010,P21-008566
2021,11151011,P21-001746
2021,11151012,P21-007837
2021,11151013,P21-007355
2021,11151014,P21-000904
2021,11151015,P21-005735
2021,11151016,P21-000856
2021,11151017,P21-002482
2021,11151018,P21-000355
2021,11151019,P21-004068
2021,11151020,P21-004183
2021,11151021,P21-005202
2021,11151022,P21-002835
2021,11151023,P21-003645
2021,11151024,P21-003953
2021,11151025,P21-001483
2021,11151026,P21-006525
2021,11151027,P21-003195
2021,11151028,P21-005006
2021,11151029,P21-007001
2021,11151030,P21-004260
2021,11151031,P21-001246
2021,11151032,P21-002889
2021,11151033,P21-008215
2021,11151034,P21-000244
2021,11151035,P21-007188
2021,11151036,P21-008117
2021,11151037,P21-007349
2021,11151038,P21-005718
2021,11151039,P21-008782
2021,11151040,P21-006363
2021,11151041,P21-005194
2021,11151042,P21-009169
2021,11151043,P21-002115
2021,11151044,P21-008032
2021,11151045,P21-006199
2021,11151046,P21-001872
2021,11151047,P21-000951
2021,11151048,P21-008006
2021,11151049,P21-000584
2021,11151050,P21-003788
2021,11151051,P21-002184
2021,11151052,P21-004421
2021,11151053,P21-006454
2021,11151054,P21-002378
2021,11151055,P21-008581
2021,11151056,P21-004338
2021,11151057,P21-008192
2021,11151058,P21-008836
2021,11151059,P21-008705
2021,11151060,P21-006984
2021,11151061,P21-007202
2021,11161001,P21-001849
2021,11161002,P21-000015
2021,11161003,P21-003766
2021,11161004,P21-001193
2021,11161005,P21-001924
2021,11161006,P21-005972
2021,11161007,P21-004502
2021,11161008,P21-008541
2021,11161009,P21-006917
2021,11161010,P21-002828
2021,11161011,P21-003841
2021,11161012,P21-003315
2021,11161013,P21-002389
2021,11161014,P21-000995
2021,11161015,P21-003068
2021,11161016,P21-000816
2021,11161017,P21-008555
2021,11161018,P21-009232
2021,11161019,P21-006270
2021,11161020,P21-007068
2021,11161021,P21-005332
2021,11161022,P21-007587
2021,11161023,P21-007289
2021,11161024,P21-002821
2021,11161025,P21-001187
2021,11161026,P21-006881
2021,11161027,P21-001846
2021,11161028,P21-008329
2021,11161029,P21-005722
2021,11161030,P21-001259
2021,11161031,P21-000721
2021,11161032,P21-007428
2021,11161033,P21-009318
2021,11161034,P21-006739
2021,11161035,P21-005979
2021,11161036,P21-007237
2021,11161037,P21-006500
2021,11161038,P21-002597
2021,11161039,P21-004745
2021,11161040,P21-005001
2021,11161041,P21-001380
2021,11161042,P21-007691
2021,11161043,P21-003434
2021,11161044,P21-008018
2021,11161045,P21-004639
2021,11161046,P21-000806
2021,11161047,P21-001606
2021,11161048,P21-008125
2021,11161049,P21-006840
2021,11161050,P21-004091
2021,11161051,P21-003166
2021,11161052,P21-006081
2021,11161053,P21-002739
2021,11161054,P21-006549
2021,11161055,P21-002042
2021,11161056,P21-004929
2021,11161057,P21-008346
2021,11161058,P21-005135
2021,11161059,P21-006367
2021,11161060,P21-008671
2021,11171001,P21-001110
2021,11171002,P21-009198
2021,11171003,P21-007983
2021,11171004,P21-002983
2021,11171005,P21-007908
2021,11171006,P21-004898
2021,11171007,P21-004787
2021,11171008,P21-004976
2021,11171009,P21-003329
2021,11171010,P21-004345
2021,11171011,P21-000862
2021,11171012,P21-004494
2021,11171013,P21-007579
2021,11171014,P21-005458
2021,11171015,P21-004452
2021,11171016,P21-005687
2021,11171017,P21-005710
2021,11171018,P21-001216
2021,11171019,P21-006846
2021,11171020,P21-008265
2021,11171021,P21-009094
2021,11171022,P21-007162
2021,11171023,P21-002127
2021,11171024,P21-007269
2021,11171025,P21-000858
2021,11171026,P21-005230
2021,11171027,P21-005313
2021,11171028,P21-007546
2021,11171029,P21-004355
2021,11171030,P21-002989
2021,11171031,P21-008790
2021,11171032,P21-004492
2021,11171033,P21-002464
2021,11171034,P21-000641
2021,11171035,P21-003977
2021,11171036,P21-007861
2021,11171037,P21-004022
2021,11171038,P21-005482
2021,11181001,P21-008422
2021,11181002,P21-001748
2021,11181003,P21-007739
2021,11181004,P21-005392
2021,11181005,P21-004870
2021,11181006,P21-004574
2021,11181007,P21-008927
2021,11181008,P21-001343
2021,11181009,P21-002930
2021,11181010,P21-000952
2021,11181011,P21-007872
2021,11181012,P21-001496
2021,11181013,P21-003137
2021,11181014,P21-009238
2021,11181015,P21-008793
2021,11181016,P21-007859
2021,11181017,P21-003878
2021,11181018,P21-003771
2021,11181019,P21-002026
2021,11181020,P21-004803
2021,11181021,P21-006401
2021,11181022,P21-002993
2021,11181023,P21-000409
2021,11181024,P21-007261
2021,11181025,P21-004130
2021,11181026,P21-002829
2021,11181027,P21-005077
2021,11181028,P21-007753
2021,11181029,P21-008039
2021,11181030,P21-002043
2021,11181031,P21-008738
2021,11181032,P21-004200
2021,11181033,P21-000844
2021,11181034,P21-005812
2021,11181035,P21-002741
2021,11181036,P21-003502
2021,11181037,P21-006458
2021,11181038,P21-006120
2021,11181039,P21-008842
2021,11181040,P21-007658
2021,11181041,P21-005493
2021,11181042,P21-009301
2021,11181043,P21-004007
2021,11181044,P21-007866
2021,11181045,P21-005336
2021,11181046,P21-007230
2021,11181047,P21-004755
2021,11181048,P21-003685
2021,11181049,P21-000207
2021,11181050,P21-006920
2021,11181051,P21-008093
2021,11181052,P21-009280
2021,11181053,P21-004371
2021,11181054,P21-003842
2021,11191001,P21-004011
2021,11191002,P21-007698
2021,11191003,P21-002039
2021,11191004,P21-005677
2021,11191005,P21-002877
2021,11191006,P21-003856
2021,11191007,P21-008235
2021,11191008,P21-008216
2021,11191009,P21-001211
2021,11191010,P21-000702
2021,11191011,P21-003267
2021,11191012,P21-003949
2021,11191013,P21-001417
2021,11191014,P21-000673
2021,11191015,P21-003710
2021,11191016,P21-009018
2021,11191017,P21-005114
2021,11191018,P21-008971
2021,11191019,P21-000861
2021,11191020,P21-001752
2021,11191021,P21-008546
2021,11191022,P21-004271
2021,11191023,P21-001928
2021,11191024,P21-006155
2021,11191025,P21-000402
2021,11191026,P21-003040
2021,11191027,P21-005010
2021,11191028,P21-000157
2021,11191029,P21-000685
2021,11191030,P21-008954
2021,11191031,P21-005893
2021,11191032,P21-004920
2021,11191033,P21-009184
2021,11191034,P21-007669
2021,11191035,P21-009090
2021,11191036,P21-006391
2021,11191037,P21-001852
2021,11191038,P21-003649
2021,11191039,P21-005894
2021,11191040,P21-001347
2021,11191041,P21-007560
2021,11191042,P21-001561
2021,11191043,P21-001818
2021,11191044,P21-001899
2021,11191045,P21-008962
2021,11191046,P21-007091
2021,11191047,P21-007478
2021,11191048,P21-000829
2021,11191049,P21-003918
2021,11191050,P21-001524
2021,11191051,P21-006429
2021,11191052,P21-005843
2021,11191053,P21-007211
2021,11191054,P21-001762
2021,11191055,P21-003644
2021,11191056,P21-006951
2021,11201001,P21-000762
2021,11201002,P21-000749
2021,11201003,P21-002985
2021,11201004,P21-002439
2021,11201005,P21-006113
2021,11201006,P21-008071
2021,11201007,P21-006636
2021,11201008,P21-006811
2021,11201009,P21-002775
2021,11201010,P21-009115
2021,11201011,P21-006182
2021,11201012,P21-008432
2021,11201013,P21-009142
2021,11201014,P21-007159
2021,11201015,P21-009005
2021,11201016,P21-003889
2021,11201017,P21-001914
2021,11201018,P21-007178
2021,11201019,P21-008796
2021,11201020,P21-003547
2021,11201021,P21-002541
2021,11201022,P21-008888
2021,11201023,P21-005364
2021,11201024,P21-003105
2021,11201025,P21-005254
2021,11201026,P21-003028
2021,11201027,P21-003798
2021,11201028,P21-003679
2021,11201029,P21-003438
2021,11201030,P21-005457
2021,11201031,P21-001253
2021,11201032,P21-001323
2021,11201033,P21-003071
2021,11201034,P21-006584
2021,11201035,P21-003223
2021,11201036,P21-001025
2021,11201037,P21-002391
2021,11201038,P21-009044
2021,11201039,P21-004693
2021,11201040,P21-005462
2021,11201041,P21-005358
2021,11201042,P21-008398
2021,11201043,P21-004149
2021,11201044,P21-006954
2021,11201045,P21-002580
2021,11201046,P21-007626
2021,11201047,P21-007984
2021,11201048,P21-001406
2021,11201049,P21-007662
2021,11201050,P21-000120
2021,11201051,P21-007239
2021,11201052,P21-007978
2021,11201053,P21-004156
2021,11201054,P21-001135
2021,11201055,P21-006932
2021,11201056,P21-008809
2021,11201057,P21-002659
2021,11211001,P21-003193
2021,11211002,P21-002624
2021,11211003,P21-001066
2021,11211004,P21-001764
2021,11211005,P21-004744
2021,11211006,P21-005600
2021,11211007,P21-008611
2021,11211008,P21-006829
2021,11211009,P21-000960
2021,11211010,P21-004575
2021,11211011,P21-007097
2021,11211012,P21-003460
2021,11211013,P21-004003
2021,11211014,P21-002906
2021,11211015,P21-002888
2021,11211016,P21-002313
2021,11211017,P21-009391
2021,11211018,P21-001035
2021,11211019,P21-005484
2021,11211020,P21-007757
2021,11211021,P21-002995
2021,11211022,P21-002988
2021,11211023,P21-000169
2021,11211024,P21-005052
2021,11211025,P21-002855
2021,11211026,P21-000852
2021,11211027,P21-003701
2021,11211028,P21-001655
2021,11211029,P21-007368
2021,11211030,P21-002841
2021,11211031,P21-005933
2021,11211032,P21-006258
2021,11211033,P21-006745
2021,11211034,P21-000422
2021,11211035,P21-003369
2021,11211036,P21-008743
2021,11211037,P21-006805
2021,11211038,P21-004584
2021,11211039,P21-002774
2021,11211040,P21-008977
2021,11211041,P21-002230
2021,11211042,P21-006874
2021,11211043,P21-001669
2021,11211044,P21-007262
2021,11211045,P21-000108
2021,11211046,P21-009347
2021,11211047,P21-002103
2021,11211048,P21-007200
2021,11211049,P21-005159
2021,11211050,P21-002142
2021,11211051,P21-005961
2021,11211052,P21-003072
2021,11211053,P21-008880
2021,11211054,P21-008424
2021,11211055,P21-002394
2021,11211056,P21-009214
2021,11211057,P21-006046
2021,11211058,P21-003827
2021,11211059,P21-001036
2021,11221001,P21-006929
2021,11221002,P21-005682
2021,11221003,P21-008845
2021,11221004,P21-006857
2021,11221005,P21-006230
2021,11221006,P21-006848
2021,11221007,P21-005386
2021,11221008,P21-005793
2021,11221009,P21-001316
2021,11221010,P21-001987
2021,11221011,P21-004938
2021,11221012,P21-000866
2021,11221013,P21-000155
2021,11221014,P21-000610
2021,11221015,P21-000961
2021,11221016,P21-005278
2021,11221017,P21-001788
2021,11221018,P21-008841
2021,11221019,P21-002408
2021,11221020,P21-008828
2021,11221021,P21-007809
2021,11221022,P21-001264
2021,11221023,P21-006876
2021,11221024,P21-007416
2021,11221025,P21-000272
2021,11221026,P21-000321
2021,11221027,P21-006307
2021,11221028,P21-001114
2021,11221029,P21-002869
2021,11221030,P21-006538
2021,11221031,P21-009235
2021,11221032,P21-004458
2021,11221033,P21-003538
2021,11221034,P21-001461
2021,11221035,P21-003372
2021,11221036,P21-003807
2021,11221037,P21-002846
2021,11221038,P21-004894
2021,11221039,P21-006570
2021,11221040,P21-000892
2021,11221041,P21-008639
2021,11221042,P21-001374
2021,11221043,P21-004678
2021,11221044,P21-006049
2021,11221045,P21-009328
2021,11221046,P21-008974
2021,11221047,P21-003254
2021,11221048,P21-009116
2021,11221049,P21-004287
2021,11221050,P21-006337
2021,11221051,P21-007125
2021,11221052,P21-008872
2021,11221053,P21-005127
2021,11221054,P21-001697
2021,11221055,P21-003035
2021,11221056,P21-008166
2021,11221057,P21-005523
2021,11221058,P21-006344
2021,11221059,P21-003897
2021,11221060,P21-006090
2021,11221061,P21-003080
2021,11221062,P21-007486
2021,11221063,P21-002457
2021,11221064,P21-000598
2021,11221065,P21-008139
2021,11221066,P21-000476
2021,11221067,P21-003921
2021,11231001,P21-005341
2021,11231002,P21-004434
2021,11231003,P21-002064
2021,11231004,P21-003541
2021,11231005,P21-003809
2021,11231006,P21-003751
2021,11231007,P21-008189
2021,11231008,P21-000714
2021,11231009,P21-002588
2021,11231010,P21-001396
2021,11231011,P21-002320
2021,11231012,P21-004186
2021,11231013,P21-000065
2021,11231014,P21-008946
2021,11231015,P21-002795
2021,11231016,P21-008324
2021,11231017,P21-004045
2021,11231018,P21-005123
2021,11231019,P21-000798
2021,11231020,P21-000361
2021,11231021,P21-009092
2021,11231022,P21-001277
2021,11231023,P21-008821
2021,11231024,P21-006551
2021,11231025,P21-002916
2021,11231026,P21-006899
2021,11231027,P21-002553
2021,11231028,P21-004692
2021,11231029,P21-003974
2021,11231030,P21-008764
2021,11231031,P21-008714
2021,11231032,P21-002436
2021,11231033,P21-004543
2021,11231034,P21-002508
2021,11231035,P21-001151
2021,11231036,P21-000486
2021,11231037,P21-002012
2021,11231038,P21-005125
2021,11231039,P21-006630
2021,11231040,P21-008887
2021,11231041,P21-003419
2021,11231042,P21-004557
2021,11231043,P21-005351
2021,11231044,P21-004190
2021,11231045,P21-006643
2021,11231046,P21-008036
2021,11231047,P21-008086
2021,11231048,P21-003398
2021,11231049,P21-008423
2021,11231050,P21-001907
2021,11241001,P21-007578
2021,11241002,P21-005568
2021,11241003,P21-007513
2021,11241004,P21-000661
2021,11241005,P21-005692
2021,11241006,P21-006066
2021,11241007,P21-000771
2021,11241008,P21-007204
2021,11241009,P21-001583
2021,11241010,P21-004442
2021,11241011,P21-003299
2021,11241012,P21-000928
2021,11241013,P21-004642
2021,11241014,P21-004556
2021,11241015,P21-005906
2021,11241016,P21-003888
2021,11241017,P21-004825
2021,11241018,P21-006112
2021,11241019,P21-001789
2021,11241020,P21-006209
2021,11241021,P21-003394
2021,11241022,P21-008491
2021,11241023,P21-002020
2021,11241024,P21-003439
2021,11241025,P21-003576
2021,11241026,P21-009097
2021,11241027,P21-009302
2021,11241028,P21-005556
2021,11241029,P21-002367
2021,11241030,P21-001952
2021,11241031,P21-001856
2021,11241032,P21-001290
2021,11241033,P21-001129
2021,11241034,P21-002578
2021,11241035,P21-005263
2021,11241036,P21-007082
2021,11241037,P21-009197
2021,11241038,P21-001768
2021,11241039,P21-003804
2021,11241040,P21-000179
2021,11241041,P21-008391
2021,11241042,P21-006710
2021,11241043,P21-000891
2021,11241044,P21-008661
2021,11241045,P21-001409
2021,11241046,P21-005632
2021,11241047,P21-008294
2021,11241048,P21-003615
2021,11241049,P21-007244
2021,11241050,P21-004513
2021,11241051,P21-006246
2021,11241052,P21-008000
2021,11241053,P21-006274
2021,11241054,P21-003245
2021,11241055,P21-001903
2021,11241056,P21-001312
2021,11241057,P21-005757
2021,11241058,P21-004001
2021,11241059,P21-007004
2021,11241060,P21-009127
2021,11241061,P21-007108
2021,11241062,P21-007360
2021,11241063,P21-002219
2021,11241064,P21-003125
2021,11241065,P21-007653
2021,11241066,P21-000888
2021,11251001,P21-001482
2021,11251002,P21-000501
2021,11251003,P21-005762
2021,11251004,P21-000024
2021,11251005,P21-006779
2021,11251006,P21-006123
2021,11251007,P21-004851
2021,11251008,P21-008594
2021,11251009,P21-008871
2021,11251010,P21-002743
2021,11251011,P21-008808
2021,11251012,P21-008306
2021,11251013,P21-007991
2021,11251014,P21-006174
2021,11251015,P21-002066
2021,11251016,P21-002945
2021,11251017,P21-006842
2021,11251018,P21-002716
2021,11251019,P21-003786
2021,11251020,P21-007732
2021,11251021,P21-000072
2021,11251022,P21-005668
2021,11251023,P21-007793
2021,11251024,P21-006865
2021,11251025,P21-000897
2021,11251026,P21-005962
2021,11251027,P21-006786
2021,11251028,P21-007823
2021,11251029,P21-007115
2021,11251030,P21-005577
2021,11251031,P21-007916
2021,11251032,P21-008958
2021,11251033,P21-007891
2021,11251034,P21-004964
2021,11251035,P21-008439
2021,11251036,P21-008197
2021,11251037,P21-000431
2021,11251038,P21-006647
2021,11251039,P21-007058
2021,11251040,P21-004668
2021,11251041,P21-007534
2021,11251042,P21-007020
2021,11251043,P21-004688
2021,11251044,P21-000946
2021,11251045,P21-000627
2021,11251046,P21-007911
2021,11251047,P21-003528
2021,11251048,P21-005547
2021,11251049,P21-006682
2021,11251050,P21-003630
2021,11251051,P21-007762
2021,11251052,P21-000468
2021,11251053,P21-003696
2021,11261001,P21-008835
2021,11261002,P21-002519
2021,11261003,P21-002140
2021,11261004,P21-000452
2021,11261005,P21-001828
2021,11261006,P21-007962
2021,11261007,P21-009408
2021,11261008,P21-003210
2021,11261009,P21-008101
2021,11261010,P21-004278
2021,11261011,P21-000605
2021,11261012,P21-006195
2021,11261013,P21-006774
2021,11261014,P21-000733
2021,11261015,P21-007340
2021,11261016,P21-008938
2021,11261017,P21-001125
2021,11261018,P21-008465
2021,11261019,P21-002803
2021,11261020,P21-008711
2021,11261021,P21-006044
2021,11261022,P21-002023
2021,11261023,P21-002804
2021,11261024,P21-002663
2021,11261025,P21-006770
2021,11261026,P21-001817
2021,11261027,P21-001627
2021,11261028,P21-003213
2021,11261029,P21-002752
2021,11261030,P21-000565
2021,11261031,P21-001284
2021,11261032,P21-005276
2021,11261033,P21-008709
2021,11261034,P21-008441
2021,11261035,P21-005944
2021,11261036,P21-004280
2021,11261037,P21-005719
2021,11261038,P21-001147
2021,11261039,P21-003007
2021,11261040,P21-005129
2021,11261041,P21-000741
2021,11261042,P21-006947
2021,11261043,P21-008729
2021,11261044,P21-006883
2021,11261045,P21-005335
2021,11271001,P21-001334
2021,11271002,P21-002054
2021,11271003,P21-004695
2021,11271004,P21-004943
2021,11271005,P21-007435
2021,11271006,P21-008569
2021,11271007,P21-007481
2021,11271008,P21-005565
2021,11271009,P21-008271
2021,11271010,P21-006333
2021,11271011,P21-005150
2021,11271012,P21-008992
2021,11271013,P21-002630
2021,11271014,P21-004921
2021,11271015,P21-002019
2021,11271016,P21-003206
2021,11271017,P21-001131
2021,11271018,P21-006783
2021,11271019,P21-003322
2021,11271020,P21-004369
2021,11271021,P21-001660
2021,11271022,P21-002512
2021,11271023,P21-004168
2021,11271024,P21-004470
2021,11271025,P21-006573
2021,11271026,P21-005621
2021,11271027,P21-003265
2021,11271028,P21-006934
2021,11271029,P21-004076
2021,11271030,P21-002158
2021,11271031,P21-003388
2021,11271032,P21-001033
2021,11271033,P21-007220
2021,11271034,P21-003402
2021,11271035,P21-009160
2021,11271036,P21-004957
2021,11271037,P21-003687
2021,11271038,P21-005226
2021,11271039,P21-008167
2021,11271040,P21-003073
2021,11271041,P21-007627
2021,11271042,P21-007969
2021,11271043,P21-009104
2021,11271044,P21-001030
2021,11271045,P21-006949
2021,11271046,P21-002646
2021,11271047,P21-001756
2021,11271048,P21-004042
2021,11271049,P21-006784
2021,11271050,P21-009299
2021,11271051,P21-002891
2021,11271052,P21-005977
2021,11271053,P21-001155
2021,11271054,P21-000280
2021,11271055,P21-005754
2021,11271056,P21-003420
2021,11271057,P21-008993
2021,11271058,P21-001714
2021,11271059,P21-006870
2021,11271060,P21-000400
2021,11271061,P21-005447
2021,11271062,P21-005258
2021,11271063,P21-002280
2021,11281001,P21-003000
2021,11281002,P21-002722
2021,11281003,P21-005876
2021,11281004,P21-002510
2021,11281005,P21-000270
2021,11281006,P21-000871
2021,11281007,P21-002245
2021,11281008,P21-002503
2021,11281009,P21-008702
2021,11281010,P21-002765
2021,11281011,P21-009043
2021,11281012,P21-004069
2021,11281013,P21-002314
2021,11281014,P21-008402
2021,11281015,P21-000726
2021,11281016,P21-008109
2021,11281017,P21-004297
2021,11281018,P21-008985
2021,11281019,P21-006593
2021,11281020,P21-007955
2021,11281021,P21-002086
2021,11281022,P21-008295
2021,11281023,P21-004965
2021,11281024,P21-004660
2021,11281025,P21-008364
2021,11281026,P21-004048
2021,11281027,P21-004265
2021,11281028,P21-005649
2021,11281029,P21-006284
2021,11281030,P21-005466
2021,11281031,P21-002204
2021,11281032,P21-008052
2021,11281033,P21-002118
2021,11281034,P21-008007
2021,11281035,P21-009194
2021,11281036,P21-005130
2021,11281037,P21-004734
2021,11281038,P21-001446
2021,11281039,P21-007603
2021,11281040,P21-008369
2021,11281041,P21-006328
2021,11281042,P21-008863
2021,11281043,P21-003973
2021,11281044,P21-008107
2021,11281045,P21-006461
2021,11281046,P21-006341
2021,11281047,P21-004451
2021,11281048,P21-008949
2021,11281049,P21-005329
2021,11281050,P21-006987
2021,11281051,P21-002351
2021,11281052,P21-004890
2021,11281053,P21-008916
2021,11281054,P21-002984
2021,11281055,P21-000035
2021,11281056,P21-002357
2021,11281057,P21-003872
2021,11281058,P21-008266
2021,11281059,P21-006098
2021,11281060,P21-004398
2021,11281061,P21-007817
2021,11281062,P21-005216
2021,11281063,P21-002250
2021,11281064,P21-006239
2021,11281065,P21-006118
2021,11291001,P21-000588
2021,11291002,P21-007405
2021,11291003,P21-004999
2021,11291004,P21-001590
2021,11291005,P21-005209
2021,11291006,P21-001478
2021,11291007,P21-001895
2021,11291008,P21-005068
2021,11291009,P21-000599
2021,11291010,P21-008589
2021,11291011,P21-007759
2021,11291012,P21-005665
2021,11291013,P21-004536
2021,11291014,P21-005045
2021,11291015,P21-008802
2021,11291016,P21-006722
2021,11291017,P21-007927
2021,11291018,P21-003447
2021,11291019,P21-000902
2021,11291020,P21-007157
2021,11291021,P21-002179
2021,11291022,P21-000703
2021,11291023,P21-008066
2021,11291024,P21-007106
2021,11291025,P21-000115
2021,11291026,P21-009112
2021,11291027,P21-003459
2021,11291028,P21-001724
2021,11291029,P21-000551
2021,11291030,P21-001777
2021,11291031,P21-000014
2021,11291032,P21-000267
2021,11291033,P21-003990
2021,11291034,P21-000642
2021,11291035,P21-002793
2021,11291036,P21-003661
2021,11291037,P21-002355
2021,11291038,P21-008553
2021,11291039,P21-002762
2021,11291040,P21-007888
2021,11291041,P21-004037
2021,11291042,P21-006579
2021,11291043,P21-006574
2021,11291044,P21-000435
2021,11291045,P21-002540
2021,11291046,P21-005438
2021,11291047,P21-002790
2021,11291048,P21-001586
2021,11291049,P21-008426
2021,11291050,P21-000880
2021,11291051,P21-009109
2021,11291052,P21-005331
2021,11291053,P21-000810
2021,11291054,P21-007283
2021,11291055,P21-002139
2021,11291056,P21-005481
2021,11291057,P21-006741
2021,11301001,P21-007452
2021,11301002,P21-008816
2021,11301003,P21-007287
2021,11301004,P21-001261
2021,11301005,P21-008883
2021,11301006,P21-006583
2021,11301007,P21-006257
2021,11301008,P21-004050
2021,11301009,P21-002789
2021,11301010,P21-006966
2021,11301011,P21-003303
2021,11301012,P21-003755
2021,11301013,P21-008224
2021,11301014,P21-003289
2021,11301015,P21-004969
2021,11301016,P21-008454
2021,11301017,P21-003149
2021,11301018,P21-009267
2021,11301019,P21-006043
2021,11301020,P21-002024
2021,11301021,P21-001027
2021,11301022,P21-008355
2021,11301023,P21-007027
2021,11301024,P21-005534
2021,11301025,P21-003662
2021,11301026,P21-006416
2021,11301027,P21-009159
2021,11301028,P21-007240
2021,11301029,P21-001696
2021,11301030,P21-001200
2021,11301031,P21-001909
2021,11301032,P21-006273
2021,11301033,P21-007920
2021,11301034,P21-004707
2021,11301035,P21-007860
2021,11301036,P21-004865
2021,11301037,P21-000071
2021,11301038,P21-008080
2021,11301039,P21-005889
2021,11301040,P21-004652
2021,11301041,P21-002040
2021,11301042,P21-005092
2021,11301043,P21-002181
2021,11301044,P21-008262
2021,11301045,P21-001362
2021,11301046,P21-006077
2021,11311001,P21-005048
2021,11311002,P21-003154
2021,11311003,P21-003219
2021,11311004,P21-009221
2021,11311005,P21-003377
2021,11311006,P21-006354
2021,11311007,P21-001598
2021,11311008,P21-005314
2021,11311009,P21-006194
2021,11311010,P21-001357
2021,11311011,P21-007124
2021,11311012,P21-005245
2021,11311013,P21-008653
2021,11311014,P21-005546
2021,11311015,P21-005089
2021,11311016,P21-002281
2021,11311017,P21-001869
2021,11311018,P21-002390
2021,11311019,P21-007334
2021,11311020,P21-009397
2021,11311021,P21-008157
2021,11311022,P21-003907
2021,11311023,P21-009279
2021,11311024,P21-000159
2021,11311025,P21-004015
2021,11311026,P21-007599
2021,11311027,P21-000533
2021,11311028,P21-005109
2021,11311029,P21-002879
2021,11311030,P21-001959
2021,11311031,P21-006030
2021,11311032,P21-002506
2021,11311033,P21-007123
2021,11311034,P21-002617
2021,11311035,P21-006329
2021,11311036,P21-005555
2021,11311037,P21-003917
2021,11311038,P21-008699
2021,11311039,P21-000428
2021,11311040,P21-004132
2021,11311041,P21-003779
2021,11311042,P21-007919
2021,11311043,P21-006926
2021,11311044,P21-004325
2021,11311045,P21-001179
2021,11311046,P21-009003
2021,11311047,P21-000461
2021,11311048,P21-002504
2021,11311049,P21-006300
2021,11311050,P21-004336
2021,11311051,P21-007999
2021,11311052,P21-006709
2021,11311053,P21-000297
2021,11311054,P21-000824
2021,11311055,P21-005678
2021,11311056,P21-005541
2021,11311057,P21-000647
2021,11311058,P21-003374
2021,11311059,P21-000596
2021,11311060,P21-000372
2021,11311061,P21-000752
2021,11311062,P21-003867
2021,11311063,P21-006089
2021,11311064,P21-004517
2021,11311065,P21-000536
2021,11311066,P21-003876
2021,11321001,P21-006560
2021,11321002,P21-008414
2021,11321003,P21-006219
2021,11321004,P21-003539
2021,11321005,P21-006334
2021,11321006,P21-000323
2021,11321007,P21-004327
2021,11321008,P21-006616
2021,11321009,P21-006411
2021,11321010,P21-001658
2021,11321011,P21-002148
2021,11321012,P21-008053
2021,11321013,P21-003256
2021,11321014,P21-003693
2021,11321015,P21-001754
2021,11321016,P21-002030
2021,11321017,P21-001630
2021,11321018,P21-003636
2021,11321019,P21-009069
2021,11321020,P21-005316
2021,11321021,P21-005838
2021,11321022,P21-001743
2021,11321023,P21-004777
2021,11321024,P21-005339
2021,11321025,P21-008700
2021,11321026,P21-002760
2021,11321027,P21-001029
2021,11321028,P21-004353
2021,11321029,P21-006901
2021,11321030,P21-006178
2021,11321031,P21-001705
2021,11321032,P21-006856
2021,11321033,P21-001122
2021,11321034,P21-007465
2021,11321035,P21-004436
2021,11321036,P21-002265
2021,11321037,P21-009298
2021,11321038,P21-000199
2021,11321039,P21-008074
2021,11321040,P21-001772
2021,11331001,P21-003761
2021,11331002,P21-003770
2021,11331003,P21-004248
2021,11331004,P21-002196
2021,11331005,P21-007912
2021,11331006,P21-005232
2021,11331007,P21-002854
2021,11331008,P21-008548
2021,11331009,P21-007146
2021,11331010,P21-005506
2021,11331011,P21-002216
2021,11331012,P21-008393
2021,11331013,P21-006834
2021,11331014,P21-007107
2021,11331015,P21-001163
2021,11331016,P21-000915
2021,11331017,P21-004838
2021,11331018,P21-001485
2021,11331019,P21-001577
2021,11331020,P21-003496
2021,11331021,P21-006743
2021,11331022,P21-006685
2021,11331023,P21-001965
2021,11331024,P21-009007
2021,11331025,P21-007264
2021,11331026,P21-005870
2021,11331027,P21-001481
2021,11331028,P21-000843
2021,11331029,P21-000560
2021,11331030,P21-003006
2021,11331031,P21-002590
2021,11331032,P21-003488
2021,11331033,P21-007551
2021,11331034,P21-003055
2021,11331035,P21-003217
2021,11331036,P21-008320
2021,11331037,P21-006351
2021,11331038,P21-009049
2021,11331039,P21-009357
2021,11331040,P21-002121
2021,11331041,P21-005348
2021,11331042,P21-008186
2021,11331043,P21-000070
2021,11331044,P21-007356
2021,11331045,P21-008780
2021,11331046,P21-008558
2021,11331047,P21-006546
2021,11331048,P21-007744
2021,11331049,P21-004137
2021,11331050,P21-003699
2021,11341001,P21-008417
2021,11341002,P21-000291
2021,11341003,P21-005231
2021,11341004,P21-005198
2021,11341005,P21-000517
2021,11341006,P21-005279
2021,11341007,P21-000746
2021,11341008,P21-001887
2021,11341009,P21-005903
2021,11341010,P21-006759
2021,11341011,P21-006268
2021,11341012,P21-008855
2021,11341013,P21-007730
2021,11341014,P21-004808
2021,11341015,P21-000906
2021,11341016,P21-006256
2021,11341017,P21-000325
2021,11341018,P21-000393
2021,11341019,P21-000696
2021,11341020,P21-000590
2021,11341021,P21-002461
2021,11341022,P21-003188
2021,11341023,P21-004629
2021,11341024,P21-009015
2021,11341025,P21-006787
2021,11341026,P21-001418
2021,11341027,P21-002570
2021,11341028,P21-000177
2021,11341029,P21-005141
2021,11341030,P21-007174
2021,11341031,P21-001758
2021,11341032,P21-006025
2021,11341033,P21-006635
2021,11341034,P21-008966
2021,11341035,P21-003670
2021,11341036,P21-003498
2021,11341037,P21-001534
2021,11341038,P21-008406
2021,11341039,P21-004779
2021,11351001,P21-006068
2021,11351002,P21-002241
2021,11351003,P21-008734
2021,11351004,P21-006688
2021,11351005,P21-008789
2021,11351006,P21-006602
2021,11351007,P21-009085
2021,11351008,P21-008141
2021,11351009,P21-007922
2021,11351010,P21-002089
2021,11351011,P21-008941
2021,11351012,P21-008456
2021,11351013,P21-006143
2021,11351014,P21-000675
2021,11351015,P21-006041
2021,11351016,P21-005071
2021,11351017,P21-008961
2021,11351018,P21-005821
2021,11351019,P21-002778
2021,11351020,P21-003387
2021,11351021,P21-006530
2021,11351022,P21-005087
2021,11351023,P21-003686
2021,11351024,P21-003373
2021,11351025,P21-006923
2021,11351026,P21-001116
2021,11351027,P21-002156
2021,11351028,P21-001400
2021,11351029,P21-003558
2021,11351030,P21-001972
2021,11351031,P21-002776
2021,11351032,P21-007788
2021,11351033,P21-005539
2021,11351034,P21-003135
2021,11351035,P21-002093
2021,11351036,P21-008850
2021,11351037,P21-006146
2021,11351038,P21-005614
2021,11351039,P21-007971
2021,11351040,P21-005791
2021,11351041,P21-000506
2021,11351042,P21-003160
2021,11351043,P21-003908
2021,11351044,P21-008504
2021,11351045,P21-001137
2021,11351046,P21-003410
2021,11351047,P21-002946
2021,11371001,P21-009332
2021,11371002,P21-009187
2021,11371003,P21-003762
2021,11371004,P21-000572
2021,11371005,P21-000722
2021,11371006,P21-007787
2021,11371007,P21-001611
2021,11371008,P21-003241
2021,11371009,P21-001412
2021,11371010,P21-001955
2021,11371011,P21-003704
2021,11371012,P21-008760
2021,11371013,P21-000632
2021,11371014,P21-007276
2021,11371015,P21-005535
2021,11371016,P21-006238
2021,11371017,P21-004521
2021,11371018,P21-003307
2021,11371019,P21-008493
2021,11371020,P21-000230
2021,11371021,P21-004216
2021,11371022,P21-005550
2021,11371023,P21-001490
2021,11371024,P21-007665
2021,11371025,P21-009038
2021,11371026,P21-003203
2021,11371027,P21-008431
2021,11371028,P21-009054
2021,11371029,P21-006384
2021,11371030,P21-000396
2021,11371031,P21-008735
2021,11371032,P21-007361
2021,11371033,P21-002520
2021,11371034,P21-005781
2021,11371035,P21-003848
2021,11371036,P21-001325
2021,11371037,P21-006446
2021,11371038,P21-000080
2021,11371039,P21-002951
2021,11371040,P21-005503
2021,11371041,P21-007572
2021,11381001,P21-000457
2021,11381002,P21-003091
2021,11381003,P21-006374
2021,11381004,P21-009061
2021,11381005,P21-006640
2021,11381006,P21-005422
2021,11381007,P21-008185
2021,11381008,P21-002644
2021,11381009,P21-007794
2021,11381010,P21-004159
2021,11381011,P21-009208
2021,11381012,P21-000412
2021,11381013,P21-005562
2021,11381014,P21-008003
2021,11381015,P21-000958
2021,11381016,P21-001310
2021,11381017,P21-008514
2021,11381018,P21-002479
2021,11381019,P21-004117
2021,11381020,P21-002478
2021,11381021,P21-002447
2021,11381022,P21-001609
2021,11381023,P21-003436
2021,11381024,P21-001662
2021,11381025,P21-000981
2021,11381026,P21-005560
2021,11381027,P21-008799
2021,11381028,P21-008481
2021,11381029,P21-007988
2021,11381030,P21-002961
2021,11381031,P21-000660
2021,11381032,P21-001174
2021,11381033,P21-001503
2021,11381034,P21-008970
2021,11381035,P21-000049
2021,11381036,P21-008596
2021,11381037,P21-006746
2021,11381038,P21-001616
2021,11381039,P21-001666
2021,11381040,P21-008576
2021,11381041,P21-000535
2021,11381042,P21-002277
2021,11381043,P21-004525
2021,11381044,P21-005115
2021,11381045,P21-003275
2021,11381046,P21-000606
2021,11381047,P21-007000
2021,11381048,P21-007056
2021,11381049,P21-005060
2021,11381050,P21-009196
2021,11381051,P21-007427
2021,11381052,P21-002559
2021,11381053,P21-008239
2021,11381054,P21-005155
2021,11381055,P21-004994
2021,11381056,P21-005450
2021,11381057,P21-001359
2021,11381058,P21-008156
2021,11381059,P21-000782
2021,11381060,P21-007956
2021,11391001,P21-006757
2021,11391002,P21-009177
2021,11391003,P21-007031
2021,11391004,P21-009063
2021,11391005,P21-003910
2021,11391006,P21-005421
2021,11391007,P21-008012
2021,11391008,P21-000571
2021,11391009,P21-007740
2021,11391010,P21-005878
2021,11391011,P21-007865
2021,11391012,P21-005700
2021,11391013,P21-001665
2021,11391014,P21-008054
2021,11391015,P21-008290
2021,11391016,P21-006930
2021,11391017,P21-006250
2021,11391018,P21-001717
2021,11391019,P21-000941
2021,11391020,P21-000008
2021,11391021,P21-008719
2021,11391022,P21-009122
2021,11391023,P21-006249
2021,11391024,P21-002875
2021,11391025,P21-000009
2021,11391026,P21-000268
2021,11391027,P21-006720
2021,11391028,P21-003731
2021,11391029,P21-006294
2021,11391030,P21-008978
2021,11391031,P21-004868
2021,11391032,P21-001067
2021,11391033,P21-006952
2021,11391034,P21-001735
2021,11391035,P21-007470
2021,11391036,P21-006497
2021,11391037,P21-005472
2021,11391038,P21-001739
2021,11391039,P21-002766
2021,11391040,P21-007063
2021,11391041,P21-002994
2021,11391042,P21-003258
2021,11391043,P21-001562
2021,11391044,P21-009295
2021,11391045,P21-006781
2021,11391046,P21-001354
2021,11391047,P21-003903
2021,11391048,P21-007396
2021,11391049,P21-000240
2021,11391050,P21-001770
2021,11391051,P21-004640
2021,11391052,P21-008517
2021,11391053,P21-003516
2021,11391054,P21-006955
2021,11391055,P21-008727
2021,11391056,P21-003062
2021,11391057,P21-003781
2021,11391058,P21-004242
2021,11401001,P21-006050
2021,11401002,P21-009060
2021,11401003,P21-000191
2021,11401004,P21-006663
2021,11401005,P21-003086
2021,11401006,P21-000801
2021,11401007,P21-004116
2021,11401008,P21-003406
2021,11401009,P21-005292
2021,11401010,P21-000664
2021,11401011,P21-000390
2021,11401012,P21-004775
2021,11401013,P21-007175
2021,11401014,P21-000925
2021,11401015,P21-009168
2021,11401016,P21-005053
2021,11401017,P21-002392
2021,11401018,P21-002376
2021,11401019,P21-003553
2021,11401020,P21-006342
2021,11401021,P21-001620
2021,11401022,P21-002195
2021,11401023,P21-001584
2021,11401024,P21-003389
2021,11401025,P21-006369
2021,11401026,P21-002282
2021,11401027,P21-007535
2021,11401028,P21-000870
2021,11401029,P21-002291
2021,11401030,P21-008285
2021,11401031,P21-009209
2021,11401032,P21-007953
2021,11401033,P21-008073
2021,11401034,P21-003454
2021,11401035,P21-002592
2021,11401036,P21-006140
2021,11401037,P21-005453
2021,11401038,P21-003428
2021,11401039,P21-000161
2021,11401040,P21-000982
2021,11411001,P21-006717
2021,11411002,P21-007128
2021,11411003,P21-008791
2021,11411004,P21-006269
2021,11411005,P21-001003
2021,11411006,P21-001991
2021,11411007,P21-007021
2021,11411008,P21-007413
2021,11411009,P21-006128
2021,11411010,P21-009278
2021,11411011,P21-003110
2021,11411012,P21-005920
2021,11411013,P21-008831
2021,11411014,P21-005759
2021,11411015,P21-002600
2021,11411016,P21-001226
2021,11411017,P21-007257
2021,11411018,P21-001729
2021,11411019,P21-000550
2021,11411020,P21-001423
2021,11411021,P21-007223
2021,11411022,P21-007084
2021,11411023,P21-009147
2021,11411024,P21-001825
2021,11411025,P21-003466
2021,11411026,P21-000759
2021,11411027,P21-007136
2021,11411028,P21-001540
2021,11411029,P21-005446
2021,11411030,P21-006489
2021,11411031,P21-008568
2021,11411032,P21-009286
2021,11411033,P21-001629
2021,11411034,P21-005810
2021,11411035,P21-005518
2021,11411036,P21-006915
2021,11411037,P21-002272
2021,11411038,P21-001510
2021,11411039,P21-007947
2021,11411040,P21-001783
2021,11411041,P21-002094
2021,11411042,P21-003803
2021,11411043,P21-005519
2021,11411044,P21-006974
2021,11411045,P21-000496
2021,11411046,P21-003076
2021,11411047,P21-000996
2021,11411048,P21-002190
2021,11411049,P21-002373
2021,11411050,P21-008287
2021,11411051,P21-004548
2021,11411052,P21-008304
2021,11411053,P21-006463
2021,11421001,P21-003453
2021,11421002,P21-004541
2021,11421003,P21-009316
2021,11421004,P21-004696
2021,11421005,P21-004454
2021,11421006,P21-000175
2021,11421007,P21-001329
2021,11421008,P21-006247
2021,11421009,P21-002796
2021,11421010,P21-004501
2021,11421011,P21-006723
2021,11421012,P21-007857
2021,11421013,P21-004550
2021,11421014,P21-004059
2021,11421015,P21-009180
2021,11421016,P21-005959
2021,11421017,P21-000082
2021,11421018,P21-000258
2021,11421019,P21-007977
2021,11421020,P21-008084
2021,11421021,P21-004903
2021,11421022,P21-006972
2021,11421023,P21-007649
2021,11421024,P21-008344
2021,11421025,P21-007903
2021,11421026,P21-000592
2021,11421027,P21-004747
2021,11421028,P21-004358
2021,11421029,P21-004644
2021,11421030,P21-003296
2021,11421031,P21-002550
2021,11421032,P21-007165
2021,11421033,P21-003403
2021,11421034,P21-003620
2021,11421035,P21-008540
2021,11421036,P21-007868
2021,11421037,P21-003038
2021,11421038,P21-000303
2021,11421039,P21-001544
2021,11421040,P21-007537
2021,11421041,P21-000837
2021,11421042,P21-005892
2021,11421043,P21-007499
2021,11421044,P21-005311
2021,11421045,P21-001718
2021,11421046,P21-004189
2021,11421047,P21-004386
2021,11421048,P21-001399
2021,11421049,P21-000228
2021,11421050,P21-001614
2021,11421051,P21-000654
2021,11431001,P21-009014
2021,11431002,P21-000881
2021,11431003,P21-006024
2021,11431004,P21-009234
2021,11431005,P21-000979
2021,11431006,P21-004269
2021,11431007,P21-000222
2021,11431008,P21-000561
2021,11431009,P21-001992
2021,11431010,P21-008183
2021,11431011,P21-006042
2021,11431012,P21-000999
2021,11431013,P21-004662
2021,11431014,P21-008931
2021,11431015,P21-004234
2021,11431016,P21-003249
2021,11431017,P21-003054
2021,11431018,P21-002329
2021,11431019,P21-005444
2021,11431020,P21-002678
2021,11431021,P21-002063
2021,11431022,P21-002587
2021,11431023,P21-006277
2021,11431024,P21-001405
2021,11431025,P21-000449
2021,11431026,P21-007729
2021,11431027,P21-006793
2021,11431028,P21-007634
2021,11431029,P21-004930
2021,11431030,P21-001941
2021,11431031,P21-004503
2021,11431032,P21-004634
2021,11431033,P21-001332
2021,11431034,P21-009120
2021,11431035,P21-008930
2021,11431036,P21-001267
2021,11431037,P21-003476
2021,11431038,P21-002151
2021,11431039,P21-006192
2021,11431040,P21-004049
2021,11431041,P21-005750
2021,11431042,P21-002176
2021,11431043,P21-003512
2021,11431044,P21-003194
2021,11431045,P21-003074
2021,11431046,P21-005624
2021,11431047,P21-002532
2021,11431048,P21-004595
2021,11431049,P21-006850
2021,11431050,P21-003947
2021,11431051,P21-003995
2021,11431052,P21-004405
2021,11431053,P21-006900
2021,11431054,P21-000700
2021,11431055,P21-001427
2021,11431056,P21-002922
2021,11431057,P21-002544
2021,11431058,P21-002798
2021,11431059,P21-000069
2021,11431060,P21-004632
2021,11431061,P21-004725
2021,11431062,P21-002266
2021,11431063,P21-005018
2021,11431064,P21-000955
2021,11431065,P21-000335
2021,11431066,P21-005477
2021,11431067,P21-003859
2021,11431068,P21-002477
2021,11431069,P21-001104
2021,11441001,P21-003532
2021,11441002,P21-001404
2021,11441003,P21-005640
2021,11441004,P21-002502
2021,11441005,P21-000855
2021,11441006,P21-005376
2021,11441007,P21-000820
2021,11441008,P21-004992
2021,11441009,P21-001182
2021,11441010,P21-003350
2021,11441011,P21-003909
2021,11441012,P21-002832
2021,11441013,P21-009353
2021,11441014,P21-000914
2021,11441015,P21-004797
2021,11441016,P21-007849
2021,11441017,P21-004765
2021,11441018,P21-002912
2021,11441019,P21-005415
2021,11441020,P21-003162
2021,11441021,P21-005904
2021,11441022,P21-007429
2021,11441023,P21-006967
2021,11441024,P21-000687
2021,11441025,P21-007656
2021,11441026,P21-002805
2021,11441027,P21-009037
2021,11441028,P21-002033
2021,11441029,P21-005520
2021,11441030,P21-002542
2021,11441031,P21-003201
2021,11441032,P21-008203
2021,11441033,P21-005502
2021,11441034,P21-002757
2021,11441035,P21-004480
2021,11441036,P21-003822
2021,11441037,P21-005291
2021,11441038,P21-007241
2021,11441039,P21-006020
2021,11441040,P21-003318
2021,11441041,P21-007496
2021,11441042,P21-006388
2021,11441043,P21-004315
2021,11441044,P21-003742
2021,11441045,P21-002254
2021,11441046,P21-000455
2021,11441047,P21-006726
2021,11441048,P21-006245
2021,11441049,P21-003042
2021,11441050,P21-004506
2021,11441051,P21-009022
2021,11451001,P21-005809
2021,11451002,P21-009162
2021,11451003,P21-001080
2021,11451004,P21-004100
2021,11451005,P21-004319
2021,11451006,P21-006340
2021,11451007,P21-005044
2021,11451008,P21-003579
2021,11451009,P21-003284
2021,11451010,P21-004128
2021,11451011,P21-007628
2021,11451012,P21-005602
2021,11451013,P21-007030
2021,11451014,P21-002660
2021,11451015,P21-006287
2021,11451016,P21-002302
2021,11451017,P21-006293
2021,11451018,P21-004165
2021,11451019,P21-002881
2021,11451020,P21-000363
2021,11451021,P21-004717
2021,11451022,P21-004576
2021,11451023,P21-001004
2021,11451024,P21-002518
2021,11451025,P21-008972
2021,11451026,P21-003445
2021,11451027,P21-006813
2021,11451028,P21-002560
2021,11451029,P21-004220
2021,11451030,P21-005165
2021,11451031,P21-008574
2021,11451032,P21-000331
2021,11451033,P21-006509
2021,11451034,P21-002664
2021,11451035,P21-000085
2021,11451036,P21-002575
2021,11451037,P21-009029
2021,11451038,P21-008643
2021,11451039,P21-001790
2021,11451040,P21-006964
2021,11451041,P21-000959
2021,11451042,P21-001960
2021,11451043,P21-009117
2021,11451044,P21-007812
2021,11451045,P21-002100
2021,11451046,P21-003642
2021,11451047,P21-006358
2021,11451048,P21-000146
2021,11451049,P21-003298
2021,11451050,P21-009190
2021,11461001,P21-006390
2021,11461002,P21-004923
2021,11461003,P21-007307
2021,11461004,P21-001689
2021,11461005,P21-005746
2021,11461006,P21-000502
2021,11461007,P21-007795
2021,11461008,P21-008645
2021,11461009,P21-008382
2021,11461010,P21-000332
2021,11461011,P21-000359
2021,11461012,P21-006555
2021,11461013,P21-002705
2021,11461014,P21-005305
2021,11461015,P21-006515
2021,11461016,P21-005688
2021,11461017,P21-002682
2021,11461018,P21-008029
2021,11461019,P21-008907
2021,11461020,P21-000684
2021,11461021,P21-004533
2021,11461022,P21-001350
2021,11461023,P21-000968
2021,11461024,P21-001807
2021,11461025,P21-003083
2021,11461026,P21-000753
2021,11461027,P21-008241
2021,11461028,P21-005514
2021,11461029,P21-009047
2021,11461030,P21-005832
2021,11461031,P21-002480
2021,11461032,P21-009388
2021,11461033,P21-006502
2021,11461034,P21-003238
2021,11461035,P21-003314
2021,11461036,P21-001516
2021,11461037,P21-001209
2021,11461038,P21-006627
2021,11461039,P21-007804
2021,11461040,P21-004107
2021,11461041,P21-008968
2021,11461042,P21-007833
2021,11461043,P21-007822
2021,11461044,P21-005057
2021,11461045,P21-002895
2021,11461046,P21-003675
2021,11461047,P21-002975
2021,11461048,P21-000519
2021,11461049,P21-000948
2021,11461050,P21-007810
2021,11461051,P21-001105
2021,11461052,P21-007155
2021,11461053,P21-008388
2021,11461054,P21-005091
2021,11461055,P21-004564
2021,11461056,P21-004389
2021,11461057,P21-000211
2021,11461058,P21-002684
2021,11471001,P21-000352
2021,11471002,P21-005686
2021,11471003,P21-002928
2021,11471004,P21-004631
2021,11471005,P21-006804
2021,11471006,P21-004206
2021,11471007,P21-000971
2021,11471008,P21-002847
2021,11471009,P21-005825
2021,11471010,P21-004214
2021,11471011,P21-002671
2021,11471012,P21-009164
2021,11471013,P21-008675
2021,11471014,P21-006101
2021,11471015,P21-008202
2021,11471016,P21-004342
2021,11471017,P21-006909
2021,11471018,P21-005295
2021,11471019,P21-008296
2021,11471020,P21-002751
2021,11471021,P21-003173
2021,11471022,P21-002915
2021,11471023,P21-000712
2021,11471024,P21-004729
2021,11471025,P21-007976
2021,11471026,P21-003768
2021,11471027,P21-002028
2021,11471028,P21-009163
2021,11471029,P21-001130
2021,11471030,P21-003931
2021,11471031,P21-000001
2021,11471032,P21-006541
2021,11471033,P21-008892
2021,11471034,P21-002864
2021,11471035,P21-002203
2021,11471036,P21-007666
2021,11471037,P21-008103
2021,11471038,P21-003609
2021,11471039,P21-005085
2021,11471040,P21-001053
2021,11471041,P21-006376
2021,11471042,P21-002719
2021,11471043,P21-006419
2021,11471044,P21-005619
2021,11481001,P21-009281
2021,11481002,P21-005566
2021,11481003,P21-000939
2021,11481004,P21-001214
2021,11481005,P21-000518
2021,11481006,P21-002083
2021,11481007,P21-001103
2021,11481008,P21-001801
2021,11481009,P21-004605
2021,11481010,P21-006997
2021,11481011,P21-003603
2021,11481012,P21-006348
2021,11481013,P21-002257
2021,11481014,P21-005300
2021,11481015,P21-006253
2021,11481016,P21-005865
2021,11481017,P21-002941
2021,11481018,P21-004196
2021,11481019,P21-007323
2021,11481020,P21-000434
2021,11481021,P21-003429
2021,11481022,P21-001189
2021,11481023,P21-001099
2021,11481024,P21-000302
2021,11481025,P21-002211
2021,11481026,P21-009289
2021,11481027,P21-002997
2021,11481028,P21-002152
2021,11481029,P21-008730
2021,11481030,P21-003678
2021,11481031,P21-006104
2021,11481032,P21-005180
2021,11481033,P21-002747
2021,11481034,P21-008677
2021,11481035,P21-007100
2021,11481036,P21-000088
2021,11481037,P21-000528
2021,11481038,P21-001719
2021,11481039,P21-004527
2021,11481040,P21-000566
2021,11481041,P21-007886
2021,11481042,P21-004509
2021,11481043,P21-000793
2021,11481044,P21-003075
2021,11481045,P21-008214
2021,11481046,P21-001834
2021,11481047,P21-007459
2021,11481048,P21-004253
2021,11481049,P21-004431
2021,11491001,P21-000013
2021,11491002,P21-001472
2021,11491003,P21-000701
2021,11491004,P21-001744
2021,11491005,P21-000558
2021,11491006,P21-002734
2021,11491007,P21-003293
2021,11491008,P21-003873
2021,11491009,P21-000901
2021,11491010,P21-006069
2021,11491011,P21-000964
2021,11491012,P21-002932
2021,11491013,P21-003844
2021,11491014,P21-000281
2021,11491015,P21-007533
2021,11491016,P21-000051
2021,11491017,P21-007580
2021,11491018,P21-001749
2021,11491019,P21-000493
2021,11491020,P21-005860
2021,11491021,P21-004427
2021,11491022,P21-005184
2021,11491023,P21-001448
2021,11491024,P21-006749
2021,11491025,P21-006115
2021,11491026,P21-005822
2021,11491027,P21-008090
2021,11491028,P21-001248
2021,11491029,P21-008289
2021,11491030,P21-002573
2021,11491031,P21-008939
2021,11491032,P21-008145
2021,11491033,P21-000624
2021,11491034,P21-006968
2021,11491035,P21-008580
2021,11491036,P21-000956
2021,11491037,P21-006264
2021,11491038,P21-007677
2021,11491039,P21-002756
2021,11491040,P21-004914
2021,11491041,P21-005055
2021,11491042,P21-005696
2021,11491043,P21-003957
2021,11491044,P21-009276
2021,11491045,P21-003631
2021,11491046,P21-000337
2021,11491047,P21-007351
2021,11491048,P21-000638
2021,11491049,P21-001335
2021,11491050,P21-000537
2021,11491051,P21-005404
2021,11491052,P21-000023
2021,11491053,P21-002896
2021,11491054,P21-000056
2021,11491055,P21-005461
2021,11491056,P21-004512
2021,11491057,P21-005041
2021,11491058,P21-007510
2021,11491059,P21-005417
2021,11491060,P21-001230
2021,11501001,P21-007564
2021,11501002,P21-004511
2021,11501003,P21-001287
2021,11501004,P21-006589
2021,11501005,P21-001432
2021,11501006,P21-005785
2021,11501007,P21-004053
2021,11501008,P21-002051
2021,11501009,P21-007800
2021,11501010,P21-008180
2021,11501011,P21-003937
2021,11501012,P21-002623
2021,11501013,P21-007915
2021,11501014,P21-001341
2021,11501015,P21-002454
2021,11501016,P21-007252
2021,11501017,P21-005144
2021,11501018,P21-002874
2021,11501019,P21-001002
2021,11501020,P21-003070
2021,11501021,P21-004507
2021,11501022,P21-005383
2021,11501023,P21-000156
2021,11501024,P21-004135
2021,11501025,P21-001521
2021,11501026,P21-005902
2021,11501027,P21-000166
2021,11501028,P21-008443
2021,11501029,P21-006503
2021,11501030,P21-003580
2021,11501031,P21-007930
2021,11501032,P21-005120
2021,11501033,P21-007422
2021,11501034,P21-006801
2021,11501035,P21-001389
2021,11501036,P21-007913
2021,11501037,P21-004267
2021,11501038,P21-001947
2021,11501039,P21-007497
2021,11501040,P21-005774
2021,11501041,P21-002074
2021,11501042,P21-001058
2021,11501043,P21-002537
2021,11501044,P21-003244
2021,11501045,P21-004984
2021,11501046,P21-004906
2021,11501047,P21-001824
2021,11501048,P21-005604
2021,11501049,P21-006520
2021,11501050,P21-002071
2021,11501051,P21-004611
2021,11501052,P21-005239
2021,11501053,P21-004295
2021,11501054,P21-002936
2021,11501055,P21-007527
2021,11501056,P21-000869
2021,11511001,P21-003941
2021,11511002,P21-002388
2021,11511003,P21-009053
2021,11511004,P21-008429
2021,11511005,P21-000954
2021,11511006,P21-001119
2021,11511007,P21-004351
2021,11511008,P21-005549
2021,11511009,P21-007764
2021,11511010,P21-002365
2021,11511011,P21-000233
2021,11511012,P21-007023
2021,11511013,P21-007610
2021,11511014,P21-001641
2021,11511015,P21-003455
2021,11511016,P21-006606
2021,11511017,P21-008100
2021,11511018,P21-002149
2021,11511019,P21-007841
2021,11511020,P21-008411
2021,11511021,P21-004097
2021,11511022,P21-006063
2021,11511023,P21-008442
2021,11511024,P21-003342
2021,11511025,P21-005599
2021,11511026,P21-000962
2021,11511027,P21-000530
2021,11511028,P21-007767
2021,11511029,P21-001338
2021,11511030,P21-004080
2021,11511031,P21-000326
2021,11511032,P21-007420
2021,11511033,P21-005522
2021,11511034,P21-006506
2021,11511035,P21-000994
2021,11511036,P21-002496
2021,11511037,P21-004063
2021,11511038,P21-006991
2021,11511039,P21-001954
2021,11511040,P21-002971
2021,11511041,P21-004244
2021,11511042,P21-005426
2021,11511043,P21-007096
2021,11511044,P21-009076
2021,11511045,P21-008089
2021,11511046,P21-002769
2021,11511047,P21-005618
2021,11511048,P21-001342
2021,11511049,P21-007773
2021,11511050,P21-000628
2021,11511051,P21-000084
2021,11511052,P21-002812
2021,11511053,P21-002385
2021,11511054,P21-005616
2021,11511055,P21-003097
2021,11511056,P21-001802
2021,11511057,P21-008356
2021,11511058,P21-007838
2021,11511059,P21-007650
2021,11511060,P21-001688
2021,11511061,P21-007716
2021,11511062,P21-007336
2021,11511063,P21-007214
2021,11511064,P21-007925
2021,11511065,P21-000432
2021,11511066,P21-008181
2021,11511067,P21-007209
2021,11521001,P21-006617
2021,11521002,P21-004599
2021,11521003,P21-001208
2021,11521004,P21-004481
2021,11521005,P21-008687
2021,11521006,P21-008341
2021,11521007,P21-000374
2021,11521008,P21-005545
2021,11521009,P21-005853
2021,11521010,P21-008268
2021,11521011,P21-005703
2021,11521012,P21-000348
2021,11521013,P21-001559
2021,11521014,P21-005398
2021,11521015,P21-004388
2021,11521016,P21-003056
2021,11521017,P21-009096
2021,11521018,P21-002885
2021,11521019,P21-007815
2021,11521020,P21-001469
2021,11521021,P21-003090
2021,11521022,P21-004939
2021,11521023,P21-006867
2021,11521024,P21-008444
2021,11521025,P21-000298
2021,11521026,P21-002526
2021,11521027,P21-000317
2021,11521028,P21-002960
2021,11521029,P21-005126
2021,11521030,P21-008690
2021,11521031,P21-003061
2021,11521032,P21-008683
2021,11521033,P21-008303
2021,11521034,P21-003495
2021,11521035,P21-009088
2021,11521036,P21-003529
2021,11521037,P21-004672
2021,11521038,P21-001505
2021,11521039,P21-003215
2021,11521040,P21-001402
2021,11521041,P21-007761
2021,11521042,P21-001220
2021,11521043,P21-008476
2021,11521044,P21-007493
2021,11521045,P21-005251
2021,11521046,P21-006756
2021,11521047,P21-006252
2021,11521048,P21-002521
2021,11521049,P21-003145
2021,11521050,P21-004301
2021,11521051,P21-002648
2021,11521052,P21-001268
2021,11521053,P21-000576
2021,11521054,P21-009123
2021,11521055,P21-006697
2021,11521056,P21-006887
2021,11521057,P21-008225
2021,11521058,P21-009339
2021,11521059,P21-003774
2021,11521060,P21-001838
2021,11521061,P21-009080
2021,11521062,P21-001158
2021,11521063,P21-008631
2021,11531001,P21-006211
2021,11531002,P21-002690
2021,11531003,P21-003583
2021,11531004,P21-005432
2021,11531005,P21-001981
2021,11531006,P21-008770
2021,11531007,P21-007190
2021,11531008,P21-005861
2021,11531009,P21-005721
2021,11531010,P21-007215
2021,11531011,P21-003534
2021,11531012,P21-001088
2021,11531013,P21-004750
2021,11531014,P21-004813
2021,11531015,P21-000322
2021,11531016,P21-007482
2021,11531017,P21-002099
2021,11531018,P21-001421
2021,11531019,P21-006800
2021,11531020,P21-003739
2021,11531021,P21-002886
2021,11531022,P21-006483
2021,11531023,P21-005937
2021,11531024,P21-005702
2021,11531025,P21-000785
2021,11531026,P21-008627
2021,11531027,P21-006232
2021,11531028,P21-002514
2021,11531029,P21-002557
2021,11531030,P21-001218
2021,11531031,P21-004329
2021,11531032,P21-003360
2021,11531033,P21-005569
2021,11531034,P21-002942
2021,11531035,P21-000471
2021,11531036,P21-005059
2021,11531037,P21-005413
2021,11531038,P21-001269
2021,11531039,P21-006241
2021,11531040,P21-007625
2021,11531041,P21-002641
2021,11531042,P21-007206
2021,11531043,P21-003346
2021,11531044,P21-001685
2021,11531045,P21-007229
2021,11531046,P21-009379
2021,11531047,P21-005240
2021,11531048,P21-008378
2021,11531049,P21-002637
2021,11531050,P21-007701
2021,11531051,P21-007945
2021,11541001,P21-005643
2021,11541002,P21-005593
2021,11541003,P21-004970
2021,11541004,P21-001716
2021,11541005,P21-003988
2021,11541006,P21-007558
2021,11541007,P21-002770
2021,11541008,P21-005739
2021,11541009,P21-006585
2021,11541010,P21-004741
2021,11541011,P21-001501
2021,11541012,P21-002169
2021,11541013,P21-006979
2021,11541014,P21-008537
2021,11541015,P21-003023
2021,11541016,P21-001912
2021,11541017,P21-008980
2021,11541018,P21-004518
2021,11541019,P21-002296
2021,11541020,P21-007311
2021,11541021,P21-008072
2021,11541022,P21-004373
2021,11541023,P21-007251
2021,11541024,P21-009050
2021,11541025,P21-009293
2021,11541026,P21-005953
2021,11541027,P21-002109
2021,11541028,P21-002611
2021,11541029,P21-002717
2021,11541030,P21-006559
2021,11541031,P21-005227
2021,11541032,P21-000276
2021,11541033,P21-009294
2021,11541034,P21-000067
2021,11541035,P21-002125
2021,11541036,P21-004866
2021,11541037,P21-007750
2021,11541038,P21-002470
2021,11541039,P21-006148
2021,11541040,P21-000099
2021,11541041,P21-004685
2021,11541042,P21-005479
2021,11541043,P21-004891
2021,11541044,P21-003094
2021,11541045,P21-002283
2021,11541046,P21-006761
2021,11541047,P21-008866
2021,11541048,P21-008027
2021,11541049,P21-006618
2021,11541050,P21-003961
2021,11551001,P21-001240
2021,11551002,P21-006310
2021,11551003,P21-003650
2021,11551004,P21-006185
2021,11551005,P21-005866
2021,11551006,P21-006728
2021,11551007,P21-003741
2021,11551008,P21-007476
2021,11551009,P21-007651
2021,11551010,P21-000720
2021,11551011,P21-009100
2021,11551012,P21-005936
2021,11551013,P21-008590
2021,11551014,P21-005850
2021,11551015,P21-003189
2021,11551016,P21-005346
2021,11551017,P21-003197
2021,11551018,P21-009004
2021,11551019,P21-006152
2021,11551020,P21-008124
2021,11551021,P21-005368
2021,11551022,P21-003546
2021,11551023,P21-000447
2021,11551024,P21-000972
2021,11551025,P21-004138
2021,11551026,P21-005806
2021,11551027,P21-005882
2021,11551028,P21-004872
2021,11551029,P21-001297
2021,11551030,P21-004449
2021,11551031,P21-003629
2021,11551032,P21-007399
2021,11551033,P21-008882
2021,11551034,P21-008453
2021,11551035,P21-008956
2021,11551036,P21-003640
2021,11551037,P21-002407
2021,11551038,P21-001313
2021,11551039,P21-004586
2021,11551040,P21-009171
2021,11551041,P21-002451
2021,11551042,P21-001194
2021,11551043,P21-000063
2021,11551044,P21-003048
2021,11551045,P21-001819
2021,11551046,P21-005660
2021,11551047,P21-007296
2021,11551048,P21-005157
2021,11551049,P21-006772
2021,11551050,P21-003503
2021,11551051,P21-006352
2021,11551052,P21-009130
2021,11551053,P21-004475
2021,11551054,P21-004724
2021,11551055,P21-007219
2021,11551056,P21-004197
2021,11551057,P21-006308
2021,11551058,P21-000077
2021,11551059,P21-009381
2021,11551060,P21-006424
2021,11551061,P21-005308
2021,11561001,P21-006303
2021,11561002,P21-001322
2021,11561003,P21-005366
2021,11561004,P21-002892
2021,11561005,P21-002056
2021,11561006,P21-001653
2021,11561007,P21-001523
2021,11561008,P21-004241
2021,11561009,P21-002240
2021,11561010,P21-003531
2021,11561011,P21-008004
2021,11561012,P21-006986
2021,11561013,P21-006665
2021,11561014,P21-001857
2021,11561015,P21-002625
2021,11561016,P21-004020
2021,11561017,P21-008179
2021,11561018,P21-008270
2021,11561019,P21-008121
2021,11561020,P21-001429
2021,11561021,P21-003945
2021,11561022,P21-005100
2021,11561023,P21-008137
2021,11561024,P21-001919
2021,11561025,P21-001449
2021,11561026,P21-007437
2021,11561027,P21-008920
2021,11561028,P21-009373
2021,11561029,P21-007856
2021,11561030,P21-006205
2021,11561031,P21-000411
2021,11561032,P21-000603
2021,11561033,P21-002393
2021,11561034,P21-004496
2021,11561035,P21-000016
2021,11561036,P21-000796
2021,11561037,P21-004447
2021,11561038,P21-009129
2021,11561039,P21-001205
2021,11561040,P21-008659
2021,11561041,P21-007263
2021,11561042,P21-004951
2021,11561043,P21-009393
2021,11561044,P21-003051
2021,11561045,P21-004218
2021,11561046,P21-001387
2021,11561047,P21-004739
2021,11561048,P21-004177
2021,11561049,P21-006183
2021,11561050,P21-006948
2021,11561051,P21-003747
2021,11561052,P21-001258
2021,11561053,P21-001634
2021,11561054,P21-002880
2021,11561055,P21-006240
2021,11561056,P21-002397
2021,11561057,P21-004721
2021,11561058,P21-004462
2021,11561059,P21-005347
2021,11561060,P21-006988
2021,11571001,P21-007621
2021,11571002,P21-002652
2021,11571003,P21-002974
2021,11571004,P21-007614
2021,11571005,P21-004979
2021,11571006,P21-003874
2021,11571007,P21-004085
2021,11571008,P21-000138
2021,11571009,P21-005980
2021,11571010,P21-000221
2021,11571011,P21-006819
2021,11571012,P21-007592
2021,11571013,P21-003247
2021,11571014,P21-008640
2021,11571015,P21-000926
2021,11571016,P21-005605
2021,11571017,P21-001051
2021,11581001,P21-005275
2021,11581002,P21-005612
2021,11581003,P21-003595
2021,11581004,P21-006127
2021,11581005,P21-005375
2021,11581006,P21-004073
2021,11581007,P21-001906
2021,11581008,P21-000206
2021,11581009,P21-004157
2021,11581010,P21-002934
2021,11581011,P21-001283
2021,11581012,P21-007415
2021,11581013,P21-002799
2021,11581014,P21-004443
2021,11581015,P21-002491
2021,11581016,P21-005496
2021,11581017,P21-002894
2021,11581018,P21-003880
2021,11581019,P21-004791
2021,11581020,P21-004395
2021,11581021,P21-007531
2021,11581022,P21-001731
2021,11581023,P21-000842
2021,11581024,P21-003740
2021,11591001,P21-008691
2021,11591002,P21-008283
2021,11591003,P21-007737
2021,11591004,P21-001821
2021,11591005,P21-002430
2021,11591006,P21-004058
2021,11591007,P21-005513
2021,11591008,P21-006190
2021,11591009,P21-002527
2021,11591010,P21-007745
2021,11591011,P21-003666
2021,11591012,P21-008154
2021,11591013,P21-005543
2021,11591014,P21-005083
2021,11591015,P21-002931
2021,11591016,P21-002709
2021,11591017,P21-005095
2021,11591018,P21-002598
2021,11591019,P21-003441
2021,11591020,P21-002858
2021,11591021,P21-001381
2021,11591022,P21-007342
2021,11591023,P21-009077
2021,11591024,P21-004268
2021,11591025,P21-007477
2021,11591026,P21-001784
2021,11591027,P21-005532
2021,11591028,P21-001913
2021,11591029,P21-000376
2021,11591030,P21-002316
2021,11591031,P21-001865
2021,11591032,P21-001854
2021,11591033,P21-007119
2021,11591034,P21-003108
2021,11591035,P21-006941
2021,11591036,P21-007409
2021,11591037,P21-001379
2021,11591038,P21-008151
2021,11591039,P21-006806
2021,11591040,P21-006021
2021,11591041,P21-001502
2021,11591042,P21-004428
2021,11591043,P21-008065
2021,11591044,P21-009081
2021,11591045,P21-006747
2021,11591046,P21-008579
2021,11591047,P21-000401
2021,11591048,P21-002229
2021,11601001,P21-008023
2021,11601002,P21-001902
2021,11601003,P21-000907
2021,11601004,P21-004182
2021,11601005,P21-002536
2021,11601006,P21-007436
2021,11601007,P21-003501
2021,11601008,P21-003383
2021,11601009,P21-009297
2021,11601010,P21-009215
2021,11601011,P21-006124
2021,11601012,P21-003152
2021,11601013,P21-006828
2021,11601014,P21-005908
2021,11601015,P21-004603
2021,11601016,P21-003200
2021,11601017,P21-006849
2021,11601018,P21-006016
2021,11601019,P21-008087
2021,11601020,P21-005725
2021,11601021,P21-006289
2021,11601022,P21-008359
2021,11601023,P21-007895
2021,11601024,P21-007344
2021,11601025,P21-001221
2021,11601026,P21-005387
2021,11601027,P21-003508
2021,11601028,P21-008905
2021,11601029,P21-008556
2021,11601030,P21-009335
2021,11601031,P21-002405
2021,11601032,P21-008526
2021,11601033,P21-004310
2021,11601034,P21-008383
2021,11601035,P21-004636
2021,11601036,P21-009402
2021,11601037,P21-009186
2021,11601038,P21-008773
2021,11601039,P21-008015
2021,11601040,P21-006780
2021,11601041,P21-006985
2021,11601042,P21-007050
2021,11601043,P21-000433
2021,11601044,P21-003204
2021,11601045,P21-009334
2021,11601046,P21-007235
2021,11601047,P21-002338
2021,11601048,P21-009141
2021,11601049,P21-005158
2021,11601050,P21-000803
2021,11601051,P21-002831
2021,11601052,P21-008906
2021,11601053,P21-006236
2021,11601054,P21-004799
2021,11601055,P21-007205
2021,11601056,P21-004066
2021,11601057,P21-002689
2021,11601058,P21-002067
2021,11601059,P21-002353
2021,11601060,P21-001944
2021,11601061,P21-003545
2021,11601062,P21-002513
2021,11601063,P21-000559
2021,11611001,P21-005939
2021,11611002,P21-004086
2021,11611003,P21-007843
2021,11611004,P21-005172
2021,11611005,P21-003467
2021,11611006,P21-006628
2021,11611007,P21-007629
2021,11611008,P21-006869
2021,11611009,P21-005724
2021,11611010,P21-006487
2021,11611011,P21-005943
2021,11611012,P21-003435
2021,11611013,P21-003838
2021,11611014,P21-002065
2021,11611015,P21-003269
2021,11611016,P21-007305
2021,11611017,P21-000586
2021,11611018,P21-004522
2021,11611019,P21-007523
2021,11611020,P21-001026
2021,11611021,P21-007315
2021,11611022,P21-001576
2021,11611023,P21-009287
2021,11611024,P21-000083
2021,11611025,P21-007088
2021,11611026,P21-007207
2021,11611027,P21-005008
2021,11611028,P21-005595
2021,11611029,P21-001075
2021,11611030,P21-006014
2021,11611031,P21-003209
2021,11611032,P21-009321
2021,11611033,P21-004770
2021,11611034,P21-002209
2021,11611035,P21-008998
2021,11611036,P21-005751
2021,11611037,P21-000708
2021,11611038,P21-005530
2021,11611039,P21-004620
2021,11611040,P21-006360
2021,11611041,P21-005807
2021,11611042,P21-005414
2021,11611043,P21-007324
2021,11611044,P21-008227
2021,11611045,P21-003722
2021,11611046,P21-004067
2021,11611047,P21-001886
2021,11611048,P21-000148
2021,11611049,P21-006689
2021,11611050,P21-003005
2021,11611051,P21-001098
2021,11611052,P21-008451
2021,11611053,P21-009132
2021,11611054,P21-008833
2021,11611055,P21-005975
2021,11611056,P21-005672
2021,11621001,P21-000534
2021,11621002,P21-007846
2021,11621003,P21-007338
2021,11621004,P21-007114
2021,11621005,P21-008436
2021,11621006,P21-006814
2021,11621007,P21-001963
2021,11621008,P21-000895
2021,11621009,P21-003700
2021,11621010,P21-008867
2021,11621011,P21-007993
2021,11621012,P21-003896
2021,11621013,P21-000439
2021,11621014,P21-005508
2021,11621015,P21-002970
2021,11621016,P21-004637
2021,11621017,P21-001663
2021,11621018,P21-008775
2021,11621019,P21-006939
2021,11621020,P21-000214
2021,11621021,P21-003596
2021,11621022,P21-003079
2021,11621023,P21-009362
2021,11621024,P21-002088
2021,11621025,P21-006540
2021,11621026,P21-002867
2021,11621027,P21-007824
2021,11621028,P21-002731
2021,11621029,P21-006965
2021,11621030,P21-005737
2021,11621031,P21-001156
2021,11621032,P21-001394
2021,11621033,P21-000851
2021,11621034,P21-001054
2021,11621035,P21-004572
2021,11621036,P21-006373
2021,11621037,P21-000487
2021,11621038,P21-004415
2021,11621039,P21-001779
2021,11621040,P21-005928
2021,11621041,P21-008684
2021,11621042,P21-004455
2021,11621043,P21-002565
2021,11621044,P21-000646
2021,11621045,P21-001867
2021,11621046,P21-001891
2021,11621047,P21-006452
2021,11621048,P21-002333
2021,11621049,P21-002549
2021,11621050,P21-009059
2021,11621051,P21-004025
2021,11631001,P21-006009
2021,11631002,P21-004420
2021,11631003,P21-004758
2021,11631004,P21-005242
2021,11631005,P21-005016
2021,11631006,P21-003637
2021,11631007,P21-006144
2021,11631008,P21-002173
2021,11631009,P21-007290
2021,11631010,P21-002964
2021,11631011,P21-003951
2021,11631012,P21-004231
2021,11631013,P21-007130
2021,11631014,P21-002295
2021,11631015,P21-005222
2021,11631016,P21-004318
2021,11631017,P21-008020
2021,11631018,P21-008164
2021,11631019,P21-006430
2021,11631020,P21-008911
2021,11631021,P21-005536
2021,11631022,P21-005742
2021,11631023,P21-007488
2021,11631024,P21-001377
2021,11631025,P21-007144
2021,11631026,P21-000105
2021,11631027,P21-005776
2021,11631028,P21-002862
2021,11631029,P21-000678
2021,11631030,P21-000043
2021,11631031,P21-007875
2021,11631032,P21-002618
2021,11631033,P21-005262
2021,11631034,P21-008917
2021,11631035,P21-007814
2021,11631036,P21-002755
2021,11631037,P21-007134
2021,11631038,P21-005188
2021,11631039,P21-004915
2021,11631040,P21-005219
2021,11631041,P21-005030
2021,11631042,P21-008348
2021,11631043,P21-007092
2021,11631044,P21-004276
2021,11631045,P21-000356
2021,11631046,P21-006942
2021,11631047,P21-006393
2021,11631048,P21-000351
2021,11631049,P21-002379
2021,11631050,P21-006554
2021,11631051,P21-000484
2021,11631052,P21-003975
2021,11631053,P21-007520
2021,11631054,P21-004760
2021,11631055,P21-004888
2021,11631056,P21-000466
2021,11631057,P21-004390
2021,11631058,P21-001106
2021,11631059,P21-002952
2021,11631060,P21-002685
2021,11631061,P21-000020
2021,11641001,P21-005836
2021,11641002,P21-007054
2021,11641003,P21-000200
2021,11641004,P21-003208
2021,11641005,P21-008133
2021,11641006,P21-004850
2021,11641007,P21-000863
2021,11641008,P21-004122
2021,11641009,P21-000949
2021,11641010,P21-001858
2021,11641011,P21-008318
2021,11641012,P21-004785
2021,11641013,P21-006891
2021,11641014,P21-002036
2021,11641015,P21-009057
2021,11641016,P21-004002
2021,11641017,P21-001806
2021,11641018,P21-003448
2021,11641019,P21-002863
2021,11641020,P21-002175
2021,11641021,P21-008545
2021,11641022,P21-004300
2021,11641023,P21-008057
2021,11641024,P21-003775
2021,11641025,P21-002310
2021,11641026,P21-008358
2021,11641027,P21-004712
2021,11641028,P21-005779
2021,11641029,P21-007479
2021,11641030,P21-003324
2021,11641031,P21-005753
2021,11641032,P21-008983
2021,11641033,P21-003964
2021,11641034,P21-007080
2021,11641035,P21-003340
2021,11641036,P21-001254
2021,11641037,P21-002336
2021,11641038,P21-002427
2021,11641039,P21-004706
2021,11641040,P21-004009
2021,11641041,P21-005589
2021,11641042,P21-008567
2021,11641043,P21-001791
2021,11641044,P21-003236
2021,11641045,P21-000890
2021,11641046,P21-004209
2021,11641047,P21-003504
2021,11641048,P21-008392
2021,11641049,P21-001198
2021,11641050,P21-008340
2021,11641051,P21-009219
2021,11641052,P21-001392
2021,11641053,P21-004221
2021,11641054,P21-009271
2021,11651001,P21-003607
2021,11651002,P21-003734
2021,11651003,P21-007121
2021,11651004,P21-009052
2021,11651005,P21-003421
2021,11651006,P21-006598
2021,11651007,P21-004883
2021,11651008,P21-000309
2021,11651009,P21-003839
2021,11651010,P21-006387
2021,11651011,P21-001548
2021,11651012,P21-006943
2021,11651013,P21-004780
2021,11651014,P21-005585
2021,11651015,P21-004786
2021,11651016,P21-005455
2021,11651017,P21-004326
2021,11651018,P21-001127
2021,11651019,P21-004367
2021,11651020,P21-006161
2021,11651021,P21-008891
2021,11651022,P21-000879
2021,11651023,P21-008471
2021,11651024,P21-001515
2021,11651025,P21-008853
2021,11651026,P21-007528
2021,11651027,P21-000163
2021,11651028,P21-003709
2021,11651029,P21-004321
2021,11651030,P21-009095
2021,11651031,P21-001336
2021,11651032,P21-007332
2021,11651033,P21-000445
2021,11651034,P21-008583
2021,11651035,P21-001191
2021,11651036,P21-006995
2021,11651037,P21-004700
2021,11651038,P21-007990
2021,11651039,P21-008282
2021,11651040,P21-006083
2021,11651041,P21-009392
2021,11651042,P21-006159
2021,11651043,P21-007471
2021,11651044,P21-006895
2021,11651045,P21-006099
2021,11651046,P21-004401
2021,11651047,P21-000887
2021,11651048,P21-006428
2021,11651049,P21-009401
2021,11651050,P21-006204
2021,11651051,P21-004723
2021,11651052,P21-007359
2021,11651053,P21-007845
2021,11651054,P21-002843
2021,11651055,P21-007378
2021,11661001,P21-007191
2021,11661002,P21-005086
2021,11661003,P21-002727
2021,11661004,P21-007304
2021,11661005,P21-006065
2021,11661006,P21-003960
2021,11661007,P21-007301
2021,11661008,P21-002498
2021,11661009,P21-003698
2021,11661010,P21-002218
2021,11661011,P21-003030
2021,11661012,P21-001190
2021,11661013,P21-008112
2021,11661014,P21-004596
2021,11661015,P21-007714
2021,11661016,P21-005160
2021,11661017,P21-001250
2021,11661018,P21-004095
2021,11661019,P21-001296
2021,11661020,P21-003020
2021,11661021,P21-003282
2021,11661022,P21-006650
2021,11661023,P21-000827
2021,11661024,P21-008704
2021,11661025,P21-004697
2021,11661026,P21-001408
2021,11661027,P21-001934
2021,11661028,P21-002701
2021,11661029,P21-005056
2021,11661030,P21-003743
2021,11661031,P21-006002
2021,11661032,P21-001866
2021,11661033,P21-007668
2021,11661034,P21-003814
2021,11661035,P21-001760
2021,11661036,P21-001293
2021,11661037,P21-008708
2021,11661038,P21-001279
2021,11661039,P21-007492
2021,11661040,P21-000293
2021,11661041,P21-005070
2021,11661042,P21-005327
2021,11661043,P21-006594
2021,11661044,P21-001587
2021,11661045,P21-000117
2021,11661046,P21-001690
2021,11661047,P21-008468
2021,11661048,P21-000278
2021,11661049,P21-005679
2021,11661050,P21-001271
2021,11661051,P21-008981
2021,11661052,P21-004445
2021,11661053,P21-005229
2021,11671001,P21-003610
2021,11671002,P21-007325
2021,11671003,P21-003578
2021,11671004,P21-004768
2021,11671005,P21-000965
2021,11671006,P21-003871
2021,11671007,P21-006439
2021,11671008,P21-005981
2021,11671009,P21-005151
2021,11671010,P21-004580
2021,11671011,P21-001911
2021,11671012,P21-002170
2021,11671013,P21-000269
2021,11671014,P21-004810
2021,11671015,P21-002359
2021,11671016,P21-001721
2021,11671017,P21-006532
2021,11671018,P21-009176
2021,11671019,P21-004484
2021,11671020,P21-005905
2021,11671021,P21-004708
2021,11671022,P21-005950
2021,11671023,P21-002546
2021,11671024,P21-009067
2021,11671025,P21-009385
2021,11671026,P21-001694
2021,11671027,P21-003697
2021,11671028,P21-007713
2021,11671029,P21-005647
2021,11671030,P21-008255
2021,11671031,P21-004360
2021,11671032,P21-009364
2021,11671033,P21-004555
2021,11671034,P21-001071
2021,11671035,P21-007221
2021,11671036,P21-005637
2021,11671037,P21-008288
2021,11671038,P21-002955
2021,11671039,P21-002632
2021,11671040,P21-002497
2021,11671041,P21-005770
2021,11671042,P21-005713
2021,11671043,P21-002293
2021,11671044,P21-008534
2021,11671045,P21-001757
2021,11671046,P21-001727
2021,11671047,P21-009330
2021,11671048,P21-003371
2021,11671049,P21-004305
2021,11681001,P21-005767
2021,11681002,P21-003932
2021,11681003,P21-001647
2021,11681004,P21-005046
2021,11681005,P21-000490
2021,11681006,P21-004932
2021,11681007,P21-001962
2021,11681008,P21-008450
2021,11681009,P21-002007
2021,11681010,P21-003029
2021,11681011,P21-002507
2021,11681012,P21-007055
2021,11681013,P21-007431
2021,11681014,P21-007966
2021,11681015,P21-005465
2021,11681016,P21-004144
2021,11681017,P21-006777
2021,11681018,P21-007949
2021,11681019,P21-000424
2021,11681020,P21-003288
2021,11681021,P21-000917
2021,11681022,P21-007149
2021,11681023,P21-003928
2021,11681024,P21-008263
2021,11681025,P21-005524
2021,11681026,P21-002234
2021,11681027,P21-001376
2021,11681028,P21-000717
2021,11681029,P21-003010
2021,11681030,P21-005716
2021,11681031,P21-003063
2021,11681032,P21-004618
2021,11681033,P21-001599
2021,11681034,P21-004161
2021,11681035,P21-006119
2021,11681036,P21-007404
2021,11681037,P21-006343
2021,11681038,P21-003612
2021,11681039,P21-008921
2021,11681040,P21-000575
2021,11681041,P21-003345
2021,11681042,P21-008788
2021,11681043,P21-003330
2021,11681044,P21-006591
2021,11681045,P21-007419
2021,11681046,P21-001560
2021,11681047,P21-003969
2021,11681048,P21-003095
2021,11681049,P21-009144
2021,11681050,P21-000825
2021,11681051,P21-004846
2021,11681052,P21-001366
2021,11681053,P21-001553
2021,11681054,P21-006797
2021,11681055,P21-006210
2021,11681056,P21-009026
2021,11681057,P21-004832
2021,11681058,P21-002455
2021,11681059,P21-005841
2021,11681060,P21-007932
2021,11681061,P21-005673
2021,11681062,P21-002679
2021,11681063,P21-006377
2021,11681064,P21-007462
2021,11681065,P21-009126
2021,11681066,P21-002548
2021,11691001,P21-001444
2021,11691002,P21-007299
2021,11691003,P21-008371
2021,11691004,P21-004649
2021,11691005,P21-009070
2021,11691006,P21-005659
2021,11691007,P21-003187
2021,11691008,P21-002977
2021,11691009,P21-008801
2021,11691010,P21-001049
2021,11691011,P21-004861
2021,11691012,P21-000247
2021,11691013,P21-005571
2021,11691014,P21-004464
2021,11691015,P21-003446
2021,11691016,P21-003652
2021,11691017,P21-009149
2021,11691018,P21-007931
2021,11691019,P21-004583
2021,11691020,P21-008798
2021,11691021,P21-004099
2021,11691022,P21-003024
2021,11691023,P21-000299
2021,11691024,P21-005345
2021,11691025,P21-006626
2021,11691026,P21-000413
2021,11691027,P21-004174
2021,11691028,P21-003497
2021,11691029,P21-006610
2021,11691030,P21-002021
2021,11691031,P21-007735
2021,11691032,P21-002133
2021,11691033,P21-003271
2021,11691034,P21-007367
2021,11691035,P21-001384
2021,11691036,P21-003597
2021,11691037,P21-003659
2021,11691038,P21-007901
2021,11691039,P21-008347
2021,11691040,P21-004922
2021,11691041,P21-002243
2021,11691042,P21-001101
2021,11691043,P21-006223
2021,11691044,P21-001776
2021,11691045,P21-002996
2021,11691046,P21-002106
2021,11691047,P21-000597
2021,11691048,P21-006383
2021,11691049,P21-006071
2021,11691050,P21-006510
2021,11691051,P21-007827
2021,11691052,P21-008297
2021,11691053,P21-003431
2021,11691054,P21-007444
2021,11691055,P21-008570
2021,11691056,P21-003527
2021,11691057,P21-003087
2021,11691058,P21-001691
2021,11691059,P21-009108
2021,11701001,P21-005406
2021,11701002,P21-003555
2021,11701003,P21-008142
2021,11701004,P21-008488
2021,11701005,P21-008394
2021,11701006,P21-005137
2021,11701007,P21-000570
2021,11701008,P21-001680
2021,11701009,P21-001715
2021,11701010,P21-001623
2021,11701011,P21-008874
2021,11701012,P21-007364
2021,11701013,P21-002986
2021,11701014,P21-007145
2021,11701015,P21-008720
2021,11701016,P21-005342
2021,11701017,P21-003481
2021,11701018,P21-007601
2021,11701019,P21-001578
2021,11701020,P21-005234
2021,11701021,P21-001161
2021,11701022,P21-005110
2021,11701023,P21-000482
2021,11701024,P21-008459
2021,11701025,P21-008634
2021,11701026,P21-000397
2021,11701027,P21-007552
2021,11701028,P21-002990
2021,11701029,P21-001398
2021,11701030,P21-000695
2021,11701031,P21-002370
2021,11701032,P21-001070
2021,11701033,P21-006802
2021,11701034,P21-000106
2021,11701035,P21-006134
2021,11701036,P21-006235
2021,11701037,P21-004184
2021,11701038,P21-008492
2021,11701039,P21-008435
2021,11701040,P21-009322
2021,11701041,P21-002332
2021,11701042,P21-003133
2021,11701043,P21-005929
2021,11701044,P21-005967
2021,11701045,P21-001642
2021,11701046,P21-001892
2021,11701047,P21-001327
2021,11701048,P21-002954
2021,11711001,P21-000682
2021,11711002,P21-001330
2021,11711003,P21-005871
2021,11711004,P21-002319
2021,11711005,P21-002859
2021,11711006,P21-002784
2021,11711007,P21-008944
2021,11711008,P21-008482
2021,11711009,P21-003260
2021,11711010,P21-003911
2021,11711011,P21-000253
2021,11711012,P21-005877
2021,11711013,P21-002720
2021,11711014,P21-003177
2021,11711015,P21-002947
2021,11711016,P21-006248
2021,11711017,P21-006267
2021,11711018,P21-007320
2021,11711019,P21-004827
2021,11711020,P21-003575
2021,11711021,P21-005377
2021,11711022,P21-006448
2021,11711023,P21-008826
2021,11711024,P21-004230
2021,11711025,P21-000698
2021,11711026,P21-001785
2021,11711027,P21-004416
2021,11711028,P21-005823
2021,11711029,P21-007555
2021,11711030,P21-007500
2021,11711031,P21-000756
2021,11711032,P21-000443
2021,11711033,P21-007640
2021,11711034,P21-002651
2021,11711035,P21-006696
2021,11711036,P21-004404
2021,11711037,P21-007133
2021,11711038,P21-009314
2021,11711039,P21-001040
2021,11711040,P21-009220
2021,11711041,P21-002053
2021,11711042,P21-000509
2021,11711043,P21-001001
2021,11711044,P21-004667
2021,11711045,P21-007593
2021,11711046,P21-004440
2021,11711047,P21-008253
2021,11711048,P21-005436
2021,11711049,P21-002029
2021,11711050,P21-003078
2021,11711051,P21-003115
2021,11711052,P21-001702
2021,11711053,P21-008865
2021,11711054,P21-000002
2021,11711055,P21-000841
2021,11711056,P21-003985
2021,11721001,P21-005784
2021,11721002,P21-008676
2021,11721003,P21-006873
2021,11721004,P21-002244
2021,11721005,P21-004204
2021,11721006,P21-009382
2021,11721007,P21-008603
2021,11721008,P21-008551
2021,11721009,P21-002199
2021,11721010,P21-004858
2021,11721011,P21-009255
2021,11721012,P21-002813
2021,11721013,P21-004694
2021,11721014,P21-007074
2021,11721015,P21-000289
2021,11721016,P21-003218
2021,11721017,P21-004728
2021,11721018,P21-005685
2021,11721019,P21-005955
2021,11721020,P21-004918
2021,11721021,P21-005099
2021,11721022,P21-004399
2021,11721023,P21-006031
2021,11721024,P21-002344
2021,11721025,P21-009118
2021,11721026,P21-003126
2021,11721027,P21-006864
2021,11721028,P21-001678
2021,11721029,P21-007820
2021,11721030,P21-008412
2021,11721031,P21-002128
2021,11721032,P21-002471
2021,11721033,P21-000059
2021,11721034,P21-008498
2021,11721035,P21-006440
2021,11721036,P21-001668
2021,11721037,P21-008973
2021,11721038,P21-002048
2021,11721039,P21-000073
2021,11721040,P21-004289
2021,11721041,P21-000522
2021,11721042,P21-004247
2021,11721043,P21-007871
2021,11721044,P21-005993
2021,11721045,P21-003559
2021,11721046,P21-006655
2021,11721047,P21-008533
2021,11721048,P21-005168
2021,11721049,P21-004270
2021,11721050,P21-008276
2021,11721051,P21-006762
2021,11721052,P21-004489
2021,11721053,P21-007087
2021,11721054,P21-009261
2021,11721055,P21-005650
2021,11721056,P21-000973
2021,11721057,P21-002786
2021,11721058,P21-005727
2021,11721059,P21-001839
2021,11721060,P21-003802
2021,11721061,P21-007604
2021,11721062,P21-009266
2021,11721063,P21-005419
2021,11721064,P21-009058
2021,11731001,P21-000362
2021,11731002,P21-006347
2021,11731003,P21-006206
2021,11731004,P21-006213
2021,11731005,P21-007346
2021,11731006,P21-006316
2021,11731007,P21-006207
2021,11731008,P21-006283
2021,11731009,P21-003934
2021,11731010,P21-008252
2021,11731011,P21-000341
2021,11731012,P21-003343
2021,11731013,P21-001094
2021,11731014,P21-005680
2021,11731015,P21-004831
2021,11731016,P21-007683
2021,11731017,P21-000093
2021,11731018,P21-008130
2021,11731019,P21-005849
2021,11731020,P21-002713
2021,11731021,P21-006576
2021,11731022,P21-005914
2021,11731023,P21-004852
2021,11731024,P21-007161
2021,11731025,P21-000751
2021,11731026,P21-009387
2021,11731027,P21-002371
2021,11731028,P21-003616
2021,11731029,P21-000859
2021,11731030,P21-004381
2021,11731031,P21-005916
2021,11731032,P21-008182
2021,11731033,P21-009257
2021,11731034,P21-008622
2021,11731035,P21-002680
2021,11731036,P21-001682
2021,11731037,P21-007724
2021,11731038,P21-004953
2021,11731039,P21-003744
2021,11731040,P21-006823
2021,11731041,P21-007375
2021,11731042,P21-008407
2021,11731043,P21-003327
2021,11731044,P21-002468
2021,11731045,P21-007741
2021,11731046,P21-009212
2021,11731047,P21-000655
2021,11731048,P21-005921
2021,11731049,P21-000377
2021,11731050,P21-008810
2021,11731051,P21-007316
2021,11731052,P21-008817
2021,11731053,P21-003128
2021,11731054,P21-004623
2021,11731055,P21-001344
2021,11731056,P21-006768
2021,11731057,P21-004088
2021,11731058,P21-002693
2021,11731059,P21-007909
2021,11741001,P21-002683
2021,11741002,P21-004616
2021,11741003,P21-005464
2021,11741004,P21-008409
2021,11741005,P21-000203
2021,11741006,P21-001667
2021,11741007,P21-006126
2021,11741008,P21-003587
2021,11741009,P21-002957
2021,11741010,P21-008605
2021,11741011,P21-003641
2021,11741012,P21-006571
2021,11741013,P21-008019
2021,11741014,P21-006276
2021,11741015,P21-002341
2021,11741016,P21-005639
2021,11741017,P21-006263
2021,11741018,P21-000983
2021,11741019,P21-006286
2021,11741020,P21-000423
2021,11741021,P21-005050
2021,11741022,P21-004273
2021,11741023,P21-000776
2021,11741024,P21-008479
2021,11741025,P21-006698
2021,11741026,P21-006045
2021,11741027,P21-006338
2021,11741028,P21-007972
2021,11741029,P21-001302
2021,11741030,P21-003326
2021,11741031,P21-007217
2021,11741032,P21-008325
2021,11741033,P21-008152
2021,11741034,P21-009124
2021,11741035,P21-002193
2021,11741036,P21-004885
2021,11741037,P21-000295
2021,11741038,P21-008257
2021,11741039,P21-009111
2021,11741040,P21-007105
2021,11741041,P21-008584
2021,11741042,P21-003706
2021,11741043,P21-005296
2021,11741044,P21-008901
2021,11741045,P21-008669
2021,11741046,P21-006672
2021,11741047,P21-000167
2021,11741048,P21-002124
2021,11741049,P21-005307
2021,11741050,P21-004720
2021,11741051,P21-003464
2021,11741052,P21-007248
2021,11741053,P21-008646
2021,11741054,P21-007083
2021,11741055,P21-003463
2021,11741056,P21-008827
2021,11741057,P21-002358
2021,11741058,P21-008633
2021,11741059,P21-003572
2021,11741060,P21-008300
2021,11741061,P21-005140
2021,11741062,P21-005945
2021,11751001,P21-007371
2021,11751002,P21-007126
2021,11751003,P21-003638
2021,11751004,P21-004774
2021,11751005,P21-000066
2021,11751006,P21-004396
2021,11751007,P21-001045
2021,11751008,P21-006542
2021,11751009,P21-002362
2021,11751010,P21-007517
2021,11751011,P21-000057
2021,11751012,P21-001723
2021,11751013,P21-001154
2021,11751014,P21-005403
2021,11751015,P21-007138
2021,11751016,P21-004402
2021,11751017,P21-007711
2021,11751018,P21-003784
2021,11751019,P21-006666
2021,11751020,P21-004892
2021,11751021,P21-000183
2021,11751022,P21-009361
2021,11751023,P21-002475
2021,11751024,P21-008680
2021,11751025,P21-005675
2021,11751026,P21-008668
2021,11751027,P21-000426
2021,11751028,P21-008672
2021,11751029,P21-000316
2021,11751030,P21-005645
2021,11751031,P21-005173
2021,11751032,P21-004545
2021,11751033,P21-003793
2021,11751034,P21-002978
2021,11751035,P21-003184
2021,11751036,P21-006639
2021,11751037,P21-005683
2021,11751038,P21-007392
2021,11751039,P21-000990
2021,11751040,P21-001301
2021,11751041,P21-002450
2021,11751042,P21-001466
2021,11751043,P21-002492
2021,11751044,P21-005270
2021,11751045,P21-005656
2021,11751046,P21-006872
2021,11751047,P21-001624
2021,11751048,P21-007246
2021,11751049,P21-001645
2021,11751050,P21-004482
2021,11751051,P21-003519
2021,11751052,P21-004949
2021,11751053,P21-005264
2021,11751054,P21-005951
2021,11751055,P21-003944
2021,11751056,P21-005382
2021,11751057,P21-008666
2021,11751058,P21-002674
2021,11751059,P21-003231
2021,11751060,P21-007102
2021,11751061,P21-007421
2021,11751062,P21-005558
2021,11751063,P21-005954
2021,11751064,P21-004554
2021,11751065,P21-003790
2021,11751066,P21-006490
2021,11761001,P21-006649
2021,11761002,P21-005636
2021,11761003,P21-005552
2021,11761004,P21-004274
2021,11761005,P21-009105
2021,11761006,P21-004120
2021,11761007,P21-002197
2021,11761008,P21-000704
2021,11761009,P21-002582
2021,11761010,P21-000485
2021,11761011,P21-000840
2021,11761012,P21-009233
2021,11761013,P21-000662
2021,11761014,P21-000081
2021,11761015,P21-003176
2021,11761016,P21-002897
2021,11761017,P21-005490
2021,11761018,P21-001557
2021,11761019,P21-003400
2021,11761020,P21-000621
2021,11761021,P21-007363
2021,11761022,P21-006484
2021,11761023,P21-008362
2021,11761024,P21-001213
2021,11761025,P21-004406
2021,11761026,P21-003847
2021,11761027,P21-009352
2021,11761028,P21-003182
2021,11761029,P21-003869
2021,11761030,P21-000171
2021,11761031,P21-007185
2021,11761032,P21-006451
2021,11761033,P21-000944
2021,11761034,P21-001375
2021,11761035,P21-001692
2021,11761036,P21-000697
2021,11761037,P21-008750
2021,11761038,P21-002345
2021,11761039,P21-005989
2021,11761040,P21-002656
2021,11761041,P21-004897
2021,11761042,P21-002145
2021,11761043,P21-000784
2021,11761044,P21-006365
2021,11761045,P21-004975
2021,11761046,P21-002724
2021,11761047,P21-005875
2021,11761048,P21-000739
2021,11761049,P21-002830
2021,11761050,P21-003850
2021,11761051,P21-000283
2021,11761052,P21-004074
2021,11761053,P21-000883
2021,11761054,P21-004669
2021,11761055,P21-008146
2021,11761056,P21-008520
2021,11771001,P21-007718
2021,11771002,P21-005365
2021,11771003,P21-005752
2021,11771004,P21-002509
2021,11771005,P21-006701
2021,11771006,P21-004916
2021,11771007,P21-007042
2021,11771008,P21-003639
2021,11771009,P21-007103
2021,11771010,P21-004682
2021,11771011,P21-007507
2021,11771012,P21-004261
2021,11771013,P21-003158
2021,11771014,P21-005093
2021,11771015,P21-001074
2021,11771016,P21-008339
2021,11771017,P21-004844
2021,11771018,P21-003479
2021,11771019,P21-007260
2021,11771020,P21-008571
2021,11771021,P21-000757
2021,11771022,P21-007834
2021,11771023,P21-000938
2021,11771024,P21-004282
2021,11771025,P21-000728
2021,11771026,P21-006798
2021,11771027,P21-003680
2021,11771028,P21-008686
2021,11771029,P21-000713
2021,11771030,P21-005384
2021,11771031,P21-002435
2021,11771032,P21-003122
2021,11771033,P21-000224
2021,11771034,P21-000817
2021,11771035,P21-002122
2021,11771036,P21-002112
2021,11771037,P21-003228
2021,11771038,P21-009344
2021,11771039,P21-003797
2021,11771040,P21-002583
2021,11771041,P21-007719
2021,11771042,P21-009073
2021,11771043,P21-007331
2021,11771044,P21-005164
2021,11771045,P21-006668
2021,11771046,P21-007654
2021,11771047,P21-009246
2021,11771048,P21-006196
2021,11771049,P21-008176
2021,11771050,P21-003702
2021,11771051,P21-009273
2021,11771052,P21-002438
2021,11771053,P21-006456
2021,11781001,P21-001507
2021,11781002,P21-008881
2021,11781003,P21-003124
2021,11781004,P21-003590
2021,11781005,P21-007746
2021,11781006,P21-002182
2021,11781007,P21-006969
2021,11781008,P21-003009
2021,11781009,P21-000132
2021,11781010,P21-002500
2021,11781011,P21-006301
2021,11781012,P21-005217
2021,11781013,P21-002551
2021,11781014,P21-004163
2021,11781015,P21-008013
2021,11781016,P21-007502
2021,11781017,P21-009079
2021,11781018,P21-002164
2021,11781019,P21-008948
2021,11781020,P21-001950
2021,11781021,P21-006221
2021,11781022,P21-006011
2021,11781023,P21-002300
2021,11781024,P21-002090
2021,11781025,P21-003333
2021,11781026,P21-007432
2021,11781027,P21-000933
2021,11781028,P21-001319
2021,11781029,P21-000131
2021,11781030,P21-002636
2021,11781031,P21-006957
2021,11781032,P21-004309
2021,11781033,P21-002132
2021,11781034,P21-006122
2021,11781035,P21-002948
2021,11781036,P21-001610
2021,11781037,P21-007192
2021,11781038,P21-003450
2021,11781039,P21-000730
2021,11781040,P21-008092
2021,11781041,P21-006296
2021,11781042,P21-003341
2021,11781043,P21-007512
2021,11781044,P21-000876
2021,11781045,P21-008418
2021,11781046,P21-000674
2021,11781047,P21-002615
2021,11781048,P21-004393
2021,11781049,P21-007275
2021,11781050,P21-004114
2021,11781051,P21-004896
2021,11781052,P21-005500
2021,11781053,P21-007468
2021,11781054,P21-001262
2021,11781055,P21-002908
2021,11781056,P21-006272
2021,11791001,P21-004349
2021,11791002,P21-002824
2021,11791003,P21-001674
2021,11791004,P21-002736
2021,11791005,P21-007586
2021,11791006,P21-005740
2021,11791007,P21-002836
2021,11791008,P21-004656
2021,11791009,P21-001978
2021,11791010,P21-001843
2021,11791011,P21-008557
2021,11791012,P21-007137
2021,11791013,P21-002154
2021,11791014,P21-006996
2021,11791015,P21-000878
2021,11791016,P21-000265
2021,11791017,P21-001591
2021,11791018,P21-000778
2021,11791019,P21-004971
2021,11791020,P21-008309
2021,11791021,P21-002738
2021,11791022,P21-002501
2021,11791023,P21-005098
2021,11791024,P21-001340
2021,11791025,P21-004508
2021,11791026,P21-005297
2021,11791027,P21-005082
2021,11791028,P21-008081
2021,11791029,P21-003067
2021,11791030,P21-002783
2021,11791031,P21-001345
2021,11791032,P21-001626
2021,11791033,P21-001638
2021,11791034,P21-005283
2021,11791035,P21-003106
2021,11791036,P21-000616
2021,11791037,P21-009039
2021,11791038,P21-007032
2021,11791039,P21-003588
2021,11791040,P21-000068
2021,11791041,P21-002547
2021,11791042,P21-003594
2021,11791043,P21-002284
2021,11791044,P21-007929
2021,11791045,P21-007189
2021,11791046,P21-008510
2021,11791047,P21-007330
2021,11791048,P21-002342
2021,11791049,P21-008177
2021,11791050,P21-002467
2021,11791051,P21-003285
2021,11791052,P21-005187
2021,11791053,P21-001589
2021,11791054,P21-002567
2021,11791055,P21-001594
2021,11791056,P21-003891
2021,11791057,P21-006631
2021,11791058,P21-006000
2021,11791059,P21-001413
2021,11791060,P21-009228
2021,11791061,P21-009218
2021,11791062,P21-007549
2021,11791063,P21-001585
2021,11801001,P21-004526
2021,11801002,P21-008658
2021,11801003,P21-005012
2021,11801004,P21-002288
2021,11801005,P21-008823
2021,11801006,P21-008928
2021,11801007,P21-006816
2021,11801008,P21-000924
2021,11801009,P21-002822
2021,11801010,P21-003573
2021,11801011,P21-005424
2021,11801012,P21-000189
2021,11801013,P21-007840
2021,11801014,P21-006693
2021,11801015,P21-009254
2021,11801016,P21-006368
2021,11801017,P21-000873
2021,11801018,P21-004151
2021,11801019,P21-000074
2021,11801020,P21-003157
2021,11801021,P21-008245
2021,11801022,P21-008942
2021,11801023,P21-009386
2021,11801024,P21-008664
2021,11801025,P21-004968
2021,11801026,P21-003825
2021,11801027,P21-008068
2021,11801028,P21-006767
2021,11801029,P21-000399
2021,11801030,P21-002097
2021,11801031,P21-003295
2021,11801032,P21-008247
2021,11801033,P21-000241
2021,11801034,P21-004646
2021,11801035,P21-007425
2021,11801036,P21-007623
2021,11801037,P21-007150
2021,11801038,P21-002819
2021,11801039,P21-004673
2021,11801040,P21-008755
2021,11801041,P21-004478
2021,11801042,P21-007365
2021,11801043,P21-007259
2021,11801044,P21-006675
2021,11801045,P21-005573
2021,11801046,P21-006482
2021,11801047,P21-007751
2021,11801048,P21-007538
2021,11801049,P21-007377
2021,11801050,P21-007434
2021,11801051,P21-000985
2021,11801052,P21-002677
2021,11801053,P21-005926
2021,11801054,P21-002973
2021,11801055,P21-007212
2021,11801056,P21-000333
2021,11801057,P21-003089
2021,11801058,P21-006660
2021,11801059,P21-007341
2021,11801060,P21-000217
2021,11801061,P21-003851
2021,11801062,P21-002425
2021,11801063,P21-007009
2021,11801064,P21-002258
2021,11801065,P21-004079
2021,11801066,P21-001538
2021,11811001,P21-002554
2021,11811002,P21-006173
2021,11811003,P21-006599
2021,11811004,P21-007281
2021,11811005,P21-004806
2021,11811006,P21-005594
2021,11811007,P21-001291
2021,11811008,P21-000052
2021,11811009,P21-006831
2021,11811010,P21-001579
2021,11811011,P21-002409
2021,11811012,P21-008078
2021,11811013,P21-003922
2021,11811014,P21-000465
2021,11811015,P21-004648
2021,11811016,P21-002980
2021,11811017,P21-000846
2021,11811018,P21-000470
2021,11811019,P21-004735
2021,11811020,P21-006001
2021,11811021,P21-004222
2021,11811022,P21-007883
2021,11811023,P21-008430
2021,11811024,P21-003633
2021,11811025,P21-003348
2021,11811026,P21-004612
2021,11811027,P21-004121
2021,11811028,P21-008506
2021,11811029,P21-000568
2021,11811030,P21-005391
2021,11811031,P21-003471
2021,11811032,P21-007674
2021,11811033,P21-002210
2021,11811034,P21-005909
2021,11811035,P21-002694
2021,11811036,P21-003592
2021,11811037,P21-000245
2021,11811038,P21-007374
2021,11811039,P21-008477
2021,11811040,P21-001874
2021,11811041,P21-007213
2021,11811042,P21-007461
2021,11811043,P21-006280
2021,11811044,P21-002449
2021,11811045,P21-000019
2021,11811046,P21-007679
2021,11811047,P21-003335
2021,11811048,P21-000711
2021,11811049,P21-004131
2021,11811050,P21-002399
2021,11811051,P21-000098
2021,1001001,T21-004164
2021,1001002,T21-001527
2021,1001003,T21-001961
2021,1001004,T21-004589
2021,1001005,T21-000270
2021,1001006,T21-001211
2021,1001007,T21-004799
2021,1001008,T21-001214
2021,1001009,T21-004157
2021,1001010,T21-004081
2021,1001011,T21-000259
2021,1001012,T21-000386
2021,1001013,T21-002159
2021,1001014,T21-004419
2021,1001015,T21-000693
2021,1001016,T21-002417
2021,1001017,T21-003440
2021,1001018,T21-004514
2021,1001019,T21-002478
2021,1001020,T21-000430
2021,1001021,T21-003819
2021,1001022,T21-004291
2021,1001023,T21-000736
2021,1001024,T21-000288
2021,1001025,T21-002028
2021,1001026,T21-000910
2021,1001027,T21-002765
2021,1002001,T21-001283
2021,1002002,T21-001342
2021,1002003,T21-005108
2021,1002004,T21-001798
2021,1002005,T21-000871
2021,1002006,T21-003561
2021,1002007,T21-001439
2021,1002008,T21-000217
2021,1002009,T21-005106
2021,1002010,T21-003244
2021,1002011,T21-002617
2021,1002012,T21-000490
2021,1002013,T21-004129
2021,1002014,T21-001328
2021,1002015,T21-005001
2021,1002016,T21-004362
2021,1002017,T21-003434
2021,1002018,T21-000948
2021,1002019,T21-003062
2021,1002020,T21-002305
2021,1002021,T21-004731
2021,1002022,T21-002591
2021,1002023,T21-000499
2021,1002024,T21-003156
2021,1002025,T21-003681
2021,1002026,T21-001404
2021,1002027,T21-001040
2021,1003001,T21-000194
2021,1003002,T21-002299
2021,1003003,T21-001247
2021,1003004,T21-000980
2021,1003005,T21-003740
2021,1003006,T21-001759
2021,1003007,T21-003948
2021,1003008,T21-003439
2021,1003009,T21-002500
2021,1003010,T21-003823
2021,1003011,T21-000382
2021,1003012,T21-004278
2021,1003013,T21-001907
2021,1004001,T21-004405
2021,1004002,T21-000744
2021,1004003,T21-003100
2021,1004004,T21-001963
2021,1004005,T21-000774
2021,1004006,T21-003271
2021,1004007,T21-002751
2021,1004008,T21-003916
2021,1004009,T21-000129
2021,1004010,T21-003893
2021,1004011,T21-003191
2021,1004012,T21-001861
2021,1004013,T21-003821
2021,1004014,T21-005110
2021,1004015,T21-002358
2021,1004016,T21-004147
2021,1004017,T21-005008
2021,1004018,T21-003476
2021,1004019,T21-000963
2021,1004020,T21-004851
2021,1004021,T21-003360
2021,1004022,T21-003298
2021,1005001,T21-004654
2021,1005002,T21-003319
2021,1005003,T21-004402
2021,1005004,T21-000213
2021,1005005,T21-003309
2021,1005006,T21-001814
2021,1005007,T21-002245
2021,1005008,T21-003704
2021,1005009,T21-003473
2021,1005010,T21-001432
2021,1005011,T21-004311
2021,1005012,T21-002499
2021,1005013,T21-001723
2021,1005014,T21-004105
2021,1005015,T21-002145
2021,1005016,T21-001526
2021,1005017,T21-000568
2021,1005018,T21-004214
2021,1005019,T21-001237
2021,1005020,T21-000359
2021,1005021,T21-002927
2021,1005022,T21-002849
2021,1005023,T21-004877
2021,1005024,T21-001129
2021,1005025,T21-002766
2021,1006001,T21-002327
2021,1006002,T21-004469
2021,1006003,T21-004902
2021,1006004,T21-002285
2021,1006005,T21-003493
2021,1006006,T21-001926
2021,1006007,T21-005181
2021,1006008,T21-000372
2021,1006009,T21-002967
2021,1006010,T21-002047
2021,1006011,T21-004644
2021,1006012,T21-000166
2021,1006013,T21-004728
2021,1006014,T21-004204
2021,1006015,T21-001641
2021,1006016,T21-004794
2021,1006017,T21-001054
2021,1006018,T21-001179
2021,1006019,T21-003144
2021,1006020,T21-003828
2021,1006021,T21-004051
2021,1006022,T21-001697
2021,1006023,T21-001864
2021,1007001,T21-002552
2021,1007002,T21-002518
2021,1007003,T21-001656
2021,1007004,T21-003324
2021,1007005,T21-000202
2021,1007006,T21-000312
2021,1007007,T21-001803
2021,1007008,T21-000607
2021,1007009,T21-002649
2021,1007010,T21-000313
2021,1007011,T21-003314
2021,1007012,T21-003448
2021,1007013,T21-002263
2021,1007014,T21-001951
2021,1007015,T21-000868
2021,1007016,T21-002646
2021,1007017,T21-003843
2021,1007018,T21-003458
2021,1008001,T21-002442
2021,1008002,T21-000776
2021,1008003,T21-002996
2021,1008004,T21-002238
2021,1008005,T21-001226
2021,1008006,T21-005066
2021,1008007,T21-000082
2021,1008008,T21-002578
2021,1008009,T21-000196
2021,1008010,T21-004578
2021,1008011,T21-004693
2021,1008012,T21-003160
2021,1008013,T21-000229
2021,1008014,T21-000784
2021,1008015,T21-004919
2021,1008016,T21-001259
2021,1009001,T21-004871
2021,1009002,T21-002903
2021,1009003,T21-003875
2021,1009004,T21-001407
2021,1009005,T21-001218
2021,1009006,T21-002162
2021,1009007,T21-001663
2021,1009008,T21-000278
2021,1009009,T21-001636
2021,1009010,T21-002449
2021,1009011,T21-005010
2021,1009012,T21-000222
2021,1009013,T21-001538
2021,1009014,T21-004491
2021,1009015,T21-002758
2021,1009016,T21-001756
2021,1009017,T21-004574
2021,1009018,T21-005094
2021,1009019,T21-003887
2021,1009020,T21-000995
2021,1009021,T21-000354
2021,1009022,T21-003955
2021,1009023,T21-001559
2021,1009024,T21-003461
2021,1010001,T21-003694
2021,1010002,T21-001596
2021,1010003,T21-003417
2021,1010004,T21-004551
2021,1010005,T21-001682
2021,1010006,T21-001413
2021,1010007,T21-000896
2021,1010008,T21-000341
2021,1010009,T21-000761
2021,1010010,T21-002368
2021,1010011,T21-001869
2021,1010012,T21-003435
2021,1010013,T21-004868
2021,1010014,T21-003248
2021,1010015,T21-003927
2021,1010016,T21-005027
2021,1010017,T21-000277
2021,1010018,T21-003474
2021,1010019,T21-003087
2021,1010020,T21-002669
2021,1010021,T21-005177
2021,1010022,T21-001201
2021,1010023,T21-003265
2021,1010024,T21-003904
2021,1010025,T21-002205
2021,1010026,T21-002599
2021,1010027,T21-003680
2021,1010028,T21-001721
2021,1010029,T21-001777
2021,1011001,T21-005150
2021,1011002,T21-001773
2021,1011003,T21-003812
2021,1011004,T21-001549
2021,1011005,T21-002129
2021,1011006,T21-001194
2021,1011007,T21-001124
2021,1011008,T21-001531
2021,1011009,T21-001369
2021,1011010,T21-002343
2021,1011011,T21-000328
2021,1011012,T21-002179
2021,1011013,T21-004838
2021,1011014,T21-003768
2021,1011015,T21-003993
2021,1011016,T21-002726
2021,1011017,T21-001048
2021,1011018,T21-002723
2021,1011019,T21-003472
2021,1011020,T21-005087
2021,1011021,T21-004978
2021,1011022,T21-002279
2021,1012001,T21-002793
2021,1012002,T21-003919
2021,1012003,T21-003378
2021,1012004,T21-004774
2021,1012005,T21-003989
2021,1012006,T21-005127
2021,1012007,T21-004018
2021,1012008,T21-003685
2021,1012009,T21-003029
2021,1012010,T21-004226
2021,1012011,T21-002395
2021,1012012,T21-002870
2021,1012013,T21-000003
2021,1012014,T21-000581
2021,1012015,T21-004827
2021,1012016,T21-002948
2021,1012017,T21-002433
2021,1012018,T21-004483
2021,1012019,T21-001193
2021,1012020,T21-000690
2021,1012021,T21-001401
2021,1012022,T21-005077
2021,1012023,T21-003428
2021,1012024,T21-005111
2021,1012025,T21-004275
2021,1012026,T21-003333
2021,1012027,T21-001603
2021,1013001,T21-003764
2021,1013002,T21-002549
2021,1013003,T21-000604
2021,1013004,T21-000283
2021,1013005,T21-004197
2021,1013006,T21-001602
2021,1013007,T21-000432
2021,1013008,T21-000811
2021,1013009,T21-002915
2021,1013010,T21-001909
2021,1013011,T21-000759
2021,1013012,T21-002310
2021,1013013,T21-001220
2021,1013014,T21-002059
2021,1013015,T21-003365
2021,1013016,T21-002829
2021,1013017,T21-001329
2021,1013018,T21-003512
2021,1013019,T21-000290
2021,1013020,T21-004325
2021,1013021,T21-001938
2021,1014001,T21-003083
2021,1014002,T21-004098
2021,1014003,T21-001919
2021,1014004,T21-004901
2021,1014005,T21-002352
2021,1014006,T21-000554
2021,1014007,T21-001571
2021,1014008,T21-002717
2021,1014009,T21-003536
2021,1014010,T21-002694
2021,1014011,T21-005166
2021,1014012,T21-004094
2021,1014013,T21-004272
2021,1014014,T21-003052
2021,1015001,T21-002098
2021,1015002,T21-005095
2021,1015003,T21-000487
2021,1015004,T21-001996
2021,1015005,T21-003138
2021,1015006,T21-004692
2021,1015007,T21-002118
2021,1015008,T21-000858
2021,1015009,T21-004824
2021,1015010,T21-004963
2021,1015011,T21-001105
2021,1015012,T21-002282
2021,1015013,T21-003260
2021,1015014,T21-004450
2021,1015015,T21-001830
2021,1015016,T21-004721
2021,1015017,T21-001126
2021,1015018,T21-004782
2021,1015019,T21-004510
2021,1015020,T21-004866
2021,1016001,T21-005007
2021,1016002,T21-004716
2021,1016003,T21-002850
2021,1016004,T21-000648
2021,1016005,T21-000930
2021,1016006,T21-000875
2021,1016007,T21-002889
2021,1016008,T21-003235
2021,1016009,T21-001995
2021,1016010,T21-002575
2021,1016011,T21-005137
2021,1016012,T21-004347
2021,1016013,T21-003139
2021,1016014,T21-004833
2021,1016015,T21-002790
2021,1016016,T21-000743
2021,1016017,T21-003701
2021,1016018,T21-004601
2021,1016019,T21-002917
2021,1016020,T21-004988
2021,1016021,T21-001319
2021,1016022,T21-003657
2021,1016023,T21-004285
2021,1016024,T21-000860
2021,1016025,T21-001725
2021,1016026,T21-001348
2021,1016027,T21-003992
2021,1016028,T21-004271
2021,1016029,T21-003903
2021,1016030,T21-004391
2021,1016031,T21-004720
2021,1016032,T21-001230
2021,1016033,T21-002147
2021,1016034,T21-003648
2021,1016035,T21-004454
2021,1017001,T21-000153
2021,1017002,T21-002447
2021,1017003,T21-004205
2021,1017004,T21-003399
2021,1017005,T21-002606
2021,1017006,T21-004410
2021,1017007,T21-000595
2021,1017008,T21-001964
2021,1017009,T21-001599
2021,1017010,T21-003411
2021,1017011,T21-004441
2021,1017012,T21-002393
2021,1017013,T21-003381
2021,1017014,T21-002690
2021,1019001,T21-000866
2021,1019002,T21-003453
2021,1019003,T21-002737
2021,1019004,T21-001341
2021,1019005,T21-004835
2021,1019006,T21-001110
2021,1019007,T21-004084
2021,1019008,T21-003748
2021,1019009,T21-002320
2021,1019010,T21-001671
2021,1019011,T21-003584
2021,1019012,T21-004544
2021,1019013,T21-003933
2021,1019014,T21-000357
2021,1019015,T21-004966
2021,1019016,T21-003149
2021,1019017,T21-001501
2021,1019018,T21-004364
2021,1019019,T21-004689
2021,1019020,T21-003504
2021,1019021,T21-000412
2021,1019022,T21-002516
2021,1019023,T21-001251
2021,1019024,T21-001918
2021,1019025,T21-000293
2021,1019026,T21-003902
2021,1019027,T21-004930
2021,1019028,T21-000895
2021,1019029,T21-000205
2021,1020001,T21-000701
2021,1020002,T21-004961
2021,1020003,T21-003498
2021,1020004,T21-001610
2021,1020005,T21-002851
2021,1020006,T21-003350
2021,1020007,T21-002492
2021,1020008,T21-002064
2021,1020009,T21-002151
2021,1020010,T21-002815
2021,1020011,T21-001192
2021,1020012,T21-000375
2021,1020013,T21-003972
2021,1020014,T21-001115
2021,1020015,T21-001494
2021,1020016,T21-000317
2021,1020017,T21-000704
2021,1021001,T21-001570
2021,1021002,T21-002828
2021,1021003,T21-002693
2021,1021004,T21-004990
2021,1021005,T21-000685
2021,1021006,T21-002938
2021,1021007,T21-001364
2021,1021008,T21-000975
2021,1021009,T21-003557
2021,1021010,T21-000509
2021,1021011,T21-002092
2021,1021012,T21-001726
2021,1021013,T21-000181
2021,1021014,T21-004861
2021,1021015,T21-004284
2021,1021016,T21-004524
2021,1021017,T21-004005
2021,1021018,T21-005126
2021,1021019,T21-005081
2021,1021020,T21-003436
2021,1021021,T21-003667
2021,1021022,T21-005121
2021,1021023,T21-001299
2021,1021024,T21-000558
2021,1021025,T21-001178
2021,1021026,T21-004718
2021,1021027,T21-004593
2021,1021028,T21-003858
2021,1021029,T21-004340
2021,1021030,T21-000409
2021,1021031,T21-003863
2021,1021032,T21-002190
2021,1021033,T21-004124
2021,1021034,T21-001991
2021,1021035,T21-001737
2021,1021036,T21-004256
2021,1021037,T21-000750
2021,1021038,T21-000539
2021,1021039,T21-001375
2021,1021040,T21-002858
2021,1021041,T21-002448
2021,1021042,T21-002956
2021,1021043,T21-001280
2021,1021044,T21-003383
2021,1021045,T21-001493
2021,1021046,T21-001032
2021,1021047,T21-003814
2021,1021048,T21-002799
2021,1022001,T21-000817
2021,1022002,T21-003870
2021,1022003,T21-002604
2021,1022004,T21-004641
2021,1022005,T21-000812
2021,1022006,T21-000668
2021,1022007,T21-002985
2021,1022008,T21-004083
2021,1022009,T21-002501
2021,1022010,T21-000766
2021,1022011,T21-000366
2021,1022012,T21-003954
2021,1022013,T21-002513
2021,1022014,T21-002960
2021,1022015,T21-004897
2021,1022016,T21-004814
2021,1022017,T21-002935
2021,1022018,T21-001858
2021,1022019,T21-002871
2021,1022020,T21-004108
2021,1022021,T21-002325
2021,1022022,T21-003023
2021,1022023,T21-004360
2021,1022024,T21-003259
2021,1022025,T21-004080
2021,1022026,T21-000740
2021,1023001,T21-000970
2021,1023002,T21-002234
2021,1023003,T21-003855
2021,1023004,T21-003567
2021,1023005,T21-001175
2021,1023006,T21-002780
2021,1023007,T21-004764
2021,1023008,T21-001227
2021,1023009,T21-004187
2021,1023010,T21-003892
2021,1023011,T21-002088
2021,1023012,T21-003564
2021,1023013,T21-001740
2021,1023014,T21-001736
2021,1023015,T21-000699
2021,1023016,T21-002385
2021,1023017,T21-003111
2021,1023018,T21-003211
2021,1023019,T21-005000
2021,1023020,T21-004349
2021,1023021,T21-002258
2021,1023022,T21-002922
2021,1023023,T21-004385
2021,1023024,T21-001142
2021,1023025,T21-000518
2021,1023026,T21-004522
2021,1023027,T21-005059
2021,1023028,T21-001769
2021,1023029,T21-001107
2021,1023030,T21-003193
2021,1023031,T21-004575
2021,1023032,T21-005044
2021,1024001,T21-003660
2021,1024002,T21-002597
2021,1024003,T21-001888
2021,1024004,T21-004023
2021,1024005,T21-001621
2021,1024006,T21-001326
2021,1024007,T21-002168
2021,1024008,T21-003880
2021,1024009,T21-002914
2021,1024010,T21-004079
2021,1024011,T21-003285
2021,1024012,T21-002357
2021,1024013,T21-000791
2021,1024014,T21-003112
2021,1024015,T21-001766
2021,1024016,T21-000422
2021,1024017,T21-004264
2021,1024018,T21-004190
2021,1024019,T21-004898
2021,1024020,T21-002421
2021,1024021,T21-003277
2021,1024022,T21-000297
2021,1024023,T21-004869
2021,1024024,T21-001876
2021,1024025,T21-001036
2021,1024026,T21-004332
2021,1024027,T21-002984
2021,1024028,T21-003409
2021,1024029,T21-000158
2021,1024030,T21-004769
2021,1024031,T21-002255
2021,1024032,T21-000528
2021,1024033,T21-003632
2021,1024034,T21-003790
2021,1024035,T21-004336
2021,1024036,T21-000678
2021,1024037,T21-002792
2021,1024038,T21-005040
2021,1024039,T21-003708
2021,1024040,T21-002273
2021,1024041,T21-002107
2021,1024042,T21-004144
2021,1024043,T21-001448
2021,1025001,T21-002206
2021,1025002,T21-004912
2021,1025003,T21-003958
2021,1025004,T21-001215
2021,1025005,T21-000547
2021,1025006,T21-005139
2021,1025007,T21-004628
2021,1025008,T21-002983
2021,1025009,T21-003405
2021,1025010,T21-003884
2021,1025011,T21-001224
2021,1025012,T21-002561
2021,1025013,T21-002101
2021,1025014,T21-003168
2021,1025015,T21-002773
2021,1025016,T21-000195
2021,1025017,T21-003470
2021,1025018,T21-004006
2021,1025019,T21-001294
2021,1025020,T21-000928
2021,1025021,T21-002535
2021,1025022,T21-000257
2021,1025023,T21-000448
2021,1025024,T21-002601
2021,1026001,T21-002356
2021,1026002,T21-003578
2021,1026003,T21-003776
2021,1026004,T21-002018
2021,1026005,T21-003391
2021,1026006,T21-003205
2021,1026007,T21-000175
2021,1026008,T21-003444
2021,1026009,T21-004965
2021,1026010,T21-003109
2021,1026011,T21-003178
2021,1026012,T21-002486
2021,1026013,T21-004564
2021,1026014,T21-002120
2021,1026015,T21-004126
2021,1026016,T21-004959
2021,1026017,T21-004671
2021,1027001,T21-003767
2021,1027002,T21-000897
2021,1027003,T21-001297
2021,1027004,T21-003788
2021,1027005,T21-005184
2021,1027006,T21-001414
2021,1027007,T21-004088
2021,1027008,T21-000258
2021,1027009,T21-000502
2021,1027010,T21-002975
2021,1027011,T21-004277
2021,1028001,T21-004849
2021,1028002,T21-001233
2021,1028003,T21-004893
2021,1028004,T21-001802
2021,1028005,T21-000536
2021,1028006,T21-004964
2021,1028007,T21-000069
2021,1028008,T21-000694
2021,1028009,T21-002514
2021,1028010,T21-002523
2021,1028011,T21-002158
2021,1028012,T21-002456
2021,1028013,T21-004513
2021,1028014,T21-001729
2021,1028015,T21-003127
2021,1028016,T21-000657
2021,1028017,T21-000584
2021,1028018,T21-002040
2021,1028019,T21-001749
2021,1028020,T21-000300
2021,1028021,T21-000360
2021,1028022,T21-003795
2021,1028023,T21-003077
2021,1028024,T21-002754
2021,1028025,T21-002818
2021,1028026,T21-000100
2021,1028027,T21-004476
2021,1028028,T21-000764
2021,1028029,T21-003891
2021,1028030,T21-004556
2021,1028031,T21-000775
2021,1028032,T21-003340
2021,1028033,T21-003032
2021,1028034,T21-002939
2021,1028035,T21-002929
2021,1028036,T21-000249
2021,1029001,T21-003526
2021,1029002,T21-000045
2021,1029003,T21-001070
2021,1029004,T21-004123
2021,1029005,T21-003039
2021,1029006,T21-002972
2021,1029007,T21-002969
2021,1029008,T21-001782
2021,1029009,T21-000524
2021,1029010,T21-001634
2021,1029011,T21-003556
2021,1029012,T21-004163
2021,1029013,T21-002620
2021,1029014,T21-002085
2021,1029015,T21-002945
2021,1029016,T21-000303
2021,1029017,T21-003239
2021,1029018,T21-003044
2021,1029019,T21-003231
2021,1029020,T21-000936
2021,1030001,T21-000019
2021,1030002,T21-002140
2021,1030003,T21-001279
2021,1030004,T21-003736
2021,1030005,T21-001399
2021,1030006,T21-004696
2021,1030007,T21-000981
2021,1030008,T21-004591
2021,1030009,T21-001892
2021,1030010,T21-004135
2021,1030011,T21-003525
2021,1030012,T21-001156
2021,1030013,T21-003056
2021,1030014,T21-003734
2021,1031001,T21-004973
2021,1031002,T21-004302
2021,1031003,T21-005029
2021,1031004,T21-001987
2021,1031005,T21-000914
2021,1031006,T21-002662
2021,1031007,T21-005089
2021,1031008,T21-001833
2021,1031009,T21-004312
2021,1031010,T21-002796
2021,1031011,T21-003731
2021,1031012,T21-002280
2021,1031013,T21-001626
2021,1031014,T21-002204
2021,1031015,T21-000113
2021,1031016,T21-002630
2021,1031017,T21-003844
2021,1031018,T21-000228
2021,1031019,T21-002951
2021,1031020,T21-000479
2021,1031021,T21-004779
2021,1031022,T21-000722
2021,1031023,T21-002257
2021,1031024,T21-003207
2021,1031025,T21-002075
2021,1031026,T21-003744
2021,1031027,T21-000321
2021,1031028,T21-002114
2021,1031029,T21-004179
2021,1031030,T21-000577
2021,1031031,T21-003363
2021,1031032,T21-001818
2021,1031033,T21-001719
2021,1031034,T21-001007
2021,1031035,T21-002555
2021,1031036,T21-000404
2021,1031037,T21-000486
2021,1031038,T21-002213
2021,1032001,T21-004252
2021,1032002,T21-000931
2021,1032003,T21-002250
2021,1032004,T21-002193
2021,1032005,T21-002789
2021,1032006,T21-003595
2021,1032007,T21-003581
2021,1032008,T21-003839
2021,1032009,T21-004013
2021,1032010,T21-003215
2021,1032011,T21-001827
2021,1032012,T21-001473
2021,1032013,T21-004426
2021,1032014,T21-000042
2021,1032015,T21-000833
2021,1032016,T21-003799
2021,1032017,T21-001084
2021,1032018,T21-003242
2021,1032019,T21-003910
2021,1032020,T21-000944
2021,1032021,T21-000433
2021,1032022,T21-003503
2021,1032023,T21-000737
2021,1032024,T21-004231
2021,1032025,T21-004980
2021,1033001,T21-002431
2021,1033002,T21-003101
2021,1033003,T21-001481
2021,1033004,T21-004210
2021,1033005,T21-003371
2021,1033006,T21-002724
2021,1033007,T21-003851
2021,1033008,T21-002505
2021,1033009,T21-000294
2021,1033010,T21-003874
2021,1033011,T21-004016
2021,1033012,T21-002057
2021,1033013,T21-003825
2021,1033014,T21-003073
2021,1033015,T21-000041
2021,1034001,T21-005092
2021,1034002,T21-001004
2021,1034003,T21-003629
2021,1034004,T21-001860
2021,1034005,T21-000088
2021,1034006,T21-005051
2021,1034007,T21-001486
2021,1034008,T21-003738
2021,1034009,T21-001965
2021,1034010,T21-003572
2021,1034011,T21-002066
2021,1034012,T21-002753
2021,1034013,T21-004062
2021,1034014,T21-000676
2021,1034015,T21-000828
2021,1034016,T21-004074
2021,1034017,T21-001465
2021,1034018,T21-004222
2021,1034019,T21-004255
2021,1034020,T21-004406
2021,1034021,T21-001966
2021,1034022,T21-004661
2021,1034023,T21-000845
2021,1034024,T21-004604
2021,1034025,T21-001452
2021,1034026,T21-003751
2021,1034027,T21-002403
2021,1034028,T21-003599
2021,1034029,T21-003588
2021,1034030,T21-002805
2021,1035001,T21-003833
2021,1035002,T21-003832
2021,1035003,T21-004616
2021,1035004,T21-004821
2021,1035005,T21-000065
2021,1035006,T21-002203
2021,1035007,T21-001256
2021,1035008,T21-000470
2021,1035009,T21-004466
2021,1035010,T21-002200
2021,1035011,T21-003810
2021,1035012,T21-000634
2021,1035013,T21-001304
2021,1035014,T21-001562
2021,1035015,T21-002180
2021,1035016,T21-004755
2021,1035017,T21-001651
2021,1035018,T21-003674
2021,1035019,T21-002217
2021,1035020,T21-002647
2021,1035021,T21-002000
2021,1035022,T21-004452
2021,1035023,T21-004997
2021,1035024,T21-003746
2021,1035025,T21-001470
2021,1035026,T21-003467
2021,1035027,T21-001920
2021,1035028,T21-004022
2021,1035029,T21-002302
2021,1035030,T21-005105
2021,1035031,T21-004497
2021,1035032,T21-000322
2021,1035033,T21-001409
2021,1035034,T21-001979
2021,1035035,T21-000874
2021,1035036,T21-000067
2021,1035037,T21-002436
2021,1035038,T21-000252
2021,1035039,T21-002990
2021,1035040,T21-000969
2021,1035041,T21-004530
2021,1035042,T21-003325
2021,1035043,T21-004798
2021,1035044,T21-004034
2021,1035045,T21-000131
2021,1035046,T21-002340
2021,1035047,T21-003010
2021,1035048,T21-000800
2021,1035049,T21-004294
2021,1035050,T21-002676
2021,1036001,T21-000807
2021,1036002,T21-000865
2021,1036003,T21-003367
2021,1036004,T21-002069
2021,1036005,T21-004826
2021,1036006,T21-001419
2021,1036007,T21-000770
2021,1036008,T21-002933
2021,1036009,T21-002585
2021,1036010,T21-002210
2021,1036011,T21-002312
2021,1036012,T21-001675
2021,1036013,T21-001805
2021,1036014,T21-004850
2021,1036015,T21-002583
2021,1036016,T21-000560
2021,1036017,T21-002321
2021,1036018,T21-002141
2021,1036019,T21-001712
2021,1036020,T21-003995
2021,1036021,T21-003108
2021,1036022,T21-001074
2021,1036023,T21-004019
2021,1036024,T21-004057
2021,1036025,T21-003923
2021,1036026,T21-000310
2021,1036027,T21-002284
2021,1036028,T21-003223
2021,1036029,T21-004209
2021,1036030,T21-000134
2021,1036031,T21-004185
2021,1036032,T21-004855
2021,1036033,T21-003270
2021,1036034,T21-003553
2021,1036035,T21-001732
2021,1037001,T21-003877
2021,1037002,T21-004917
2021,1037003,T21-004351
2021,1037004,T21-000467
2021,1037005,T21-001172
2021,1037006,T21-001137
2021,1037007,T21-004549
2021,1037008,T21-003455
2021,1037009,T21-003603
2021,1037010,T21-003951
2021,1037011,T21-004066
2021,1037012,T21-003854
2021,1038001,T21-004492
2021,1038002,T21-000061
2021,1038003,T21-000316
2021,1038004,T21-003765
2021,1038005,T21-003555
2021,1038006,T21-000115
2021,1038007,T21-002369
2021,1038008,T21-004688
2021,1038009,T21-002746
2021,1038010,T21-000474
2021,1038011,T21-001883
2021,1038012,T21-005168
2021,1038013,T21-000374
2021,1038014,T21-001633
2021,1038015,T21-004345
2021,1038016,T21-004082
2021,1038017,T21-004356
2021,1038018,T21-003311
2021,1038019,T21-000877
2021,1038020,T21-000025
2021,1038021,T21-001717
2021,1038022,T21-001002
2021,1038023,T21-001515
2021,1038024,T21-003937
2021,1038025,T21-001351
2021,1038026,T21-002989
2021,1039001,T21-004972
2021,1039002,T21-004308
2021,1039003,T21-000346
2021,1039004,T21-000109
2021,1039005,T21-003166
2021,1039006,T21-001241
2021,1039007,T21-001639
2021,1039008,T21-001415
2021,1039009,T21-000809
2021,1039010,T21-005090
2021,1039011,T21-000974
2021,1039012,T21-004440
2021,1039013,T21-004408
2021,1039014,T21-000597
2021,1039015,T21-005079
2021,1039016,T21-003423
2021,1039017,T21-003841
2021,1039018,T21-002023
2021,1039019,T21-003130
2021,1039020,T21-003984
2021,1039021,T21-003602
2021,1039022,T21-002347
2021,1039023,T21-004673
2021,1039024,T21-004176
2021,1039025,T21-000651
2021,1039026,T21-000211
2021,1039027,T21-002688
2021,1039028,T21-004331
2021,1039029,T21-004056
2021,1039030,T21-004953
2021,1039031,T21-001646
2021,1040001,T21-003635
2021,1040002,T21-002451
2021,1040003,T21-003774
2021,1040004,T21-001394
2021,1040005,T21-000492
2021,1040006,T21-003339
2021,1040007,T21-003017
2021,1040008,T21-002474
2021,1040009,T21-003782
2021,1040010,T21-002821
2021,1040011,T21-003739
2021,1040012,T21-003592
2021,1040013,T21-000421
2021,1040014,T21-001997
2021,1040015,T21-003174
2021,1040016,T21-002986
2021,1040017,T21-002941
2021,1040018,T21-004401
2021,1040019,T21-004993
2021,1040020,T21-002843
2021,1040021,T21-000336
2021,1040022,T21-004033
2021,1040023,T21-001210
2021,1040024,T21-004198
2021,1040025,T21-005017
2021,1040026,T21-004609
2021,1040027,T21-004634
2021,1040028,T21-002538
2021,1040029,T21-000738
2021,1040030,T21-003818
2021,1040031,T21-001745
2021,1040032,T21-003541
2021,1040033,T21-004767
2021,1040034,T21-003534
2021,1040035,T21-001677
2021,1041001,T21-001066
2021,1041002,T21-002058
2021,1041003,T21-004307
2021,1041004,T21-002715
2021,1041005,T21-004463
2021,1041006,T21-000443
2021,1041007,T21-002432
2021,1041008,T21-002078
2021,1041009,T21-005041
2021,1041010,T21-002043
2021,1041011,T21-005009
2021,1041012,T21-000602
2021,1041013,T21-002346
2021,1041014,T21-001703
2021,1041015,T21-003040
2021,1041016,T21-003437
2021,1041017,T21-003899
2021,1041018,T21-000079
2021,1041019,T21-005132
2021,1041020,T21-000326
2021,1041021,T21-000593
2021,1041022,T21-000795
2021,1041023,T21-000267
2021,1041024,T21-005091
2021,1042001,T21-000870
2021,1042002,T21-000582
2021,1042003,T21-000126
2021,1042004,T21-001669
2021,1042005,T21-002950
2021,1042006,T21-000621
2021,1042007,T21-003293
2021,1042008,T21-004882
2021,1042009,T21-003796
2021,1042010,T21-002512
2021,1042011,T21-004119
2021,1042012,T21-001649
2021,1042013,T21-002452
2021,1042014,T21-001578
2021,1042015,T21-000238
2021,1042016,T21-003679
2021,1042017,T21-002806
2021,1042018,T21-004777
2021,1042019,T21-004822
2021,1042020,T21-003838
2021,1042021,T21-001742
2021,1042022,T21-004371
2021,1043001,T21-004553
2021,1043002,T21-002968
2021,1043003,T21-000160
2021,1043004,T21-004211
2021,1043005,T21-002253
2021,1043006,T21-000472
2021,1043007,T21-002900
2021,1043008,T21-000040
2021,1043009,T21-002170
2021,1043010,T21-001804
2021,1043011,T21-004383
2021,1043012,T21-003090
2021,1043013,T21-002857
2021,1043014,T21-000223
2021,1043015,T21-000140
2021,1043016,T21-001152
2021,1043017,T21-003997
2021,1043018,T21-001063
2021,1043019,T21-003793
2021,1043020,T21-000362
2021,1043021,T21-005170
2021,1043022,T21-004812
2021,1043023,T21-001849
2021,1043024,T21-000976
2021,1043025,T21-001387
2021,1043026,T21-003085
2021,1043027,T21-002674
2021,1043028,T21-005148
2021,1043029,T21-003408
2021,1043030,T21-004423
2021,1043031,T21-001912
2021,1043032,T21-003457
2021,1043033,T21-004918
2021,1043034,T21-000494
2021,1043035,T21-000889
2021,1043036,T21-004008
2021,1043037,T21-004260
2021,1043038,T21-002733
2021,1043039,T21-004939
2021,1043040,T21-004712
2021,1043041,T21-002192
2021,1043042,T21-000998
2021,1043043,T21-001336
2021,1043044,T21-004490
2021,1043045,T21-001548
2021,1043046,T21-001445
2021,1043047,T21-003194
2021,1043048,T21-002645
2021,1043049,T21-001863
2021,1043050,T21-001739
2021,1044001,T21-002835
2021,1044002,T21-001885
2021,1044003,T21-000614
2021,1044004,T21-004793
2021,1044005,T21-004136
2021,1044006,T21-000200
2021,1044007,T21-002480
2021,1044008,T21-003885
2021,1044009,T21-003327
2021,1044010,T21-004070
2021,1044011,T21-005103
2021,1044012,T21-002322
2021,1044013,T21-000540
2021,1044014,T21-002879
2021,1044015,T21-001269
2021,1044016,T21-000903
2021,1044017,T21-001642
2021,1044018,T21-004796
2021,1044019,T21-004049
2021,1044020,T21-002863
2021,1044021,T21-003024
2021,1044022,T21-004251
2021,1044023,T21-000125
2021,1045001,T21-003873
2021,1045002,T21-004884
2021,1045003,T21-004970
2021,1045004,T21-001781
2021,1045005,T21-002988
2021,1045006,T21-005086
2021,1045007,T21-001537
2021,1045008,T21-000839
2021,1045009,T21-003835
2021,1045010,T21-004947
2021,1045011,T21-000535
2021,1045012,T21-004904
2021,1045013,T21-004182
2021,1045014,T21-001582
2021,1045015,T21-002485
2021,1045016,T21-004687
2021,1045017,T21-001752
2021,1045018,T21-003486
2021,1045019,T21-003046
2021,1045020,T21-000428
2021,1045021,T21-001616
2021,1045022,T21-001609
2021,1045023,T21-002366
2021,1045024,T21-003264
2021,1045025,T21-005173
2021,1045026,T21-002961
2021,1045027,T21-002701
2021,1046001,T21-001164
2021,1046002,T21-000655
2021,1046003,T21-000789
2021,1046004,T21-003184
2021,1046005,T21-000947
2021,1046006,T21-002543
2021,1046007,T21-004936
2021,1046008,T21-004710
2021,1046009,T21-000307
2021,1046010,T21-004109
2021,1046011,T21-001377
2021,1046012,T21-002713
2021,1046013,T21-003987
2021,1046014,T21-003620
2021,1046015,T21-002476
2021,1046016,T21-004958
2021,1046017,T21-001673
2021,1046018,T21-003362
2021,1046019,T21-000613
2021,1046020,T21-002148
2021,1046021,T21-005129
2021,1046022,T21-001504
2021,1046023,T21-001025
2021,1046024,T21-000482
2021,1046025,T21-005107
2021,1046026,T21-002540
2021,1046027,T21-005113
2021,1047001,T21-003826
2021,1047002,T21-002459
2021,1047003,T21-003401
2021,1047004,T21-003837
2021,1047005,T21-001310
2021,1047006,T21-002911
2021,1047007,T21-002396
2021,1047008,T21-004337
2021,1047009,T21-002636
2021,1047010,T21-003687
2021,1047011,T21-000367
2021,1047012,T21-001506
2021,1047013,T21-004516
2021,1047014,T21-004203
2021,1047015,T21-003996
2021,1047016,T21-001286
2021,1047017,T21-003133
2021,1047018,T21-004012
2021,1047019,T21-000603
2021,1047020,T21-003545
2021,1047021,T21-005019
2021,1047022,T21-003301
2021,1047023,T21-003724
2021,1047024,T21-003829
2021,1047025,T21-002644
2021,1047026,T21-003442
2021,1047027,T21-004606
2021,1047028,T21-003950
2021,1047029,T21-000127
2021,1047030,T21-001449
2021,1048001,T21-000266
2021,1048002,T21-004600
2021,1048003,T21-001045
2021,1048004,T21-001275
2021,1048005,T21-000601
2021,1048006,T21-003671
2021,1048007,T21-004694
2021,1048008,T21-002150
2021,1048009,T21-000099
2021,1048010,T21-002842
2021,1048011,T21-003941
2021,1048012,T21-004280
2021,1048013,T21-003600
2021,1048014,T21-003971
2021,1048015,T21-004003
2021,1048016,T21-001958
2021,1048017,T21-003718
2021,1048018,T21-003171
2021,1048019,T21-001135
2021,1048020,T21-004909
2021,1048021,T21-000103
2021,1048022,T21-003777
2021,1048023,T21-001287
2021,1048024,T21-002907
2021,1048025,T21-003064
2021,1048026,T21-002741
2021,1048027,T21-000769
2021,1048028,T21-000691
2021,1048029,T21-005155
2021,1048030,T21-002794
2021,1048031,T21-002288
2021,1048032,T21-003284
2021,1048033,T21-004937
2021,1049001,T21-000671
2021,1049002,T21-004055
2021,1049003,T21-001886
2021,1049004,T21-004679
2021,1049005,T21-004834
2021,1049006,T21-002735
2021,1049007,T21-001296
2021,1049008,T21-001422
2021,1049009,T21-002841
2021,1049010,T21-004240
2021,1049011,T21-000054
2021,1049012,T21-002298
2021,1049013,T21-004920
2021,1049014,T21-001670
2021,1049015,T21-000529
2021,1049016,T21-003227
2021,1049017,T21-003792
2021,1049018,T21-000398
2021,1049019,T21-005076
2021,1049020,T21-002622
2021,1050001,T21-004876
2021,1050002,T21-001985
2021,1050003,T21-002020
2021,1050004,T21-001635
2021,1050005,T21-002696
2021,1050006,T21-001153
2021,1050007,T21-000880
2021,1050008,T21-003924
2021,1050009,T21-004841
2021,1050010,T21-004025
2021,1050011,T21-002315
2021,1050012,T21-002052
2021,1050013,T21-001611
2021,1050014,T21-001794
2021,1050015,T21-005133
2021,1050016,T21-000556
2021,1050017,T21-001992
2021,1050018,T21-000437
2021,1050019,T21-003699
2021,1050020,T21-001144
2021,1050021,T21-004425
2021,1050022,T21-004907
2021,1050023,T21-001648
2021,1050024,T21-001591
2021,1050025,T21-001069
2021,1050026,T21-002463
2021,1050027,T21-003182
2021,1050028,T21-004735
2021,1050029,T21-001495
2021,1050030,T21-001420
2021,1050031,T21-003871
2021,1050032,T21-002542
2021,1050033,T21-000062
2021,1050034,T21-004039
2021,1050035,T21-001248
2021,1050036,T21-001017
2021,1050037,T21-003009
2021,1050038,T21-004063
2021,1050039,T21-001081
2021,1050040,T21-002083
2021,1050041,T21-001970
2021,1050042,T21-002087
2021,1050043,T21-004052
2021,1050044,T21-004529
2021,1050045,T21-002082
2021,1050046,T21-002847
2021,1050047,T21-000735
2021,1050048,T21-003540
2021,1050049,T21-004100
2021,1050050,T21-001372
2021,1050051,T21-003446
2021,1050052,T21-002030
2021,1050053,T21-004619
2021,1050054,T21-001718
2021,1050055,T21-000083
2021,1050056,T21-003896
2021,1050057,T21-000913
2021,1051001,T21-004060
2021,1051002,T21-001187
2021,1051003,T21-001027
2021,1051004,T21-003322
2021,1051005,T21-003066
2021,1051006,T21-003454
2021,1051007,T21-000505
2021,1051008,T21-002495
2021,1051009,T21-000526
2021,1051010,T21-001676
2021,1051011,T21-000465
2021,1051012,T21-001557
2021,1051013,T21-004758
2021,1051014,T21-002201
2021,1051015,T21-000632
2021,1051016,T21-004044
2021,1051017,T21-003002
2021,1051018,T21-001975
2021,1051019,T21-000209
2021,1052001,T21-002970
2021,1052002,T21-003483
2021,1052003,T21-003627
2021,1052004,T21-003118
2021,1052005,T21-003817
2021,1052006,T21-003116
2021,1052007,T21-004594
2021,1052008,T21-003305
2021,1052009,T21-000575
2021,1052010,T21-000793
2021,1052011,T21-000306
2021,1052012,T21-004690
2021,1052013,T21-000805
2021,1052014,T21-004458
2021,1052015,T21-003750
2021,1052016,T21-001055
2021,1052017,T21-002801
2021,1052018,T21-002973
2021,1052019,T21-004424
2021,1052020,T21-003329
2021,1053001,T21-001994
2021,1053002,T21-003953
2021,1053003,T21-002891
2021,1053004,T21-004657
2021,1053005,T21-004429
2021,1053006,T21-004653
2021,1053007,T21-001807
2021,1053008,T21-002736
2021,1053009,T21-001188
2021,1053010,T21-004071
2021,1053011,T21-000032
2021,1053012,T21-004860
2021,1053013,T21-000525
2021,1053014,T21-001620
2021,1053015,T21-000762
2021,1053016,T21-003001
2021,1053017,T21-003466
2021,1053018,T21-004640
2021,1053019,T21-004392
2021,1053020,T21-003369
2021,1053021,T21-002472
2021,1053022,T21-001180
2021,1053023,T21-001872
2021,1053024,T21-002102
2021,1053025,T21-000989
2021,1053026,T21-003200
2021,1053027,T21-003094
2021,1053028,T21-001217
2021,1053029,T21-001870
2021,1053030,T21-000576
2021,1053031,T21-001755
2021,1053032,T21-002874
2021,1053033,T21-004754
2021,1053034,T21-004532
2021,1053035,T21-004087
2021,1053036,T21-000997
2021,1053037,T21-003460
2021,1053038,T21-002798
2021,1053039,T21-004165
2021,1054001,T21-000739
2021,1054002,T21-003568
2021,1054003,T21-001459
2021,1054004,T21-000155
2021,1054005,T21-003229
2021,1054006,T21-001569
2021,1054007,T21-001091
2021,1054008,T21-001089
2021,1054009,T21-002744
2021,1054010,T21-005085
2021,1054011,T21-003942
2021,1054012,T21-002539
2021,1054013,T21-002261
2021,1054014,T21-004487
2021,1054015,T21-001738
2021,1054016,T21-000413
2021,1054017,T21-002596
2021,1054018,T21-004104
2021,1054019,T21-003006
2021,1054020,T21-000455
2021,1054021,T21-002671
2021,1054022,T21-003163
2021,1054023,T21-002025
2021,1054024,T21-003590
2021,1054025,T21-001916
2021,1054026,T21-001331
2021,1054027,T21-003157
2021,1054028,T21-001981
2021,1054029,T21-001386
2021,1054030,T21-000393
2021,1054031,T21-004326
2021,1054032,T21-000623
2021,1054033,T21-001993
2021,1055001,T21-002319
2021,1055002,T21-000096
2021,1055003,T21-001461
2021,1055004,T21-004511
2021,1055005,T21-004517
2021,1055006,T21-003562
2021,1055007,T21-000484
2021,1055008,T21-000726
2021,1055009,T21-000068
2021,1055010,T21-001638
2021,1055011,T21-004417
2021,1055012,T21-001536
2021,1055013,T21-003689
2021,1055014,T21-002445
2021,1055015,T21-000552
2021,1055016,T21-003816
2021,1055017,T21-000703
2021,1055018,T21-003456
2021,1055019,T21-002757
2021,1055020,T21-002264
2021,1055021,T21-001901
2021,1055022,T21-002446
2021,1055023,T21-000193
2021,1055024,T21-000721
2021,1056001,T21-000464
2021,1056002,T21-003487
2021,1056003,T21-004819
2021,1056004,T21-000337
2021,1056005,T21-005134
2021,1056006,T21-002457
2021,1056007,T21-004230
2021,1056008,T21-000379
2021,1056009,T21-002401
2021,1056010,T21-003238
2021,1056011,T21-004007
2021,1056012,T21-000905
2021,1056013,T21-002558
2021,1057001,T21-003753
2021,1057002,T21-000606
2021,1057003,T21-003318
2021,1057004,T21-001915
2021,1057005,T21-000527
2021,1057006,T21-002659
2021,1057007,T21-002439
2021,1057008,T21-005175
2021,1057009,T21-002722
2021,1057010,T21-002268
2021,1057011,T21-002949
2021,1057012,T21-002209
2021,1057013,T21-000461
2021,1057014,T21-004118
2021,1057015,T21-002594
2021,1057016,T21-003868
2021,1057017,T21-000207
2021,1058001,T21-002739
2021,1058002,T21-001852
2021,1058003,T21-004089
2021,1058004,T21-004015
2021,1058005,T21-004097
2021,1058006,T21-003713
2021,1058007,T21-004296
2021,1058008,T21-000171
2021,1058009,T21-001278
2021,1058010,T21-002830
2021,1058011,T21-002265
2021,1058012,T21-005151
2021,1058013,T21-001551
2021,1058014,T21-003656
2021,1058015,T21-000719
2021,1058016,T21-000168
2021,1058017,T21-001003
2021,1059001,T21-003447
2021,1059002,T21-001008
2021,1059003,T21-004991
2021,1059004,T21-003026
2021,1059005,T21-003608
2021,1059006,T21-001384
2021,1059007,T21-001433
2021,1059008,T21-004014
2021,1059009,T21-004773
2021,1059010,T21-004887
2021,1059011,T21-001811
2021,1059012,T21-001845
2021,1059013,T21-004533
2021,1059014,T21-005146
2021,1059015,T21-002788
2021,1059016,T21-004388
2021,1059017,T21-003236
2021,1059018,T21-000796
2021,1059019,T21-001525
2021,1059020,T21-005161
2021,1059021,T21-001955
2021,1059022,T21-004188
2021,1059023,T21-002898
2021,1059024,T21-003232
2021,1059025,T21-000548
2021,1060001,T21-005006
2021,1060002,T21-002901
2021,1060003,T21-004208
2021,1060004,T21-001096
2021,1060005,T21-002266
2021,1060006,T21-001183
2021,1060007,T21-004281
2021,1060008,T21-001345
2021,1060009,T21-002029
2021,1060010,T21-003611
2021,1060011,T21-001165
2021,1060012,T21-003288
2021,1060013,T21-001039
2021,1060014,T21-003506
2021,1060015,T21-005112
2021,1060016,T21-004941
2021,1060017,T21-004612
2021,1060018,T21-005026
2021,1060019,T21-001853
2021,1061001,T21-001575
2021,1061002,T21-004269
2021,1061003,T21-001716
2021,1061004,T21-002660
2021,1061005,T21-003815
2021,1061006,T21-004072
2021,1061007,T21-000802
2021,1061008,T21-002007
2021,1061009,T21-000417
2021,1061010,T21-003730
2021,1061011,T21-004475
2021,1061012,T21-002440
2021,1061013,T21-002355
2021,1061014,T21-000026
2021,1061015,T21-005073
2021,1061016,T21-004464
2021,1061017,T21-000952
2021,1061018,T21-001645
2021,1061019,T21-004042
2021,1061020,T21-003998
2021,1061021,T21-001095
2021,1061022,T21-000752
2021,1061023,T21-000253
2021,1061024,T21-004660
2021,1061025,T21-000599
2021,1061026,T21-002932
2021,1061027,T21-002563
2021,1061028,T21-001468
2021,1061029,T21-004460
2021,1061030,T21-003045
2021,1061031,T21-003742
2021,1061032,T21-004054
2021,1061033,T21-004327
2021,1061034,T21-004561
2021,1061035,T21-002734
2021,1061036,T21-004444
2021,1061037,T21-003338
2021,1061038,T21-002176
2021,1061039,T21-002381
2021,1062001,T21-002981
2021,1062002,T21-000962
2021,1062003,T21-004706
2021,1062004,T21-001558
2021,1062005,T21-000282
2021,1062006,T21-004626
2021,1062007,T21-002365
2021,1062008,T21-000055
2021,1062009,T21-004639
2021,1062010,T21-004539
2021,1062011,T21-000971
2021,1062012,T21-002640
2021,1062013,T21-005120
2021,1062014,T21-003450
2021,1062015,T21-002776
2021,1062016,T21-001498
2021,1062017,T21-004905
2021,1062018,T21-001503
2021,1062019,T21-003027
2021,1062020,T21-002331
2021,1062021,T21-002685
2021,1062022,T21-003054
2021,1062023,T21-000624
2021,1062024,T21-004334
2021,1062025,T21-002011
2021,1062026,T21-004828
2021,1062027,T21-000299
2021,1062028,T21-003801
2021,1062029,T21-000506
2021,1062030,T21-000164
2021,1062031,T21-000615
2021,1062032,T21-000201
2021,1062033,T21-004558
2021,1063001,T21-002296
2021,1063002,T21-001722
2021,1063003,T21-002144
2021,1063004,T21-003770
2021,1063005,T21-004989
2021,1063006,T21-001880
2021,1063007,T21-002872
2021,1063008,T21-000456
2021,1063009,T21-005056
2021,1063010,T21-002820
2021,1063011,T21-002763
2021,1063012,T21-002056
2021,1063013,T21-004854
2021,1063014,T21-001834
2021,1063015,T21-001875
2021,1063016,T21-000708
2021,1063017,T21-000157
2021,1063018,T21-004803
2021,1063019,T21-002314
2021,1063020,T21-000957
2021,1063021,T21-000523
2021,1064001,T21-002997
2021,1064002,T21-001577
2021,1064003,T21-002855
2021,1064004,T21-004816
2021,1064005,T21-000717
2021,1064006,T21-003719
2021,1064007,T21-005068
2021,1064008,T21-004664
2021,1064009,T21-002896
2021,1064010,T21-003403
2021,1064011,T21-002504
2021,1064012,T21-002218
2021,1064013,T21-003622
2021,1064014,T21-004232
2021,1064015,T21-003388
2021,1064016,T21-003778
2021,1064017,T21-000830
2021,1064018,T21-001799
2021,1064019,T21-002374
2021,1064020,T21-002260
2021,1064021,T21-000542
2021,1064022,T21-001018
2021,1064023,T21-001009
2021,1065001,T21-003964
2021,1065002,T21-001837
2021,1065003,T21-002014
2021,1065004,T21-002631
2021,1065005,T21-003187
2021,1065006,T21-004647
2021,1065007,T21-000203
2021,1065008,T21-001219
2021,1065009,T21-004844
2021,1065010,T21-000977
2021,1065011,T21-000243
2021,1065012,T21-004700
2021,1065013,T21-002121
2021,1065014,T21-000645
2021,1065015,T21-002650
2021,1065016,T21-004096
2021,1065017,T21-001812
2021,1066001,T21-000434
2021,1066002,T21-001412
2021,1066003,T21-002910
2021,1066004,T21-001067
2021,1066005,T21-002619
2021,1066006,T21-001308
2021,1066007,T21-002521
2021,1066008,T21-004268
2021,1066009,T21-002628
2021,1066010,T21-000010
2021,1066011,T21-004536
2021,1066012,T21-004309
2021,1066013,T21-000481
2021,1066014,T21-003014
2021,1066015,T21-004224
2021,1066016,T21-003452
2021,1066017,T21-005013
2021,1066018,T21-002963
2021,1066019,T21-002221
2021,1066020,T21-000844
2021,1066021,T21-003102
2021,1066022,T21-000876
2021,1066023,T21-003147
2021,1066024,T21-000424
2021,1066025,T21-003008
2021,1066026,T21-004273
2021,1066027,T21-003658
2021,1066028,T21-002916
2021,1066029,T21-000686
2021,1066030,T21-004041
2021,1066031,T21-003055
2021,1067001,T21-001784
2021,1067002,T21-003529
2021,1067003,T21-000373
2021,1067004,T21-003983
2021,1067005,T21-004043
2021,1067006,T21-002351
2021,1067007,T21-004837
2021,1067008,T21-000859
2021,1067009,T21-003005
2021,1067010,T21-003820
2021,1067011,T21-002930
2021,1067012,T21-004636
2021,1067013,T21-003520
2021,1067014,T21-003317
2021,1067015,T21-004736
2021,1067016,T21-004414
2021,1067017,T21-002615
2021,1067018,T21-001879
2021,1067019,T21-003535
2021,1067020,T21-002803
2021,1067021,T21-001940
2021,1067022,T21-003377
2021,1067023,T21-001309
2021,1067024,T21-000439
2021,1067025,T21-002387
2021,1067026,T21-004625
2021,1067027,T21-004235
2021,1067028,T21-004102
2021,1067029,T21-002947
2021,1067030,T21-001942
2021,1067031,T21-000938
2021,1067032,T21-002566
2021,1067033,T21-003495
2021,1067034,T21-004842
2021,1067035,T21-003720
2021,1067036,T21-001044
2021,1067037,T21-000365
2021,1067038,T21-002999
2021,1067039,T21-004979
2021,1067040,T21-000466
2021,1067041,T21-004258
2021,1067042,T21-001727
2021,1067043,T21-002817
2021,1067044,T21-001478
2021,1067045,T21-002998
2021,1067046,T21-001447
2021,1067047,T21-001052
2021,1067048,T21-004376
2021,1067049,T21-002240
2021,1067050,T21-004825
2021,1067051,T21-002774
2021,1067052,T21-004318
2021,1067053,T21-000411
2021,1067054,T21-002848
2021,1067055,T21-000143
2021,1067056,T21-001246
2021,1067057,T21-003297
2021,1067058,T21-004156
2021,1067059,T21-001600
2021,1067060,T21-003563
2021,1067061,T21-002730
2021,1067062,T21-003898
2021,1067063,T21-000853
2021,1067064,T21-004300
2021,1067065,T21-000136
2021,1067066,T21-004968
2021,1067067,T21-004067
2021,1067068,T21-004554
2021,1067069,T21-003203
2021,1067070,T21-004266
2021,1067071,T21-000765
2021,1067072,T21-000757
2021,1068001,T21-004085
2021,1068002,T21-005102
2021,1068003,T21-003346
2021,1068004,T21-003732
2021,1068005,T21-000730
2021,1068006,T21-001335
2021,1068007,T21-003254
2021,1068008,T21-002041
2021,1068009,T21-001982
2021,1068010,T21-003098
2021,1068011,T21-002756
2021,1068012,T21-004064
2021,1069001,T21-003865
2021,1069002,T21-004488
2021,1069003,T21-001816
2021,1069004,T21-003067
2021,1069005,T21-000821
2021,1069006,T21-002614
2021,1069007,T21-003494
2021,1069008,T21-002992
2021,1069009,T21-002579
2021,1069010,T21-004888
2021,1069011,T21-004228
2021,1069012,T21-003370
2021,1069013,T21-001379
2021,1069014,T21-003664
2021,1069015,T21-003766
2021,1069016,T21-002239
2021,1069017,T21-002409
2021,1069018,T21-002706
2021,1069019,T21-000841
2021,1069020,T21-001012
2021,1069021,T21-004890
2021,1069022,T21-002376
2021,1069023,T21-003279
2021,1069024,T21-000076
2021,1069025,T21-000394
2021,1069026,T21-001221
2021,1069027,T21-000037
2021,1069028,T21-002982
2021,1069029,T21-001631
2021,1069030,T21-002637
2021,1069031,T21-001035
2021,1069032,T21-003443
2021,1069033,T21-004339
2021,1070001,T21-003366
2021,1070002,T21-002496
2021,1070003,T21-000380
2021,1070004,T21-003148
2021,1070005,T21-004303
2021,1070006,T21-005123
2021,1070007,T21-002127
2021,1070008,T21-003240
2021,1070009,T21-004155
2021,1070010,T21-000462
2021,1070011,T21-002370
2021,1070012,T21-003065
2021,1070013,T21-001392
2021,1070014,T21-002885
2021,1070015,T21-005030
2021,1070016,T21-002242
2021,1070017,T21-000820
2021,1070018,T21-002032
2021,1070019,T21-002400
2021,1070020,T21-001410
2021,1070021,T21-003662
2021,1070022,T21-003690
2021,1070023,T21-003228
2021,1070024,T21-004036
2021,1070025,T21-000085
2021,1070026,T21-004289
2021,1070027,T21-002254
2021,1070028,T21-004175
2021,1070029,T21-002704
2021,1070030,T21-000550
2021,1070031,T21-001236
2021,1070032,T21-003577
2021,1070033,T21-004472
2021,1070034,T21-002453
2021,1070035,T21-004787
2021,1070036,T21-002408
2021,1070037,T21-003278
2021,1071001,T21-000958
2021,1071002,T21-003263
2021,1071003,T21-001408
2021,1071004,T21-001573
2021,1071005,T21-004807
2021,1071006,T21-004618
2021,1071007,T21-003268
2021,1071008,T21-002334
2021,1071009,T21-001899
2021,1071010,T21-000566
2021,1071011,T21-000128
2021,1071012,T21-002379
2021,1071013,T21-003070
2021,1072001,T21-000414
2021,1072002,T21-001741
2021,1072003,T21-002629
2021,1072004,T21-002230
2021,1072005,T21-004459
2021,1072006,T21-003110
2021,1072007,T21-001510
2021,1072008,T21-004583
2021,1072009,T21-002076
2021,1072010,T21-003624
2021,1072011,T21-003352
2021,1072012,T21-002099
2021,1073001,T21-001334
2021,1073002,T21-002791
2021,1073003,T21-000021
2021,1073004,T21-004926
2021,1073005,T21-001100
2021,1073006,T21-003119
2021,1073007,T21-003733
2021,1073008,T21-000077
2021,1073009,T21-000073
2021,1073010,T21-001442
2021,1073011,T21-002091
2021,1073012,T21-000804
2021,1073013,T21-004374
2021,1073014,T21-002752
2021,1073015,T21-004246
2021,1073016,T21-004891
2021,1073017,T21-000485
2021,1073018,T21-003549
2021,1073019,T21-003261
2021,1073020,T21-004762
2021,1073021,T21-002557
2021,1073022,T21-003813
2021,1073023,T21-004292
2021,1073024,T21-001647
2021,1073025,T21-004433
2021,1073026,T21-003912
2021,1073027,T21-004171
2021,1073028,T21-004274
2021,1073029,T21-004245
2021,1073030,T21-003038
2021,1073031,T21-003890
2021,1073032,T21-002161
2021,1073033,T21-001258
2021,1073034,T21-002711
2021,1073035,T21-005098
2021,1073036,T21-002311
2021,1073037,T21-001071
2021,1073038,T21-000007
2021,1073039,T21-004722
2021,1073040,T21-001400
2021,1073041,T21-001155
2021,1073042,T21-002458
2021,1073043,T21-003155
2021,1073044,T21-000376
2021,1073045,T21-005158
2021,1073046,T21-000251
2021,1073047,T21-000504
2021,1073048,T21-001797
2021,1073049,T21-002287
2021,1073050,T21-003652
2021,1074001,T21-001589
2021,1074002,T21-000751
2021,1074003,T21-004771
2021,1074004,T21-001565
2021,1074005,T21-002853
2021,1074006,T21-002864
2021,1074007,T21-003779
2021,1074008,T21-001488
2021,1074009,T21-003410
2021,1074010,T21-003605
2021,1074011,T21-001185
2021,1074012,T21-000682
2021,1074013,T21-003170
2021,1074014,T21-004878
2021,1074015,T21-001315
2021,1074016,T21-001778
2021,1074017,T21-000066
2021,1074018,T21-002228
2021,1074019,T21-001774
2021,1074020,T21-005131
2021,1074021,T21-004757
2021,1074022,T21-000468
2021,1074023,T21-002686
2021,1074024,T21-003230
2021,1074025,T21-000332
2021,1074026,T21-001058
2021,1074027,T21-002326
2021,1074028,T21-001307
2021,1074029,T21-003413
2021,1074030,T21-001758
2021,1074031,T21-002928
2021,1074032,T21-003459
2021,1074033,T21-005088
2021,1074034,T21-000351
2021,1074035,T21-004843
2021,1074036,T21-001370
2021,1075001,T21-002372
2021,1075002,T21-002060
2021,1075003,T21-004317
2021,1075004,T21-001568
2021,1075005,T21-000583
2021,1075006,T21-003949
2021,1075007,T21-001344
2021,1075008,T21-005162
2021,1075009,T21-002277
2021,1075010,T21-000244
2021,1075011,T21-001131
2021,1075012,T21-002681
2021,1075013,T21-000522
2021,1075014,T21-000150
2021,1075015,T21-002406
2021,1075016,T21-001106
2021,1075017,T21-001748
2021,1075018,T21-002537
2021,1075019,T21-004610
2021,1075020,T21-004481
2021,1075021,T21-000777
2021,1075022,T21-002894
2021,1075023,T21-000808
2021,1076001,T21-000358
2021,1076002,T21-003840
2021,1076003,T21-003952
2021,1076004,T21-003490
2021,1076005,T21-000996
2021,1076006,T21-004521
2021,1076007,T21-003807
2021,1076008,T21-004189
2021,1076009,T21-002613
2021,1076010,T21-001120
2021,1076011,T21-005125
2021,1076012,T21-000991
2021,1076013,T21-002427
2021,1076014,T21-002061
2021,1076015,T21-002679
2021,1076016,T21-004324
2021,1076017,T21-004538
2021,1076018,T21-002153
2021,1076019,T21-001416
2021,1076020,T21-000953
2021,1076021,T21-001403
2021,1076022,T21-002890
2021,1076023,T21-005147
2021,1076024,T21-001051
2021,1076025,T21-002862
2021,1076026,T21-004295
2021,1076027,T21-001511
2021,1076028,T21-003661
2021,1076029,T21-003353
2021,1076030,T21-001561
2021,1076031,T21-000271
2021,1076032,T21-003914
2021,1076033,T21-002745
2021,1076034,T21-004569
2021,1076035,T21-004482
2021,1077001,T21-000588
2021,1077002,T21-004409
2021,1077003,T21-002912
2021,1077004,T21-001859
2021,1077005,T21-005033
2021,1077006,T21-005097
2021,1077007,T21-000675
2021,1077008,T21-003202
2021,1077009,T21-003342
2021,1077010,T21-000371
2021,1077011,T21-004573
2021,1077012,T21-002187
2021,1077013,T21-003787
2021,1077014,T21-004428
2021,1077015,T21-004678
2021,1077016,T21-004697
2021,1077017,T21-004713
2021,1077018,T21-002185
2021,1077019,T21-002544
2021,1077020,T21-001228
2021,1077021,T21-002732
2021,1077022,T21-002582
2021,1077023,T21-001033
2021,1077024,T21-000459
2021,1078001,T21-002009
2021,1078002,T21-003245
2021,1078003,T21-003544
2021,1078004,T21-001333
2021,1078005,T21-002626
2021,1078006,T21-000059
2021,1078007,T21-003968
2021,1078008,T21-000453
2021,1078009,T21-001810
2021,1078010,T21-001695
2021,1078011,T21-000093
2021,1078012,T21-002090
2021,1078013,T21-004029
2021,1078014,T21-003303
2021,1078015,T21-003772
2021,1078016,T21-000654
2021,1078017,T21-000665
2021,1078018,T21-005135
2021,1078019,T21-004443
2021,1079001,T21-000674
2021,1079002,T21-003332
2021,1079003,T21-004248
2021,1079004,T21-004751
2021,1079005,T21-000263
2021,1079006,T21-004674
2021,1079007,T21-004630
2021,1079008,T21-001949
2021,1079009,T21-000627
2021,1079010,T21-004146
2021,1079011,T21-001289
2021,1079012,T21-003020
2021,1079013,T21-002635
2021,1079014,T21-000048
2021,1079015,T21-003233
2021,1079016,T21-000383
2021,1079017,T21-000208
2021,1079018,T21-000397
2021,1079019,T21-004738
2021,1079020,T21-000246
2021,1079021,T21-000323
2021,1079022,T21-004348
2021,1079023,T21-003394
2021,1079024,T21-003103
2021,1079025,T21-004465
2021,1079026,T21-002337
2021,1079027,T21-003479
2021,1079028,T21-003151
2021,1079029,T21-000331
2021,1079030,T21-002138
2021,1079031,T21-004002
2021,1079032,T21-001826
2021,1079033,T21-003673
2021,1079034,T21-002036
2021,1079035,T21-000098
2021,1079036,T21-001443
2021,1079037,T21-000247
2021,1080001,T21-005179
2021,1080002,T21-003879
2021,1080003,T21-003756
2021,1080004,T21-003861
2021,1080005,T21-002550
2021,1080006,T21-003809
2021,1080007,T21-000410
2021,1080008,T21-001896
2021,1080009,T21-002367
2021,1080010,T21-003519
2021,1080011,T21-002959
2021,1080012,T21-002323
2021,1080013,T21-001327
2021,1080014,T21-004329
2021,1080015,T21-004496
2021,1080016,T21-003794
2021,1080017,T21-000080
2021,1080018,T21-005002
2021,1080019,T21-002991
2021,1080020,T21-001491
2021,1080021,T21-002672
2021,1080022,T21-000105
2021,1081001,T21-002110
2021,1081002,T21-000350
2021,1081003,T21-000180
2021,1081004,T21-004836
2021,1081005,T21-005186
2021,1081006,T21-002477
2021,1081007,T21-000314
2021,1081008,T21-001484
2021,1081009,T21-004447
2021,1081010,T21-000364
2021,1081011,T21-000058
2021,1081012,T21-002373
2021,1081013,T21-004343
2021,1081014,T21-000899
2021,1081015,T21-004778
2021,1081016,T21-003063
2021,1081017,T21-000942
2021,1081018,T21-001819
2021,1081019,T21-001699
2021,1081020,T21-004916
2021,1081021,T21-002276
2021,1081022,T21-000731
2021,1081023,T21-003395
2021,1081024,T21-004577
2021,1081025,T21-003849
2021,1081026,T21-000275
2021,1082001,T21-001108
2021,1082002,T21-003543
2021,1082003,T21-004363
2021,1082004,T21-002055
2021,1082005,T21-002695
2021,1082006,T21-002199
2021,1082007,T21-001302
2021,1082008,T21-003613
2021,1082009,T21-000956
2021,1082010,T21-004121
2021,1082011,T21-001715
2021,1082012,T21-001021
2021,1082013,T21-002880
2021,1082014,T21-002610
2021,1082015,T21-000886
2021,1082016,T21-000630
2021,1082017,T21-001306
2021,1082018,T21-002812
2021,1082019,T21-005114
2021,1082020,T21-001790
2021,1082021,T21-000887
2021,1082022,T21-001305
2021,1082023,T21-000864
2021,1082024,T21-000885
2021,1082025,T21-005064
2021,1082026,T21-001177
2021,1082027,T21-001200
2021,1082028,T21-004572
2021,1082029,T21-002430
2021,1082030,T21-000033
2021,1082031,T21-000881
2021,1082032,T21-000861
2021,1082033,T21-000385
2021,1082034,T21-004194
2021,1082035,T21-004656
2021,1082036,T21-004200
2021,1082037,T21-004642
2021,1082038,T21-002946
2021,1082039,T21-000450
2021,1083001,T21-003323
2021,1083002,T21-000407
2021,1083003,T21-002390
2021,1083004,T21-001628
2021,1083005,T21-001821
2021,1083006,T21-004501
2021,1083007,T21-000142
2021,1083008,T21-000012
2021,1083009,T21-001911
2021,1083010,T21-003513
2021,1083011,T21-002624
2021,1083012,T21-002289
2021,1083013,T21-003290
2021,1083014,T21-002316
2021,1083015,T21-004270
2021,1083016,T21-001216
2021,1083017,T21-001613
2021,1083018,T21-002680
2021,1083019,T21-005080
2021,1083020,T21-002039
2021,1083021,T21-003192
2021,1083022,T21-004223
2021,1084001,T21-004873
2021,1084002,T21-002241
2021,1084003,T21-004977
2021,1084004,T21-003117
2021,1084005,T21-002517
2021,1084006,T21-001480
2021,1084007,T21-003976
2021,1084008,T21-002062
2021,1084009,T21-004523
2021,1084010,T21-001594
2021,1084011,T21-004377
2021,1084012,T21-001425
2021,1084013,T21-005028
2021,1084014,T21-001388
2021,1084015,T21-004058
2021,1084016,T21-003769
2021,1084017,T21-004632
2021,1084018,T21-000390
2021,1084019,T21-002618
2021,1084020,T21-002415
2021,1084021,T21-004781
2021,1084022,T21-000344
2021,1084023,T21-001451
2021,1084024,T21-001547
2021,1084025,T21-000530
2021,1084026,T21-005144
2021,1084027,T21-001099
2021,1084028,T21-003315
2021,1084029,T21-000622
2021,1084030,T21-001189
2021,1084031,T21-005054
2021,1084032,T21-002804
2021,1084033,T21-003726
2021,1084034,T21-004288
2021,1085001,T21-000219
2021,1085002,T21-004566
2021,1085003,T21-000803
2021,1085004,T21-003650
2021,1085005,T21-003412
2021,1085006,T21-003653
2021,1085007,T21-001163
2021,1085008,T21-002692
2021,1085009,T21-003670
2021,1085010,T21-003755
2021,1085011,T21-001170
2021,1085012,T21-001765
2021,1085013,T21-004170
2021,1085014,T21-001354
2021,1085015,T21-003528
2021,1085016,T21-004122
2021,1085017,T21-001350
2021,1085018,T21-003943
2021,1085019,T21-004761
2021,1085020,T21-000941
2021,1085021,T21-001585
2021,1086001,T21-001203
2021,1086002,T21-001925
2021,1086003,T21-003836
2021,1086004,T21-000419
2021,1086005,T21-001974
2021,1086006,T21-000319
2021,1086007,T21-004929
2021,1086008,T21-003272
2021,1086009,T21-000198
2021,1086010,T21-002868
2021,1086011,T21-003570
2021,1086012,T21-002024
2021,1086013,T21-003283
2021,1086014,T21-004945
2021,1086015,T21-001252
2021,1086016,T21-003831
2021,1086017,T21-001046
2021,1086018,T21-003482
2021,1086019,T21-001111
2021,1086020,T21-005183
2021,1086021,T21-003195
2021,1086022,T21-002108
2021,1086023,T21-001078
2021,1086024,T21-000723
2021,1087001,T21-004853
2021,1087002,T21-003786
2021,1087003,T21-002520
2021,1087004,T21-001209
2021,1087005,T21-002977
2021,1087006,T21-001020
2021,1087007,T21-000959
2021,1087008,T21-000473
2021,1087009,T21-003518
2021,1087010,T21-003967
2021,1087011,T21-004859
2021,1087012,T21-001619
2021,1087013,T21-000199
2021,1087014,T21-002700
2021,1087015,T21-004177
2021,1087016,T21-005122
2021,1087017,T21-002978
2021,1087018,T21-002042
2021,1087019,T21-003079
2021,1087020,T21-004894
2021,1087021,T21-000700
2021,1087022,T21-002303
2021,1088001,T21-003975
2021,1088002,T21-003201
2021,1088003,T21-003220
2021,1088004,T21-001482
2021,1088005,T21-002875
2021,1088006,T21-001273
2021,1088007,T21-003224
2021,1088008,T21-001132
2021,1088009,T21-000388
2021,1088010,T21-002699
2021,1088011,T21-004250
2021,1088012,T21-000280
2021,1088013,T21-002132
2021,1088014,T21-000653
2021,1088015,T21-001006
2021,1088016,T21-004745
2021,1088017,T21-001935
2021,1088018,T21-003071
2021,1088019,T21-001770
2021,1088020,T21-001062
2021,1088021,T21-000985
2021,1088022,T21-005025
2021,1088023,T21-000151
2021,1089001,T21-003357
2021,1089002,T21-000027
2021,1089003,T21-000562
2021,1089004,T21-002371
2021,1089005,T21-004004
2021,1089006,T21-003424
2021,1089007,T21-001455
2021,1089008,T21-001950
2021,1089009,T21-002095
2021,1089010,T21-003705
2021,1089011,T21-003502
2021,1089012,T21-003398
2021,1089013,T21-001623
2021,1089014,T21-000363
2021,1089015,T21-002336
2021,1089016,T21-000154
2021,1089017,T21-002065
2021,1089018,T21-003173
2021,1089019,T21-003438
2021,1089020,T21-002633
2021,1089021,T21-000711
2021,1089022,T21-001921
2021,1090001,T21-003677
2021,1090002,T21-003582
2021,1090003,T21-004651
2021,1090004,T21-002689
2021,1090005,T21-004541
2021,1090006,T21-000787
2021,1090007,T21-003463
2021,1090008,T21-003574
2021,1090009,T21-001146
2021,1090010,T21-004723
2021,1090011,T21-005058
2021,1090012,T21-005176
2021,1090013,T21-003939
2021,1090014,T21-000666
2021,1090015,T21-000852
2021,1091001,T21-002212
2021,1091002,T21-002813
2021,1091003,T21-003462
2021,1091004,T21-001231
2021,1091005,T21-003703
2021,1091006,T21-001272
2021,1091007,T21-000565
2021,1091008,T21-004756
2021,1091009,T21-001554
2021,1091010,T21-000161
2021,1091011,T21-004984
2021,1091012,T21-004753
2021,1091013,T21-000347
2021,1091014,T21-004515
2021,1091015,T21-003386
2021,1091016,T21-002380
2021,1091017,T21-002338
2021,1092001,T21-004047
2021,1092002,T21-003859
2021,1092003,T21-002786
2021,1092004,T21-002353
2021,1092005,T21-004141
2021,1092006,T21-001820
2021,1092007,T21-003137
2021,1092008,T21-000917
2021,1092009,T21-001444
2021,1092010,T21-003706
2021,1092011,T21-001701
2021,1092012,T21-000017
2021,1092013,T21-001941
2021,1092014,T21-003143
2021,1092015,T21-003917
2021,1092016,T21-004305
2021,1092017,T21-004547
2021,1092018,T21-001668
2021,1092019,T21-005153
2021,1092020,T21-003183
2021,1092021,T21-001533
2021,1092022,T21-004243
2021,1092023,T21-001434
2021,1092024,T21-001125
2021,1092025,T21-000660
2021,1092026,T21-004974
2021,1092027,T21-003682
2021,1092028,T21-003542
2021,1092029,T21-000031
2021,1092030,T21-003901
2021,1092031,T21-001792
2021,1092032,T21-000893
2021,1092033,T21-001771
2021,1092034,T21-004373
2021,1092035,T21-004732
2021,1093001,T21-002290
2021,1093002,T21-002678
2021,1093003,T21-004737
2021,1093004,T21-000132
2021,1093005,T21-000387
2021,1093006,T21-001534
2021,1093007,T21-001590
2021,1093008,T21-000514
2021,1093009,T21-003977
2021,1093010,T21-000907
2021,1093011,T21-004024
2021,1093012,T21-000226
2021,1093013,T21-002256
2021,1093014,T21-001521
2021,1093015,T21-003310
2021,1093016,T21-001077
2021,1093017,T21-002709
2021,1093018,T21-001629
2021,1093019,T21-002063
2021,1093020,T21-000309
2021,1093021,T21-003651
2021,1093022,T21-000272
2021,1093023,T21-004451
2021,1093024,T21-002109
2021,1093025,T21-002779
2021,1093026,T21-003928
2021,1093027,T21-002840
2021,1093028,T21-002705
2021,1093029,T21-004357
2021,1093030,T21-002616
2021,1093031,T21-004234
2021,1094001,T21-002846
2021,1094002,T21-000046
2021,1094003,T21-001382
2021,1094004,T21-001665
2021,1094005,T21-000631
2021,1094006,T21-002759
2021,1094007,T21-001519
2021,1094008,T21-002304
2021,1094009,T21-002760
2021,1094010,T21-005014
2021,1094011,T21-005004
2021,1094012,T21-004922
2021,1094013,T21-001238
2021,1094014,T21-003672
2021,1094015,T21-000594
2021,1094016,T21-003199
2021,1094017,T21-001031
2021,1094018,T21-004946
2021,1094019,T21-000984
2021,1094020,T21-000327
2021,1094021,T21-002348
2021,1094022,T21-002297
2021,1094023,T21-000429
2021,1094024,T21-001924
2021,1094025,T21-004629
2021,1094026,T21-001683
2021,1094027,T21-003104
2021,1094028,T21-001840
2021,1094029,T21-003198
2021,1094030,T21-004914
2021,1094031,T21-003021
2021,1094032,T21-000192
2021,1094033,T21-002154
2021,1094034,T21-000445
2021,1094035,T21-003468
2021,1094036,T21-005096
2021,1094037,T21-003866
2021,1094038,T21-002565
2021,1094039,T21-000043
2021,1094040,T21-004184
2021,1094041,T21-002197
2021,1094042,T21-001343
2021,1095001,T21-001094
2021,1095002,T21-003488
2021,1095003,T21-000571
2021,1095004,T21-001666
2021,1095005,T21-004874
2021,1095006,T21-001318
2021,1095007,T21-002434
2021,1095008,T21-004596
2021,1095009,T21-000170
2021,1095010,T21-003929
2021,1095011,T21-002877
2021,1095012,T21-001889
2021,1095013,T21-001205
2021,1095014,T21-003990
2021,1095015,T21-004065
2021,1095016,T21-002895
2021,1095017,T21-002471
2021,1095018,T21-001829
2021,1096001,T21-001597
2021,1096002,T21-004368
2021,1096003,T21-004257
2021,1096004,T21-003306
2021,1096005,T21-001913
2021,1096006,T21-001733
2021,1096007,T21-001358
2021,1096008,T21-001059
2021,1096009,T21-000642
2021,1096010,T21-002172
2021,1096011,T21-001654
2021,1096012,T21-003845
2021,1096013,T21-001581
2021,1096014,T21-001848
2021,1096015,T21-002152
2021,1096016,T21-002156
2021,1096017,T21-001093
2021,1096018,T21-002399
2021,1096019,T21-004299
2021,1096020,T21-002139
2021,1096021,T21-003177
2021,1096022,T21-000664
2021,1097001,T21-003607
2021,1097002,T21-000695
2021,1097003,T21-001431
2021,1097004,T21-003532
2021,1097005,T21-003604
2021,1097006,T21-001846
2021,1097007,T21-001290
2021,1097008,T21-001612
2021,1097009,T21-000268
2021,1097010,T21-000652
2021,1097011,T21-004586
2021,1097012,T21-000008
2021,1097013,T21-001764
2021,1097014,T21-001075
2021,1097015,T21-004384
2021,1097016,T21-004195
2021,1097017,T21-002410
2021,1097018,T21-004763
2021,1097019,T21-000767
2021,1097020,T21-003895
2021,1097021,T21-001761
2021,1097022,T21-003959
2021,1097023,T21-003981
2021,1097024,T21-005016
2021,1097025,T21-001854
2021,1097026,T21-003537
2021,1097027,T21-000921
2021,1097028,T21-003226
2021,1097029,T21-002638
2021,1097030,T21-003852
2021,1097031,T21-002342
2021,1097032,T21-003164
2021,1098001,T21-003530
2021,1098002,T21-001454
2021,1098003,T21-004624
2021,1098004,T21-003003
2021,1098005,T21-003655
2021,1098006,T21-003354
2021,1098007,T21-000141
2021,1098008,T21-003803
2021,1098009,T21-002184
2021,1098010,T21-002764
2021,1098011,T21-000520
2021,1098012,T21-003737
2021,1098013,T21-002621
2021,1098014,T21-002473
2021,1098015,T21-000044
2021,1098016,T21-003915
2021,1098017,T21-002666
2021,1098018,T21-002607
2021,1098019,T21-004407
2021,1098020,T21-002682
2021,1098021,T21-004730
2021,1098022,T21-003142
2021,1098023,T21-004310
2021,1098024,T21-002035
2021,1098025,T21-002994
2021,1098026,T21-001368
2021,1098027,T21-000497
2021,1098028,T21-001176
2021,1098029,T21-000753
2021,1098030,T21-001383
2021,1098031,T21-000187
2021,1098032,T21-003593
2021,1098033,T21-003043
2021,1098034,T21-000477
2021,1098035,T21-005136
2021,1098036,T21-000070
2021,1098037,T21-003882
2021,1099001,T21-001166
2021,1099002,T21-005119
2021,1099003,T21-004282
2021,1099004,T21-001490
2021,1099005,T21-003824
2021,1099006,T21-004620
2021,1099007,T21-002022
2021,1099008,T21-005021
2021,1099009,T21-001618
2021,1099010,T21-001340
2021,1099011,T21-003745
2021,1099012,T21-005156
2021,1099013,T21-004832
2021,1099014,T21-003697
2021,1099015,T21-004670
2021,1099016,T21-000923
2021,1099017,T21-002740
2021,1099018,T21-002632
2021,1099019,T21-002384
2021,1099020,T21-001535
2021,1099021,T21-001751
2021,1099022,T21-004889
2021,1099023,T21-005042
2021,1099024,T21-000629
2021,1099025,T21-003088
2021,1099026,T21-004449
2021,1099027,T21-000531
2021,1099028,T21-001828
2021,1099029,T21-004010
2021,1099030,T21-004201
2021,1099031,T21-005037
2021,1099032,T21-003214
2021,1099033,T21-003900
2021,1099034,T21-003034
2021,1099035,T21-002048
2021,1099036,T21-000843
2021,1099037,T21-003289
2021,1099038,T21-002592
2021,1099039,T21-004643
2021,1099040,T21-000979
2021,1099041,T21-000612
2021,1099042,T21-003197
2021,1099043,T21-000863
2021,1099044,T21-001627
2021,1100001,T21-002904
2021,1100002,T21-004148
2021,1100003,T21-002010
2021,1100004,T21-001746
2021,1100005,T21-000557
2021,1100006,T21-002475
2021,1100007,T21-002438
2021,1100008,T21-001438
2021,1100009,T21-000038
2021,1100010,T21-004090
2021,1100011,T21-002143
2021,1100012,T21-001815
2021,1100013,T21-001922
2021,1100014,T21-004669
2021,1100015,T21-004872
2021,1100016,T21-003057
2021,1100017,T21-000006
2021,1100018,T21-003382
2021,1100019,T21-004505
2021,1100020,T21-002080
2021,1101001,T21-003639
2021,1101002,T21-002836
2021,1101003,T21-003154
2021,1101004,T21-000256
2021,1101005,T21-003129
2021,1101006,T21-000285
2021,1101007,T21-004576
2021,1101008,T21-003267
2021,1101009,T21-004617
2021,1101010,T21-002094
2021,1101011,T21-000148
2021,1101012,T21-000097
2021,1101013,T21-001939
2021,1101014,T21-002634
2021,1101015,T21-003872
2021,1101016,T21-004032
2021,1101017,T21-001367
2021,1101018,T21-003711
2021,1101019,T21-004802
2021,1101020,T21-004806
2021,1102001,T21-003344
2021,1102002,T21-002208
2021,1102003,T21-001543
2021,1102004,T21-004879
2021,1102005,T21-001138
2021,1102006,T21-002854
2021,1102007,T21-000114
2021,1102008,T21-003571
2021,1102009,T21-003051
2021,1102010,T21-001874
2021,1102011,T21-002569
2021,1102012,T21-000667
2021,1102013,T21-000232
2021,1102014,T21-004786
2021,1102015,T21-003615
2021,1102016,T21-000511
2021,1102017,T21-004645
2021,1102018,T21-003491
2021,1102019,T21-005084
2021,1102020,T21-004960
2021,1103001,T21-003031
2021,1103002,T21-004439
2021,1103003,T21-000994
2021,1103004,T21-002884
2021,1103005,T21-000110
2021,1103006,T21-002593
2021,1103007,T21-001086
2021,1103008,T21-001361
2021,1103009,T21-002404
2021,1103010,T21-002953
2021,1103011,T21-001274
2021,1103012,T21-003618
2021,1103013,T21-004359
2021,1103014,T21-002428
2021,1103015,T21-000854
2021,1103016,T21-003979
2021,1103017,T21-003058
2021,1103018,T21-000014
2021,1103019,T21-003598
2021,1104001,T21-003124
2021,1104002,T21-001043
2021,1104003,T21-001772
2021,1104004,T21-001171
2021,1104005,T21-002034
2021,1104006,T21-000698
2021,1104007,T21-000732
2021,1104008,T21-004592
2021,1104009,T21-001321
2021,1104010,T21-001973
2021,1104011,T21-004528
2021,1104012,T21-000425
2021,1104013,T21-004804
2021,1104014,T21-001346
2021,1104015,T21-000720
2021,1104016,T21-003496
2021,1104017,T21-000620
2021,1104018,T21-004069
2021,1104019,T21-004857
2021,1104020,T21-001516
2021,1104021,T21-000475
2021,1104022,T21-003960
2021,1104023,T21-002223
2021,1104024,T21-001011
2021,1104025,T21-000983
2021,1105001,T21-004038
2021,1105002,T21-005012
2021,1105003,T21-004279
2021,1105004,T21-004315
2021,1105005,T21-002435
2021,1105006,T21-002329
2021,1105007,T21-001064
2021,1105008,T21-003169
2021,1105009,T21-001710
2021,1105010,T21-000692
2021,1105011,T21-000825
2021,1105012,T21-001625
2021,1105013,T21-004752
2021,1105014,T21-004818
2021,1105015,T21-003717
2021,1105016,T21-000573
2021,1105017,T21-002133
2021,1105018,T21-004471
2021,1105019,T21-000342
2021,1105020,T21-003508
2021,1105021,T21-004881
2021,1106001,T21-004506
2021,1106002,T21-005115
2021,1106003,T21-002175
2021,1106004,T21-002942
2021,1106005,T21-000847
2021,1106006,T21-002167
2021,1106007,T21-002987
2021,1106008,T21-001652
2021,1106009,T21-004242
2021,1106010,T21-000544
2021,1106011,T21-004518
2021,1106012,T21-000004
2021,1106013,T21-000074
2021,1106014,T21-003161
2021,1106015,T21-000873
2021,1106016,T21-003281
2021,1106017,T21-004923
2021,1106018,T21-004358
2021,1106019,T21-000081
2021,1106020,T21-000578
2021,1107001,T21-003889
2021,1107002,T21-002272
2021,1107003,T21-002888
2021,1107004,T21-002382
2021,1107005,T21-001524
2021,1107006,T21-001260
2021,1107007,T21-001492
2021,1107008,T21-001441
2021,1107009,T21-003292
2021,1107010,T21-004213
2021,1107011,T21-000819
2021,1107012,T21-003727
2021,1107013,T21-004116
2021,1107014,T21-004545
2021,1107015,T21-000649
2021,1107016,T21-002603
2021,1107017,T21-002965
2021,1107018,T21-001517
2021,1107019,T21-000742
2021,1107020,T21-000827
2021,1107021,T21-001428
2021,1107022,T21-004045
2021,1107023,T21-004139
2021,1107024,T21-001686
2021,1107025,T21-004485
2021,1107026,T21-001624
2021,1107027,T21-002995
2021,1107028,T21-002488
2021,1107029,T21-004145
2021,1107030,T21-001391
2021,1107031,T21-000112
2021,1107032,T21-004830
2021,1107033,T21-000781
2021,1107034,T21-003331
2021,1108001,T21-003644
2021,1108002,T21-004048
2021,1108003,T21-001844
2021,1108004,T21-002349
2021,1108005,T21-001643
2021,1108006,T21-000391
2021,1108007,T21-002957
2021,1108008,T21-000442
2021,1108009,T21-003096
2021,1108010,T21-002247
2021,1108011,T21-001713
2021,1108012,T21-001016
2021,1108013,T21-000670
2021,1108014,T21-005142
2021,1108015,T21-001181
2021,1108016,T21-001984
2021,1108017,T21-003091
2021,1108018,T21-004683
2021,1108019,T21-004775
2021,1108020,T21-004133
2021,1108021,T21-000869
2021,1108022,T21-004719
2021,1108023,T21-001363
2021,1108024,T21-002605
2021,1108025,T21-004839
2021,1108026,T21-003374
2021,1108027,T21-001948
2021,1109001,T21-002072
2021,1109002,T21-003771
2021,1109003,T21-001731
2021,1109004,T21-002545
2021,1109005,T21-001851
2021,1109006,T21-002044
2021,1109007,T21-003583
2021,1109008,T21-001240
2021,1109009,T21-002307
2021,1109010,T21-000353
2021,1109011,T21-003013
2021,1109012,T21-004582
2021,1109013,T21-001464
2021,1109014,T21-005045
2021,1109015,T21-001122
2021,1109016,T21-000915
2021,1109017,T21-000712
2021,1109018,T21-004967
2021,1109019,T21-002962
2021,1109020,T21-001615
2021,1109021,T21-004400
2021,1109022,T21-000101
2021,1109023,T21-005022
2021,1109024,T21-000745
2021,1109025,T21-004548
2021,1109026,T21-003126
2021,1109027,T21-003747
2021,1109028,T21-003760
2021,1109029,T21-001133
2021,1109030,T21-002595
2021,1109031,T21-004153
2021,1109032,T21-002229
2021,1109033,T21-001281
2021,1109034,T21-001182
2021,1109035,T21-004375
2021,1109036,T21-001349
2021,1109037,T21-004369
2021,1109038,T21-004734
2021,1109039,T21-004672
2021,1110001,T21-005182
2021,1110002,T21-003575
2021,1110003,T21-003938
2021,1110004,T21-000515
2021,1110005,T21-001065
2021,1110006,T21-001720
2021,1110007,T21-004852
2021,1110008,T21-004704
2021,1110009,T21-002489
2021,1110010,T21-004387
2021,1110011,T21-003480
2021,1110012,T21-001010
2021,1110013,T21-000188
2021,1110014,T21-003886
2021,1110015,T21-002275
2021,1110016,T21-002487
2021,1110017,T21-004353
2021,1110018,T21-004434
2021,1110019,T21-004913
2021,1110020,T21-002979
2021,1110021,T21-004207
2021,1110022,T21-001734
2021,1110023,T21-001207
2021,1110024,T21-000245
2021,1110025,T21-000496
2021,1110026,T21-000224
2021,1110027,T21-004286
2021,1110028,T21-004507
2021,1110029,T21-002461
2021,1110030,T21-005154
2021,1110031,T21-000749
2021,1110032,T21-001121
2021,1110033,T21-002081
2021,1110034,T21-000152
2021,1110035,T21-004053
2021,1110036,T21-000677
2021,1110037,T21-002398
2021,1110038,T21-003631
2021,1110039,T21-003762
2021,1110040,T21-000236
2021,1110041,T21-001933
2021,1110042,T21-004382
2021,1110043,T21-000090
2021,1110044,T21-002536
2021,1110045,T21-001767
2021,1110046,T21-005140
2021,1110047,T21-001042
2021,1110048,T21-003946
2021,1111001,T21-002924
2021,1111002,T21-002267
2021,1111003,T21-001542
2021,1111004,T21-002687
2021,1111005,T21-001232
2021,1111006,T21-005169
2021,1111007,T21-000324
2021,1111008,T21-005189
2021,1111009,T21-002860
2021,1111010,T21-002720
2021,1111011,T21-000218
2021,1111012,T21-004314
2021,1111013,T21-003649
2021,1111014,T21-004611
2021,1111015,T21-002725
2021,1111016,T21-000483
2021,1112001,T21-000206
2021,1112002,T21-004151
2021,1112003,T21-002771
2021,1112004,T21-004727
2021,1112005,T21-004467
2021,1112006,T21-000610
2021,1112007,T21-002966
2021,1112008,T21-002006
2021,1112009,T21-003921
2021,1112010,T21-000684
2021,1112011,T21-002721
2021,1112012,T21-000713
2021,1112013,T21-001679
2021,1112014,T21-001835
2021,1112015,T21-002164
2021,1112016,T21-003569
2021,1112017,T21-000816
2021,1112018,T21-002360
2021,1112019,T21-001592
2021,1112020,T21-001047
2021,1112021,T21-001130
2021,1112022,T21-004892
2021,1112023,T21-003196
2021,1112024,T21-003249
2021,1112025,T21-004915
2021,1112026,T21-000507
2021,1112027,T21-000546
2021,1112028,T21-002887
2021,1112029,T21-001702
2021,1112030,T21-001436
2021,1112031,T21-004797
2021,1112032,T21-001117
2021,1112033,T21-004346
2021,1112034,T21-001988
2021,1112035,T21-003934
2021,1112036,T21-000909
2021,1112037,T21-001263
2021,1112038,T21-001317
2021,1112039,T21-000172
2021,1112040,T21-004027
2021,1112041,T21-003918
2021,1112042,T21-001644
2021,1112043,T21-001483
2021,1112044,T21-004665
2021,1113001,T21-000617
2021,1113002,T21-004127
2021,1113003,T21-002787
2021,1113004,T21-003445
2021,1113005,T21-003692
2021,1113006,T21-004247
2021,1113007,T21-000495
2021,1113008,T21-003061
2021,1113009,T21-000702
2021,1113010,T21-004512
2021,1113011,T21-003686
2021,1113012,T21-000182
2021,1113013,T21-003106
2021,1113014,T21-002444
2021,1113015,T21-001242
2021,1113016,T21-004140
2021,1113017,T21-002407
2021,1113018,T21-002388
2021,1113019,T21-004739
2021,1113020,T21-004635
2021,1113021,T21-002971
2021,1113022,T21-004743
2021,1113023,T21-000122
2021,1113024,T21-001678
2021,1113025,T21-001655
2021,1113026,T21-001102
2021,1113027,T21-002810
2021,1113028,T21-004784
2021,1113029,T21-005032
2021,1113030,T21-001502
2021,1113031,T21-004000
2021,1113032,T21-003973
2021,1113033,T21-003291
2021,1113034,T21-002816
2021,1113035,T21-003523
2021,1113036,T21-001291
2021,1113037,T21-002802
2021,1113038,T21-005157
2021,1114001,T21-000933
2021,1114002,T21-001546
2021,1114003,T21-001757
2021,1114004,T21-001567
2021,1114005,T21-000516
2021,1114006,T21-002602
2021,1114007,T21-003384
2021,1114008,T21-003415
2021,1114009,T21-000993
2021,1114010,T21-002510
2021,1114011,T21-003780
2021,1114012,T21-002653
2021,1114013,T21-001288
2021,1114014,T21-001691
2021,1114015,T21-004504
2021,1114016,T21-002974
2021,1114017,T21-003212
2021,1114018,T21-001250
2021,1114019,T21-002923
2021,1114020,T21-004418
2021,1114021,T21-001735
2021,1114022,T21-000888
2021,1114023,T21-000250
2021,1115001,T21-004026
2021,1115002,T21-001566
2021,1115003,T21-002027
2021,1115004,T21-001904
2021,1115005,T21-001223
2021,1115006,T21-003076
2021,1115007,T21-002541
2021,1115008,T21-003068
2021,1115009,T21-003092
2021,1115010,T21-001747
2021,1115011,T21-000060
2021,1115012,T21-000810
2021,1115013,T21-005159
2021,1115014,T21-001028
2021,1115015,T21-001890
2021,1115016,T21-005011
2021,1115017,T21-005187
2021,1115018,T21-005083
2021,1115019,T21-005070
2021,1115020,T21-000185
2021,1115021,T21-001276
2021,1115022,T21-003606
2021,1115023,T21-001630
2021,1115024,T21-003931
2021,1115025,T21-003596
2021,1115026,T21-002811
2021,1115027,T21-000746
2021,1115028,T21-000966
2021,1115029,T21-002652
2021,1116001,T21-001903
2021,1116002,T21-005171
2021,1116003,T21-001140
2021,1116004,T21-001763
2021,1116005,T21-002484
2021,1116006,T21-003773
2021,1116007,T21-000469
2021,1116008,T21-001022
2021,1116009,T21-002068
2021,1116010,T21-004001
2021,1116011,T21-001300
2021,1116012,T21-002515
2021,1116013,T21-002554
2021,1116014,T21-002964
2021,1116015,T21-004682
2021,1116016,T21-003798
2021,1116017,T21-001160
2021,1116018,T21-000315
2021,1116019,T21-001437
2021,1116020,T21-000156
2021,1116021,T21-004744
2021,1116022,T21-000162
2021,1116023,T21-001136
2021,1116024,T21-001301
2021,1116025,T21-004535
2021,1116026,T21-002503
2021,1116027,T21-003256
2021,1116028,T21-000463
2021,1116029,T21-003175
2021,1116030,T21-000320
2021,1116031,T21-001450
2021,1116032,T21-001593
2021,1116033,T21-004659
2021,1116034,T21-000715
2021,1116035,T21-004724
2021,1116036,T21-000797
2021,1116037,T21-002375
2021,1116038,T21-001014
2021,1116039,T21-000619
2021,1116040,T21-001783
2021,1117001,T21-001684
2021,1117002,T21-003497
2021,1117003,T21-003419
2021,1117004,T21-000144
2021,1117005,T21-001908
2021,1117006,T21-000590
2021,1117007,T21-003869
2021,1117008,T21-004994
2021,1117009,T21-001931
2021,1117010,T21-003909
2021,1117011,T21-001092
2021,1117012,T21-000697
2021,1117013,T21-004076
2021,1117014,T21-001605
2021,1117015,T21-001244
2021,1118001,T21-000714
2021,1118002,T21-003072
2021,1118003,T21-000447
2021,1118004,T21-001398
2021,1118005,T21-001847
2021,1118006,T21-004086
2021,1118007,T21-001789
2021,1118008,T21-004555
2021,1118009,T21-000415
2021,1118010,T21-001762
2021,1118011,T21-000329
2021,1118012,T21-002943
2021,1118013,T21-000782
2021,1118014,T21-004667
2021,1118015,T21-003754
2021,1118016,T21-001338
2021,1118017,T21-000783
2021,1118018,T21-003601
2021,1118019,T21-003920
2021,1118020,T21-004075
2021,1118021,T21-003710
2021,1118022,T21-001659
2021,1118023,T21-000501
2021,1118024,T21-004585
2021,1118025,T21-000884
2021,1118026,T21-001173
2021,1118027,T21-001787
2021,1118028,T21-001015
2021,1118029,T21-001145
2021,1118030,T21-000402
2021,1118031,T21-001013
2021,1118032,T21-002844
2021,1118033,T21-001583
2021,1119001,T21-004020
2021,1119002,T21-002832
2021,1119003,T21-001167
2021,1119004,T21-002191
2021,1119005,T21-003524
2021,1119006,T21-003464
2021,1119007,T21-002710
2021,1119008,T21-001839
2021,1119009,T21-004908
2021,1119010,T21-000939
2021,1119011,T21-002809
2021,1119012,T21-003255
2021,1119013,T21-004456
2021,1119014,T21-005069
2021,1119015,T21-004631
2021,1119016,T21-001866
2021,1119017,T21-000706
2021,1119018,T21-002530
2021,1119019,T21-001928
2021,1119020,T21-001282
2021,1119021,T21-000661
2021,1119022,T21-002194
2021,1119023,T21-004028
2021,1119024,T21-001119
2021,1119025,T21-003135
2021,1119026,T21-004637
2021,1119027,T21-002115
2021,1119028,T21-003698
2021,1119029,T21-001788
2021,1119030,T21-004896
2021,1119031,T21-003725
2021,1119032,T21-003907
2021,1120001,T21-001944
2021,1120002,T21-002908
2021,1120003,T21-000370
2021,1120004,T21-000049
2021,1120005,T21-000937
2021,1120006,T21-002412
2021,1120007,T21-000916
2021,1120008,T21-003965
2021,1120009,T21-002116
2021,1120010,T21-002655
2021,1120011,T21-002220
2021,1120012,T21-004686
2021,1120013,T21-002609
2021,1120014,T21-004542
2021,1120015,T21-001057
2021,1120016,T21-005093
2021,1120017,T21-004073
2021,1120018,T21-001969
2021,1120019,T21-001809
2021,1120020,T21-003053
2021,1120021,T21-002248
2021,1121001,T21-003619
2021,1121002,T21-000585
2021,1121003,T21-002344
2021,1121004,T21-004323
2021,1121005,T21-002195
2021,1121006,T21-002137
2021,1121007,T21-000248
2021,1121008,T21-002469
2021,1121009,T21-001411
2021,1121010,T21-004137
2021,1121011,T21-000444
2021,1121012,T21-001658
2021,1121013,T21-002362
2021,1121014,T21-000016
2021,1121015,T21-004808
2021,1121016,T21-002177
2021,1121017,T21-000891
2021,1121018,T21-000242
2021,1121019,T21-004397
2021,1121020,T21-000609
2021,1121021,T21-004287
2021,1121022,T21-004101
2021,1121023,T21-003081
2021,1121024,T21-004942
2021,1121025,T21-000741
2021,1121026,T21-001169
2021,1121027,T21-003189
2021,1121028,T21-000480
2021,1121029,T21-001768
2021,1122001,T21-000124
2021,1122002,T21-000276
2021,1122003,T21-001857
2021,1122004,T21-000589
2021,1122005,T21-002216
2021,1122006,T21-004831
2021,1122007,T21-003507
2021,1122008,T21-003150
2021,1122009,T21-000773
2021,1122010,T21-000986
2021,1122011,T21-002920
2021,1122012,T21-001365
2021,1122013,T21-003320
2021,1122014,T21-003906
2021,1122015,T21-001162
2021,1122016,T21-004352
2021,1122017,T21-001865
2021,1122018,T21-000378
2021,1122019,T21-002657
2021,1122020,T21-005145
2021,1122021,T21-004815
2021,1122022,T21-002122
2021,1122023,T21-004132
2021,1122024,T21-005065
2021,1122025,T21-003402
2021,1122026,T21-004212
2021,1122027,T21-001598
2021,1122028,T21-001700
2021,1122029,T21-003628
2021,1123001,T21-003431
2021,1123002,T21-002913
2021,1123003,T21-002004
2021,1123004,T21-000289
2021,1123005,T21-003416
2021,1123006,T21-002117
2021,1123007,T21-002712
2021,1123008,T21-002443
2021,1123009,T21-000640
2021,1123010,T21-001505
2021,1123011,T21-002823
2021,1123012,T21-001312
2021,1123013,T21-001477
2021,1123014,T21-002625
2021,1123015,T21-002420
2021,1123016,T21-003485
2021,1123017,T21-004381
2021,1123018,T21-003335
2021,1123019,T21-003159
2021,1123020,T21-001056
2021,1123021,T21-004975
2021,1123022,T21-003128
2021,1123023,T21-003930
2021,1123024,T21-000339
2021,1123025,T21-002707
2021,1123026,T21-001813
2021,1123027,T21-001087
2021,1123028,T21-000710
2021,1123029,T21-004924
2021,1123030,T21-000663
2021,1123031,T21-000625
2021,1123032,T21-005034
2021,1123033,T21-004856
2021,1124001,T21-001927
2021,1124002,T21-000052
2021,1124003,T21-002008
2021,1124004,T21-000823
2021,1124005,T21-002339
2021,1124006,T21-003069
2021,1124007,T21-001971
2021,1124008,T21-003797
2021,1124009,T21-000635
2021,1124010,T21-000724
2021,1124011,T21-003945
2021,1124012,T21-003373
2021,1124013,T21-004150
2021,1124014,T21-004613
2021,1124015,T21-001856
2021,1124016,T21-002952
2021,1124017,T21-004707
2021,1124018,T21-003848
2021,1124019,T21-000106
2021,1124020,T21-004249
2021,1124021,T21-005018
2021,1124022,T21-003262
2021,1124023,T21-000935
2021,1124024,T21-004297
2021,1124025,T21-004580
2021,1124026,T21-004776
2021,1124027,T21-003637
2021,1124028,T21-005052
2021,1124029,T21-000189
2021,1124030,T21-002560
2021,1124031,T21-001435
2021,1124032,T21-005165
2021,1124033,T21-004403
2021,1124034,T21-004666
2021,1124035,T21-001083
2021,1124036,T21-005072
2021,1124037,T21-001314
2021,1124038,T21-002466
2021,1124039,T21-003881
2021,1124040,T21-001937
2021,1125001,T21-002918
2021,1125002,T21-004092
2021,1125003,T21-002481
2021,1125004,T21-000102
2021,1125005,T21-002519
2021,1125006,T21-001426
2021,1125007,T21-002777
2021,1125008,T21-001114
2021,1125009,T21-000549
2021,1125010,T21-001687
2021,1125011,T21-004557
2021,1125012,T21-003834
2021,1125013,T21-003308
2021,1125014,T21-001685
2021,1125015,T21-001385
2021,1125016,T21-004390
2021,1125017,T21-003000
2021,1125018,T21-003153
2021,1125019,T21-005101
2021,1125020,T21-002567
2021,1125021,T21-000265
2021,1125022,T21-003257
2021,1125023,T21-003266
2021,1125024,T21-002718
2021,1125025,T21-001049
2021,1125026,T21-003359
2021,1125027,T21-000503
2021,1125028,T21-000855
2021,1125029,T21-000643
2021,1125030,T21-004741
2021,1125031,T21-000600
2021,1125032,T21-003621
2021,1125033,T21-000408
2021,1125034,T21-001796
2021,1125035,T21-001891
2021,1125036,T21-001198
2021,1125037,T21-004695
2021,1125038,T21-001202
2021,1125039,T21-000147
2021,1125040,T21-000092
2021,1125041,T21-004986
2021,1125042,T21-001553
2021,1125043,T21-000318
2021,1125044,T21-004717
2021,1126001,T21-004455
2021,1126002,T21-002308
2021,1126003,T21-000641
2021,1126004,T21-003082
2021,1126005,T21-004152
2021,1126006,T21-002954
2021,1126007,T21-002235
2021,1126008,T21-000191
2021,1126009,T21-000716
2021,1126010,T21-003785
2021,1126011,T21-001208
2021,1126012,T21-003241
2021,1126013,T21-001900
2021,1126014,T21-000555
2021,1126015,T21-004598
2021,1126016,T21-000116
2021,1126017,T21-001112
2021,1126018,T21-004468
2021,1126019,T21-001509
2021,1126020,T21-004750
2021,1126021,T21-002324
2021,1126022,T21-002749
2021,1126023,T21-002807
2021,1126024,T21-002454
2021,1126025,T21-004925
2021,1126026,T21-001873
2021,1126027,T21-000039
2021,1126028,T21-004809
2021,1126029,T21-001068
2021,1126030,T21-003295
2021,1126031,T21-001072
2021,1127001,T21-004168
2021,1127002,T21-004702
2021,1127003,T21-000999
2021,1127004,T21-002714
2021,1127005,T21-005050
2021,1127006,T21-000225
2021,1127007,T21-000005
2021,1127008,T21-000748
2021,1127009,T21-001184
2021,1127010,T21-002612
2021,1127011,T21-004480
2021,1127012,T21-000146
2021,1127013,T21-001371
2021,1127014,T21-004166
2021,1127015,T21-002089
2021,1127016,T21-004863
2021,1127017,T21-000295
2021,1127018,T21-000426
2021,1127019,T21-004607
2021,1127020,T21-001728
2021,1127021,T21-004479
2021,1127022,T21-001824
2021,1127023,T21-001268
2021,1127024,T21-000165
2021,1127025,T21-000333
2021,1127026,T21-000927
2021,1127027,T21-003022
2021,1127028,T21-004221
2021,1127029,T21-000287
2021,1127030,T21-004196
2021,1127031,T21-001831
2021,1127032,T21-001528
2021,1127033,T21-004759
2021,1127034,T21-001024
2021,1127035,T21-004380
2021,1127036,T21-004848
2021,1127037,T21-001418
2021,1127038,T21-004590
2021,1127039,T21-000273
2021,1127040,T21-001906
2021,1127041,T21-003702
2021,1128001,T21-000646
2021,1128002,T21-000932
2021,1128003,T21-002189
2021,1128004,T21-005046
2021,1128005,T21-001744
2021,1128006,T21-001868
2021,1128007,T21-004180
2021,1128008,T21-003533
2021,1128009,T21-003531
2021,1128010,T21-002086
2021,1128011,T21-000513
2021,1128012,T21-000988
2021,1128013,T21-000084
2021,1128014,T21-004588
2021,1128015,T21-000301
2021,1128016,T21-002237
2021,1128017,T21-001103
2021,1128018,T21-002867
2021,1128019,T21-002135
2021,1128020,T21-005075
2021,1128021,T21-002580
2021,1128022,T21-003433
2021,1128023,T21-001825
2021,1128024,T21-001076
2021,1128025,T21-002506
2021,1128026,T21-004996
2021,1128027,T21-003321
2021,1128028,T21-001614
2021,1128029,T21-003878
2021,1128030,T21-004765
2021,1128031,T21-005163
2021,1128032,T21-004581
2021,1128033,T21-000569
2021,1128034,T21-005109
2021,1128035,T21-000279
2021,1128036,T21-002441
2021,1128037,T21-001323
2021,1129001,T21-001019
2021,1129002,T21-003625
2021,1129003,T21-004436
2021,1129004,T21-003345
2021,1129005,T21-003552
2021,1129006,T21-004886
2021,1129007,T21-004316
2021,1129008,T21-001867
2021,1129009,T21-002642
2021,1129010,T21-000377
2021,1129011,T21-004338
2021,1129012,T21-003806
2021,1129013,T21-004453
2021,1129014,T21-002658
2021,1129015,T21-004525
2021,1129016,T21-003647
2021,1129017,T21-004206
2021,1129018,T21-004976
2021,1129019,T21-000561
2021,1129020,T21-003146
2021,1129021,T21-001923
2021,1129022,T21-002001
2021,1129023,T21-002785
2021,1129024,T21-003074
2021,1130001,T21-000395
2021,1130002,T21-005104
2021,1130003,T21-001277
2021,1130004,T21-003509
2021,1130005,T21-004703
2021,1130006,T21-004239
2021,1130007,T21-004503
2021,1130008,T21-000898
2021,1130009,T21-001073
2021,1130010,T21-001998
2021,1130011,T21-004987
2021,1130012,T21-003299
2021,1130013,T21-001588
2021,1130014,T21-001499
2021,1130015,T21-001606
2021,1130016,T21-001337
2021,1130017,T21-003573
2021,1130018,T21-003356
2021,1130019,T21-002783
2021,1130020,T21-004726
2021,1130021,T21-001034
2021,1130022,T21-000356
2021,1130023,T21-001496
2021,1131001,T21-000087
2021,1131002,T21-004992
2021,1131003,T21-000416
2021,1131004,T21-002317
2021,1131005,T21-003097
2021,1131006,T21-003659
2021,1131007,T21-001943
2021,1131008,T21-000747
2021,1131009,T21-004396
2021,1131010,T21-003888
2021,1131011,T21-001206
2021,1131012,T21-003011
2021,1131013,T21-001601
2021,1131014,T21-004149
2021,1131015,T21-000167
2021,1131016,T21-002742
2021,1131017,T21-005036
2021,1131018,T21-003286
2021,1131019,T21-005020
2021,1131020,T21-002797
2021,1131021,T21-002169
2021,1131022,T21-004766
2021,1131023,T21-000696
2021,1131024,T21-001261
2021,1131025,T21-002665
2021,1131026,T21-002335
2021,1131027,T21-001249
2021,1131028,T21-000964
2021,1131029,T21-000990
2021,1132001,T21-002196
2021,1132002,T21-001190
2021,1132003,T21-003312
2021,1132004,T21-002181
2021,1132005,T21-004430
2021,1132006,T21-000598
2021,1132007,T21-001512
2021,1132008,T21-002667
2021,1132009,T21-003219
2021,1132010,T21-003683
2021,1132011,T21-002728
2021,1132012,T21-000545
2021,1132013,T21-001838
2021,1132014,T21-003252
2021,1132015,T21-002278
2021,1133001,T21-001199
2021,1133002,T21-000234
2021,1133003,T21-000638
2021,1133004,T21-003095
2021,1133005,T21-004614
2021,1133006,T21-001817
2021,1133007,T21-001424
2021,1133008,T21-002377
2021,1133009,T21-003986
2021,1133010,T21-001632
2021,1133011,T21-004788
2021,1133012,T21-000381
2021,1133013,T21-000330
2021,1133014,T21-005047
2021,1133015,T21-003636
2021,1134001,T21-002861
2021,1134002,T21-005005
2021,1134003,T21-001692
2021,1134004,T21-001584
2021,1134005,T21-001222
2021,1134006,T21-002641
2021,1134007,T21-001041
2021,1134008,T21-002016
2021,1134009,T21-003982
2021,1134010,T21-000446
2021,1134011,T21-004715
2021,1134012,T21-003640
2021,1134013,T21-002038
2021,1134014,T21-000056
2021,1134015,T21-004648
2021,1134016,T21-000834
2021,1134017,T21-001374
2021,1134018,T21-002784
2021,1134019,T21-000733
2021,1134020,T21-004508
2021,1134021,T21-001430
2021,1134022,T21-005053
2021,1134023,T21-003243
2021,1134024,T21-004320
2021,1135001,T21-002411
2021,1135002,T21-003282
2021,1135003,T21-000918
2021,1135004,T21-004078
2021,1135005,T21-005178
2021,1135006,T21-004011
2021,1135007,T21-003587
2021,1135008,T21-001380
2021,1135009,T21-002383
2021,1135010,T21-003709
2021,1135011,T21-000216
2021,1135012,T21-001212
2021,1135013,T21-001149
2021,1135014,T21-004499
2021,1135015,T21-001466
2021,1135016,T21-001898
2021,1135017,T21-002559
2021,1135018,T21-002571
2021,1135019,T21-002097
2021,1135020,T21-002865
2021,1135021,T21-000488
2021,1135022,T21-003633
2021,1135023,T21-000163
2021,1135024,T21-004154
2021,1137001,T21-001968
2021,1137002,T21-002425
2021,1137003,T21-004421
2021,1137004,T21-001657
2021,1137005,T21-002827
2021,1137006,T21-003966
2021,1137007,T21-001513
2021,1137008,T21-000940
2021,1137009,T21-005160
2021,1137010,T21-003225
2021,1137011,T21-004328
2021,1137012,T21-003426
2021,1138001,T21-003663
2021,1138002,T21-000778
2021,1138003,T21-001311
2021,1138004,T21-001843
2021,1138005,T21-003380
2021,1138006,T21-002755
2021,1138007,T21-001381
2021,1138008,T21-004546
2021,1138009,T21-004031
2021,1138010,T21-001253
2021,1138011,T21-002747
2021,1138012,T21-000656
2021,1138013,T21-005038
2021,1138014,T21-003007
2021,1138015,T21-002589
2021,1138016,T21-002226
2021,1138017,T21-002163
2021,1138018,T21-000240
2021,1138019,T21-004114
2021,1138020,T21-001674
2021,1138021,T21-005172
2021,1138022,T21-000945
2021,1138023,T21-002937
2021,1138024,T21-002651
2021,1138025,T21-001957
2021,1139001,T21-001116
2021,1139002,T21-003349
2021,1139003,T21-003492
2021,1139004,T21-000231
2021,1139005,T21-000551
2021,1139006,T21-003830
2021,1139007,T21-002762
2021,1139008,T21-003086
2021,1139009,T21-003358
2021,1139010,T21-000662
2021,1139011,T21-000543
2021,1139012,T21-002100
2021,1139013,T21-001976
2021,1139014,T21-000130
2021,1139015,T21-004658
2021,1139016,T21-003131
2021,1139017,T21-003348
2021,1139018,T21-003343
2021,1139019,T21-002878
2021,1139020,T21-000537
2021,1139021,T21-002330
2021,1139022,T21-001622
2021,1139023,T21-001842
2021,1139024,T21-003729
2021,1139025,T21-004107
2021,1140001,T21-003936
2021,1140002,T21-001580
2021,1140003,T21-000946
2021,1140004,T21-001978
2021,1140005,T21-000815
2021,1140006,T21-001989
2021,1140007,T21-001139
2021,1140008,T21-004747
2021,1140009,T21-001378
2021,1140010,T21-003471
2021,1140011,T21-004040
2021,1140012,T21-000183
2021,1140013,T21-002341
2021,1140014,T21-002608
2021,1140015,T21-002483
2021,1140016,T21-001471
2021,1140017,T21-002293
2021,1140018,T21-001660
2021,1140019,T21-002936
2021,1140020,T21-001894
2021,1140021,T21-000705
2021,1141001,T21-004446
2021,1141002,T21-001088
2021,1141003,T21-001029
2021,1141004,T21-004783
2021,1141005,T21-000849
2021,1141006,T21-004158
2021,1141007,T21-003469
2021,1141008,T21-002738
2021,1141009,T21-001637
2021,1141010,T21-001500
2021,1141011,T21-004181
2021,1141012,T21-001330
2021,1141013,T21-000047
2021,1141014,T21-000159
2021,1141015,T21-001234
2021,1141016,T21-003980
2021,1141017,T21-004602
2021,1141018,T21-001113
2021,1141019,T21-004448
2021,1141020,T21-002405
2021,1141021,T21-002697
2021,1141022,T21-000926
2021,1141023,T21-001711
2021,1141024,T21-000478
2021,1141025,T21-000924
2021,1141026,T21-003018
2021,1141027,T21-004663
2021,1141028,T21-002673
2021,1142001,T21-001541
2021,1142002,T21-001514
2021,1142003,T21-000835
2021,1142004,T21-000120
2021,1142005,T21-002207
2021,1142006,T21-003269
2021,1142007,T21-001123
2021,1142008,T21-001090
2021,1142009,T21-002462
2021,1142010,T21-001936
2021,1142011,T21-003396
2021,1142012,T21-003867
2021,1142013,T21-002869
2021,1142014,T21-004955
2021,1142015,T21-001159
2021,1142016,T21-000644
2021,1142017,T21-002318
2021,1142018,T21-000500
2021,1142019,T21-004261
2021,1142020,T21-002021
2021,1142021,T21-002508
2021,1142022,T21-000215
2021,1142023,T21-003558
2021,1142024,T21-000818
2021,1142025,T21-001037
2021,1142026,T21-003827
2021,1142027,T21-004199
2021,1142028,T21-004437
2021,1142029,T21-001560
2021,1142030,T21-002883
2021,1142031,T21-003589
2021,1143001,T21-002548
2021,1143002,T21-001572
2021,1143003,T21-002294
2021,1143004,T21-005035
2021,1143005,T21-002837
2021,1143006,T21-000951
2021,1143007,T21-000111
2021,1143008,T21-002067
2021,1143009,T21-001780
2021,1143010,T21-004899
2021,1143011,T21-001954
2021,1143012,T21-002562
2021,1143013,T21-003047
2021,1143014,T21-001357
2021,1143015,T21-004319
2021,1143016,T21-003042
2021,1143017,T21-003176
2021,1143018,T21-003925
2021,1143019,T21-004900
2021,1143020,T21-001980
2021,1143021,T21-001522
2021,1143022,T21-002300
2021,1143023,T21-003630
2021,1143024,T21-003991
2021,1143025,T21-000389
2021,1143026,T21-000020
2021,1143027,T21-001154
2021,1143028,T21-002729
2021,1143029,T21-004883
2021,1143030,T21-004138
2021,1143031,T21-001265
2021,1143032,T21-000438
2021,1143033,T21-003107
2021,1143034,T21-004162
2021,1143035,T21-002570
2021,1143036,T21-003565
2021,1143037,T21-000840
2021,1143038,T21-002502
2021,1143039,T21-003800
2021,1143040,T21-001855
2021,1143041,T21-000647
2021,1143042,T21-001001
2021,1143043,T21-000788
2021,1143044,T21-002271
2021,1143045,T21-004068
2021,1143046,T21-003375
2021,1143047,T21-002586
2021,1143048,T21-002675
2021,1143049,T21-003616
2021,1143050,T21-003521
2021,1143051,T21-003059
2021,1143052,T21-002866
2021,1143053,T21-001097
2021,1143054,T21-004489
2021,1143055,T21-004622
2021,1143056,T21-002188
2021,1144001,T21-000943
2021,1144002,T21-003465
2021,1144003,T21-002259
2021,1144004,T21-000418
2021,1144005,T21-004130
2021,1144006,T21-002345
2021,1144007,T21-000064
2021,1144008,T21-004944
2021,1144009,T21-004411
2021,1144010,T21-001972
2021,1144011,T21-001355
2021,1144012,T21-004749
2021,1144013,T21-003050
2021,1144014,T21-004820
2021,1144015,T21-000117
2021,1144016,T21-004906
2021,1144017,T21-003186
2021,1144018,T21-002105
2021,1144019,T21-003216
2021,1144020,T21-003594
2021,1144021,T21-000118
2021,1144022,T21-004740
2021,1144023,T21-001586
2021,1144024,T21-004785
2021,1144025,T21-001793
2021,1144026,T21-000133
2021,1144027,T21-003294
2021,1144028,T21-005138
2021,1145001,T21-004172
2021,1145002,T21-000269
2021,1145003,T21-001271
2021,1145004,T21-000454
2021,1145005,T21-000458
2021,1145006,T21-004623
2021,1145007,T21-000451
2021,1145008,T21-002173
2021,1145009,T21-001479
2021,1145010,T21-001239
2021,1145011,T21-000754
2021,1145012,T21-003547
2021,1145013,T21-002524
2021,1145014,T21-004742
2021,1145015,T21-003700
2021,1145016,T21-001080
2021,1145017,T21-003015
2021,1145018,T21-000406
2021,1145019,T21-002328
2021,1145020,T21-000343
2021,1145021,T21-003181
2021,1145022,T21-001753
2021,1145023,T21-001148
2021,1145024,T21-001460
2021,1145025,T21-004615
2021,1145026,T21-001932
2021,1145027,T21-002124
2021,1145028,T21-001897
2021,1145029,T21-003876
2021,1145030,T21-004880
2021,1146001,T21-002531
2021,1146002,T21-001320
2021,1146003,T21-004386
2021,1146004,T21-005023
2021,1146005,T21-002232
2021,1146006,T21-004680
2021,1146007,T21-000221
2021,1146008,T21-001316
2021,1146009,T21-002980
2021,1146010,T21-001397
2021,1146011,T21-001245
2021,1146012,T21-004379
2021,1146013,T21-000179
2021,1146014,T21-001143
2021,1146015,T21-003351
2021,1146016,T21-005164
2021,1146017,T21-001082
2021,1146018,T21-004021
2021,1146019,T21-003860
2021,1146020,T21-000683
2021,1146021,T21-002394
2021,1146022,T21-004655
2021,1146023,T21-003304
2021,1146024,T21-001962
2021,1146025,T21-000340
2021,1146026,T21-000348
2021,1146027,T21-000867
2021,1146028,T21-000095
2021,1146029,T21-003208
2021,1146030,T21-002822
2021,1146031,T21-001947
2021,1147001,T21-003210
2021,1147002,T21-001128
2021,1147003,T21-002046
2021,1147004,T21-002778
2021,1147005,T21-001362
2021,1147006,T21-005055
2021,1147007,T21-002526
2021,1147008,T21-002050
2021,1147009,T21-000672
2021,1147010,T21-002450
2021,1147011,T21-002598
2021,1147012,T21-003341
2021,1147013,T21-001754
2021,1147014,T21-003120
2021,1147015,T21-001709
2021,1147016,T21-004509
2021,1147017,T21-002019
2021,1147018,T21-002782
2021,1147019,T21-003678
2021,1147020,T21-000650
2021,1147021,T21-001474
2021,1147022,T21-003287
2021,1147023,T21-003165
2021,1147024,T21-002623
2021,1147025,T21-003749
2021,1147026,T21-002627
2021,1147027,T21-004829
2021,1147028,T21-000214
2021,1148001,T21-004117
2021,1148002,T21-001053
2021,1148003,T21-000396
2021,1148004,T21-000534
2021,1148005,T21-003162
2021,1148006,T21-002123
2021,1148007,T21-002934
2021,1148008,T21-003075
2021,1148009,T21-002249
2021,1148010,T21-004562
2021,1148011,T21-000355
2021,1148012,T21-003273
2021,1148013,T21-000734
2021,1148014,T21-002049
2021,1148015,T21-001266
2021,1148016,T21-003080
2021,1148017,T21-004398
2021,1148018,T21-003641
2021,1148019,T21-000493
2021,1148020,T21-004238
2021,1148021,T21-003028
2021,1148022,T21-004215
2021,1148023,T21-001836
2021,1148024,T21-000725
2021,1148025,T21-001929
2021,1148026,T21-002291
2021,1148027,T21-003714
2021,1148028,T21-002096
2021,1148029,T21-004587
2021,1148030,T21-004412
2021,1148031,T21-004768
2021,1148032,T21-003209
2021,1149001,T21-000036
2021,1149002,T21-000508
2021,1149003,T21-000519
2021,1149004,T21-000013
2021,1149005,T21-004597
2021,1149006,T21-001423
2021,1149007,T21-001359
2021,1149008,T21-004420
2021,1149009,T21-000596
2021,1149010,T21-001356
2021,1149011,T21-001724
2021,1149012,T21-000772
2021,1149013,T21-004059
2021,1149014,T21-002051
2021,1149015,T21-002826
2021,1149016,T21-002661
2021,1149017,T21-001905
2021,1149018,T21-003791
2021,1149019,T21-002309
2021,1149020,T21-000563
2021,1149021,T21-000639
2021,1149022,T21-000233
2021,1149023,T21-003970
2021,1149024,T21-002211
2021,1149025,T21-002761
2021,1149026,T21-005049
2021,1149027,T21-002251
2021,1149028,T21-004009
2021,1149029,T21-002424
2021,1149030,T21-004652
2021,1149031,T21-000987
2021,1149032,T21-002905
2021,1149033,T21-003999
2021,1149034,T21-000423
2021,1149035,T21-001485
2021,1150001,T21-000922
2021,1150002,T21-002507
2021,1150003,T21-000400
2021,1150004,T21-000075
2021,1150005,T21-001440
2021,1150006,T21-003688
2021,1150007,T21-002386
2021,1150008,T21-002527
2021,1150009,T21-001705
2021,1150010,T21-002104
2021,1150011,T21-000911
2021,1150012,T21-004668
2021,1150013,T21-000517
2021,1150014,T21-000184
2021,1150015,T21-001532
2021,1150016,T21-003089
2021,1150017,T21-000689
2021,1150018,T21-002136
2021,1150019,T21-000929
2021,1150020,T21-000186
2021,1150021,T21-003337
2021,1151001,T21-003576
2021,1151002,T21-000633
2021,1151003,T21-000851
2021,1151004,T21-004933
2021,1151005,T21-000857
2021,1151006,T21-000361
2021,1151007,T21-004698
2021,1151008,T21-001550
2021,1151009,T21-000813
2021,1151010,T21-004372
2021,1151011,T21-001999
2021,1151012,T21-001196
2021,1151013,T21-002244
2021,1151014,T21-000436
2021,1151015,T21-003330
2021,1151016,T21-000756
2021,1151017,T21-004218
2021,1151018,T21-000553
2021,1151019,T21-004938
2021,1151020,T21-003167
2021,1151021,T21-005128
2021,1151022,T21-000992
2021,1151023,T21-000883
2021,1151024,T21-000086
2021,1151025,T21-004570
2021,1151026,T21-003669
2021,1151027,T21-002921
2021,1151028,T21-002856
2021,1151029,T21-001489
2021,1151030,T21-004502
2021,1151031,T21-003432
2021,1151032,T21-002899
2021,1151033,T21-000284
2021,1151034,T21-000053
2021,1151035,T21-002743
2021,1151036,T21-003897
2021,1151037,T21-000659
2021,1151038,T21-002419
2021,1151039,T21-004571
2021,1151040,T21-001023
2021,1151041,T21-005057
2021,1151042,T21-005152
2021,1151043,T21-004462
2021,1151044,T21-002781
2021,1151045,T21-001050
2021,1151046,T21-001101
2021,1151047,T21-004103
2021,1151048,T21-002464
2021,1151049,T21-004112
2021,1151050,T21-001576
2021,1151051,T21-000204
2021,1151052,T21-000567
2021,1151053,T21-004567
2021,1151054,T21-001458
2021,1151055,T21-005015
2021,1151056,T21-001134
2021,1151057,T21-004237
2021,1152001,T21-001243
2021,1152002,T21-001476
2021,1152003,T21-004650
2021,1152004,T21-002663
2021,1152005,T21-004999
2021,1152006,T21-003113
2021,1152007,T21-000399
2021,1152008,T21-003609
2021,1152009,T21-003030
2021,1152010,T21-000920
2021,1152011,T21-001579
2021,1152012,T21-003132
2021,1152013,T21-004709
2021,1152014,T21-004399
2021,1152015,T21-002126
2021,1152016,T21-004473
2021,1152017,T21-004046
2021,1152018,T21-002703
2021,1152019,T21-004805
2021,1152020,T21-000688
2021,1152021,T21-003300
2021,1152022,T21-001469
2021,1152023,T21-003019
2021,1152024,T21-003275
2021,1152025,T21-003857
2021,1152026,T21-001292
2021,1152027,T21-003449
2021,1152028,T21-004341
2021,1152029,T21-004394
2021,1152030,T21-002252
2021,1152031,T21-003716
2021,1152032,T21-003665
2021,1153001,T21-004457
2021,1153002,T21-002587
2021,1153003,T21-001881
2021,1153004,T21-004306
2021,1153005,T21-004932
2021,1153006,T21-003580
2021,1153007,T21-002111
2021,1153008,T21-004817
2021,1153009,T21-003548
2021,1153010,T21-003932
2021,1153011,T21-000298
2021,1153012,T21-002668
2021,1153013,T21-000002
2021,1153014,T21-000902
2021,1153015,T21-002831
2021,1153016,T21-001862
2021,1153017,T21-002149
2021,1153018,T21-002532
2021,1153019,T21-004037
2021,1153020,T21-002378
2021,1153021,T21-000368
2021,1154001,T21-004389
2021,1154002,T21-003397
2021,1154003,T21-002182
2021,1154004,T21-003078
2021,1154005,T21-004110
2021,1154006,T21-002306
2021,1154007,T21-004283
2021,1154008,T21-003853
2021,1154009,T21-003004
2021,1154010,T21-000334
2021,1154011,T21-003422
2021,1154012,T21-002119
2021,1154013,T21-000384
2021,1154014,T21-002491
2021,1154015,T21-000831
2021,1154016,T21-000034
2021,1154017,T21-004474
2021,1154018,T21-001688
2021,1154019,T21-004950
2021,1154020,T21-005062
2021,1154021,T21-003505
2021,1154022,T21-002546
2021,1154023,T21-005063
2021,1154024,T21-000274
2021,1154025,T21-000785
2021,1154026,T21-002702
2021,1154027,T21-004241
2021,1154028,T21-001564
2021,1154029,T21-000798
2021,1154030,T21-004885
2021,1154031,T21-005074
2021,1154032,T21-002931
2021,1154033,T21-002246
2021,1154034,T21-003016
2021,1154035,T21-004330
2021,1154036,T21-000239
2021,1155001,T21-000471
2021,1155002,T21-003905
2021,1155003,T21-001427
2021,1155004,T21-003805
2021,1155005,T21-004864
2021,1155006,T21-004681
2021,1155007,T21-003957
2021,1155008,T21-004115
2021,1155009,T21-003152
2021,1155010,T21-002825
2021,1155011,T21-001457
2021,1155012,T21-001507
2021,1155013,T21-005118
2021,1155014,T21-003550
2021,1155015,T21-002767
2021,1155016,T21-002012
2021,1155017,T21-000580
2021,1155018,T21-003134
2021,1155019,T21-004498
2021,1155020,T21-004178
2021,1155021,T21-004725
2021,1155022,T21-003477
2021,1155023,T21-005031
2021,1155024,T21-003695
2021,1155025,T21-001151
2021,1155026,T21-003985
2021,1155027,T21-002925
2021,1155028,T21-001000
2021,1155029,T21-004461
2021,1155030,T21-001795
2021,1155031,T21-003784
2021,1155032,T21-003302
2021,1155033,T21-000286
2021,1155034,T21-004313
2021,1155035,T21-004956
2021,1155036,T21-003757
2021,1155037,T21-003221
2021,1155038,T21-000035
2021,1155039,T21-004217
2021,1155040,T21-000369
2021,1155041,T21-001322
2021,1155042,T21-000824
2021,1155043,T21-002581
2021,1155044,T21-001545
2021,1155045,T21-002497
2021,1155046,T21-004951
2021,1155047,T21-000904
2021,1155048,T21-003060
2021,1155049,T21-004565
2021,1155050,T21-003206
2021,1155051,T21-000579
2021,1155052,T21-000029
2021,1155053,T21-002397
2021,1155054,T21-003420
2021,1155055,T21-002590
2021,1155056,T21-001366
2021,1155057,T21-002574
2021,1155058,T21-001475
2021,1155059,T21-001953
2021,1155060,T21-000441
2021,1155061,T21-004627
2021,1155062,T21-004229
2021,1155063,T21-000210
2021,1155064,T21-001393
2021,1155065,T21-002160
2021,1155066,T21-004354
2021,1155067,T21-004711
2021,1155068,T21-000292
2021,1155069,T21-004169
2021,1155070,T21-001197
2021,1155071,T21-003781
2021,1155072,T21-003752
2021,1155073,T21-000636
2021,1155074,T21-004550
2021,1155075,T21-004985
2021,1155076,T21-001946
2021,1155077,T21-002750
2021,1155078,T21-003316
2021,1156001,T21-002283
2021,1156002,T21-000679
2021,1156003,T21-001823
2021,1156004,T21-002553
2021,1156005,T21-004432
2021,1156006,T21-002015
2021,1156007,T21-002708
2021,1156008,T21-000190
2021,1156009,T21-000973
2021,1156010,T21-002509
2021,1156011,T21-002013
2021,1156012,T21-003099
2021,1156013,T21-000572
2021,1156014,T21-003141
2021,1156015,T21-002130
2021,1156016,T21-003908
2021,1156017,T21-001930
2021,1156018,T21-003033
2021,1156019,T21-003935
2021,1157001,T21-004301
2021,1157002,T21-000392
2021,1157003,T21-001406
2021,1157004,T21-001775
2021,1157005,T21-003251
2021,1157006,T21-005188
2021,1157007,T21-004017
2021,1157008,T21-000908
2021,1157009,T21-002045
2021,1157010,T21-002893
2021,1158001,T21-002873
2021,1158002,T21-003121
2021,1158003,T21-005174
2021,1158004,T21-000848
2021,1158005,T21-002684
2021,1158006,T21-003036
2021,1158007,T21-001822
2021,1158008,T21-002350
2021,1158009,T21-003049
2021,1158010,T21-004050
2021,1158011,T21-001608
2021,1158012,T21-000094
2021,1158013,T21-004780
2021,1159001,T21-002479
2021,1159002,T21-000325
2021,1159003,T21-000718
2021,1159004,T21-004531
2021,1159005,T21-001518
2021,1159006,T21-003427
2021,1159007,T21-004219
2021,1159008,T21-001640
2021,1159009,T21-002219
2021,1159010,T21-004035
2021,1159011,T21-004552
2021,1159012,T21-001791
2021,1159013,T21-000949
2021,1159014,T21-003758
2021,1159015,T21-004705
2021,1160001,T21-000296
2021,1160002,T21-000934
2021,1160003,T21-003125
2021,1160004,T21-004183
2021,1160005,T21-002572
2021,1160006,T21-004903
2021,1160007,T21-005117
2021,1160008,T21-003379
2021,1160009,T21-004128
2021,1160010,T21-001704
2021,1160011,T21-003361
2021,1160012,T21-004746
2021,1160013,T21-002683
2021,1160014,T21-002654
2021,1160015,T21-001887
2021,1160016,T21-001267
2021,1160017,T21-000261
2021,1160018,T21-002214
2021,1160019,T21-000906
2021,1160020,T21-004579
2021,1160021,T21-001204
2021,1160022,T21-000050
2021,1160023,T21-001776
2021,1160024,T21-003385
2021,1160025,T21-000794
2021,1160026,T21-001293
2021,1160027,T21-002588
2021,1160028,T21-004685
2021,1160029,T21-000018
2021,1160030,T21-002940
2021,1160031,T21-000063
2021,1160032,T21-003579
2021,1160033,T21-002333
2021,1160034,T21-002824
2021,1160035,T21-001324
2021,1160036,T21-002142
2021,1160037,T21-000302
2021,1160038,T21-000768
2021,1160039,T21-001376
2021,1160040,T21-004847
2021,1160041,T21-001079
2021,1160042,T21-000608
2021,1160043,T21-001127
2021,1161001,T21-002902
2021,1161002,T21-002468
2021,1161003,T21-004676
2021,1161004,T21-004810
2021,1161005,T21-001693
2021,1161006,T21-001664
2021,1161007,T21-002691
2021,1161008,T21-003741
2021,1161009,T21-002166
2021,1161010,T21-000728
2021,1161011,T21-004415
2021,1161012,T21-003722
2021,1161013,T21-002301
2021,1161014,T21-004983
2021,1161015,T21-001487
2021,1161016,T21-003591
2021,1161017,T21-003515
2021,1161018,T21-002157
2021,1161019,T21-003274
2021,1161020,T21-005024
2021,1161021,T21-000792
2021,1161022,T21-002093
2021,1161023,T21-001750
2021,1161024,T21-004227
2021,1161025,T21-002955
2021,1161026,T21-005099
2021,1161027,T21-000605
2021,1161028,T21-003246
2021,1161029,T21-002429
2021,1161030,T21-004361
2021,1161031,T21-001104
2021,1161032,T21-000532
2021,1161033,T21-004772
2021,1161034,T21-001801
2021,1161035,T21-002772
2021,1161036,T21-004708
2021,1161037,T21-000028
2021,1161038,T21-001168
2021,1161039,T21-001895
2021,1161040,T21-000967
2021,1161041,T21-000587
2021,1161042,T21-001694
2021,1161043,T21-000771
2021,1161044,T21-000755
2021,1161045,T21-004304
2021,1161046,T21-004957
2021,1162001,T21-004638
2021,1162002,T21-000846
2021,1162003,T21-001352
2021,1162004,T21-000281
2021,1162005,T21-001229
2021,1162006,T21-003376
2021,1162007,T21-002551
2021,1162008,T21-000174
2021,1162009,T21-003643
2021,1162010,T21-003522
2021,1162011,T21-002716
2021,1162012,T21-002909
2021,1162013,T21-003258
2021,1162014,T21-000431
2021,1162015,T21-003326
2021,1162016,T21-002534
2021,1162017,T21-001574
2021,1162018,T21-004931
2021,1162019,T21-004293
2021,1162020,T21-003105
2021,1162021,T21-003969
2021,1162022,T21-004911
2021,1162023,T21-001934
2021,1162024,T21-002183
2021,1162025,T21-000230
2021,1162026,T21-003850
2021,1162027,T21-002564
2021,1162028,T21-004519
2021,1162029,T21-004789
2021,1162030,T21-000950
2021,1162031,T21-004823
2021,1162032,T21-000304
2021,1162033,T21-002413
2021,1163001,T21-003634
2021,1163002,T21-002533
2021,1163003,T21-003123
2021,1163004,T21-000510
2021,1163005,T21-005003
2021,1163006,T21-000779
2021,1163007,T21-002775
2021,1163008,T21-003414
2021,1163009,T21-003451
2021,1163010,T21-003802
2021,1163011,T21-003668
2021,1163012,T21-000123
2021,1163013,T21-001161
2021,1163014,T21-000169
2021,1163015,T21-002656
2021,1163016,T21-004969
2021,1163017,T21-000349
2021,1163018,T21-000308
2021,1163019,T21-000023
2021,1163020,T21-003707
2021,1163021,T21-001325
2021,1163022,T21-002664
2021,1163023,T21-003222
2021,1163024,T21-004649
2021,1163025,T21-004862
2021,1163026,T21-003122
2021,1163027,T21-003489
2021,1163028,T21-002363
2021,1163029,T21-000850
2021,1163030,T21-001453
2021,1163031,T21-000338
2021,1163032,T21-004091
2021,1163033,T21-003296
2021,1163034,T21-002286
2021,1163035,T21-004971
2021,1163036,T21-001235
2021,1163037,T21-000799
2021,1163038,T21-000637
2021,1163039,T21-000758
2021,1163040,T21-001389
2021,1163041,T21-004677
2021,1163042,T21-000345
2021,1163043,T21-001952
2021,1163044,T21-001884
2021,1163045,T21-001497
2021,1163046,T21-000872
2021,1163047,T21-003517
2021,1163048,T21-001698
2021,1163049,T21-001109
2021,1163050,T21-002005
2021,1163051,T21-001298
2021,1163052,T21-002364
2021,1163053,T21-004792
2021,1164001,T21-000626
2021,1164002,T21-000687
2021,1164003,T21-003307
2021,1164004,T21-003347
2021,1164005,T21-000709
2021,1164006,T21-000806
2021,1164007,T21-003645
2021,1164008,T21-004438
2021,1164009,T21-004921
2021,1164010,T21-002426
2021,1164011,T21-004584
2021,1164012,T21-004259
2021,1164013,T21-001878
2021,1164014,T21-000559
2021,1164015,T21-004393
2021,1164016,T21-004633
2021,1164017,T21-005141
2021,1164018,T21-001402
2021,1164019,T21-002418
2021,1164020,T21-003789
2021,1164021,T21-000727
2021,1164022,T21-004161
2021,1164023,T21-003617
2021,1164024,T21-003693
2021,1164025,T21-001446
2021,1164026,T21-004845
2021,1164027,T21-004599
2021,1164028,T21-002876
2021,1164029,T21-000801
2021,1164030,T21-001967
2021,1164031,T21-000139
2021,1164032,T21-001158
2021,1164033,T21-000960
2021,1164034,T21-003586
2021,1165001,T21-001508
2021,1165002,T21-004791
2021,1165003,T21-002525
2021,1165004,T21-004061
2021,1165005,T21-002455
2021,1165006,T21-000235
2021,1165007,T21-002493
2021,1165008,T21-005116
2021,1165009,T21-000108
2021,1165010,T21-001841
2021,1165011,T21-002131
2021,1165012,T21-003988
2021,1165013,T21-002391
2021,1165014,T21-003911
2021,1165015,T21-005060
2021,1165016,T21-002906
2021,1165017,T21-003560
2021,1165018,T21-003856
2021,1165019,T21-001893
2021,1165020,T21-003994
2021,1165021,T21-005167
2021,1165022,T21-004760
2021,1165023,T21-004262
2021,1165024,T21-000965
2021,1165025,T21-002768
2021,1165026,T21-001556
2021,1165027,T21-001085
2021,1165028,T21-004691
2021,1165029,T21-000879
2021,1165030,T21-000149
2021,1165031,T21-003218
2021,1165032,T21-001529
2021,1165033,T21-000071
2021,1165034,T21-000009
2021,1165035,T21-004870
2021,1165036,T21-002155
2021,1165037,T21-004470
2021,1165038,T21-000024
2021,1165039,T21-004605
2021,1165040,T21-003478
2021,1165041,T21-000658
2021,1165042,T21-002332
2021,1165043,T21-002414
2021,1165044,T21-003808
2021,1165045,T21-003041
2021,1165046,T21-002125
2021,1165047,T21-003389
2021,1165048,T21-000420
2021,1165049,T21-002359
2021,1165050,T21-002460
2021,1165051,T21-004131
2021,1166001,T21-001681
2021,1166002,T21-003115
2021,1166003,T21-001429
2021,1166004,T21-001779
2021,1166005,T21-001714
2021,1166006,T21-000104
2021,1166007,T21-003392
2021,1166008,T21-003253
2021,1166009,T21-000541
2021,1166010,T21-004952
2021,1166011,T21-004236
2021,1166012,T21-004167
2021,1166013,T21-002795
2021,1166014,T21-005124
2021,1166015,T21-003696
2021,1166016,T21-004193
2021,1166017,T21-000729
2021,1166018,T21-003956
2021,1166019,T21-002808
2021,1166020,T21-005048
2021,1166021,T21-002071
2021,1166022,T21-000586
2021,1166023,T21-002002
2021,1166024,T21-001832
2021,1166025,T21-001257
2021,1166026,T21-000982
2021,1166027,T21-001540
2021,1166028,T21-000790
2021,1166029,T21-002494
2021,1166030,T21-005061
2021,1166031,T21-001689
2021,1166032,T21-000570
2021,1166033,T21-004191
2021,1166034,T21-003400
2021,1166035,T21-002274
2021,1166036,T21-000592
2021,1166037,T21-003185
2021,1166038,T21-003501
2021,1166039,T21-005071
2021,1166040,T21-000892
2021,1166041,T21-001284
2021,1166042,T21-000476
2021,1166043,T21-003114
2021,1166044,T21-003626
2021,1166045,T21-004220
2021,1166046,T21-003551
2021,1166047,T21-003514
2021,1166048,T21-000440
2021,1166049,T21-003280
2021,1166050,T21-000260
2021,1166051,T21-003247
2021,1166052,T21-004865
2021,1166053,T21-001141
2021,1166054,T21-003585
2021,1166055,T21-001910
2021,1166056,T21-000091
2021,1166057,T21-003179
2021,1166058,T21-000669
2021,1166059,T21-002577
2021,1167001,T21-001332
2021,1167002,T21-004954
2021,1167003,T21-000305
2021,1167004,T21-005180
2021,1167005,T21-002146
2021,1167006,T21-004699
2021,1167007,T21-002511
2021,1167008,T21-001347
2021,1167009,T21-001539
2021,1167010,T21-004748
2021,1167011,T21-001523
2021,1167012,T21-000352
2021,1167013,T21-002215
2021,1167014,T21-003539
2021,1167015,T21-003804
2021,1167016,T21-002897
2021,1167017,T21-001661
2021,1167018,T21-004895
2021,1167019,T21-003712
2021,1167020,T21-000972
2021,1167021,T21-000564
2021,1167022,T21-003926
2021,1167023,T21-004621
2021,1168001,T21-002881
2021,1168002,T21-002392
2021,1168003,T21-003638
2021,1168004,T21-004813
2021,1168005,T21-000401
2021,1168006,T21-002698
2021,1168007,T21-000574
2021,1168008,T21-002547
2021,1168009,T21-004811
2021,1168010,T21-004563
2021,1168011,T21-001544
2021,1168012,T21-004202
2021,1168013,T21-001417
2021,1168014,T21-004263
2021,1168015,T21-004494
2021,1168016,T21-000925
2021,1168017,T21-002498
2021,1168018,T21-002859
2021,1168019,T21-000894
2021,1168020,T21-003623
2021,1168021,T21-003390
2021,1168022,T21-003527
2021,1168023,T21-001520
2021,1168024,T21-001983
2021,1168025,T21-002568
2021,1168026,T21-000011
2021,1168027,T21-000001
2021,1168028,T21-004608
2021,1168029,T21-000015
2021,1168030,T21-005078
2021,1168031,T21-003025
2021,1168032,T21-002976
2021,1168033,T21-000838
2021,1168034,T21-003610
2021,1168035,T21-000051
2021,1168036,T21-002748
2021,1168037,T21-002839
2021,1168038,T21-001945
2021,1168039,T21-002528
2021,1168040,T21-001255
2021,1168041,T21-000591
2021,1168042,T21-004540
2021,1168043,T21-002003
2021,1168044,T21-002852
2021,1168045,T21-000489
2021,1168046,T21-001396
2021,1168047,T21-000197
2021,1168048,T21-003864
2021,1168049,T21-002227
2021,1168050,T21-001463
2021,1168051,T21-001225
2021,1168052,T21-003862
2021,1168053,T21-004395
2021,1168054,T21-004442
2021,1168055,T21-002026
2021,1168056,T21-002174
2021,1168057,T21-002292
2021,1169001,T21-004928
2021,1169002,T21-001986
2021,1169003,T21-004935
2021,1169004,T21-000335
2021,1169005,T21-004267
2021,1169006,T21-002800
2021,1169007,T21-002834
2021,1169008,T21-004795
2021,1169009,T21-004378
2021,1169010,T21-002643
2021,1169011,T21-002770
2021,1169012,T21-000680
2021,1169013,T21-003500
2021,1169014,T21-000137
2021,1169015,T21-004559
2021,1169016,T21-000227
2021,1169017,T21-002037
2021,1169018,T21-003978
2021,1169019,T21-003566
2021,1169020,T21-004404
2021,1169021,T21-002106
2021,1169022,T21-000237
2021,1169023,T21-000512
2021,1169024,T21-001147
2021,1169025,T21-000780
2021,1169026,T21-003743
2021,1169027,T21-000961
2021,1169028,T21-003715
2021,1169029,T21-004254
2021,1169030,T21-001877
2021,1169031,T21-001808
2021,1169032,T21-003429
2021,1169033,T21-003847
2021,1169034,T21-001706
2021,1169035,T21-003612
2021,1169036,T21-004995
2021,1169037,T21-002529
2021,1169038,T21-004927
2021,1169039,T21-004493
2021,1169040,T21-004099
2021,1169041,T21-001186
2021,1169042,T21-004646
2021,1169043,T21-000832
2021,1169044,T21-004684
2021,1169045,T21-002128
2021,1169046,T21-004478
2021,1170001,T21-001264
2021,1170002,T21-002079
2021,1170003,T21-004173
2021,1170004,T21-004244
2021,1170005,T21-002727
2021,1170006,T21-002198
2021,1170007,T21-004500
2021,1170008,T21-002233
2021,1170009,T21-000786
2021,1170010,T21-000836
2021,1170011,T21-003947
2021,1170012,T21-001295
2021,1170013,T21-004367
2021,1170014,T21-002225
2021,1170015,T21-002648
2021,1170016,T21-000829
2021,1170017,T21-003759
2021,1170018,T21-002243
2021,1170019,T21-004265
2021,1170020,T21-004344
2021,1170021,T21-004422
2021,1170022,T21-000837
2021,1170023,T21-002313
2021,1170024,T21-000533
2021,1170025,T21-002731
2021,1170026,T21-002113
2021,1170027,T21-002165
2021,1170028,T21-001850
2021,1170029,T21-003846
2021,1170030,T21-001730
2021,1171001,T21-003962
2021,1171002,T21-002389
2021,1171003,T21-003944
2021,1171004,T21-001690
2021,1171005,T21-003538
2021,1171006,T21-004365
2021,1171007,T21-004298
2021,1171008,T21-001650
2021,1171009,T21-004790
2021,1171010,T21-004030
2021,1171011,T21-000119
2021,1171012,T21-003145
2021,1171013,T21-003963
2021,1171014,T21-001667
2021,1171015,T21-001360
2021,1171016,T21-003516
2021,1171017,T21-001038
2021,1171018,T21-001405
2021,1171019,T21-004186
2021,1171020,T21-003084
2021,1171021,T21-000135
2021,1171022,T21-004159
2021,1171023,T21-001595
2021,1171024,T21-004770
2021,1171025,T21-004431
2021,1171026,T21-004714
2021,1171027,T21-004413
2021,1171028,T21-000057
2021,1171029,T21-004998
2021,1171030,T21-002224
2021,1171031,T21-001680
2021,1171032,T21-003684
2021,1171033,T21-001696
2021,1171034,T21-004595
2021,1171035,T21-003642
2021,1171036,T21-004537
2021,1171037,T21-004520
2021,1171038,T21-000427
2021,1171039,T21-001262
2021,1171040,T21-001990
2021,1171041,T21-001956
2021,1171042,T21-000262
2021,1171043,T21-000030
2021,1171044,T21-001552
2021,1171045,T21-000405
2021,1172001,T21-004846
2021,1172002,T21-002074
2021,1172003,T21-001150
2021,1172004,T21-002231
2021,1172005,T21-003883
2021,1172006,T21-003364
2021,1172007,T21-002993
2021,1172008,T21-004948
2021,1172009,T21-004355
2021,1172010,T21-003554
2021,1172011,T21-000826
2021,1172012,T21-002134
2021,1172013,T21-000628
2021,1172014,T21-002677
2021,1172015,T21-002361
2021,1172016,T21-000311
2021,1172017,T21-001060
2021,1172018,T21-000760
2021,1172019,T21-004106
2021,1172020,T21-004858
2021,1172021,T21-004125
2021,1172022,T21-002031
2021,1172023,T21-002270
2021,1173001,T21-003511
2021,1173002,T21-002470
2021,1173003,T21-004982
2021,1173004,T21-002573
2021,1173005,T21-001390
2021,1173006,T21-001960
2021,1173007,T21-002053
2021,1173008,T21-003961
2021,1173009,T21-001421
2021,1173010,T21-002416
2021,1173011,T21-003190
2021,1173012,T21-002103
2021,1173013,T21-002202
2021,1173014,T21-003217
2021,1173015,T21-000491
2021,1173016,T21-003093
2021,1173017,T21-003559
2021,1174001,T21-004253
2021,1174002,T21-000452
2021,1174003,T21-003425
2021,1174004,T21-000856
2021,1174005,T21-001617
2021,1174006,T21-002584
2021,1174007,T21-003654
2021,1174008,T21-004875
2021,1174009,T21-002186
2021,1174010,T21-003048
2021,1174011,T21-003675
2021,1174012,T21-001195
2021,1174013,T21-002423
2021,1174014,T21-004445
2021,1174015,T21-003334
2021,1174016,T21-002077
2021,1174017,T21-002112
2021,1174018,T21-000121
2021,1174019,T21-003783
2021,1174020,T21-001118
2021,1174021,T21-001902
2021,1174022,T21-002033
2021,1174023,T21-004416
2021,1174024,T21-001914
2021,1174025,T21-002295
2021,1174026,T21-000890
2021,1174027,T21-002467
2021,1175001,T21-002490
2021,1175002,T21-004477
2021,1175003,T21-000882
2021,1175004,T21-004568
2021,1175005,T21-004143
2021,1175006,T21-000681
2021,1175007,T21-000707
2021,1175008,T21-001662
2021,1175009,T21-001959
2021,1175010,T21-001467
2021,1175011,T21-003546
2021,1175012,T21-004142
2021,1175013,T21-002269
2021,1175014,T21-000460
2021,1175015,T21-004733
2021,1175016,T21-001157
2021,1175017,T21-002422
2021,1175018,T21-000254
2021,1175019,T21-003213
2021,1175020,T21-003368
2021,1175021,T21-004120
2021,1175022,T21-004495
2021,1175023,T21-001005
2021,1175024,T21-001313
2021,1175025,T21-003499
2021,1175026,T21-003234
2021,1175027,T21-005100
2021,1175028,T21-000968
2021,1175029,T21-000673
2021,1175030,T21-004603
2021,1175031,T21-001604
2021,1175032,T21-000022
2021,1175033,T21-004077
2021,1175034,T21-003922
2021,1175035,T21-002236
2021,1175036,T21-001917
2021,1175037,T21-000616
2021,1175038,T21-004981
2021,1175039,T21-003237
2021,1175040,T21-003387
2021,1175041,T21-003172
2021,1175042,T21-005043
2021,1175043,T21-001191
2021,1175044,T21-000901
2021,1175045,T21-000521
2021,1176001,T21-000954
2021,1176002,T21-000241
2021,1176003,T21-000435
2021,1176004,T21-002465
2021,1176005,T21-001026
2021,1176006,T21-000978
2021,1176007,T21-000900
2021,1176008,T21-003393
2021,1176009,T21-002600
2021,1176010,T21-001786
2021,1176011,T21-001303
2021,1176012,T21-003842
2021,1176013,T21-003597
2021,1176014,T21-002886
2021,1176015,T21-003761
2021,1176016,T21-000107
2021,1176017,T21-003913
2021,1176018,T21-004962
2021,1176019,T21-004675
2021,1176020,T21-004486
2021,1176021,T21-000878
2021,1176022,T21-001563
2021,1176023,T21-004534
2021,1176024,T21-000919
2021,1176025,T21-004800
2021,1176026,T21-004370
2021,1177001,T21-002892
2021,1177002,T21-002482
2021,1177003,T21-002819
2021,1177004,T21-000842
2021,1177005,T21-000449
2021,1177006,T21-001373
2021,1177007,T21-004350
2021,1177008,T21-001607
2021,1177009,T21-004093
2021,1177010,T21-003372
2021,1177011,T21-003481
2021,1177012,T21-003723
2021,1177013,T21-003822
2021,1177014,T21-003894
2021,1177015,T21-004560
2021,1177016,T21-004113
2021,1177017,T21-001098
2021,1177018,T21-003666
2021,1177019,T21-005039
2021,1177020,T21-001530
2021,1177021,T21-003646
2021,1177022,T21-002611
2021,1177023,T21-004233
2021,1177024,T21-002222
2021,1177025,T21-004662
2021,1177026,T21-003406
2021,1177027,T21-001871
2021,1177028,T21-002070
2021,1177029,T21-000763
2021,1177030,T21-000912
2021,1177031,T21-001708
2021,1177032,T21-000403
2021,1177033,T21-002522
2021,1177034,T21-002769
2021,1177035,T21-003811
2021,1177036,T21-005149
2021,1177037,T21-002719
2021,1177038,T21-003037
2021,1177039,T21-000498
2021,1177040,T21-001760
2021,1177041,T21-004910
2021,1177042,T21-004290
2021,1177043,T21-002556
2021,1178001,T21-001462
2021,1178002,T21-000955
2021,1178003,T21-003691
2021,1178004,T21-003158
2021,1178005,T21-002814
2021,1178006,T21-004333
2021,1178007,T21-002919
2021,1178008,T21-002576
2021,1178009,T21-005185
2021,1178010,T21-000078
2021,1178011,T21-003735
2021,1178012,T21-003404
2021,1178013,T21-003421
2021,1178014,T21-004321
2021,1178015,T21-004216
2021,1178016,T21-001707
2021,1178017,T21-003614
2021,1178018,T21-004322
2021,1178019,T21-004111
2021,1178020,T21-004527
2021,1178021,T21-001587
2021,1178022,T21-000178
2021,1178023,T21-002882
2021,1178024,T21-000611
2021,1178025,T21-003204
2021,1178026,T21-004543
2021,1178027,T21-002017
2021,1178028,T21-000618
2021,1178029,T21-004801
2021,1178030,T21-004840
2021,1178031,T21-002354
2021,1179001,T21-005082
2021,1179002,T21-001882
2021,1179003,T21-000089
2021,1179004,T21-003940
2021,1179005,T21-004095
2021,1179006,T21-004943
2021,1179007,T21-001785
2021,1179008,T21-002084
2021,1179009,T21-001977
2021,1179010,T21-004701
2021,1179011,T21-000291
2021,1179012,T21-003276
2021,1179013,T21-000145
2021,1179014,T21-005130
2021,1179015,T21-005143
2021,1179016,T21-001395
2021,1179017,T21-000457
2021,1179018,T21-003188
2021,1179019,T21-005067
2021,1179020,T21-004940
2021,1179021,T21-001472
2021,1179022,T21-004276
2021,1179023,T21-002845
2021,1179024,T21-000177
2021,1179025,T21-001800
2021,1179026,T21-002926
2021,1179027,T21-004342
2021,1179028,T21-001456
2021,1179029,T21-000212
2021,1179030,T21-001030
2021,1179031,T21-003355
2021,1179032,T21-004134
2021,1179033,T21-002838
2021,1179034,T21-000264
2021,1179035,T21-002262
2021,1179036,T21-003974
2021,1179037,T21-003775
2021,1179038,T21-000220
2021,1179039,T21-003313
2021,1179040,T21-003136
2021,1179041,T21-000176
2021,1179042,T21-001061
2021,1179043,T21-003728
2021,1179044,T21-003676
2021,1179045,T21-002178
2021,1179046,T21-001555
2021,1179047,T21-004192
2021,1180001,T21-003336
2021,1180002,T21-001174
2021,1180003,T21-003012
2021,1180004,T21-003140
2021,1180005,T21-004427
2021,1180006,T21-000173
2021,1180007,T21-003441
2021,1180008,T21-001270
2021,1180009,T21-001339
2021,1180010,T21-003035
2021,1180011,T21-000538
2021,1180012,T21-000862
2021,1180013,T21-004174
2021,1180014,T21-001213
2021,1180015,T21-001743
2021,1180016,T21-003407
2021,1180017,T21-004526
2021,1180018,T21-003328
2021,1180019,T21-000822
2021,1180020,T21-002171
2021,1180021,T21-004949
2021,1180022,T21-004867
2021,1180023,T21-003510
2021,1180024,T21-002073
2021,1180025,T21-001254
2021,1180026,T21-003250
2021,1181001,T21-003721
2021,1181002,T21-004435
2021,1181003,T21-004729
2021,1181004,T21-002833
2021,1181005,T21-003484
2021,1181006,T21-004335
2021,1181007,T21-002944
2021,1181008,T21-000814
2021,1181009,T21-001353
2021,1181010,T21-000138
2021,1181011,T21-001285
2021,1181012,T21-000072
2021,1181013,T21-001672
2021,1181014,T21-004160
2021,1181015,T21-002958
2021,1181016,T21-004934
2021,1181017,T21-003763
2021,1181018,T21-004366
2021,1181019,T21-003475
2021,1181020,T21-002402
2021,1181021,T21-002281
2021,1181022,T21-004225
2021,1181023,T21-001806
2021,1181024,T21-003430
2021,1181025,T21-002639
2021,1181026,T21-004484
2021,1181027,T21-003180
2021,1181028,T21-002054
2021,1181029,T21-001653
2021,1181030,T21-002670
2021,1181031,T21-000255
2021,1181032,T21-003418
2021,1181033,T21-002437
2025,10011001,P25-002894
2025,10011002,P25-004068
2025,10011004,P25-001919
2025,10011005,P25-001748
2025,10011006,P25-004829
2025,10011007,P25-001803
2025,10011009,P25-002190
2025,10011010,P25-003979
2025,10011011,P25-002842
2025,10011012,P25-002241
2025,10011013,P25-004525
2025,10011014,P25-005253
2025,10011015,P25-001139
2025,10011016,P25-004556
2025,10011017,P25-005175
2025,10011018,P25-003318
2025,10011019,P25-002672
2025,10011020,P25-003226
2025,10011021,P25-001420
2025,10011022,P25-004552
2025,10011023,P25-004955
2025,10011024,P25-005339
2025,10011025,P25-001493
2025,10011026,P25-000833
2025,10011027,P25-004261
2025,10011028,P25-002343
2025,10011029,P25-004279
2025,10011030,P25-002436
2025,10011031,P25-003742
2025,10011032,P25-001674
2025,10011033,P25-003570
2025,10011034,P25-005062
2025,10011036,P25-003256
2025,10011037,P25-005404
2025,10011038,P25-001082
2025,10011039,P25-001616
2025,10011040,P25-004536
2025,10011041,P25-005391
2025,10011042,P25-001816
2025,10011043,P25-005405
2025,10011044,P25-001833
2025,10031045,P25-000859
2025,10031050,P25-002696
2025,10031052,P25-003888
2025,10031061,P25-002629
2025,10031062,P25-002513
2025,10041064,P25-000725
2025,10051065,P25-001591
2025,10051067,P25-000251
2025,10051068,P25-004917
2025,10051069,P25-000468
2025,10051070,P25-003417
2025,10051071,P25-002939
2025,10051072,P25-003303
2025,10051073,P25-003840
2025,10051074,P25-004389
2025,10051075,P25-003620
2025,10051076,P25-004467
2025,10051077,P25-004951
2025,10051078,P25-003380
2025,10051079,P25-000761
2025,10051080,P25-002083
2025,10051081,P25-004003
2025,10051082,P25-004351
2025,10051083,P25-001901
2025,10051084,P25-002273
2025,10051085,P25-003838
2025,10051086,P25-003921
2025,10051087,P25-002462
2025,10051088,P25-005452
2025,10051089,P25-002041
2025,10051090,P25-005208
2025,10051091,T25-000698
2025,10051092,P25-003271
2025,10051093,P25-004346
2025,10051094,P25-000061
2025,10051095,P25-000938
2025,10051096,P25-003293
2025,10051097,P25-005127
2025,10051098,P25-005200
2025,10051099,P25-005195
2025,10051100,P25-001286
2025,10051102,P25-004781
2025,10051103,P25-001241
2025,10051104,P25-001336
2025,10051105,P25-004163
2025,10051106,P25-005378
2025,10051107,P25-003806
2025,10051108,P25-002257
2025,10051109,P25-005469
2025,10051110,P25-002868
2025,10051111,P25-004190
2025,10051112,P25-005174
2025,10051113,P25-003821
2025,10051114,P25-002405
2025,10051115,P25-003170
2025,10051116,P25-002630
2025,10051117,P25-003446
2025,10061120,P25-003007
2025,10061135,P25-001124
2025,10061137,P25-005237
2025,10061151,P25-001807
2025,10071161,P25-003130
2025,10071162,P25-004312
2025,10071163,P25-002315
2025,10071164,P25-005337
2025,10071167,P25-001040
2025,10071168,P25-000293
2025,10071170,P25-002187
2025,10071171,P25-001413
2025,10071172,P25-002599
2025,10071173,P25-002409
2025,10071174,P25-002408
2025,10071175,P25-004812
2025,10071176,P25-003542
2025,10071178,P25-000820
2025,10071179,P25-001051
2025,10071180,P25-000433
2025,10071181,P25-005298
2025,10071183,P25-001334
2025,10071184,P25-005369
2025,10071185,P25-000944
2025,10071186,P25-005124
2025,10071188,P25-002168
2025,10071189,P25-000037
2025,10071190,P25-004090
2025,10071192,P25-002682
2025,10071193,P25-000554
2025,10071194,P25-003624
2025,10071196,P25-001958
2025,10071197,P25-003703
2025,10071198,P25-005359
2025,10071199,P25-000042
2025,10071200,P25-002929
2025,10071201,P25-005144
2025,10071202,P25-004562
2025,10071203,P25-003902
2025,10071204,P25-002485
2025,10071206,P25-004820
2025,10071209,P25-000524
2025,10071210,P25-001315
2025,10071211,P25-003534
2025,10071212,P25-003138
2025,10071215,P25-000704
2025,10081218,P25-000120
2025,10081219,P25-000278
2025,10081220,P25-001012
2025,10081221,P25-004281
2025,10081222,P25-002812
2025,10081223,P25-004745
2025,10081224,P25-002709
2025,10081225,P25-003778
2025,10081226,P25-000815
2025,10081227,P25-004510
2025,10081228,P25-001805
2025,10081229,P25-004053
2025,10081230,P25-001736
2025,10081231,P25-001947
2025,10081232,P25-000059
2025,10081233,P25-005463
2025,10081234,P25-002633
2025,10081235,P25-002129
2025,10081236,P25-004071
2025,10081237,P25-004652
2025,10081238,P25-000975
2025,10081239,P25-000910
2025,10081240,P25-001778
2025,10081241,P25-002500
2025,10081242,P25-005114
2025,10081243,P25-001275
2025,10081244,P25-000013
2025,10081245,P25-002531
2025,10081246,P25-004762
2025,10081247,P25-003087
2025,10081248,P25-002662
2025,10081249,P25-001296
2025,10081250,P25-001070
2025,10081251,P25-001335
2025,10081252,P25-005416
2025,10081253,P25-003749
2025,10081254,P25-002432
2025,10081255,P25-001781
2025,10081256,P25-001461
2025,10081257,P25-001548
2025,10081258,P25-000424
2025,10081259,P25-004890
2025,10081260,P25-003601
2025,10081261,P25-004656
2025,10081262,P25-000651
2025,10081263,P25-000313
2025,10081264,P25-002830
2025,10081265,P25-003831
2025,10081266,P25-003374
2025,10081267,P25-002733
2025,10081268,P25-003110
2025,10081269,P25-003270
2025,10081270,P25-000067
2025,10091272,P25-003008
2025,10091273,P25-005458
2025,10091274,P25-001063
2025,10091275,T25-000523
2025,10091276,P25-004004
2025,10091277,P25-001369
2025,10091278,P25-005436
2025,10091280,P25-000996
2025,10091281,P25-004690
2025,10091283,P25-004956
2025,10091284,P25-004677
2025,10091285,P25-004996
2025,10091287,P25-001957
2025,10091288,P25-001749
2025,10091289,P25-001357
2025,10091290,P25-004679
2025,10091291,P25-004681
2025,10091294,P25-002597
2025,10091295,P25-004792
2025,10091296,P25-004069
2025,10091298,P25-004734
2025,10091299,P25-003057
2025,10091300,P25-000077
2025,10091301,P25-005380
2025,10091302,P25-000995
2025,10091303,P25-000375
2025,10091304,P25-005069
2025,10091305,P25-004907
2025,10091306,P25-002486
2025,10091307,P25-004207
2025,10091308,P25-002476
2025,10091309,P25-000259
2025,10091310,P25-004210
2025,10091311,P25-001559
2025,10091313,P25-002751
2025,10091314,P25-001226
2025,10091315,P25-000928
2025,10091316,P25-000458
2025,10101317,P25-005095
2025,10101318,P25-003796
2025,10101319,P25-001504
2025,10101320,P25-003578
2025,10101322,P25-004804
2025,10101324,P25-004129
2025,10101325,P25-001256
2025,10101326,P25-005371
2025,10101327,P25-005393
2025,10101328,P25-001863
2025,10101329,P25-002029
2025,10101330,P25-004506
2025,10101331,P25-004868
2025,10101332,P25-003480
2025,10101334,P25-001407
2025,10101335,P25-004877
2025,10101336,P25-000597
2025,10101337,P25-005009
2025,10101338,P25-002669
2025,10101339,P25-004618
2025,10101340,T25-001141
2025,10101342,P25-002427
2025,10101343,P25-003628
2025,10101344,P25-004170
2025,10101345,P25-005166
2025,10101347,P25-001673
2025,10101348,P25-000740
2025,10101349,P25-000359
2025,10101350,P25-002099
2025,10101351,P25-000228
2025,10101352,P25-000432
2025,10101353,P25-004085
2025,10101354,P25-005154
2025,10101355,P25-002310
2025,10101357,P25-002628
2025,10101359,P25-004978
2025,10101360,P25-004757
2025,10101361,P25-003298
2025,10101362,P25-004828
2025,10101363,P25-002973
2025,10101364,P25-004337
2025,10101365,P25-002619
2025,10101366,P25-004874
2025,10101367,P25-000974
2025,10101368,P25-003457
2025,10101369,P25-004777
2025,10101370,P25-002760
2025,10111371,T25-001968
2025,10111372,P25-003826
2025,10111373,P25-003866
2025,10111375,P25-000166
2025,10111376,P25-000394
2025,10111377,P25-000517
2025,10111378,P25-005076
2025,10111380,P25-000765
2025,10111381,P25-003009
2025,10111383,P25-003233
2025,10111384,P25-004420
2025,10111385,P25-000539
2025,10111386,P25-000929
2025,10111387,P25-003137
2025,10111388,P25-003455
2025,10111389,P25-002221
2025,10111390,P25-001562
2025,10111391,P25-000930
2025,10111392,T25-000238
2025,10111393,P25-003332
2025,10111394,P25-000770
2025,10111395,P25-000436
2025,10111396,P25-002452
2025,10111397,P25-002448
2025,10111398,P25-003297
2025,10111399,P25-000316
2025,10111400,P25-002744
2025,10111401,P25-004399
2025,10111402,P25-004972
2025,10111404,P25-003210
2025,10111405,P25-004504
2025,10111406,P25-000366
2025,10111407,P25-004206
2025,10111408,P25-004554
2025,10111411,P25-004058
2025,10111412,P25-002472
2025,10111413,P25-002734
2025,10111414,P25-005164
2025,10111415,P25-003699
2025,10111416,P25-000404
2025,10121436,P25-002345
2025,10121440,P25-002351
2025,10121441,P25-000412
2025,10121442,P25-000914
2025,10121443,P25-004252
2025,10121444,P25-000336
2025,10121445,P25-003403
2025,10121446,P25-005421
2025,10121447,P25-003896
2025,10121448,P25-001541
2025,10121449,P25-003603
2025,10121450,P25-004569
2025,10121451,P25-000764
2025,10121452,P25-002674
2025,10121453,P25-003254
2025,10121454,P25-005088
2025,10121455,P25-003249
2025,10121456,P25-001853
2025,10121457,P25-002294
2025,10121458,P25-000270
2025,10121459,P25-005276
2025,10121460,P25-002101
2025,10121461,P25-000332
2025,10131462,P25-004754
2025,10131463,P25-003268
2025,10131464,P25-004728
2025,10131465,P25-005450
2025,10131466,P25-001510
2025,10131467,P25-003859
2025,10131468,P25-001370
2025,10131469,P25-003588
2025,10131470,P25-003607
2025,10131471,P25-001341
2025,10131472,P25-000288
2025,10131473,P25-003450
2025,10131474,P25-000322
2025,10131475,P25-004268
2025,10131476,P25-001372
2025,10131477,P25-000376
2025,10131478,P25-001185
2025,10131479,P25-002148
2025,10131480,P25-004583
2025,10131481,P25-003003
2025,10131482,P25-002199
2025,10131483,P25-000813
2025,10131484,P25-005377
2025,10131485,P25-005187
2025,10131486,P25-003694
2025,10131487,P25-005229
2025,10131488,P25-002000
2025,10131489,P25-002158
2025,10131490,P25-004332
2025,10131491,P25-003416
2025,10131492,P25-005123
2025,10131493,P25-002043
2025,10131494,P25-000205
2025,10131495,P25-001159
2025,10131496,P25-000818
2025,10131497,P25-001996
2025,10131498,P25-001218
2025,10131499,P25-002501
2025,10131500,P25-003992
2025,10131502,P25-000868
2025,10131503,P25-001221
2025,10131504,P25-000634
2025,10131505,P25-000312
2025,10131506,P25-002061
2025,10131507,P25-005004
2025,10131508,P25-003205
2025,10131509,P25-003353
2025,10131510,P25-000784
2025,10131511,P25-000244
2025,10131512,P25-001237
2025,10141513,P25-001870
2025,10141514,P25-003118
2025,10141515,P25-002298
2025,10141516,P25-005177
2025,10141517,P25-000563
2025,10141518,P25-002075
2025,10141519,P25-000776
2025,10141520,P25-002673
2025,10141521,P25-003129
2025,10141522,P25-003790
2025,10141523,P25-003089
2025,10141524,P25-004959
2025,10141525,P25-005122
2025,10141526,P25-002651
2025,10141527,P25-003606
2025,10141528,P25-004224
2025,10141529,P25-002700
2025,10141530,P25-003148
2025,10141531,P25-002745
2025,10141532,P25-003014
2025,10141533,P25-003227
2025,10141534,P25-003739
2025,10141535,P25-002764
2025,10141536,P25-002621
2025,10141537,P25-001215
2025,10141538,P25-000283
2025,10141539,P25-002773
2025,10141540,P25-004650
2025,10141541,P25-002203
2025,10141542,P25-003101
2025,10141543,P25-002935
2025,10141544,P25-004114
2025,10141545,P25-004983
2025,10141546,P25-003448
2025,10141547,P25-005303
2025,10141548,P25-000582
2025,10141549,P25-002431
2025,10141550,P25-002261
2025,10141551,P25-000807
2025,10141552,P25-000326
2025,10141553,P25-002140
2025,10141554,P25-003904
2025,10141555,P25-004396
2025,10141556,P25-002891
2025,10141557,P25-003203
2025,10141558,P25-003657
2025,10141559,P25-000945
2025,10141560,P25-000203
2025,10141561,P25-001859
2025,10141562,P25-001932
2025,10141563,P25-001610
2025,10151565,P25-001784
2025,10151566,P25-002209
2025,10151567,P25-000694
2025,10151568,P25-002147
2025,10151569,P25-001830
2025,10151570,P25-000136
2025,10151571,P25-005322
2025,10151572,P25-001251
2025,10151573,P25-001961
2025,10151574,P25-001756
2025,10151575,P25-003161
2025,10151576,P25-003754
2025,10151577,P25-001239
2025,10151578,P25-000596
2025,10151579,P25-002622
2025,10151580,P25-004444
2025,10151581,P25-001228
2025,10151583,P25-002321
2025,10151584,P25-000382
2025,10151586,P25-005138
2025,10151587,P25-001603
2025,10151588,P25-001115
2025,10151589,P25-005288
2025,10151590,P25-004499
2025,10151591,P25-000522
2025,10151592,P25-000183
2025,10151593,P25-004319
2025,10151595,P25-000478
2025,10151597,P25-001230
2025,10151598,P25-002379
2025,10151599,P25-004189
2025,10151600,P25-002848
2025,10151601,P25-000897
2025,10151603,P25-002406
2025,10151605,P25-001214
2025,10151606,P25-005270
2025,10151607,P25-000750
2025,10151609,P25-002090
2025,10151610,P25-004345
2025,10151611,P25-005056
2025,10151612,P25-002430
2025,10151614,P25-001993
2025,10151615,P25-000870
2025,10151616,P25-001888
2025,10151617,P25-005011
2025,10151618,P25-004450
2025,10151619,P25-002499
2025,10151620,P25-000341
2025,10151621,P25-002217
2025,10161623,P25-001392
2025,10161624,P25-004172
2025,10161625,P25-004710
2025,10161627,P25-001995
2025,10161628,P25-000676
2025,10161629,P25-001676
2025,10161630,P25-003884
2025,10161631,P25-004133
2025,10161633,P25-001481
2025,10161634,P25-002508
2025,10161635,P25-003492
2025,10161636,P25-005456
2025,10161637,P25-000743
2025,10161638,P25-004019
2025,10161640,P25-002862
2025,10161641,P25-001193
2025,10161642,P25-000581
2025,10161643,P25-002617
2025,10161644,P25-003131
2025,10161645,P25-001651
2025,10161647,P25-002624
2025,10161648,P25-003819
2025,10161649,P25-002779
2025,10161650,P25-004449
2025,10161652,P25-004028
2025,10161653,P25-003658
2025,10161654,P25-000373
2025,10161655,P25-003399
2025,10161656,P25-004240
2025,10161658,P25-004596
2025,10161659,P25-000736
2025,10161660,P25-005083
2025,10161662,P25-005017
2025,10161663,P25-004209
2025,10161664,P25-005015
2025,10161665,P25-002450
2025,10161666,P25-003040
2025,10161667,P25-002552
2025,10161668,P25-001355
2025,10161669,P25-004634
2025,10161670,P25-003760
2025,10161671,P25-003766
2025,10191673,P25-003780
2025,10191676,P25-004667
2025,10191677,P25-001798
2025,10191678,P25-000981
2025,10191679,P25-004617
2025,10191680,P25-003497
2025,10191681,P25-004439
2025,10191682,P25-003242
2025,10191683,P25-003576
2025,10191684,P25-000936
2025,10191686,P25-003820
2025,10191687,P25-002799
2025,10191688,P25-002087
2025,10191689,P25-003730
2025,10191690,P25-002620
2025,10191691,P25-000085
2025,10191693,P25-005150
2025,10191694,P25-004831
2025,10191697,P25-002161
2025,10191698,P25-003858
2025,10191700,P25-001999
2025,10191702,P25-004139
2025,10191703,P25-001745
2025,10191704,P25-000290
2025,10191705,P25-005281
2025,10191706,P25-002458
2025,10191707,P25-000602
2025,10191709,P25-004730
2025,10191710,P25-001538
2025,10191711,P25-004591
2025,10191712,P25-004459
2025,10191713,P25-005430
2025,10191714,P25-002372
2025,10201717,P25-001860
2025,10201718,P25-000354
2025,10201719,P25-003636
2025,10201720,P25-004639
2025,10201721,P25-003362
2025,10201722,P25-000809
2025,10201723,P25-005239
2025,10201724,P25-000454
2025,10201725,P25-004836
2025,10201726,P25-002387
2025,10201727,P25-002259
2025,10201729,P25-002967
2025,10201730,P25-002854
2025,10201731,P25-000357
2025,10201732,P25-001972
2025,10201733,P25-001319
2025,10201734,P25-003116
2025,10201735,P25-000595
2025,10201736,P25-001551
2025,10201737,P25-000560
2025,10201738,P25-002451
2025,10201739,P25-001001
2025,10201740,P25-002627
2025,10201741,P25-001637
2025,10201742,P25-001527
2025,10201744,P25-004703
2025,10201745,P25-003201
2025,10201746,P25-003154
2025,10201747,P25-004256
2025,10201748,P25-000474
2025,10201749,P25-004779
2025,10201750,P25-005000
2025,10201751,P25-001899
2025,10201752,P25-003085
2025,10201753,P25-004511
2025,10201754,P25-002650
2025,10201755,P25-003950
2025,10201756,P25-002774
2025,10201757,P25-005415
2025,10201758,P25-002711
2025,10201759,P25-003513
2025,10201760,P25-004590
2025,10211762,P25-005271
2025,10211763,P25-005434
2025,10211764,P25-000211
2025,10211765,P25-002258
2025,10211766,P25-002250
2025,10211767,T25-001259
2025,10211768,P25-004975
2025,10211769,P25-003167
2025,10211770,P25-000372
2025,10211771,P25-003999
2025,10211772,P25-003777
2025,10211773,P25-001071
2025,10211774,P25-003314
2025,10211775,P25-004879
2025,10211776,P25-002585
2025,10211778,P25-000860
2025,10211779,P25-003936
2025,10211780,P25-000744
2025,10211781,P25-000088
2025,10211782,P25-001565
2025,10211783,P25-002185
2025,10211784,P25-004834
2025,10211785,P25-001729
2025,10211786,P25-005397
2025,10211787,P25-003437
2025,10211788,P25-002521
2025,10211789,P25-002277
2025,10211790,P25-004255
2025,10211791,P25-001375
2025,10211792,P25-004284
2025,10211794,P25-004576
2025,10211796,P25-002678
2025,10211798,P25-001172
2025,10211799,P25-000340
2025,10211800,P25-003945
2025,10211801,P25-002550
2025,10211802,P25-001942
2025,10211804,P25-003787
2025,10211805,P25-000355
2025,10211808,P25-004861
2025,10211809,P25-003340
2025,10211814,P25-002234
2025,10211815,P25-001758
2025,10211816,P25-000470
2025,10211817,P25-000196
2025,10211818,P25-001342
2025,10211819,P25-002358
2025,10211820,P25-001044
2025,10211821,P25-000963
2025,10211822,P25-002828
2025,10231827,P25-003594
2025,10231828,P25-001642
2025,10231829,P25-000858
2025,10231830,P25-004476
2025,10231831,P25-001633
2025,10231832,P25-004158
2025,10231833,P25-002878
2025,10231834,P25-004411
2025,10231835,P25-002421
2025,10231836,P25-000675
2025,10231837,P25-002988
2025,10231839,P25-001645
2025,10231840,P25-000486
2025,10231842,P25-001872
2025,10231843,P25-000294
2025,10231844,P25-004741
2025,10231845,P25-002583
2025,10231846,P25-004502
2025,10231847,P25-000328
2025,10231848,P25-001404
2025,10231849,P25-004498
2025,10231850,P25-004900
2025,10231851,P25-003047
2025,10231852,P25-005244
2025,10231853,P25-001414
2025,10231854,P25-004162
2025,10231855,P25-001310
2025,10231856,P25-003488
2025,10231857,P25-003662
2025,10231858,P25-002614
2025,10231859,P25-000738
2025,10231860,P25-004612
2025,10231861,P25-002014
2025,10231862,P25-001283
2025,10231863,P25-001152
2025,10231864,P25-000775
2025,10231865,P25-005084
2025,10231866,P25-004326
2025,10231868,P25-000865
2025,10231869,P25-005417
2025,10231870,P25-002341
2025,10251874,P25-001329
2025,10251875,P25-002107
2025,10251876,P25-002279
2025,10251879,P25-003807
2025,10251880,P25-000066
2025,10251881,P25-003660
2025,10251883,P25-000817
2025,10251886,P25-001596
2025,10251887,P25-000409
2025,10251888,P25-002056
2025,10251889,P25-003596
2025,10251890,P25-004619
2025,10251891,P25-000757
2025,10251894,P25-005130
2025,10251895,P25-000487
2025,10251896,P25-004984
2025,10251897,P25-001793
2025,10251898,P25-004185
2025,10251899,P25-005073
2025,10251900,P25-005030
2025,10251907,P25-000007
2025,10251911,P25-002091
2025,10251913,P25-001955
2025,10251916,P25-001938
2025,10251917,P25-003126
2025,10251920,P25-000082
2025,10251921,P25-000499
2025,10251922,P25-001918
2025,10261924,P25-001663
2025,10261925,P25-002803
2025,10261926,P25-004264
2025,10261927,P25-000685
2025,10261928,P25-001148
2025,10261929,P25-002689
2025,10261930,P25-002328
2025,10261931,P25-005445
2025,10261932,P25-004177
2025,10261933,P25-000583
2025,10261934,P25-005140
2025,10261935,P25-003402
2025,10261936,P25-000896
2025,10261937,P25-005152
2025,10261938,P25-003583
2025,10261939,P25-002150
2025,10261940,P25-003460
2025,10261941,P25-001004
2025,10261942,P25-003337
2025,10261943,P25-001408
2025,10261944,P25-000689
2025,10261945,P25-002857
2025,10261946,P25-001054
2025,10261948,P25-002105
2025,10261949,P25-002644
2025,10261950,P25-000980
2025,10261951,P25-003520
2025,10261952,P25-000737
2025,10261953,P25-000490
2025,10261954,P25-001755
2025,10261955,P25-000380
2025,10261956,P25-001304
2025,10261958,P25-003199
2025,10261959,P25-003621
2025,10261960,P25-002230
2025,10261961,P25-003017
2025,10261962,P25-003462
2025,10261963,P25-003893
2025,10261964,P25-001861
2025,10261965,P25-003753
2025,10261966,P25-000593
2025,10261967,P25-000406
2025,10261968,P25-001445
2025,10261969,P25-000479
2025,10261970,P25-005410
2025,10261971,P25-004683
2025,10261972,P25-003029
2025,10261973,P25-002538
2025,10261974,P25-001718
2025,10261975,P25-003697
2025,10261976,P25-004064
2025,10261977,P25-002992
2025,10261979,P25-003323
2025,10261980,P25-000113
2025,10261981,P25-003615
2025,10261983,P25-004089
2025,10271984,P25-003331
2025,10271985,P25-003324
2025,10271988,P25-004045
2025,10271989,P25-002309
2025,10271992,P25-003861
2025,10271993,P25-004607
2025,10271995,P25-001351
2025,10271996,P25-003193
2025,10271997,P25-000874
2025,10271998,P25-000374
2025,10271999,P25-000443
2025,10272000,P25-002762
2025,10272001,P25-001348
2025,10272002,P25-002210
2025,10272003,P25-005314
2025,10272004,P25-001485
2025,10272005,P25-000877
2025,10272006,P25-001452
2025,10272007,P25-002311
2025,10272008,P25-002302
2025,10272010,P25-000518
2025,10272012,P25-003690
2025,10272013,P25-000310
2025,10272014,P25-000647
2025,10272015,P25-000895
2025,10272016,P25-003428
2025,10272017,P25-002786
2025,10272018,P25-000019
2025,10272019,P25-001486
2025,10272020,P25-002264
2025,10272021,P25-002885
2025,10272022,P25-002895
2025,10272023,P25-003928
2025,10272024,P25-004699
2025,10272025,P25-003408
2025,10272026,P25-001737
2025,10272027,P25-003052
2025,10272028,P25-005224
2025,10272029,P25-003590
2025,10272030,P25-003333
2025,10272031,P25-002282
2025,10272032,P25-003231
2025,10272033,P25-001742
2025,10272035,P25-001994
2025,10272036,P25-003338
2025,10272037,P25-002871
2025,10272038,P25-000566
2025,10272039,P25-003882
2025,10272040,P25-004073
2025,10272041,P25-004492
2025,10272042,P25-002922
2025,10272043,P25-000422
2025,10272044,P25-002192
2025,10272045,P25-003494
2025,10272046,P25-004430
2025,10272047,P25-002300
2025,10272048,P25-002439
2025,10272049,P25-003248
2025,10282052,P25-002884
2025,10282053,P25-005033
2025,10282054,P25-000297
2025,10282055,P25-005141
2025,10282058,P25-000021
2025,10282059,P25-005306
2025,10282060,P25-001201
2025,10282062,P25-004665
2025,10282064,P25-002386
2025,10282065,P25-001036
2025,10282066,P25-005097
2025,10282067,P25-002829
2025,10282068,P25-003544
2025,10282069,P25-003507
2025,10282070,P25-001344
2025,10282071,P25-000303
2025,10282072,P25-004518
2025,10282074,P25-001227
2025,10282075,P25-004140
2025,10282078,P25-000528
2025,10282079,P25-004993
2025,10282080,P25-003852
2025,10282081,T25-001140
2025,10282083,P25-002266
2025,10282084,P25-000734
2025,10282085,P25-004469
2025,10282086,P25-001980
2025,10282089,P25-002390
2025,10282090,P25-001379
2025,10282091,P25-004042
2025,10282092,P25-000231
2025,10282094,P25-002260
2025,10282095,P25-001107
2025,10282096,P25-005210
2025,10282097,P25-002544
2025,10282098,P25-001196
2025,10282099,P25-004232
2025,10282100,P25-005321
2025,10282101,P25-005001
2025,10292102,P25-003843
2025,10292103,P25-002562
2025,10292104,P25-000547
2025,10292105,P25-001723
2025,10292106,P25-001403
2025,10292107,P25-005268
2025,10292108,P25-000411
2025,10292109,P25-002616
2025,10292110,P25-005155
2025,10292111,P25-004626
2025,10292112,P25-005412
2025,10292113,P25-004521
2025,10292114,P25-001419
2025,10292115,P25-000508
2025,10292116,P25-004455
2025,10292117,P25-002480
2025,10292118,P25-004300
2025,10292119,P25-001769
2025,10292120,P25-004273
2025,10292121,P25-003370
2025,10292122,P25-000812
2025,10292123,P25-001401
2025,10292124,P25-000668
2025,10292125,P25-004864
2025,10292126,P25-003335
2025,10292127,P25-000699
2025,10292128,P25-000346
2025,10292129,P25-003453
2025,10292130,P25-001234
2025,10292131,P25-000257
2025,10292132,P25-002059
2025,10292133,P25-005107
2025,10292134,P25-002840
2025,10292135,P25-001328
2025,10292136,P25-004317
2025,10292137,P25-002514
2025,10292138,P25-005086
2025,10292139,P25-002752
2025,10292140,P25-004340
2025,10292141,P25-003959
2025,10292142,P25-001048
2025,10292143,P25-001110
2025,10292144,P25-003995
2025,10292145,P25-002018
2025,10292146,P25-005243
2025,10292148,P25-000845
2025,10292149,P25-005201
2025,10292150,P25-003688
2025,10292151,P25-003142
2025,10292152,P25-004472
2025,10292153,P25-001804
2025,10292154,P25-003156
2025,10292155,P25-003106
2025,10302161,P25-002778
2025,10312176,P25-001308
2025,10312177,P25-001727
2025,10312178,P25-005163
2025,10312179,P25-002732
2025,10312180,P25-002601
2025,10312181,P25-000095
2025,10312182,P25-001058
2025,10312183,P25-004074
2025,10312184,P25-003098
2025,10312185,P25-005439
2025,10312186,P25-003294
2025,10312187,P25-003292
2025,10312188,P25-005240
2025,10312189,P25-000553
2025,10312190,P25-001247
2025,10312191,P25-001568
2025,10312192,P25-000258
2025,10312193,P25-002213
2025,10312194,P25-001926
2025,10312195,P25-005125
2025,10312196,P25-003679
2025,10312197,P25-003518
2025,10312198,P25-001682
2025,10312199,P25-002575
2025,10312200,P25-000970
2025,10312201,P25-001053
2025,10312202,P25-003835
2025,10312203,P25-004130
2025,10312204,P25-002610
2025,10312205,P25-002685
2025,10312206,P25-001009
2025,10312207,P25-005161
2025,10312208,P25-002040
2025,10312209,P25-002319
2025,10312210,P25-005110
2025,10312211,P25-005315
2025,10312212,P25-002049
2025,10312213,P25-003849
2025,10312214,P25-001439
2025,10312215,P25-004231
2025,10312216,P25-001175
2025,10312218,P25-005297
2025,10312219,P25-002144
2025,10312220,P25-000584
2025,10312221,P25-001845
2025,10312222,P25-005386
2025,10312223,P25-002228
2025,10312224,P25-003236
2025,10312225,P25-000300
2025,10312226,P25-004144
2025,10312227,P25-000360
2025,10312228,P25-001649
2025,10312229,P25-003569
2025,10312230,P25-005096
2025,10312232,P25-004021
2025,10312233,P25-000953
2025,10312234,P25-005260
2025,10332251,P25-000100
2025,10332255,P25-002578
2025,10332256,P25-000079
2025,10332257,P25-001473
2025,10332258,P25-002984
2025,10332259,P25-000133
2025,10332260,P25-004141
2025,10332261,P25-003895
2025,10332262,P25-004852
2025,10332263,P25-001759
2025,10332264,P25-004283
2025,10332265,P25-004033
2025,10332266,P25-003713
2025,10332267,P25-002050
2025,10332268,P25-003901
2025,10332269,P25-004660
2025,10332270,P25-004948
2025,10332271,P25-000249
2025,10332273,P25-005330
2025,10332274,P25-000045
2025,10332275,P25-004359
2025,10332276,P25-004324
2025,10332277,P25-001415
2025,10332278,P25-002325
2025,10332279,P25-003891
2025,10332280,P25-000065
2025,10332281,P25-003109
2025,10332282,P25-003653
2025,10332283,P25-003756
2025,10332284,P25-004657
2025,10332285,P25-004078
2025,10332286,P25-002970
2025,10332287,P25-002791
2025,10332288,P25-004407
2025,10332289,P25-003371
2025,10332290,P25-000648
2025,10332291,P25-003195
2025,10342292,P25-000536
2025,10342293,P25-004529
2025,10342294,P25-001210
2025,10342295,P25-002323
2025,10342296,P25-001797
2025,10342297,P25-003445
2025,10342298,P25-002463
2025,10342299,P25-002903
2025,10342300,P25-002766
2025,10342301,P25-001570
2025,10342302,P25-002057
2025,10342303,P25-003915
2025,10342304,P25-002950
2025,10342305,P25-004094
2025,10342306,P25-003828
2025,10342307,P25-002729
2025,10342308,P25-001599
2025,10342309,P25-003080
2025,10342310,P25-000754
2025,10342311,P25-004325
2025,10342312,P25-004310
2025,10342313,P25-003677
2025,10342314,P25-002401
2025,10342315,P25-005022
2025,10342316,P25-002007
2025,10342317,P25-002507
2025,10342318,P25-001572
2025,10342319,P25-000069
2025,10342320,P25-000159
2025,10342321,P25-004661
2025,10342322,P25-004138
2025,10342323,P25-001397
2025,10342324,P25-003103
2025,10342325,P25-002804
2025,10342326,P25-003495
2025,10342327,P25-004421
2025,10342328,P25-001978
2025,10342329,P25-004854
2025,10342330,P25-002204
2025,10342331,P25-003639
2025,10342332,P25-001912
2025,10342333,P25-002251
2025,10352337,P25-003279
2025,10352341,P25-004487
2025,10352342,P25-004696
2025,10352344,P25-002843
2025,10352346,P25-002981
2025,10352348,P25-004286
2025,10352351,P25-001178
2025,10352353,P25-003479
2025,10352354,P25-003166
2025,10352356,P25-005388
2025,10352361,P25-003068
2025,10352362,P25-001936
2025,10352366,P25-004433
2025,10352367,P25-004630
2025,10352368,P25-003836
2025,10352369,P25-002942
2025,10352370,P25-000866
2025,10352372,P25-001992
2025,10352374,P25-003503
2025,10352375,P25-001478
2025,10352376,P25-002927
2025,10352377,P25-000194
2025,10352378,P25-000277
2025,10352379,P25-000690
2025,10352380,P25-004674
2025,10352381,P25-000588
2025,10352382,P25-001269
2025,10352383,P25-002305
2025,10352384,P25-000931
2025,10352385,P25-001812
2025,10352386,P25-003096
2025,10352387,P25-001580
2025,10352388,P25-003358
2025,10352389,P25-002548
2025,10352390,P25-003755
2025,10352391,P25-000175
2025,10352392,P25-005182
2025,10352393,P25-005293
2025,10352394,P25-001531
2025,10352395,P25-002792
2025,10352396,P25-004441
2025,10352397,P25-004306
2025,10362403,P25-002446
2025,10362406,P25-003168
2025,10362423,P25-004970
2025,10362424,P25-001309
2025,10362425,P25-004024
2025,10362426,P25-005366
2025,10362427,P25-002326
2025,10362428,P25-004380
2025,10362429,P25-001827
2025,10362430,P25-001979
2025,10362431,P25-000129
2025,10362432,P25-002400
2025,10362433,P25-002889
2025,10362434,P25-004653
2025,10362435,P25-003854
2025,10362436,P25-003848
2025,10362437,P25-004425
2025,10362438,P25-002066
2025,10362439,P25-002661
2025,10362440,P25-002948
2025,10362442,P25-001067
2025,10362443,P25-002877
2025,10362444,P25-003912
2025,10362445,P25-000946
2025,10362446,P25-003100
2025,10362447,P25-001909
2025,10362448,P25-001621
2025,10372449,P25-005394
2025,10372450,P25-000181
2025,10372451,P25-004451
2025,10372452,P25-003330
2025,10372453,P25-000134
2025,10372454,P25-000109
2025,10372455,P25-000504
2025,10372456,P25-001716
2025,10372457,P25-000841
2025,10372458,P25-001738
2025,10372459,P25-000195
2025,10372460,P25-000977
2025,10372461,P25-004291
2025,10372462,P25-004334
2025,10372463,P25-001448
2025,10372464,P25-002374
2025,10382469,P25-002276
2025,10382470,P25-003837
2025,10382471,P25-002098
2025,10382472,P25-001142
2025,10382473,P25-004995
2025,10382474,P25-000386
2025,10382475,P25-000115
2025,10382476,P25-003352
2025,10382477,P25-002009
2025,10382478,P25-004555
2025,10382479,P25-004513
2025,10382480,P25-003232
2025,10382481,P25-002369
2025,10382482,P25-004260
2025,10382483,P25-003736
2025,10382484,P25-003470
2025,10382485,P25-003701
2025,10382486,P25-000267
2025,10382487,P25-003215
2025,10382488,P25-003200
2025,10382489,P25-005148
2025,10382490,P25-002735
2025,10382491,P25-002701
2025,10382492,P25-003143
2025,10382493,P25-004611
2025,10382494,P25-002365
2025,10382495,P25-000467
2025,10382497,P25-002916
2025,10382498,P25-003375
2025,10382499,P25-002563
2025,10382500,P25-004097
2025,10382501,P25-002020
2025,10382503,P25-000229
2025,10382504,P25-004659
2025,10382505,P25-000558
2025,10382506,P25-000948
2025,10382507,P25-002659
2025,10382508,P25-000143
2025,10382509,P25-001726
2025,10382510,P25-002526
2025,10382511,P25-000678
2025,10382512,P25-001412
2025,10382513,P25-004274
2025,10382514,P25-000126
2025,10382515,P25-003436
2025,10382517,P25-000795
2025,10382518,P25-001799
2025,10382519,P25-002991
2025,10382520,P25-000217
2025,10382521,P25-001002
2025,10382522,P25-003834
2025,10382523,P25-004376
2025,10382524,P25-001194
2025,10382525,P25-002681
2025,10382526,P25-001634
2025,10382527,P25-000875
2025,10382528,P25-003592
2025,10382529,P25-003405
2025,10392530,P25-003909
2025,10392531,P25-004980
2025,10392532,P25-001569
2025,10392533,P25-000421
2025,10392534,P25-002028
2025,10392535,P25-002188
2025,10392536,P25-002218
2025,10392537,P25-001560
2025,10392538,P25-003968
2025,10392539,P25-004764
2025,10392540,P25-002447
2025,10392542,P25-004443
2025,10392543,P25-002989
2025,10392545,P25-001962
2025,10392546,P25-004154
2025,10392547,P25-004767
2025,10392548,P25-002417
2025,10392549,P25-005213
2025,10392550,P25-005294
2025,10392551,P25-004215
2025,10392552,P25-002293
2025,10392553,P25-004888
2025,10392554,P25-005310
2025,10392555,P25-001307
2025,10392559,P25-001032
2025,10392560,P25-000853
2025,10392563,P25-000621
2025,10392564,P25-002032
2025,10392566,P25-004309
2025,10392567,P25-004916
2025,10392572,P25-000604
2025,10392573,P25-001143
2025,10392574,P25-002138
2025,10392575,P25-003733
2025,10392576,P25-004362
2025,10392579,P25-003073
2025,10392580,P25-002820
2025,10392583,P25-001377
2025,10402585,P25-004744
2025,10402586,P25-001526
2025,10402587,P25-002987
2025,10402588,P25-002866
2025,10402589,P25-000158
2025,10402590,P25-003310
2025,10402591,P25-003692
2025,10402592,P25-004818
2025,10402593,P25-002403
2025,10402594,P25-004571
2025,10402595,P25-001164
2025,10402596,P25-000252
2025,10402598,P25-003046
2025,10402599,P25-004408
2025,10402600,P25-003567
2025,10402601,P25-000500
2025,10402602,P25-001582
2025,10402603,P25-005316
2025,10402604,P25-003980
2025,10402605,T25-002033
2025,10402606,P25-003532
2025,10402607,P25-002730
2025,10402608,P25-001970
2025,10402609,P25-005105
2025,10402610,P25-003051
2025,10402611,P25-004135
2025,10402612,P25-002722
2025,10402613,P25-004768
2025,10402614,P25-003573
2025,10402615,P25-004623
2025,10402616,P25-003920
2025,10402617,P25-005028
2025,10402618,P25-005300
2025,10402619,P25-000233
2025,10402620,P25-000160
2025,10402621,P25-004452
2025,10402623,P25-003929
2025,10402624,P25-002959
2025,10402625,P25-004921
2025,10402627,P25-001638
2025,10402630,P25-004181
2025,10402631,P25-004119
2025,10402632,P25-004704
2025,10402633,P25-000840
2025,10402634,P25-003732
2025,10402635,P25-001557
2025,10402636,P25-002746
2025,10402638,P25-000223
2025,10412653,P25-000140
2025,10412662,P25-001224
2025,10412663,P25-004610
2025,10412664,P25-002285
2025,10412665,P25-003582
2025,10412666,P25-003329
2025,10412667,P25-000362
2025,10412668,P25-001965
2025,10412669,P25-005080
2025,10412670,P25-000958
2025,10412671,P25-001280
2025,10412672,P25-004415
2025,10412673,P25-002368
2025,10412675,P25-004522
2025,10412676,P25-004557
2025,10412677,P25-001470
2025,10412678,P25-003656
2025,10412679,P25-003018
2025,10412680,P25-002782
2025,10412681,P25-001794
2025,10412682,T25-001913
2025,10412683,P25-003034
2025,10412684,P25-001741
2025,10412685,P25-004063
2025,10412686,P25-002690
2025,10412687,P25-000889
2025,10412688,P25-002557
2025,10412689,P25-004401
2025,10422690,P25-003083
2025,10422691,P25-003824
2025,10422693,P25-004974
2025,10422694,P25-002483
2025,10422695,P25-004807
2025,10422696,P25-003664
2025,10422697,P25-000998
2025,10422698,P25-001671
2025,10422699,P25-004743
2025,10422700,P25-005440
2025,10422701,P25-004249
2025,10422702,P25-001156
2025,10422703,P25-002396
2025,10422704,P25-003317
2025,10422705,P25-003027
2025,10422706,P25-001400
2025,10422707,P25-001575
2025,10422708,P25-001052
2025,10422709,P25-002320
2025,10422710,P25-001773
2025,10422711,P25-000804
2025,10422712,P25-000614
2025,10422713,P25-004698
2025,10422714,P25-005133
2025,10422715,P25-000200
2025,10422716,P25-000682
2025,10422717,P25-004313
2025,10422718,P25-001656
2025,10422719,T25-001346
2025,10422720,P25-004188
2025,10422721,P25-005443
2025,10422722,P25-004515
2025,10422723,P25-000540
2025,10422724,P25-002238
2025,10422725,P25-004795
2025,10422726,P25-004027
2025,10422727,P25-000903
2025,10422728,P25-002205
2025,10422729,P25-003613
2025,10432730,P25-002646
2025,10432731,P25-002334
2025,10432733,P25-004414
2025,10432734,P25-001211
2025,10432735,P25-003186
2025,10432737,P25-002936
2025,10432738,P25-002527
2025,10432739,P25-001137
2025,10432740,P25-003351
2025,10432741,P25-005238
2025,10432742,P25-004067
2025,10432743,P25-000125
2025,10432744,P25-003010
2025,10432745,P25-005221
2025,10432746,P25-005156
2025,10432747,P25-002798
2025,10432748,P25-005249
2025,10432749,P25-003182
2025,10432750,P25-004480
2025,10432751,P25-004548
2025,10432752,P25-004924
2025,10432753,P25-004338
2025,10432754,P25-005368
2025,10432755,P25-002623
2025,10432756,P25-001236
2025,10432757,P25-000839
2025,10432758,P25-004354
2025,10432759,P25-004508
2025,10432760,P25-000535
2025,10432761,P25-003813
2025,10432762,P25-005189
2025,10432763,P25-002666
2025,10432764,P25-003541
2025,10432765,P25-001297
2025,10432766,P25-001975
2025,10432767,P25-004434
2025,10432768,P25-005029
2025,10432769,P25-002249
2025,10432770,P25-005052
2025,10432771,P25-005064
2025,10432772,P25-004258
2025,10432773,P25-004031
2025,10432774,P25-003091
2025,10432775,P25-004364
2025,10442778,P25-002638
2025,10442779,P25-003900
2025,10442797,P25-000047
2025,10442798,P25-003584
2025,10442799,P25-003181
2025,10442800,P25-003458
2025,10442801,P25-000655
2025,10442802,P25-000789
2025,10442803,P25-000414
2025,10442804,P25-000947
2025,10442805,P25-003563
2025,10442806,P25-003958
2025,10442807,P25-001155
2025,10442808,P25-001648
2025,10442809,P25-000307
2025,10442810,P25-001811
2025,10442811,P25-001719
2025,10442812,P25-003650
2025,10442813,P25-003976
2025,10442814,P25-005259
2025,10442815,P25-000844
2025,10442816,P25-003744
2025,10442817,P25-000010
2025,10442818,P25-003737
2025,10442819,P25-000613
2025,10452823,P25-002395
2025,10452852,P25-005111
2025,10452853,P25-002951
2025,10452855,P25-001387
2025,10452856,P25-002052
2025,10452858,P25-001025
2025,10452859,P25-003528
2025,10452860,P25-000482
2025,10452861,P25-005390
2025,10452862,P25-001740
2025,10452863,P25-004523
2025,10452864,P25-003267
2025,10452865,P25-002737
2025,10452868,P25-003782
2025,10452869,P25-001916
2025,10452870,P25-003991
2025,10452871,P25-001636
2025,10452872,P25-003228
2025,10452873,P25-005471
2025,10452874,P25-002806
2025,10452875,P25-001989
2025,10452878,P25-002162
2025,10462884,P25-004010
2025,10462892,P25-000367
2025,10462896,P25-004771
2025,10462899,P25-003795
2025,10462903,P25-003162
2025,10462905,P25-002284
2025,10462906,P25-002978
2025,10462907,P25-001220
2025,10462909,P25-005402
2025,10462910,P25-004238
2025,10462911,P25-001442
2025,10462912,P25-003075
2025,10462913,P25-004084
2025,10462914,P25-000603
2025,10462915,P25-002869
2025,10462916,P25-003750
2025,10462917,P25-001359
2025,10462918,P25-002915
2025,10462919,P25-005116
2025,10462920,P25-004211
2025,10462921,P25-004180
2025,10462922,P25-004226
2025,10462923,P25-003827
2025,10462924,P25-004198
2025,10462925,P25-002069
2025,10462926,P25-000127
2025,10462927,P25-003229
2025,10462928,P25-005183
2025,10462929,P25-004288
2025,10462930,P25-005093
2025,10462931,P25-001646
2025,10462932,P25-001045
2025,10472934,P25-004676
2025,10472936,P25-004998
2025,10472938,P25-000601
2025,10472939,P25-002932
2025,10472940,P25-000243
2025,10472941,P25-005375
2025,10472942,P25-004666
2025,10472943,P25-004153
2025,10472944,P25-000099
2025,10472945,P25-002671
2025,10472946,P25-001697
2025,10472948,P25-003641
2025,10472949,P25-003094
2025,10472950,P25-001864
2025,10472951,P25-002370
2025,10472952,P25-002794
2025,10472953,P25-000130
2025,10472954,P25-004418
2025,10472955,P25-004606
2025,10472956,P25-001135
2025,10472957,P25-001869
2025,10472958,P25-005184
2025,10472959,P25-000103
2025,10472960,P25-001573
2025,10472961,P25-001609
2025,10472963,P25-005236
2025,10472965,P25-004101
2025,10472966,P25-002740
2025,10472967,P25-004109
2025,10472968,P25-000769
2025,10472971,P25-000691
2025,10472972,P25-003772
2025,10472973,P25-002347
2025,10472974,P25-004080
2025,10472975,P25-004006
2025,10472976,P25-005214
2025,10472977,P25-000671
2025,10472978,P25-003133
2025,10472979,P25-002201
2025,10482980,P25-003434
2025,10482981,P25-003927
2025,10482982,P25-003235
2025,10482983,P25-004574
2025,10482984,P25-001620
2025,10482985,P25-003124
2025,10482986,P25-004056
2025,10482987,P25-003881
2025,10482988,P25-000054
2025,10482989,P25-002607
2025,10482990,P25-002442
2025,10482991,P25-001219
2025,10482992,P25-000529
2025,10482993,P25-005422
2025,10482994,P25-001035
2025,10482995,P25-001836
2025,10482996,P25-000398
2025,10482997,P25-005358
2025,10482998,P25-001449
2025,10482999,P25-002207
2025,10483000,P25-003745
2025,10483001,P25-002381
2025,10483002,P25-002930
2025,10483005,P25-003435
2025,10483006,P25-000466
2025,10483007,P25-001782
2025,10483008,P25-002855
2025,10483009,P25-004482
2025,10483010,P25-001153
2025,10483011,P25-004331
2025,10483012,P25-000880
2025,10483013,P25-001780
2025,10483014,P25-004545
2025,10483015,P25-001532
2025,10483016,P25-000459
2025,10483017,P25-004426
2025,10483018,P25-004155
2025,10483019,P25-002287
2025,10483020,P25-002019
2025,10483021,P25-002025
2025,10483022,P25-004914
2025,10483023,P25-000556
2025,10483024,P25-001120
2025,10483025,P25-004375
2025,10483026,P25-000437
2025,10483027,P25-001985
2025,10483028,P25-005121
2025,10483029,P25-001465
2025,10483030,P25-001144
2025,10483031,P25-004673
2025,10483032,P25-003687
2025,10483033,P25-002459
2025,10483034,P25-005287
2025,10483035,P25-002977
2025,10483036,P25-004132
2025,10503086,P25-001069
2025,10503087,P25-005289
2025,10503088,P25-003972
2025,10503089,P25-001721
2025,10503090,P25-003533
2025,10503091,P25-004796
2025,10503092,P25-002788
2025,10503093,P25-001399
2025,10503094,P25-001777
2025,10503095,P25-002558
2025,10503096,P25-004083
2025,10503098,P25-000062
2025,10503099,P25-004715
2025,10503100,P25-001248
2025,10503101,P25-002982
2025,10503102,P25-001017
2025,10503103,P25-005385
2025,10503104,P25-001725
2025,10503105,P25-000184
2025,10503106,P25-001963
2025,10503107,P25-002822
2025,10503108,P25-003002
2025,10503109,P25-001131
2025,10503110,P25-000462
2025,10503111,P25-001394
2025,10503112,P25-000400
2025,10503113,P25-003672
2025,10503114,P25-003395
2025,10503115,P25-003306
2025,10503116,P25-001537
2025,10503117,P25-000735
2025,10503118,P25-003933
2025,10503119,P25-005446
2025,10503120,P25-003872
2025,10503121,P25-005374
2025,10503122,P25-002741
2025,10503123,P25-002085
2025,10503124,P25-003149
2025,10503125,P25-000439
2025,10503127,P25-000083
2025,10503128,P25-004076
2025,10503129,P25-001271
2025,10503130,P25-000913
2025,10503131,P25-000911
2025,10503132,P25-001187
2025,10503134,P25-002255
2025,10503135,P25-004012
2025,10503136,P25-002826
2025,10503137,P25-003768
2025,10503138,P25-000505
2025,10503139,P25-005042
2025,10503141,P25-002151
2025,10513144,P25-001410
2025,10513145,P25-001951
2025,10513146,P25-000526
2025,10513147,P25-000481
2025,10513148,P25-003077
2025,10513150,P25-001501
2025,10513151,P25-004994
2025,10513152,P25-002373
2025,10513153,P25-002011
2025,10513154,P25-002872
2025,10513155,P25-000632
2025,10513156,P25-004912
2025,10513157,P25-004826
2025,10513159,P25-001106
2025,10513160,P25-000209
2025,10513161,P25-002136
2025,10513162,P25-004157
2025,10513163,P25-004825
2025,10513164,P25-003686
2025,10513166,P25-005098
2025,10513167,P25-003454
2025,10513168,P25-004851
2025,10513169,P25-002082
2025,10513170,P25-001488
2025,10513171,P25-003214
2025,10513173,P25-000575
2025,10513174,P25-001416
2025,10513175,P25-003635
2025,10513176,P25-000793
2025,10513177,P25-000306
2025,10513178,P25-004952
2025,10513179,P25-000805
2025,10513180,P25-004708
2025,10513181,P25-000705
2025,10513182,P25-001055
2025,10513183,P25-003108
2025,10513185,P25-001987
2025,10513186,P25-004348
2025,10513187,P25-003700
2025,10513188,P25-000991
2025,10513189,P25-003535
2025,10513190,P25-004901
2025,10513191,P25-003562
2025,10513192,P25-004582
2025,10513193,P25-003076
2025,10513195,P25-004913
2025,10513196,P25-004038
2025,10513197,P25-004022
2025,10513198,P25-001589
2025,10513199,P25-001188
2025,10513200,P25-003044
2025,10513201,P25-000032
2025,10533256,P25-002726
2025,10533257,P25-001940
2025,10533258,P25-000525
2025,10533260,P25-002763
2025,10533261,P25-000762
2025,10533264,P25-003825
2025,10533266,P25-004905
2025,10533267,P25-003175
2025,10533268,P25-002776
2025,10533269,P25-004640
2025,10533270,P25-003746
2025,10533271,P25-002898
2025,10533272,P25-001180
2025,10533273,P25-002327
2025,10533275,P25-003725
2025,10533276,P25-002346
2025,10533277,P25-005258
2025,10533278,P25-003553
2025,10533279,P25-002905
2025,10533280,P25-001217
2025,10533281,P25-002693
2025,10533282,P25-002316
2025,10533283,P25-000576
2025,10533284,P25-004152
2025,10533285,P25-004530
2025,10533287,P25-001886
2025,10533292,P25-005020
2025,10533293,P25-004915
2025,10533296,P25-004040
2025,10533297,P25-003191
2025,10533300,P25-000997
2025,10533304,P25-005049
2025,10533305,P25-003388
2025,10533306,P25-001802
2025,10533307,P25-002985
2025,10533311,P25-000739
2025,10533314,P25-001814
2025,10553367,P25-002561
2025,10553368,P25-004026
2025,10553369,P25-003964
2025,10553370,P25-003260
2025,10553373,P25-004936
2025,10553375,P25-000155
2025,10553376,P25-002512
2025,10553377,P25-002030
2025,10553379,P25-001091
2025,10553380,P25-001089
2025,10553381,P25-003064
2025,10553382,P25-003285
2025,10553383,P25-004388
2025,10553384,P25-003197
2025,10553385,P25-003710
2025,10553386,P25-002067
2025,10553387,P25-001876
2025,10553388,P25-005103
2025,10553389,P25-004171
2025,10553390,P25-001852
2025,10553391,P25-000413
2025,10553392,P25-004553
2025,10553393,P25-003056
2025,10553394,P25-004339
2025,10553395,P25-004347
2025,10553396,P25-001677
2025,10553397,P25-000455
2025,10553398,P25-002253
2025,10553399,P25-003797
2025,10553400,P25-003555
2025,10553401,P25-002453
2025,10553402,P25-005044
2025,10553403,P25-001331
2025,10553404,P25-003502
2025,10553405,P25-004194
2025,10553406,P25-001386
2025,10553407,P25-004205
2025,10553408,P25-001818
2025,10553409,P25-002271
2025,10553410,P25-002288
2025,10553411,P25-000623
2025,10553412,P25-003239
2025,10553413,P25-001549
2025,10553414,P25-001732
2025,10553415,P25-002586
2025,10553416,P25-000096
2025,10553418,P25-002754
2025,10553419,P25-004765
2025,10553420,P25-005461
2025,10553421,P25-002888
2025,10553422,P25-000484
2025,10553423,P25-000726
2025,10553424,P25-000068
2025,10563428,P25-002047
2025,10563437,P25-003670
2025,10563450,P25-001246
2025,10563453,P25-001920
2025,10563454,P25-001253
2025,10563457,P25-002495
2025,10563459,P25-000552
2025,10563461,P25-003868
2025,10563464,P25-000111
2025,10563472,P25-003498
2025,10583474,P25-000703
2025,10583475,P25-003841
2025,10583476,P25-002242
2025,10583477,P25-005053
2025,10583478,P25-002565
2025,10583479,P25-001265
2025,10583480,P25-000193
2025,10583481,P25-000721
2025,10583482,P25-000464
2025,10583483,P25-002724
2025,10583484,P25-003875
2025,10583485,P25-001479
2025,10583486,P25-003937
2025,10583487,P25-002736
2025,10583488,P25-002579
2025,10583489,P25-000337
2025,10583490,P25-003483
2025,10583491,P25-003800
2025,10583492,P25-001578
2025,10583493,P25-004200
2025,10583494,P25-002322
2025,10583495,P25-001982
2025,10583496,P25-001724
2025,10583497,P25-000379
2025,10583498,P25-003791
2025,10583499,P25-004020
2025,10583500,P25-005106
2025,10583501,P25-001837
2025,10583502,P25-000905
2025,10583503,P25-002064
2025,10583504,P25-001029
2025,10583505,P25-000606
2025,10583506,P25-004096
2025,10583507,P25-002570
2025,10583508,P25-000527
2025,10583509,P25-003708
2025,10583510,P25-003870
2025,10583511,P25-004700
2025,10583512,P25-001258
2025,10583513,P25-003845
2025,10583514,T25-001100
2025,10583515,P25-001611
2025,10583517,P25-002118
2025,10583518,P25-004727
2025,10583519,P25-003269
2025,10583520,P25-005215
2025,10583521,P25-004107
2025,10583522,P25-004723
2025,10583523,P25-004124
2025,10593524,P25-001997
2025,10593525,P25-000207
2025,10593526,P25-004809
2025,10593527,P25-002949
2025,10593528,P25-002747
2025,10593529,P25-000036
2025,10593530,P25-005273
2025,10593531,P25-003240
2025,10593532,P25-002904
2025,10593533,P25-004242
2025,10593534,P25-000171
2025,10593535,P25-001278
2025,10593536,P25-003342
2025,10593537,P25-002910
2025,10593538,P25-002535
2025,10593539,P25-001494
2025,10593541,P25-003939
2025,10593542,P25-003164
2025,10593543,P25-003467
2025,10593544,P25-004066
2025,10593546,P25-000719
2025,10593547,P25-000168
2025,10593548,P25-001003
2025,10593549,P25-003990
2025,10593552,P25-001008
2025,10593553,P25-003773
2025,10593554,P25-004896
2025,10593555,P25-004275
2025,10593556,P25-003104
2025,10593557,P25-001384
2025,10593558,P25-001433
2025,10593559,P25-003377
2025,10593560,P25-005039
2025,10593561,P25-005160
2025,10593562,P25-004585
2025,10593563,P25-005092
2025,10593564,P25-005311
2025,10593565,P25-004802
2025,10593566,P25-004009
2025,10593567,P25-004636
2025,10593568,P25-003593
2025,10593571,P25-000796
2025,10593573,P25-001907
2025,10593574,P25-003659
2025,10593575,P25-003844
2025,10593576,P25-003001
2025,10603578,P25-005353
2025,10603579,P25-003536
2025,10603580,P25-002796
2025,10603581,P25-002615
2025,10603582,P25-000548
2025,10603583,P25-004687
2025,10603584,P25-002366
2025,10603585,P25-001954
2025,10603586,P25-001096
2025,10603587,P25-003350
2025,10603588,P25-002680
2025,10603589,P25-001183
2025,10603590,P25-005023
2025,10603591,P25-001345
2025,10603592,P25-004394
2025,10603593,P25-004013
2025,10603594,P25-003038
2025,10603595,P25-004742
2025,10603596,P25-003652
2025,10603597,P25-001039
2025,10603598,P25-003640
2025,10603599,P25-005395
2025,10603600,P25-005218
2025,10603601,P25-002078
2025,10603602,P25-005357
2025,10603603,P25-000808
2025,10603604,P25-001966
2025,10603605,P25-001600
2025,10603606,P25-004234
2025,10603608,P25-001631
2025,10603611,P25-003943
2025,10603612,P25-002953
2025,10603614,P25-000951
2025,10603615,P25-000633
2025,10603616,P25-000802
2025,10603617,P25-003173
2025,10603618,P25-000417
2025,10603619,P25-005418
2025,10603621,P25-000179
2025,10603622,T25-002440
2025,10603623,P25-002917
2025,10603625,P25-002626
2025,10603628,P25-000026
2025,10603629,P25-002254
2025,10603630,P25-002337
2025,10603631,P25-000952
2025,10603633,P25-001018
2025,10603634,P25-000662
2025,10603635,P25-003415
2025,10613637,P25-002938
2025,10613638,P25-003473
2025,10613639,P25-004592
2025,10613640,P25-001095
2025,10613641,P25-000752
2025,10613642,P25-000253
2025,10613643,P25-002367
2025,10613644,P25-000599
2025,10613645,P25-004965
2025,10613646,P25-002686
2025,10613647,P25-001468
2025,10613648,P25-003442
2025,10613649,P25-004695
2025,10613650,P25-003975
2025,10613651,P25-005373
2025,10613652,P25-001440
2025,10613653,P25-004572
2025,10613654,P25-002520
2025,10613655,P25-004218
2025,10613656,P25-004839
2025,10613657,P25-004693
2025,10613658,P25-002695
2025,10613659,P25-004671
2025,10613661,P25-004082
2025,10613663,P25-003383
2025,10613664,P25-003304
2025,10613665,P25-000962
2025,10613666,P25-004968
2025,10613668,P25-001558
2025,10613670,P25-002263
2025,10613671,P25-002415
2025,10613673,P25-001675
2025,10613674,P25-002637
2025,10613675,P25-000055
2025,10613676,P25-004899
2025,10613679,P25-001100
2025,10613680,P25-000971
2025,10613681,P25-002933
2025,10613682,P25-002474
2025,10613683,P25-000924
2025,10613684,P25-002331
2025,10613686,P25-003667
2025,10613687,P25-001498
2025,10623688,P25-003184
2025,10623689,P25-003238
2025,10623690,P25-001503
2025,10623691,P25-003949
2025,10623692,P25-004464
2025,10623694,P25-001834
2025,10623695,P25-002979
2025,10623696,P25-003386
2025,10623697,P25-000624
2025,10623698,P25-001602
2025,10623699,P25-002433
2025,10623700,P25-004343
2025,10623701,P25-002516
2025,10623702,P25-002240
2025,10623703,P25-003952
2025,10623704,P25-000506
2025,10623705,P25-000164
2025,10623708,P25-000615
2025,10623709,P25-000201
2025,10623710,P25-004814
2025,10623711,P25-005251
2025,10623713,P25-003031
2025,10623715,P25-002141
2025,10623716,P25-002679
2025,10623717,P25-005269
2025,10623718,P25-002738
2025,10623719,P25-000434
2025,10623720,P25-004489
2025,10623721,P25-000456
2025,10623722,P25-003903
2025,10623723,P25-001709
2025,10623724,P25-003674
2025,10623725,P25-003066
2025,10623726,P25-002291
2025,10623727,P25-002801
2025,10623728,P25-003608
2025,10623729,P25-004136
2025,10623730,P25-004622
2025,10623731,P25-002649
2025,10623733,P25-000708
2025,10623734,P25-002440
2025,10623735,P25-001766
2025,10623736,P25-001880
2025,10633739,P25-000157
2025,10633740,P25-003877
2025,10633741,P25-003469
2025,10633742,P25-000957
2025,10633744,P25-000523
2025,10633747,P25-005462
2025,10633748,P25-004196
2025,10633750,P25-002060
2025,10633754,P25-005173
2025,10633755,P25-004473
2025,10633756,P25-001577
2025,10633757,P25-004538
2025,10633758,P25-000830
2025,10633759,P25-000717
2025,10633760,P25-005381
2025,10633763,P25-005280
2025,10633764,P25-004981
2025,10633766,P25-004885
2025,10633767,P25-004490
2025,10633768,P25-001739
2025,10633769,P25-002853
2025,10633770,P25-002478
2025,10633771,P25-002912
2025,10633772,P25-004221
2025,10633773,P25-001561
2025,10633774,P25-003767
2025,10633775,P25-003369
2025,10633777,P25-002704
2025,10633779,P25-004566
2025,10633780,P25-001129
2025,10633781,P25-005367
2025,10633782,P25-001084
2025,10633783,P25-002765
2025,10643785,P25-005361
2025,10643786,P25-001179
2025,10643787,P25-003604
2025,10643788,P25-005291
2025,10643789,P25-003874
2025,10643790,T25-000041
2025,10643791,P25-004049
2025,10643792,P25-005143
2025,10643793,P25-004519
2025,10643794,P25-000485
2025,10643795,P25-005040
2025,10643796,P25-004602
2025,10643797,P25-004632
2025,10643798,P25-001113
2025,10643799,P25-000867
2025,10643800,P25-001712
2025,10643801,P25-001571
2025,10643802,P25-005126
2025,10643803,P25-005408
2025,10643804,P25-000020
2025,10643805,P25-004406
2025,10643806,P25-005043
2025,10643807,P25-001849
2025,10643808,P25-004001
2025,10643809,P25-004127
2025,10643810,P25-000472
2025,10643811,P25-003748
2025,10643812,P25-002870
2025,10643813,P25-001752
2025,10643814,P25-003079
2025,10643815,P25-001515
2025,10643817,P25-000448
2025,10643818,P25-003833
2025,10643819,P25-000645
2025,10643820,P25-002299
2025,10643821,P25-004147
2025,10643822,P25-000568
2025,10643823,P25-000774
2025,10643824,P25-001422
2025,10643825,P25-000238
2025,10643826,P25-001717
2025,10643827,P25-000989
2025,10643828,P25-004458
2025,10643829,P25-001326
2025,10643830,P25-002956
2025,10643831,P25-000131
2025,10643832,P25-002739
2025,10643833,P25-000213
2025,10643834,P25-000351
2025,10653835,P25-001929
2025,10653858,P25-000086
2025,10653859,P25-002815
2025,10653862,P25-001875
2025,10653863,P25-005115
2025,10653864,P25-002312
2025,10653867,P25-002088
2025,10653869,P25-000730
2025,10653870,P25-001233
2025,10653871,P25-003865
2025,10653872,P25-001647
2025,10653875,P25-000492
2025,10653876,P25-004810
2025,10653877,P25-005354
2025,10663888,P25-003045
2025,10663904,P25-000438
2025,10663905,P25-000821
2025,10663906,P25-002965
2025,10663907,P25-005059
2025,10663909,P25-004668
2025,10663910,P25-003178
2025,10663911,P25-003738
2025,10663913,P25-004633
2025,10663915,P25-000271
2025,10663916,P25-001883
2025,10663917,P25-002517
2025,10663918,P25-002589
2025,10663919,P25-004373
2025,10663920,P25-004086
2025,10663921,P25-001447
2025,10663922,P25-005277
2025,10663923,P25-004072
2025,10663924,P25-001892
2025,10663926,P25-001459
2025,10663927,P25-004832
2025,10663928,P25-002280
2025,10673931,P25-004168
2025,10673932,P25-003631
2025,10673934,P25-005024
2025,10673935,P25-003071
2025,10673937,P25-001641
2025,10673938,P25-000076
2025,10673939,P25-004884
2025,10673940,P25-003955
2025,10673941,P25-002120
2025,10673942,P25-000976
2025,10673943,P25-002858
2025,10673944,P25-005192
2025,10673945,P25-000577
2025,10673946,P25-004870
2025,10673947,P25-002023
2025,10673948,P25-002705
2025,10673949,P25-003984
2025,10673950,P25-004578
2025,10673951,P25-003021
2025,10673952,P25-000073
2025,10673953,P25-004570
2025,10673954,P25-005376
2025,10673955,P25-001495
2025,10673956,P25-002314
2025,10673957,P25-000759
2025,10673959,P25-005134
2025,10673961,P25-003704
2025,10673963,P25-002907
2025,10673964,P25-000509
2025,10673965,P25-003291
2025,10673966,P25-003431
2025,10673967,P25-001639
2025,10673968,P25-002265
2025,10673969,P25-000494
2025,10673970,P25-004497
2025,10673971,P25-004709
2025,10673972,P25-004740
2025,10673973,P25-002376
2025,10673974,P25-003117
2025,10673975,P25-002496
2025,10673976,P25-000607
2025,10673978,P25-001915
2025,10673979,P25-003698
2025,10673980,P25-005181
2025,10673983,P25-003855
2025,10673984,P25-002963
2025,10673985,P25-005109
2025,10673986,P25-000828
2025,10683987,P25-003264
2025,10683988,P25-000766
2025,10683989,P25-001066
2025,10683990,P25-000321
2025,10683991,P25-000041
2025,10683992,P25-005172
2025,10683993,P25-002244
2025,10683994,P25-000153
2025,10683995,P25-003832
2025,10683996,P25-002966
2025,10683997,P25-004580
2025,10693998,P25-004866
2025,10693999,P25-000969
2025,10694000,P25-005113
2025,10694001,P25-005389
2025,10694002,P25-000657
2025,10694003,P25-001259
2025,10694004,P25-001506
2025,10694005,P25-001279
2025,10694006,P25-003216
2025,10694007,P25-003020
2025,10694008,P25-004512
2025,10694009,P25-003565
2025,10694011,P25-000751
2025,10694012,P25-003059
2025,10694013,P25-000502
2025,10694014,P25-001007
2025,10694015,P25-004156
2025,10694016,P25-000693
2025,10694017,P25-003357
2025,10694018,P25-001703
2025,10694019,P25-001333
2025,10694020,P25-004685
2025,10694021,P25-001364
2025,10694022,P25-000343
2025,10694023,P25-002699
2025,10694024,P25-004384
2025,10694025,P25-004341
2025,10694026,P25-004397
2025,10694027,P25-002543
2025,10694028,P25-003556
2025,10694029,P25-001432
2025,10694030,P25-002962
2025,10694031,P25-000701
2025,10694032,P25-002076
2025,10694033,P25-001165
2025,10694034,P25-003169
2025,10694035,P25-002883
2025,10694036,P25-003412
2025,10694037,P25-004075
2025,10694038,P25-003111
2025,10694039,P25-003024
2025,10694040,P25-000299
2025,10694041,P25-003973
2025,10694042,P25-004176
2025,10694043,P25-002092
2025,10694044,P25-003938
2025,10694045,P25-002540
2025,10694046,P25-005396
2025,10694047,P25-003183
2025,10694048,P25-003461
2025,10694049,P25-005010
2025,10694050,P25-001991
2025,10704059,P25-001670
2025,10704069,P25-002239
2025,10734131,P25-002121
2025,10734132,P25-001981
2025,10734133,P25-001027
2025,10734135,P25-004939
2025,10734136,P25-005170
2025,10734137,P25-000202
2025,10734138,P25-003561
2025,10734139,P25-003818
2025,10734140,P25-001905
2025,10734141,P25-002102
2025,10734142,P25-000282
2025,10734143,P25-001774
2025,10734144,P25-000542
2025,10734145,P25-003112
2025,10734146,P25-004721
2025,10734147,P25-003711
2025,10734148,P25-002880
2025,10734149,P25-000348
2025,10734150,P25-003054
2025,10734151,P25-002914
2025,10734152,P25-001964
2025,10734154,P25-002424
2025,10734155,P25-003616
2025,10734156,P25-001879
2025,10734157,P25-003602
2025,10734158,P25-001081
2025,10734159,P25-002618
2025,10734160,P25-004054
2025,10734161,P25-001722
2025,10734162,P25-000117
2025,10734163,P25-003942
2025,10734164,P25-000453
2025,10734165,P25-001810
2025,10734166,P25-001695
2025,10734167,P25-000093
2025,10734168,P25-004859
2025,10734169,P25-005153
2025,10734170,P25-004736
2025,10734171,P25-000926
2025,10734172,P25-000654
2025,10734173,P25-000665
2025,10734174,P25-005282
2025,10734175,P25-004692
2025,10734176,P25-000674
2025,10734177,P25-005351
2025,10734178,P25-003366
2025,10734179,P25-002145
2025,10744180,P25-002356
2025,10744181,P25-004060
2025,10744182,P25-000263
2025,10744183,P25-003814
2025,10744184,P25-003705
2025,10744185,P25-001949
2025,10744186,P25-000627
2025,10744187,P25-004383
2025,10744188,P25-001289
2025,10744189,P25-004353
2025,10744190,P25-005085
2025,10744191,P25-002928
2025,10744192,P25-000048
2025,10744193,P25-002114
2025,10744194,P25-003207
2025,10744195,P25-002153
2025,10744196,P25-000383
2025,10744197,P25-000208
2025,10744198,P25-000397
2025,10744199,P25-005002
2025,10744200,P25-000246
2025,10744201,P25-000323
2025,10744202,P25-004594
2025,10744204,P25-003774
2025,10744205,P25-004432
2025,10744206,P25-003439
2025,10744207,P25-004716
2025,10744208,P25-002606
2025,10744209,P25-002445
2025,10744210,P25-002127
2025,10744211,P25-004471
2025,10744212,P25-000331
2025,10744213,P25-002385
2025,10744214,P25-005005
2025,10744215,P25-003070
2025,10744216,P25-001826
2025,10744218,P25-003714
2025,10744219,P25-002036
2025,10744220,P25-000098
2025,10744221,P25-001443
2025,10744222,P25-000247
2025,10744223,P25-005257
2025,10744224,P25-005464
2025,10744225,P25-005090
2025,10744226,P25-002100
2025,10744227,P25-003177
2025,10744228,P25-002835
2025,10744229,P25-003989
2025,10744230,P25-000410
2025,10744231,P25-001896
2025,10744232,P25-004165
2025,10744233,P25-002632
2025,10744234,P25-002875
2025,10744235,P25-002591
2025,10754251,P25-001327
2025,10764276,P25-002841
2025,10764277,P25-003577
2025,10764278,P25-000644
2025,10764279,P25-000080
2025,10764281,P25-002393
2025,10764282,P25-003315
2025,10764283,P25-001491
2025,10764284,P25-004919
2025,10764285,P25-004122
2025,10764286,P25-000105
2025,10764287,P25-002110
2025,10764288,P25-000350
2025,10764289,P25-000180
2025,10764290,P25-003792
2025,10764291,P25-003438
2025,10764293,P25-002757
2025,10764294,P25-000314
2025,10764295,P25-001484
2025,10764296,P25-002836
2025,10764297,P25-000364
2025,10764298,P25-000058
2025,10764299,P25-003575
2025,10764300,P25-002289
2025,10764301,P25-004460
2025,10764302,P25-000899
2025,10764303,P25-000543
2025,10764304,P25-003396
2025,10764305,P25-000942
2025,10764306,P25-002759
2025,10764307,P25-001819
2025,10764308,P25-001699
2025,10764309,P25-005191
2025,10764310,P25-004212
2025,10764311,P25-000731
2025,10764312,P25-003776
2025,10764313,P25-003954
2025,10764314,P25-001855
2025,10764315,P25-000275
2025,10764316,P25-001108
2025,10764317,P25-002901
2025,10764318,P25-004848
2025,10764319,P25-002055
2025,10764320,P25-002990
2025,10764321,P25-002456
2025,10764322,P25-002268
2025,10764323,P25-001302
2025,10764327,P25-004223
2025,10764328,P25-004088
2025,10764329,P25-004015
2025,10764330,P25-004148
2025,10774331,P25-004357
2025,10774332,P25-001715
2025,10774333,P25-001021
2025,10774334,P25-003192
2025,10774335,P25-002900
2025,10774337,P25-000886
2025,10774338,P25-000630
2025,10774339,P25-002790
2025,10774340,P25-002200
2025,10774341,P25-001306
2025,10774342,P25-003119
2025,10774344,P25-003890
2025,10774345,P25-001790
2025,10774346,P25-002355
2025,10774349,P25-000887
2025,10774350,P25-001305
2025,10774351,P25-000864
2025,10774352,P25-000885
2025,10774353,P25-003786
2025,10774354,P25-001177
2025,10774355,P25-001200
2025,10774356,P25-002123
2025,10774357,P25-002706
2025,10774358,P25-000033
2025,10774359,P25-000881
2025,10774360,P25-004658
2025,10774361,P25-000861
2025,10774362,P25-000385
2025,10774363,P25-003812
2025,10774364,P25-004379
2025,10794365,P25-004440
2025,10794366,P25-004902
2025,10794367,P25-002713
2025,10794368,P25-002352
2025,10794369,P25-000450
2025,10794370,P25-004535
2025,10794371,P25-002206
2025,10794372,P25-000407
2025,10794373,P25-003718
2025,10794374,P25-001628
2025,10794375,P25-004305
2025,10794376,P25-002635
2025,10794378,P25-004330
2025,10794379,P25-000142
2025,10794380,P25-000012
2025,10794381,P25-001911
2025,10794382,P25-003906
2025,10794383,P25-005325
2025,10794384,P25-002555
2025,10794385,P25-005193
2025,10794387,P25-002582
2025,10794388,P25-003803
2025,10794389,P25-001216
2025,10794390,P25-001613
2025,10794392,P25-003729
2025,10794393,P25-005362
2025,10794394,P25-002039
2025,10794395,P25-003543
2025,10794396,P25-002046
2025,10794397,P25-005145
2025,10794398,P25-002504
2025,10794399,P25-005233
2025,10794400,P25-005332
2025,10794401,P25-002946
2025,10794402,P25-003255
2025,10794403,P25-001480
2025,10794404,P25-003651
2025,10794406,P25-002062
2025,10794407,P25-004778
2025,10794408,P25-001594
2025,10794409,P25-004624
2025,10794410,P25-003472
2025,10794411,P25-004749
2025,10794412,P25-001425
2025,10794413,P25-005309
2025,10824415,P25-001388
2025,10824416,P25-001705
2025,10824417,P25-003986
2025,10824418,P25-002449
2025,10824419,P25-004697
2025,10824420,P25-004892
2025,10824421,P25-000390
2025,10824422,P25-003564
2025,10824423,P25-004649
2025,10824425,P25-005047
2025,10824426,P25-000344
2025,10824428,P25-001451
2025,10824429,P25-001547
2025,10824430,P25-005252
2025,10824432,P25-000530
2025,10824433,P25-005427
2025,10824434,P25-001099
2025,10824435,P25-003680
2025,10824436,P25-000622
2025,10824437,P25-001189
2025,10824439,P25-005335
2025,10824442,P25-002694
2025,10824457,P25-001622
2025,10824458,P25-001088
2025,10824461,P25-000219
2025,10824462,P25-004822
2025,10834470,P25-000803
2025,10834471,P25-003987
2025,10834472,P25-003794
2025,10834473,P25-004062
2025,10834474,P25-001163
2025,10834475,P25-002357
2025,10834476,P25-002986
2025,10834477,P25-004081
2025,10834478,P25-002340
2025,10834479,P25-000849
2025,10834480,P25-001170
2025,10834481,P25-004328
2025,10834482,P25-004409
2025,10834483,P25-001354
2025,10834484,P25-002636
2025,10834485,P25-004794
2025,10834486,P25-001350
2025,10834487,P25-000683
2025,10834488,P25-003930
2025,10834489,P25-000941
2025,10834490,P25-001585
2025,10834491,P25-001203
2025,10834492,P25-001925
2025,10834493,P25-001154
2025,10834494,P25-000419
2025,10834495,P25-001974
2025,10834496,P25-000319
2025,10834497,P25-005205
2025,10834498,P25-005102
2025,10834499,P25-003545
2025,10834501,P25-000198
2025,10834502,P25-003288
2025,10834503,P25-003966
2025,10834504,P25-002024
2025,10834505,P25-003647
2025,10834506,P25-005222
2025,10834507,P25-001252
2025,10834508,P25-002850
2025,10834509,P25-001046
2025,10834510,P25-003869
2025,10834511,P25-001111
2025,10834512,P25-003529
2025,10834513,P25-005226
2025,10834514,P25-002108
2025,10834515,P25-001078
2025,10834516,P25-000723
2025,10844517,P25-003637
2025,10844518,P25-001090
2025,10844519,P25-002805
2025,10844520,P25-001209
2025,10844521,P25-004385
2025,10844522,P25-001020
2025,10844523,P25-000959
2025,10844524,P25-000473
2025,10844525,P25-004830
2025,10844526,P25-001754
2025,10844527,P25-005131
2025,10844528,P25-001619
2025,10844529,P25-000199
2025,10844530,P25-002995
2025,10844531,P25-002817
2025,10844532,P25-003678
2025,10844533,P25-003301
2025,10844534,P25-002042
2025,10844535,P25-005231
2025,10844536,P25-005167
2025,10844538,P25-000700
2025,10844539,P25-002303
2025,10844540,P25-001474
2025,10844542,P25-005460
2025,10844543,P25-003212
2025,10844544,P25-001482
2025,10844549,P25-003187
2025,10844555,P25-001273
2025,10844561,P25-003373
2025,10844562,P25-001132
2025,10844567,P25-000388
2025,10844568,P25-002994
2025,10844571,P25-001320
2025,10854574,P25-003558
2025,10874632,P25-000280
2025,10874633,P25-002132
2025,10874634,P25-004503
2025,10874635,P25-000653
2025,10874636,P25-001006
2025,10874637,P25-001097
2025,10874638,P25-001935
2025,10874639,P25-005345
2025,10874640,P25-001770
2025,10874641,P25-001062
2025,10874642,P25-002596
2025,10874643,P25-000985
2025,10874644,P25-003953
2025,10874645,P25-000151
2025,10874646,P25-003817
2025,10874647,P25-000027
2025,10874648,P25-000562
2025,10874649,P25-003174
2025,10874650,P25-004456
2025,10874651,P25-004862
2025,10874652,P25-001455
2025,10874653,P25-003281
2025,10874654,P25-001950
2025,10874655,P25-002095
2025,10884684,P25-001116
2025,10884685,P25-002457
2025,10884686,P25-002961
2025,10884687,P25-003779
2025,10884689,P25-001623
2025,10884690,P25-000363
2025,10884691,P25-002336
2025,10884694,P25-000154
2025,10884695,P25-002065
2025,10884696,P25-003521
2025,10884699,P25-003823
2025,10884700,P25-002688
2025,10884701,P25-000711
2025,10884703,P25-001921
2025,10884704,P25-005036
2025,10884705,P25-003982
2025,10884706,P25-004911
2025,10884707,P25-002983
2025,10884708,P25-004641
2025,10884709,P25-000787
2025,10884710,P25-004717
2025,10884711,P25-003970
2025,10884712,P25-001146
2025,10884713,P25-004799
2025,10884714,P25-002594
2025,10884715,P25-000922
2025,10884716,P25-002676
2025,10884717,P25-005448
2025,10884718,P25-000666
2025,10884719,P25-000852
2025,10884720,P25-002212
2025,10884721,P25-004883
2025,10884722,P25-003349
2025,10884723,P25-001231
2025,10884724,P25-002755
2025,10884725,P25-001272
2025,10884726,P25-000565
2025,10884727,P25-003107
2025,10884728,P25-001554
2025,10904754,P25-000161
2025,10904755,P25-005264
2025,10904756,P25-005019
2025,10904758,P25-004145
2025,10904759,P25-004769
2025,10904760,P25-003734
2025,10904761,P25-002380
2025,10904762,P25-002338
2025,10904764,P25-005058
2025,10904766,P25-004105
2025,10904767,P25-003092
2025,10904768,P25-003343
2025,10904770,P25-002353
2025,10904772,P25-005025
2025,10904773,P25-001820
2025,10904775,P25-002537
2025,10904777,P25-004857
2025,10904778,P25-000917
2025,10904779,P25-001444
2025,10904788,P25-004654
2025,10904789,P25-001701
2025,10904794,P25-000017
2025,10914844,P25-001941
2025,10924847,P25-003487
2025,10924848,P25-001460
2025,10924849,P25-004550
2025,10924850,P25-004803
2025,10924851,P25-001668
2025,10924852,P25-005420
2025,10924853,P25-003006
2025,10924854,P25-001533
2025,10924855,P25-004465
2025,10924856,P25-001434
2025,10924857,P25-001125
2025,10924858,P25-000660
2025,10924859,P25-005254
2025,10924860,P25-005370
2025,10924861,P25-002715
2025,10924862,P25-005171
2025,10924863,P25-003354
2025,10924865,P25-000031
2025,10924866,P25-002173
2025,10924867,P25-001792
2025,10924868,P25-000893
2025,10924869,P25-001771
2025,10924870,P25-004620
2025,10924871,P25-002813
2025,10924872,P25-002290
2025,10924873,P25-002972
2025,10924874,P25-003163
2025,10924875,P25-000132
2025,10924876,P25-000387
2025,10924877,P25-001534
2025,10924878,P25-001590
2025,10924879,P25-000514
2025,10924880,P25-004950
2025,10924881,P25-004213
2025,10924882,P25-001356
2025,10924883,P25-000226
2025,10924884,P25-004247
2025,10924885,P25-001521
2025,10924886,P25-004720
2025,10924887,P25-001077
2025,10924888,P25-003032
2025,10924889,P25-001629
2025,10934891,P25-002063
2025,10934892,P25-002613
2025,10934893,P25-000309
2025,10934895,P25-004059
2025,10934896,P25-000272
2025,10934897,P25-003013
2025,10934898,P25-002109
2025,10934899,P25-003196
2025,10934900,P25-002232
2025,10934901,P25-003151
2025,10934902,P25-003923
2025,10934903,P25-005348
2025,10934904,P25-005246
2025,10934905,P25-002863
2025,10934906,P25-003474
2025,10934907,P25-005429
2025,10934908,P25-000046
2025,10934909,P25-001382
2025,10934910,P25-001665
2025,10934911,P25-000631
2025,10934913,P25-003061
2025,10934914,P25-001519
2025,10934915,P25-002304
2025,10934916,P25-003062
2025,10934917,P25-005295
2025,10934918,P25-005285
2025,10934919,P25-003765
2025,10934920,P25-004087
2025,10934921,P25-001238
2025,10934922,P25-005473
2025,10934923,P25-000594
2025,10934925,P25-003552
2025,10934926,P25-002604
2025,10934927,P25-001031
2025,10934928,P25-005223
2025,10934929,P25-000984
2025,10934930,P25-000327
2025,10934931,P25-002348
2025,10934932,P25-002297
2025,10934933,P25-000429
2025,10934934,P25-001924
2025,10934935,P25-001128
2025,10934936,P25-001683
2025,10934937,P25-003440
2025,10934938,P25-001840
2025,10934939,P25-003770
2025,10944941,P25-005021
2025,10944942,P25-003348
2025,10944943,P25-000192
2025,10944945,P25-002154
2025,10944952,P25-000445
2025,10944956,P25-002874
2025,10944958,P25-004150
2025,10944959,P25-005379
2025,10944961,P25-000943
2025,10944964,P25-002851
2025,10944965,P25-000043
2025,10944968,P25-002492
2025,10944972,P25-003413
2025,10944978,P25-002197
2025,10944981,P25-004251
2025,10944988,P25-001094
2025,10944995,P25-003876
2025,10944999,P25-000571
2025,10955003,P25-001666
2025,10955004,P25-005146
2025,10955005,P25-004118
2025,10955006,P25-002434
2025,10955007,P25-004853
2025,10955008,P25-000170
2025,10955009,P25-004941
2025,10955010,P25-002518
2025,10955011,P25-003618
2025,10955012,P25-004104
2025,10955013,P25-004423
2025,10955014,P25-001205
2025,10955016,P25-004303
2025,10955017,P25-003424
2025,10955018,P25-003209
2025,10955031,P25-002471
2025,10975035,P25-002549
2025,10975036,P25-001829
2025,10975038,P25-001597
2025,10975039,P25-004615
2025,10975040,P25-004501
2025,10975041,P25-003512
2025,10975042,P25-001913
2025,10975043,P25-005066
2025,10975045,P25-001358
2025,10975046,P25-001059
2025,10975047,P25-000642
2025,10975048,P25-002172
2025,10975049,P25-001654
2025,10975050,P25-003887
2025,10975051,P25-001581
2025,10975052,P25-004149
2025,10975053,P25-002152
2025,10975054,P25-002156
2025,10975055,P25-001093
2025,10975056,P25-002399
2025,10975060,P25-004544
2025,10975061,P25-002139
2025,10975062,P25-003526
2025,10975063,P25-000664
2025,10975064,P25-004008
2025,10975065,P25-004243
2025,10975066,P25-001431
2025,10975067,P25-003925
2025,10975068,P25-004005
2025,10975069,P25-001846
2025,10975070,P25-001290
2025,10975071,P25-001612
2025,10975072,P25-000268
2025,10975073,P25-000652
2025,10975075,P25-004843
2025,10975076,P25-000008
2025,10975077,P25-001764
2025,10975078,P25-001075
2025,10975079,P25-004631
2025,10975080,P25-005442
2025,10975081,P25-002410
2025,10975082,P25-003889
2025,10975083,P25-000767
2025,10975084,P25-000269
2025,10975085,P25-001761
2025,10985086,P25-004199
2025,10985089,P25-002394
2025,10985090,P25-003039
2025,10985091,P25-001854
2025,10985092,P25-003409
2025,10985093,P25-000921
2025,10985094,P25-003581
2025,10985095,P25-003648
2025,10985097,P25-000788
2025,10985098,P25-002342
2025,10985099,P25-005437
2025,10985100,P25-002566
2025,10985101,P25-002998
2025,10985102,P25-001454
2025,10985103,P25-003102
2025,10985104,P25-005431
2025,10985106,P25-004315
2025,10985107,P25-003727
2025,10985108,P25-000141
2025,10985109,P25-004278
2025,10985110,P25-002184
2025,10985111,P25-003211
2025,10985112,P25-000520
2025,10985113,P25-004297
2025,10985114,P25-002911
2025,10985115,P25-002473
2025,10985116,P25-000044
2025,10985117,P25-001753
2025,10985118,P25-002960
2025,10985119,P25-002896
2025,10985120,P25-004655
2025,10985121,P25-003325
2025,10985122,P25-003629
2025,10985124,P25-003486
2025,10985125,P25-004664
2025,10985126,P25-002035
2025,10985127,P25-005414
2025,10985128,P25-003319
2025,10985129,P25-001368
2025,10985130,P25-002837
2025,10985131,P25-000497
2025,10985132,P25-001176
2025,10985133,P25-000753
2025,10985134,P25-001383
2025,10985135,P25-000187
2025,10985136,P25-003993
2025,10985137,P25-003015
2025,10985138,P25-000477
2025,10985139,P25-005419
2025,10985140,P25-000070
2025,10985141,P25-003537
2025,10985142,P25-001166
2025,10985143,P25-002821
2025,10985144,P25-000650
2025,10985145,P25-003476
2025,10985146,P25-001490
2025,10985147,P25-003801
2025,10985148,P25-004878
2025,11005195,P25-002645
2025,11005196,P25-002022
2025,11005197,P25-005179
2025,11005198,P25-001618
2025,11005199,P25-001340
2025,11005200,P25-001471
2025,11005201,P25-003611
2025,11005202,P25-004257
2025,11005203,P25-000240
2025,11005204,P25-005178
2025,11005205,P25-000923
2025,11005206,P25-003042
2025,11005207,P25-005283
2025,11005208,P25-002384
2025,11005209,P25-001535
2025,11005211,P25-001751
2025,11005212,P25-005162
2025,11005213,P25-005323
2025,11005214,P25-000629
2025,11005215,P25-004410
2025,11005216,P25-004239
2025,11005217,P25-002945
2025,11005218,P25-004051
2025,11005219,P25-003892
2025,11005220,P25-000531
2025,11005221,P25-001828
2025,11005222,P25-002096
2025,11005223,P25-003747
2025,11005224,P25-005318
2025,11005226,P25-003568
2025,11005227,P25-000451
2025,11005229,P25-003363
2025,11005230,P25-002048
2025,11005231,P25-000843
2025,11005232,P25-003230
2025,11005233,P25-002592
2025,11005234,P25-004903
2025,11015236,P25-000979
2025,11015237,P25-000612
2025,11015238,P25-003549
2025,11015239,P25-000863
2025,11015240,P25-004237
2025,11015241,P25-003220
2025,11015242,P25-003878
2025,11015243,P25-002010
2025,11015244,P25-001746
2025,11015245,P25-000557
2025,11015246,P25-002475
2025,11015247,P25-002438
2025,11015248,P25-001438
2025,11015249,P25-000038
2025,11015250,P25-003490
2025,11015251,P25-002143
2025,11015252,P25-001815
2025,11015253,P25-001922
2025,11015254,P25-004930
2025,11015255,P25-003419
2025,11015256,P25-004990
2025,11015257,P25-000006
2025,11015258,P25-003619
2025,11015259,P25-005411
2025,11015260,P25-002692
2025,11015261,P25-002080
2025,11015262,P25-004446
2025,11015263,P25-003147
2025,11015264,P25-005433
2025,11015265,P25-000256
2025,11015266,P25-003468
2025,11015267,P25-000285
2025,11015268,P25-003839
2025,11015269,P25-003630
2025,11015270,P25-005194
2025,11015271,P25-002094
2025,11015272,P25-000148
2025,11015273,P25-000097
2025,11015274,P25-001939
2025,11015275,P25-002634
2025,11015276,P25-000064
2025,11015277,P25-005468
2025,11015278,P25-001367
2025,11015279,P25-003065
2025,11015280,P25-005068
2025,11015281,P25-004197
2025,11015282,P25-004246
2025,11015283,P25-002208
2025,11015284,P25-004797
2025,11015285,P25-004266
2025,11015286,P25-001138
2025,11015287,P25-003165
2025,11015288,P25-000114
2025,11015289,P25-002753
2025,11015290,P25-003967
2025,11015291,P25-003382
2025,11025292,P25-001874
2025,11025293,P25-002569
2025,11025294,P25-000667
2025,11025295,P25-000232
2025,11025296,P25-003444
2025,11025297,P25-004018
2025,11025298,P25-002758
2025,11025299,P25-000511
2025,11025300,P25-004532
2025,11025301,P25-003880
2025,11025302,P25-005112
2025,11025303,P25-004748
2025,11025304,P25-003360
2025,11025305,P25-004549
2025,11025306,P25-000994
2025,11025308,P25-003198
2025,11025309,P25-000110
2025,11025310,P25-002593
2025,11025311,P25-005075
2025,11025312,P25-004429
2025,11025314,P25-001361
2025,11025315,P25-002404
2025,11025316,P25-003023
2025,11025317,P25-001274
2025,11025318,P25-003367
2025,11025319,P25-004945
2025,11025320,P25-002428
2025,11025321,P25-000854
2025,11025322,P25-001894
2025,11025323,P25-003605
2025,11025324,P25-000014
2025,11025325,P25-002847
2025,11025326,P25-003574
2025,11025327,P25-003463
2025,11025328,P25-001043
2025,11025329,P25-001772
2025,11025330,P25-001171
2025,11025331,P25-002034
2025,11025332,P25-000698
2025,11025333,P25-000732
2025,11025334,P25-004849
2025,11025335,P25-005027
2025,11025336,P25-003272
2025,11025337,P25-002968
2025,11025338,P25-001321
2025,11025339,P25-005467
2025,11035341,P25-004783
2025,11035342,P25-000425
2025,11035343,P25-005070
2025,11035344,P25-001346
2025,11035346,P25-002996
2025,11035347,P25-000720
2025,11035348,P25-003194
2025,11035349,P25-000620
2025,11035350,P25-000186
2025,11035351,P25-005129
2025,11035352,P25-001516
2025,11035353,P25-000475
2025,11035354,P25-000656
2025,11035355,P25-002223
2025,11035356,P25-001011
2025,11035357,P25-000983
2025,11035359,P25-002211
2025,11035360,P25-003127
2025,11035361,P25-004524
2025,11035362,P25-005305
2025,11035363,P25-002435
2025,11035364,P25-002329
2025,11035365,P25-001064
2025,11035370,P25-004775
2025,11035371,P25-001710
2025,11035372,P25-000692
2025,11035373,P25-000825
2025,11035374,P25-002849
2025,11035375,P25-001625
2025,11035376,P25-005018
2025,11035377,P25-005087
2025,11035378,P25-001976
2025,11035379,P25-003058
2025,11035380,P25-000573
2025,11035381,P25-002133
2025,11035382,P25-004722
2025,11035383,P25-000342
2025,11035384,P25-003899
2025,11035386,P25-003948
2025,11035387,P25-003661
2025,11035389,P25-004371
2025,11035390,P25-002175
2025,11035391,P25-003261
2025,11035392,P25-000847
2025,11035393,P25-002167
2025,11035394,P25-003311
2025,11035395,P25-003720
2025,11035396,P25-001652
2025,11035397,P25-000396
2025,11035398,P25-000544
2025,11045399,P25-004772
2025,11045400,P25-000004
2025,11045401,P25-000074
2025,11045402,P25-004222
2025,11045403,P25-000873
2025,11045404,P25-002864
2025,11045405,P25-004789
2025,11045406,P25-005198
2025,11045407,P25-005242
2025,11045408,P25-004604
2025,11045409,P25-000081
2025,11045410,P25-000578
2025,11045411,P25-004014
2025,11045412,P25-002272
2025,11045413,P25-005048
2025,11045414,P25-002382
2025,11045415,P25-001524
2025,11045416,P25-001260
2025,11045417,P25-001492
2025,11045418,P25-001441
2025,11045419,P25-003599
2025,11045420,P25-004454
2025,11045421,P25-000819
2025,11045422,P25-001842
2025,11045423,P25-004352
2025,11045424,P25-005363
2025,11045425,P25-000649
2025,11045426,P25-002603
2025,11045427,P25-003287
2025,11055453,P25-001517
2025,11055454,P25-000742
2025,11055455,P25-000827
2025,11055456,P25-001428
2025,11055457,P25-000987
2025,11055458,P25-003598
2025,11055459,P25-001686
2025,11055460,P25-004738
2025,11055461,P25-001624
2025,11055462,P25-004869
2025,11055463,P25-002488
2025,11055464,P25-005299
2025,11055465,P25-004382
2025,11055466,P25-001391
2025,11055467,P25-000112
2025,11055468,P25-005101
2025,11055469,P25-000781
2025,11055470,P25-003702
2025,11055471,P25-004230
2025,11055472,P25-002890
2025,11055473,P25-000423
2025,11055474,P25-001844
2025,11055475,P25-002349
2025,11055476,P25-001643
2025,11055477,P25-000391
2025,11055478,P25-004302
2025,11055479,P25-003278
2025,11055480,P25-000442
2025,11055482,P25-004579
2025,11055483,P25-002247
2025,11055484,P25-005423
2025,11055485,P25-004316
2025,11055486,P25-001016
2025,11055487,P25-000670
2025,11055489,P25-005425
2025,11055490,P25-001181
2025,11055491,P25-001984
2025,11055492,P25-004092
2025,11055493,P25-004944
2025,11055494,P25-005041
2025,11055496,P25-004605
2025,11055497,P25-000869
2025,11055499,P25-004982
2025,11055500,P25-001363
2025,11055501,P25-002605
2025,11055502,P25-000672
2025,11055503,P25-004533
2025,11055504,P25-001948
2025,11055505,P25-002072
2025,11055506,P25-002697
2025,11055507,P25-001731
2025,11055508,P25-002545
2025,11055509,P25-004146
2025,11065510,P25-002044
2025,11065511,P25-003983
2025,11065512,P25-001240
2025,11065513,P25-002307
2025,11065514,P25-000353
2025,11065515,P25-003339
2025,11065516,P25-004838
2025,11065517,P25-001464
2025,11065518,P25-005326
2025,11065519,P25-001122
2025,11065520,P25-000915
2025,11065521,P25-000712
2025,11065522,P25-005245
2025,11065523,P25-004593
2025,11065525,P25-003284
2025,11065526,P25-001615
2025,11065527,P25-004882
2025,11065528,P25-000101
2025,11065530,P25-003378
2025,11065531,P25-000745
2025,11065532,P25-004400
2025,11065533,P25-003465
2025,11065534,P25-001660
2025,11065535,P25-001500
2025,11065536,P25-001133
2025,11065537,P25-002595
2025,11065539,P25-004391
2025,11065541,P25-002980
2025,11065542,P25-005118
2025,11065543,P25-002229
2025,11065544,P25-001281
2025,11065545,P25-001182
2025,11065546,P25-003785
2025,11065547,P25-001349
2025,11065548,P25-004616
2025,11065549,P25-004997
2025,11065550,P25-004933
2025,11065551,P25-004079
2025,11065552,P25-003971
2025,11065553,P25-003724
2025,11065555,P25-000515
2025,11065556,P25-004597
2025,11065557,P25-001720
2025,11065559,P25-003067
2025,11065560,P25-003769
2025,11075562,P25-004966
2025,11075565,P25-005290
2025,11075566,P25-002489
2025,11075567,P25-004635
2025,11075568,P25-003867
2025,11075569,P25-001010
2025,11075570,P25-000188
2025,11075571,P25-000118
2025,11075572,P25-003346
2025,11075573,P25-002275
2025,11075574,P25-002487
2025,11075575,P25-004599
2025,11075576,P25-004682
2025,11075577,P25-005188
2025,11075578,P25-004491
2025,11075579,P25-004448
2025,11075580,P25-001734
2025,11075582,P25-001207
2025,11075583,P25-000245
2025,11075584,P25-000496
2025,11075585,P25-003309
2025,11075587,P25-004539
2025,11075588,P25-000224
2025,11075594,P25-004531
2025,11075596,P25-004880
2025,11075601,P25-002461
2025,11075609,P25-004164
2025,11075610,P25-000749
2025,11075611,P25-001121
2025,11075612,P25-002081
2025,11075613,P25-000152
2025,11075614,P25-000075
2025,11085618,P25-000677
2025,11085620,P25-002398
2025,11085623,P25-004036
2025,11085627,P25-001330
2025,11085639,P25-004204
2025,11085641,P25-001933
2025,11085642,P25-004629
2025,11085644,P25-000090
2025,11085645,P25-002536
2025,11085646,P25-001767
2025,11085648,P25-005149
2025,11085650,P25-001042
2025,11085652,P25-003259
2025,11085653,P25-002924
2025,11085655,P25-002267
2025,11085656,P25-004166
2025,11085657,P25-002687
2025,11085658,P25-001232
2025,11085659,P25-005453
2025,11085660,P25-000324
2025,11085661,P25-005475
2025,11085662,P25-002997
2025,11095663,P25-002860
2025,11095664,P25-002720
2025,11095665,P25-000218
2025,11095666,P25-004546
2025,11095667,P25-004057
2025,11095668,P25-003005
2025,11095669,P25-004368
2025,11095670,P25-002725
2025,11095671,P25-000483
2025,11095672,P25-000206
2025,11095673,P25-004958
2025,11095674,P25-002771
2025,11095677,P25-004011
2025,11095678,P25-003086
2025,11095679,P25-004718
2025,11095681,P25-000610
2025,11095682,P25-003289
2025,11095683,P25-002006
2025,11095684,P25-001897
2025,11095685,P25-000684
2025,11095686,P25-002721
2025,11095687,P25-004929
2025,11095688,P25-000713
2025,11095689,P25-004187
2025,11095690,P25-001835
2025,11095691,P25-002164
2025,11095692,P25-003965
2025,11095693,P25-000816
2025,11095695,P25-002360
2025,11095696,P25-001592
2025,11095697,P25-001047
2025,11095698,P25-001130
2025,11095699,P25-004672
2025,11095701,P25-003547
2025,11095702,P25-004372
2025,11095703,P25-005190
2025,11095704,P25-000507
2025,11095705,P25-000546
2025,11095707,P25-002887
2025,11095708,P25-004314
2025,11095709,P25-001436
2025,11095710,P25-005063
2025,11095711,P25-004689
2025,11095712,P25-001117
2025,11095713,P25-000639
2025,11095714,P25-001988
2025,11095715,P25-001245
2025,11095716,P25-000909
2025,11095717,P25-001263
2025,11095718,P25-003026
2025,11095719,P25-004117
2025,11095720,P25-004329
2025,11095721,P25-002104
2025,11095722,P25-004873
2025,11095724,P25-001644
2025,11095725,P25-001483
2025,11105727,P25-004485
2025,11105728,P25-000617
2025,11105729,P25-004363
2025,11105732,P25-002787
2025,11105733,P25-003830
2025,11105734,P25-005319
2025,11105735,P25-003632
2025,11105737,P25-000495
2025,11105738,P25-003394
2025,11105739,P25-000702
2025,11105740,P25-004766
2025,11105741,P25-001381
2025,11105744,P25-000182
2025,11105745,P25-004308
2025,11105747,P25-003443
2025,11105748,P25-002444
2025,11105749,P25-001242
2025,11105750,P25-004377
2025,11105751,P25-005347
2025,11105752,P25-003139
2025,11105754,P25-002388
2025,11105755,P25-005003
2025,11105756,P25-004895
2025,11105757,P25-002971
2025,11105758,P25-005007
2025,11105759,P25-000122
2025,11105760,P25-001678
2025,11105761,P25-001655
2025,11105762,P25-004108
2025,11105763,P25-003088
2025,11105764,P25-003055
2025,11105765,P25-002810
2025,11105766,P25-005050
2025,11105767,P25-004475
2025,11105768,P25-001502
2025,11105769,P25-004048
2025,11105770,P25-004248
2025,11105772,P25-003655
2025,11105773,P25-002816
2025,11105774,P25-003916
2025,11105775,P25-001291
2025,11115777,P25-002802
2025,11115778,P25-003090
2025,11115779,P25-005441
2025,11115780,P25-000933
2025,11115781,P25-003525
2025,11115782,P25-001546
2025,11115783,P25-001757
2025,11115784,P25-001567
2025,11115785,P25-000516
2025,11115787,P25-002602
2025,11115788,P25-005457
2025,11115789,P25-003798
2025,11115790,P25-000993
2025,11125814,P25-002510
2025,11125840,P25-001514
2025,11135841,P25-002653
2025,11135842,P25-001288
2025,11135843,P25-004126
2025,11135844,P25-004758
2025,11135845,P25-003155
2025,11135846,P25-002974
2025,11135847,P25-005035
2025,11135848,P25-001250
2025,11135849,P25-002923
2025,11135850,P25-004468
2025,11135851,P25-003223
2025,11135852,P25-001735
2025,11135853,P25-000888
2025,11135854,P25-000250
2025,11135855,P25-000772
2025,11135856,P25-001566
2025,11135857,P25-002027
2025,11135858,P25-001904
2025,11135859,P25-001223
2025,11135860,P25-003411
2025,11135861,P25-002541
2025,11135862,P25-003401
2025,11135863,P25-003482
2025,11135864,P25-001747
2025,11135865,P25-000060
2025,11135866,P25-000810
2025,11135867,P25-004992
2025,11135868,P25-001028
2025,11135869,P25-004601
2025,11135871,P25-003290
2025,11135872,P25-001890
2025,11135873,P25-005292
2025,11135874,P25-005472
2025,11135875,P25-005365
2025,11135876,P25-004567
2025,11135878,P25-000185
2025,11135879,P25-001276
2025,11135880,P25-004007
2025,11135881,P25-004123
2025,11135882,P25-001316
2025,11135883,P25-003996
2025,11135884,P25-002811
2025,11135885,P25-000746
2025,11135886,P25-000966
2025,11145890,P25-002652
2025,11145894,P25-001903
2025,11145895,P25-005455
2025,11145896,P25-001140
2025,11145897,P25-001763
2025,11145898,P25-002484
2025,11145899,P25-003202
2025,11145900,P25-001711
2025,11145901,P25-000469
2025,11145902,P25-001022
2025,11145903,P25-002068
2025,11145905,P25-000493
2025,11145906,P25-001300
2025,11145907,P25-002515
2025,11145908,P25-002554
2025,11145909,P25-002964
2025,11145911,P25-005372
2025,11145913,P25-002021
2025,11145914,P25-003245
2025,11145915,P25-001160
2025,11145916,P25-000315
2025,11145917,P25-001437
2025,11145919,P25-000156
2025,11145920,P25-005008
2025,11145921,P25-000162
2025,11145922,P25-001136
2025,11145923,P25-001301
2025,11145924,P25-004791
2025,11145925,P25-002503
2025,11145926,P25-003277
2025,11145927,P25-003540
2025,11145929,P25-000463
2025,11145930,P25-003523
2025,11145931,P25-000320
2025,11145933,P25-004753
2025,11145934,P25-004272
2025,11145935,P25-001593
2025,11155956,P25-004920
2025,11155958,P25-000715
2025,11155968,P25-004987
2025,11155969,P25-000797
2025,11155970,P25-002375
2025,11155972,P25-001014
2025,11155973,P25-000619
2025,11155975,P25-001783
2025,11155976,P25-001684
2025,11155977,P25-003886
2025,11155978,P25-004735
2025,11155981,P25-000144
2025,11155982,P25-003265
2025,11155983,P25-001908
2025,11155984,P25-000590
2025,11155985,P25-000418
2025,11156021,P25-003464
2025,11166031,P25-005274
2025,11166032,P25-001931
2025,11166033,P25-001080
2025,11166034,P25-003305
2025,11166035,P25-001092
2025,11166036,P25-004270
2025,11166037,P25-000697
2025,11166038,P25-000361
2025,11166039,P25-001605
2025,11166040,P25-003485
2025,11166041,P25-001244
2025,11166043,P25-000714
2025,11166044,P25-003452
2025,11166045,P25-003072
2025,11166047,P25-000447
2025,11166048,P25-001398
2025,11166049,P25-001847
2025,11166050,P25-000756
2025,11166051,P25-001789
2025,11166052,P25-004318
2025,11166053,P25-000415
2025,11166054,P25-001762
2025,11166055,P25-000329
2025,11166056,P25-002943
2025,11166057,P25-000782
2025,11166058,P25-004928
2025,11166060,P25-002502
2025,11166061,P25-001338
2025,11166062,P25-000783
2025,11166063,P25-004002
2025,11166064,P25-004785
2025,11166065,P25-002124
2025,11166066,P25-000857
2025,11166067,P25-001522
2025,11166068,P25-001659
2025,11166069,P25-003504
2025,11166070,P25-000501
2025,11166071,P25-004842
2025,11166072,P25-004760
2025,11166073,P25-000884
2025,11166074,P25-001173
2025,11166075,P25-001787
2025,11166076,P25-004277
2025,11166077,P25-001145
2025,11166078,P25-000402
2025,11166079,P25-001013
2025,11186104,P25-002844
2025,11186105,P25-001583
2025,11186107,P25-003224
2025,11186108,P25-001423
2025,11186109,P25-002832
2025,11186110,P25-001167
2025,11186111,P25-002191
2025,11186112,P25-004784
2025,11186115,P25-003471
2025,11186116,P25-003917
2025,11186119,P25-003851
2025,11186124,P25-004201
2025,11186125,P25-001839
2025,11186127,P25-003572
2025,11186128,P25-000939
2025,11186132,P25-002809
2025,11186135,P25-004805
2025,11186136,P25-004706
2025,11186137,P25-004016
2025,11186138,P25-004891
2025,11186141,P25-001866
2025,11186143,P25-000706
2025,11186145,P25-004184
2025,11186146,P25-001928
2025,11186147,P25-001282
2025,11186148,P25-004935
2025,11186149,P25-000661
2025,11186150,P25-003496
2025,11186151,P25-002194
2025,11196153,P25-002051
2025,11196154,P25-001119
2025,11196155,P25-003135
2025,11196156,P25-004897
2025,11196157,P25-002115
2025,11196158,P25-003682
2025,11196159,P25-004349
2025,11196160,P25-001788
2025,11196161,P25-004195
2025,11196162,P25-002330
2025,11196163,P25-005006
2025,11196164,P25-001944
2025,11196165,P25-002908
2025,11196166,P25-000370
2025,11196167,P25-000049
2025,11196168,P25-000937
2025,11196169,P25-002412
2025,11196170,P25-004214
2025,11196171,P25-003365
2025,11196172,P25-002598
2025,11196173,P25-002116
2025,11196174,P25-002655
2025,11196175,P25-002220
2025,11196176,P25-004947
2025,11196177,P25-002609
2025,11196178,P25-004798
2025,11196179,P25-001057
2025,11196181,P25-004963
2025,11196182,P25-000851
2025,11196183,P25-001969
2025,11196184,P25-001809
2025,11196185,P25-003053
2025,11196186,P25-003283
2025,11196187,P25-002248
2025,11196188,P25-004023
2025,11196189,P25-000585
2025,11196190,P25-002344
2025,11196191,P25-003493
2025,11196192,P25-005219
2025,11196193,P25-002195
2025,11196194,P25-002137
2025,11196195,P25-000248
2025,11196196,P25-002469
2025,11196197,P25-001411
2025,11196198,P25-004374
2025,11196199,P25-000444
2025,11196200,P25-003531
2025,11196202,P25-001658
2025,11196203,P25-003327
2025,11196204,P25-002362
2025,11196205,P25-000016
2025,11196206,P25-005074
2025,11196207,P25-002177
2025,11196208,P25-003391
2025,11196209,P25-000891
2025,11196211,P25-000242
2025,11196213,P25-004881
2025,11206214,P25-000609
2025,11206215,P25-005158
2025,11206216,P25-000835
2025,11206218,P25-003530
2025,11206219,P25-003816
2025,11206220,P25-003081
2025,11206221,P25-004824
2025,11206222,P25-000741
2025,11206223,P25-001169
2025,11206225,P25-003189
2025,11206226,P25-004289
2025,11206227,P25-001768
2025,11206228,P25-000124
2025,11206229,P25-003459
2025,11206230,P25-000276
2025,11206232,P25-001857
2025,11206233,P25-000589
2025,11206234,P25-002216
2025,11206236,P25-003931
2025,11206237,P25-003898
2025,11206238,P25-003150
2025,11206240,P25-000773
2025,11206241,P25-004269
2025,11206242,P25-002920
2025,11206243,P25-001365
2025,11206244,P25-003689
2025,11206245,P25-002524
2025,11206246,P25-001162
2025,11206249,P25-004598
2025,11206250,P25-001865
2025,11206252,P25-000378
2025,11206253,P25-002657
2025,11206254,P25-005428
2025,11206255,P25-004509
2025,11206256,P25-002122
2025,11206257,P25-004588
2025,11206258,P25-004369
2025,11206261,P25-004461
2025,11206262,P25-005206
2025,11206263,P25-004453
2025,11206264,P25-001598
2025,11206265,P25-001700
2025,11206266,P25-004032
2025,11206267,P25-003815
2025,11206268,P25-002913
2025,11216269,P25-002004
2025,11216270,P25-000289
2025,11216271,P25-003799
2025,11216272,P25-002117
2025,11216273,P25-004285
2025,11216274,P25-003491
2025,11216275,P25-002443
2025,11216276,P25-000640
2025,11216277,P25-001505
2025,11216278,P25-002823
2025,11216279,P25-001312
2025,11216280,P25-001477
2025,11216281,P25-002625
2025,11216282,P25-002420
2025,11216283,P25-005034
2025,11216285,P25-004628
2025,11216286,P25-004496
2025,11216287,P25-003159
2025,11216288,P25-001056
2025,11216289,P25-005255
2025,11216290,P25-003128
2025,11216291,P25-000221
2025,11216292,P25-000339
2025,11216293,P25-002707
2025,11216295,P25-001813
2025,11216296,P25-001087
2025,11216297,P25-000710
2025,11216298,P25-005199
2025,11216299,P25-003524
2025,11216300,P25-003466
2025,11216302,P25-000663
2025,11216303,P25-000625
2025,11216304,P25-003456
2025,11216306,P25-003344
2025,11216307,P25-004923
2025,11216308,P25-005128
2025,11216309,P25-001927
2025,11216310,P25-000052
2025,11216311,P25-003649
2025,11216312,P25-002008
2025,11216313,P25-000823
2025,11216314,P25-002339
2025,11216315,P25-003069
2025,11216316,P25-005350
2025,11216317,P25-001971
2025,11226318,P25-004505
2025,11226320,P25-000635
2025,11226321,P25-000724
2025,11226322,P25-005108
2025,11226324,P25-003751
2025,11226325,P25-004387
2025,11226326,P25-004871
2025,11226327,P25-001856
2025,11226328,P25-005197
2025,11226329,P25-002952
2025,11226330,P25-004507
2025,11226331,P25-004876
2025,11226333,P25-000215
2025,11226334,P25-000106
2025,11226335,P25-005055
2025,11226336,P25-000883
2025,11226338,P25-003262
2025,11226339,P25-000935
2025,11226340,P25-004542
2025,11226341,P25-004137
2025,11226342,P25-002608
2025,11226343,P25-004044
2025,11226344,P25-005333
2025,11226346,P25-000189
2025,11226347,P25-002560
2025,11226348,P25-001435
2025,11226349,P25-005449
2025,11226350,P25-004651
2025,11226351,P25-005089
2025,11226352,P25-001083
2025,11226353,P25-003384
2025,11226354,P25-004782
2025,11226355,P25-001314
2025,11226356,P25-003589
2025,11226357,P25-002466
2025,11226359,P25-005180
2025,11226360,P25-001937
2025,11226361,P25-002918
2025,11226362,P25-000992
2025,11226363,P25-002481
2025,11226364,P25-000102
2025,11226365,P25-002519
2025,11226366,P25-004514
2025,11226367,P25-001426
2025,11226368,P25-002777
2025,11226369,P25-001114
2025,11226370,P25-003398
2025,11226371,P25-000549
2025,11226372,P25-003381
2025,11226373,P25-001687
2025,11226374,P25-004813
2025,11226375,P25-000389
2025,11226376,P25-003308
2025,11226377,P25-001685
2025,11226378,P25-001385
2025,11236379,P25-004638
2025,11236381,P25-003000
2025,11236382,P25-003153
2025,11236383,P25-003706
2025,11236384,P25-005384
2025,11236385,P25-004295
2025,11236386,P25-000265
2025,11236387,P25-003257
2025,11236388,P25-003266
2025,11236389,P25-004282
2025,11236390,P25-001049
2025,11236391,P25-003359
2025,11236392,P25-000503
2025,11236393,P25-000855
2025,11236394,P25-000643
2025,11236395,P25-004763
2025,11236396,P25-004918
2025,11236397,P25-000600
2025,11236398,P25-004025
2025,11236399,P25-000408
2025,11236400,P25-001796
2025,11236401,P25-003595
2025,11236402,P25-004121
2025,11236403,P25-001198
2025,11236404,P25-004323
2025,11236405,P25-001202
2025,11236406,P25-000147
2025,11236407,P25-000092
2025,11236408,P25-005266
2025,11236409,P25-001553
2025,11236410,P25-000318
2025,11236411,P25-003764
2025,11236412,P25-004327
2025,11236413,P25-004705
2025,11236414,P25-004182
2025,11236415,P25-000641
2025,11236416,P25-004151
2025,11236417,P25-002675
2025,11236418,P25-002954
2025,11236419,P25-002235
2025,11236420,P25-000191
2025,11236421,P25-000716
2025,11236422,P25-001123
2025,11236423,P25-003934
2025,11236424,P25-001208
2025,11236425,P25-003241
2025,11236426,P25-004280
2025,11236427,P25-000555
2025,11236428,P25-004855
2025,11256429,P25-000116
2025,11256430,P25-003423
2025,11256431,P25-001112
2025,11256432,P25-004774
2025,11256433,P25-001509
2025,11256434,P25-005016
2025,11256435,P25-002324
2025,11256436,P25-002749
2025,11256437,P25-002807
2025,11256438,P25-002454
2025,11256439,P25-004694
2025,11256440,P25-001873
2025,11256441,P25-000039
2025,11256442,P25-004614
2025,11256443,P25-004737
2025,11256444,P25-005364
2025,11256445,P25-003295
2025,11256446,P25-001072
2025,11256447,P25-003941
2025,11256448,P25-004964
2025,11256449,P25-005454
2025,11256450,P25-004175
2025,11256451,P25-005248
2025,11256452,P25-000225
2025,11256453,P25-000005
2025,11256454,P25-000748
2025,11256455,P25-001184
2025,11256456,P25-002612
2025,11256457,P25-004732
2025,11256458,P25-000146
2025,11256459,P25-001371
2025,11256460,P25-004405
2025,11256461,P25-002089
2025,11256462,P25-003910
2025,11256463,P25-000295
2025,11256464,P25-000426
2025,11256465,P25-004865
2025,11256466,P25-001728
2025,11256467,P25-004731
2025,11256468,P25-001824
2025,11256469,P25-001268
2025,11256470,P25-000165
2025,11256471,P25-003726
2025,11256472,P25-005308
2025,11256473,P25-000333
2025,11256474,P25-000927
2025,11256475,P25-003022
2025,11256476,P25-004462
2025,11256477,P25-000287
2025,11256478,P25-004436
2025,11256479,P25-001831
2025,11256480,P25-001528
2025,11256481,P25-004625
2025,11256482,P25-001024
2025,11256483,P25-004860
2025,11256484,P25-004039
2025,11256485,P25-001418
2025,11256486,P25-004847
2025,11256487,P25-000273
2025,11256488,P25-001906
2025,11256489,P25-002937
2025,11256490,P25-000646
2025,11276492,P25-000932
2025,11276493,P25-002189
2025,11276494,P25-005327
2025,11276495,P25-001744
2025,11276496,P25-001868
2025,11276497,P25-005302
2025,11276499,P25-004307
2025,11276500,P25-004954
2025,11276501,P25-004241
2025,11276502,P25-002086
2025,11276503,P25-000513
2025,11276504,P25-000988
2025,11276505,P25-000084
2025,11276506,P25-004398
2025,11276507,P25-005104
2025,11276508,P25-000301
2025,11276509,P25-002237
2025,11276510,P25-001103
2025,11276511,P25-002867
2025,11276512,P25-002135
2025,11276513,P25-005356
2025,11276515,P25-002580
2025,11276516,P25-003433
2025,11276517,P25-001825
2025,11276518,P25-001076
2025,11276519,P25-005409
2025,11276520,P25-002506
2025,11276521,P25-003998
2025,11276523,P25-003321
2025,11276524,P25-003717
2025,11276525,P25-001614
2025,11276526,P25-003050
2025,11276527,P25-004815
2025,11276528,P25-005447
2025,11276529,P25-004837
2025,11276530,P25-003627
2025,11276531,P25-000569
2025,11276532,P25-005392
2025,11276533,P25-003625
2025,11276534,P25-000279
2025,11276535,P25-002441
2025,11276536,P25-004424
2025,11276537,P25-001019
2025,11276538,P25-004029
2025,11276539,P25-005060
2025,11276540,P25-003345
2025,11276541,P25-003946
2025,11276542,P25-005159
2025,11286544,P25-004561
2025,11286545,P25-001867
2025,11286546,P25-002642
2025,11286547,P25-000377
2025,11286548,P25-004584
2025,11286549,P25-004686
2025,11286550,P25-004702
2025,11286551,P25-002658
2025,11286552,P25-004780
2025,11286553,P25-004055
2025,11286554,P25-004447
2025,11286555,P25-005256
2025,11286556,P25-000561
2025,11286557,P25-003146
2025,11286558,P25-001923
2025,11286559,P25-002001
2025,11286560,P25-002785
2025,11286561,P25-003074
2025,11286562,P25-000395
2025,11286563,P25-005387
2025,11286564,P25-004292
2025,11286565,P25-003509
2025,11286566,P25-004819
2025,11286567,P25-004481
2025,11286568,P25-004756
2025,11286569,P25-000898
2025,11286570,P25-001073
2025,11286571,P25-001998
2025,11286573,P25-005267
2025,11286574,P25-003622
2025,11286575,P25-003299
2025,11286576,P25-001588
2025,11286577,P25-001499
2025,11286578,P25-001606
2025,11286579,P25-001337
2025,11286580,P25-004488
2025,11286581,P25-003356
2025,11286583,P25-002783
2025,11286584,P25-004989
2025,11286585,P25-001034
2025,11286586,P25-000356
2025,11286587,P25-001496
2025,11286588,P25-000087
2025,11286589,P25-004437
2025,11286590,P25-005272
2025,11286591,P25-000416
2025,11286593,P25-003771
2025,11286594,P25-002317
2025,11286595,P25-003097
2025,11286596,P25-004070
2025,11286597,P25-001943
2025,11286598,P25-000747
2025,11286599,P25-005220
2025,11286600,P25-001586
2025,11286602,P25-001206
2025,11286603,P25-003011
2025,11286605,P25-001601
2025,11286606,P25-004386
2025,11286607,P25-000167
2025,11286608,P25-002742
2025,11286609,P25-003860
2025,11296644,P25-005317
2025,11296646,P25-003600
2025,11296651,P25-003286
2025,11296659,P25-003885
2025,11296663,P25-003873
2025,11316687,P25-005301
2025,11316688,P25-002797
2025,11316689,P25-002169
2025,11316690,P25-005032
2025,11316691,P25-000696
2025,11316693,P25-001261
2025,11316694,P25-002665
2025,11316695,P25-002335
2025,11316696,P25-001249
2025,11316697,P25-000964
2025,11316698,P25-000990
2025,11316701,P25-002196
2025,11316702,P25-001190
2025,11316704,P25-003312
2025,11316705,P25-002181
2025,11316708,P25-004678
2025,11316710,P25-000598
2025,11316712,P25-001512
2025,11316713,P25-003673
2025,11316717,P25-002667
2025,11316718,P25-003219
2025,11316719,P25-004428
2025,11316720,P25-002728
2025,11316721,P25-000545
2025,11316722,P25-001838
2025,11316723,P25-003252
2025,11316724,P25-005165
2025,11316725,P25-001199
2025,11316726,P25-004203
2025,11316728,P25-000638
2025,11316729,P25-003095
2025,11316730,P25-004872
2025,11316731,P25-001817
2025,11316732,P25-005336
2025,11316733,P25-001424
2025,11316734,P25-002377
2025,11316735,P25-000534
2025,11316736,P25-001632
2025,11316737,P25-003731
2025,11316738,P25-005054
2025,11316739,P25-000381
2025,11316740,P25-005403
2025,11316741,P25-000330
2025,11316742,P25-005328
2025,11316743,P25-004043
2025,11316744,P25-002861
2025,11316745,P25-005286
2025,11316746,P25-001692
2025,11316747,P25-001584
2025,11316748,P25-001222
2025,11326749,P25-002641
2025,11326750,P25-001041
2025,11326751,P25-002016
2025,11326752,P25-000214
2025,11326753,P25-000446
2025,11326754,P25-004977
2025,11326755,P25-003719
2025,11326756,P25-004047
2025,11326757,P25-003879
2025,11326758,P25-002038
2025,11326759,P25-000056
2025,11326760,P25-004908
2025,11326761,P25-004000
2025,11326763,P25-000834
2025,11326764,P25-001374
2025,11326765,P25-002784
2025,11326766,P25-000733
2025,11326767,P25-004960
2025,11326768,P25-001430
2025,11326769,P25-005334
2025,11326771,P25-003829
2025,11326772,P25-003243
2025,11326773,P25-000519
2025,11326774,P25-002411
2025,11326775,P25-003282
2025,11326776,P25-000918
2025,11326777,P25-001550
2025,11326778,P25-004466
2025,11326779,P25-004844
2025,11326780,P25-003587
2025,11326781,P25-001380
2025,11326782,P25-002383
2025,11336783,P25-003918
2025,11336784,P25-000551
2025,11336785,P25-000216
2025,11336786,P25-003981
2025,11336787,P25-001212
2025,11336788,P25-001149
2025,11336789,P25-003740
2025,11336790,P25-004752
2025,11336791,P25-001466
2025,11336792,P25-001898
2025,11336793,P25-002559
2025,11336794,P25-002571
2025,11336795,P25-002097
2025,11336796,P25-002865
2025,11336797,P25-000488
2025,11336798,P25-003633
2025,11336799,P25-000163
2025,11336801,P25-004474
2025,11336803,P25-001968
2025,11336804,P25-002425
2025,11336805,P25-004669
2025,11336806,P25-001657
2025,11336807,P25-002827
2025,11336809,P25-003341
2025,11336810,P25-005012
2025,11336811,P25-001513
2025,11336812,P25-000940
2025,11336813,P25-004034
2025,11336814,P25-005444
2025,11336815,P25-003225
2025,11336816,P25-004711
2025,11336817,P25-003426
2025,11336819,P25-003663
2025,11336820,P25-000778
2025,11336821,P25-004250
2025,11336823,P25-003685
2025,11356828,P25-002761
2025,11356829,P25-003809
2025,11356830,P25-002505
2025,11356831,P25-001311
2025,11356832,P25-001525
2025,11356833,P25-000480
2025,11356834,P25-004786
2025,11356835,P25-001889
2025,11356836,P25-003914
2025,11356837,P25-005147
2025,11356838,P25-000461
2025,11356839,P25-001102
2025,11356840,P25-004179
2025,11356841,P25-001323
2025,11356842,P25-001086
2025,11356843,P25-003951
2025,11356845,P25-005091
2025,11356846,P25-001074
2025,11356847,P25-003244
2025,11356848,P25-003683
2025,11356849,P25-001317
2025,11356851,P25-001318
2025,11356852,P25-004235
2025,11356853,P25-003160
2025,11356854,P25-001891
2025,11356855,P25-004889
2025,11356856,P25-001630
2025,11356857,P25-003977
2025,11356858,P25-002278
2025,11356859,P25-001691
2025,11356860,P25-002756
2025,11356861,P25-004294
2025,11356862,P25-000365
2025,11356863,P25-002941
2025,11356865,P25-003320
2025,11356866,P25-003788
2025,11356867,P25-001409
2025,11356868,P25-002176
2025,11356869,P25-002058
2025,11356870,P25-004776
2025,11356871,P25-003273
2025,11356872,P25-002999
2025,11356873,P25-001536
2025,11356874,P25-002660
2025,11376875,P25-004581
2025,11376877,P25-000317
2025,11376878,P25-004644
2025,11376880,P25-002226
2025,11376882,P25-000347
2025,11376883,P25-001851
2025,11376885,P25-005346
2025,11376887,P25-000956
2025,11376890,P25-001848
2025,11376894,P25-002523
2025,11376895,P25-003082
2025,11376897,P25-003028
2025,11376901,P25-001669
2025,11376902,P25-004457
2025,11376904,P25-002245
2025,11376906,P25-002180
2025,11376908,P25-003871
2025,11376909,P25-002318
2025,11376910,P25-001287
2025,11376911,P25-000999
2025,11376912,P25-004041
2025,11376913,P25-000430
2025,11376914,P25-001635
2025,11376915,P25-005438
2025,11376918,P25-005466
2025,11376919,P25-001542
2025,11376920,P25-003120
2025,11376921,P25-003144
2025,11376922,P25-004403
2025,11376924,P25-000222
2025,11376925,P25-005398
2025,11386928,P25-004833
2025,11386938,P25-002780
2025,11386944,P25-003907
2025,11386947,P25-002714
2025,11386953,P25-004228
2025,11386954,P25-003919
2025,11386955,P25-003960
2025,11386956,P25-003043
2025,11386957,P25-000777
2025,11386958,P25-000040
2025,11386960,P25-002308
2025,11386961,P25-003157
2025,11386962,P25-002530
2025,11386963,P25-000876
2025,11386964,P25-003762
2025,11386965,P25-001679
2025,11386966,P25-003709
2025,11386969,P25-001294
2025,11386970,P25-004894
2025,11386971,P25-004356
2025,11386972,P25-004311
2025,11386973,P25-002193
2025,11386974,P25-003208
2025,11386975,P25-005045
2025,11386977,P25-001885
2025,11386979,P25-005072
2025,11396982,P25-000128
2025,11396985,P25-001362
2025,11396987,P25-005100
2025,11396988,P25-002710
2025,11396989,P25-001065
2025,11396990,P25-000234
2025,11396991,P25-000236
2025,11396992,P25-000393
2025,11396994,P25-003171
2025,11396995,P25-004926
2025,11396998,P25-000266
2025,11397003,P25-002539
2025,11397004,P25-000003
2025,11397005,P25-000537
2025,11397006,P25-002542
2025,11397007,P25-000907
2025,11397009,P25-000916
2025,11397010,P25-004412
2025,11397012,P25-002957
2025,11397013,P25-002477
2025,11397014,P25-004817
2025,11397015,P25-002159
2025,11397016,P25-000811
2025,11397018,P25-000686
2025,11397019,P25-003506
2025,11397020,P25-002296
2025,11397021,P25-005340
2025,11397022,P25-003557
2025,11397024,P25-003863
2025,11397025,P25-003793
2025,11397026,P25-002640
2025,11397028,P25-002647
2025,11397029,P25-004052
2025,11397030,P25-005135
2025,11397031,P25-002631
2025,11407032,P25-002793
2025,11407033,P25-005216
2025,11407034,P25-000358
2025,11407035,P25-004761
2025,11407037,P25-001627
2025,11407038,P25-002163
2025,11407039,P25-002717
2025,11407040,P25-004609
2025,11407041,P25-003924
2025,11407042,P25-004541
2025,11407043,P25-000695
2025,11407045,P25-001733
2025,11407046,P25-004547
2025,11407047,P25-005304
2025,11407048,P25-002256
2025,11407049,P25-004759
2025,11407050,P25-002723
2025,11407051,P25-004100
2025,11407052,P25-001343
2025,11407054,P25-003508
2025,11407055,P25-004564
2025,11407062,P25-005169
2025,11417080,P25-004417
2025,11417081,P25-001299
2025,11417083,P25-002947
2025,11417089,P25-000428
2025,11417090,P25-004358
2025,11417091,P25-005037
2025,11417095,P25-000791
2025,11417096,P25-001068
2025,11417097,P25-004245
2025,11417099,P25-002371
2025,11417100,P25-004586
2025,11417101,P25-005151
2025,11417103,P25-004098
2025,11427128,P25-005211
2025,11427133,P25-000986
2025,11427135,P25-003644
2025,11427136,P25-003671
2025,11427138,P25-001450
2025,11427139,P25-004390
2025,11427142,P25-004904
2025,11427145,P25-002170
2025,11427147,P25-004850
2025,11427148,P25-001015
2025,11427149,P25-001037
2025,11427151,P25-000025
2025,11427152,P25-001900
2025,11427153,P25-002846
2025,11427154,P25-002718
2025,11427155,P25-002789
2025,11427156,P25-001192
2025,11427157,P25-002712
2025,11427158,P25-003447
2025,11427159,P25-001543
2025,11427161,P25-004688
2025,11427162,P25-004102
2025,11427163,P25-003810
2025,11427165,P25-001126
2025,11427166,P25-001277
2025,11427167,P25-000465
2025,11427168,P25-003519
2025,11427171,P25-002567
2025,11427172,P25-001973
2025,11427173,P25-004691
2025,11437174,P25-002969
2025,11437175,P25-001843
2025,11437176,P25-000800
2025,11437177,P25-000150
2025,11437178,P25-002879
2025,11437179,P25-003410
2025,11437180,P25-004208
2025,11437181,P25-001821
2025,11437182,P25-001033
2025,11437183,P25-004419
2025,11437184,P25-003063
2025,11437185,P25-001378
2025,11437186,P25-004271
2025,11437187,P25-001858
2025,11437188,P25-000371
2025,11437189,P25-001266
2025,11437190,P25-001702
2025,11437191,P25-004065
2025,11437192,P25-001713
2025,11437193,P25-000722
2025,11437194,P25-004811
2025,11437195,P25-004402
2025,11437196,P25-001626
2025,11437197,P25-002407
2025,11437198,P25-003997
2025,11437199,P25-004957
2025,11437200,P25-000871
2025,11437201,P25-001511
2025,11437202,P25-001105
2025,11437203,P25-004979
2025,11437204,P25-001765
2025,11437205,P25-000172
2025,11437207,P25-003681
2025,11437209,P25-003669
2025,11437210,P25-002921
2025,11437212,P25-002856
2025,11437215,P25-001489
2025,11437216,P25-004755
2025,11437218,P25-003432
2025,11437220,P25-002899
2025,11437221,P25-000284
2025,11437223,P25-000053
2025,11437224,P25-002743
2025,11437226,P25-003897
2025,11437227,P25-000659
2025,11437228,P25-002419
2025,11437229,P25-004827
2025,11437230,P25-001023
2025,11437232,P25-005338
2025,11437233,P25-005139
2025,11437234,P25-004713
2025,11437235,P25-002781
2025,11447236,P25-004116
2025,11447237,P25-001050
2025,11447238,P25-001101
2025,11447239,P25-004103
2025,11447240,P25-002464
2025,11447241,P25-004112
2025,11447242,P25-001576
2025,11447246,P25-000204
2025,11447247,P25-000567
2025,11447248,P25-004823
2025,11447251,P25-001458
2025,11447252,P25-005296
2025,11447254,P25-001134
2025,11447255,P25-004479
2025,11447256,P25-001243
2025,11447257,P25-001476
2025,11447258,P25-005313
2025,11447260,P25-005331
2025,11447261,P25-002663
2025,11447262,P25-005279
2025,11447266,P25-003113
2025,11447267,P25-000399
2025,11447269,P25-003609
2025,11447270,P25-003030
2025,11447271,P25-000920
2025,11447272,P25-001579
2025,11447273,P25-003132
2025,11447274,P25-004971
2025,11447275,P25-004647
2025,11447276,P25-002126
2025,11447277,P25-004724
2025,11447278,P25-004046
2025,11447279,P25-002703
2025,11447280,P25-005071
2025,11457281,P25-000688
2025,11457282,P25-003300
2025,11457283,P25-001469
2025,11457285,P25-003019
2025,11457287,P25-004589
2025,11457289,P25-003275
2025,11457290,P25-003857
2025,11457292,P25-001292
2025,11457294,P25-003449
2025,11457296,P25-004287
2025,11457297,P25-004587
2025,11457298,P25-004642
2025,11457299,P25-002252
2025,11457300,P25-003716
2025,11457302,P25-003665
2025,11457303,P25-004707
2025,11457304,P25-002587
2025,11457305,P25-001881
2025,11457307,P25-004551
2025,11457308,P25-005209
2025,11457309,P25-003580
2025,11457310,P25-002111
2025,11457311,P25-004670
2025,11457314,P25-003548
2025,11457315,P25-003932
2025,11457317,P25-000298
2025,11457318,P25-002668
2025,11457319,P25-000002
2025,11457320,P25-000902
2025,11457321,P25-002831
2025,11457322,P25-001862
2025,11457323,P25-002149
2025,11457325,P25-002532
2025,11457327,P25-004037
2025,11457328,P25-002378
2025,11457329,P25-000368
2025,11457330,P25-004637
2025,11457331,P25-003397
2025,11457332,P25-002182
2025,11457333,P25-003078
2025,11457334,P25-004110
2025,11457336,P25-002306
2025,11477338,P25-004528
2025,11477339,P25-003853
2025,11477340,P25-004299
2025,11477341,P25-003004
2025,11477342,P25-000334
2025,11477343,P25-003422
2025,11477344,P25-002119
2025,11477345,P25-000384
2025,11477346,P25-002491
2025,11477347,P25-000831
2025,11477348,P25-000034
2025,11477349,P25-004725
2025,11477350,P25-001688
2025,11477351,P25-005227
2025,11477352,P25-005343
2025,11477353,P25-003505
2025,11477354,P25-002546
2025,11477355,P25-005344
2025,11477356,P25-000274
2025,11477357,P25-000785
2025,11477358,P25-004381
2025,11477359,P25-002702
2025,11477360,P25-004483
2025,11477361,P25-001564
2025,11477362,P25-000798
2025,11477363,P25-005157
2025,11477364,P25-005355
2025,11477365,P25-002931
2025,11477367,P25-002246
2025,11477368,P25-003016
2025,11477369,P25-004575
2025,11477370,P25-000239
2025,11477371,P25-000471
2025,11477372,P25-003905
2025,11477373,P25-001427
2025,11477374,P25-003805
2025,11477375,P25-005136
2025,11477376,P25-004942
2025,11477377,P25-003957
2025,11477378,P25-004115
2025,11477379,P25-003152
2025,11477380,P25-002825
2025,11477381,P25-001457
2025,11477382,P25-001507
2025,11477383,P25-005401
2025,11477385,P25-003550
2025,11477386,P25-002767
2025,11477388,P25-002012
2025,11487389,P25-004392
2025,11487391,P25-000580
2025,11487392,P25-003134
2025,11487393,P25-004751
2025,11487396,P25-004178
2025,11487397,P25-004988
2025,11487399,P25-003477
2025,11487403,P25-005312
2025,11487405,P25-003695
2025,11487406,P25-001151
2025,11487408,P25-004296
2025,11487409,P25-003985
2025,11487412,P25-002925
2025,11487413,P25-001000
2025,11487414,P25-004712
2025,11487415,P25-001795
2025,11487416,P25-003784
2025,11487417,P25-003302
2025,11487418,P25-004320
2025,11487420,P25-000286
2025,11487421,P25-004558
2025,11487423,P25-005234
2025,11487424,P25-003757
2025,11487425,P25-003221
2025,11487426,P25-000035
2025,11487427,P25-004217
2025,11487428,P25-000369
2025,11487429,P25-001322
2025,11487430,P25-000824
2025,11487431,P25-002581
2025,11487432,P25-001545
2025,11487433,P25-002497
2025,11487434,P25-005284
2025,11487435,P25-000904
2025,11487436,P25-003060
2025,11487437,P25-004821
2025,11487438,P25-003206
2025,11497441,P25-000579
2025,11497442,P25-000029
2025,11497443,P25-002397
2025,11497444,P25-003420
2025,11497445,P25-002590
2025,11497446,P25-001366
2025,11497447,P25-002574
2025,11497448,P25-001475
2025,11497449,P25-001953
2025,11497450,P25-000441
2025,11497451,P25-004360
2025,11497452,P25-004887
2025,11497453,P25-004229
2025,11497454,P25-000210
2025,11497455,P25-001393
2025,11497456,P25-002160
2025,11497457,P25-004600
2025,11497458,P25-004973
2025,11497459,P25-000292
2025,11497460,P25-004169
2025,11497462,P25-001197
2025,11497464,P25-003781
2025,11497466,P25-003752
2025,11497467,P25-000636
2025,11497468,P25-004806
2025,11497469,P25-005265
2025,11497470,P25-001946
2025,11497471,P25-002750
2025,11497472,P25-003316
2025,11497473,P25-002283
2025,11497474,P25-000679
2025,11497475,P25-001823
2025,11497476,P25-002553
2025,11497477,P25-004680
2025,11497478,P25-002015
2025,11497479,P25-002708
2025,11497480,P25-000190
2025,11497481,P25-000973
2025,11497482,P25-002509
2025,11497483,P25-002013
2025,11497484,P25-003099
2025,11497485,P25-000572
2025,11497486,P25-003141
2025,11497487,P25-002130
2025,11497488,P25-003908
2025,11497489,P25-001930
2025,11497490,P25-003033
2025,11497491,P25-003935
2025,11497492,P25-004301
2025,11497493,P25-000392
2025,11497494,P25-001406
2025,11497495,P25-001775
2025,11497496,P25-003251
2025,11497497,P25-005474
2025,11497498,P25-004017
2025,11497499,P25-000908
2025,11507500,P25-002045
2025,11507501,P25-002893
2025,11507502,P25-002873
2025,11507503,P25-003121
2025,11507504,P25-004613
2025,11507507,P25-000848
2025,11507508,P25-002684
2025,11507511,P25-003036
2025,11507512,P25-001822
2025,11507513,P25-002350
2025,11507514,P25-003049
2025,11507516,P25-004050
2025,11507517,P25-004336
2025,11507519,P25-001608
2025,11507521,P25-000094
2025,11507522,P25-005046
2025,11507524,P25-002479
2025,11507526,P25-000325
2025,11507527,P25-000718
2025,11507528,P25-004787
2025,11507530,P25-001518
2025,11507531,P25-003427
2025,11507532,P25-004219
2025,11507533,P25-001640
2025,11507536,P25-002219
2025,11507537,P25-004035
2025,11507538,P25-004808
2025,11507539,P25-001791
2025,11507540,P25-000949
2025,11507541,P25-003758
2025,11507543,P25-004967
2025,11507544,P25-000296
2025,11507545,P25-000934
2025,11507546,P25-003125
2025,11507547,P25-004183
2025,11507548,P25-002572
2025,11507549,P25-005176
2025,11507550,P25-005400
2025,11507551,P25-003379
2025,11507552,P25-004128
2025,11507553,P25-001704
2025,11527555,P25-003361
2025,11527556,P25-004516
2025,11527557,P25-004643
2025,11527558,P25-002683
2025,11527559,P25-002654
2025,11527560,P25-001887
2025,11527561,P25-001267
2025,11527562,P25-000261
2025,11527563,P25-002214
2025,11527564,P25-000906
2025,11527565,P25-004835
2025,11527566,P25-001204
2025,11527567,P25-000050
2025,11527568,P25-001776
2025,11527569,P25-003385
2025,11527570,P25-000794
2025,11527571,P25-001293
2025,11527573,P25-002588
2025,11527574,P25-004946
2025,11527575,P25-000018
2025,11527576,P25-002940
2025,11527579,P25-000063
2025,11527580,P25-003579
2025,11527581,P25-002333
2025,11527582,P25-002824
2025,11527583,P25-005132
2025,11527584,P25-001324
2025,11527585,P25-002142
2025,11527586,P25-000302
2025,11527587,P25-000768
2025,11527588,P25-001376
2025,11527589,P25-005119
2025,11527590,P25-001079
2025,11527591,P25-000608
2025,11527592,P25-001127
2025,11527593,P25-002902
2025,11527594,P25-002468
2025,11527595,P25-004937
2025,11527596,P25-005077
2025,11527597,P25-001693
2025,11537599,P25-001664
2025,11537600,P25-002691
2025,11537601,P25-003741
2025,11537602,P25-002166
2025,11537603,P25-000728
2025,11537604,P25-004663
2025,11537606,P25-003722
2025,11537607,P25-002301
2025,11537608,P25-005263
2025,11537609,P25-001487
2025,11537610,P25-003591
2025,11537612,P25-003515
2025,11537613,P25-002157
2025,11537614,P25-003274
2025,11537616,P25-005014
2025,11537617,P25-000792
2025,11537618,P25-002093
2025,11537619,P25-001750
2025,11537620,P25-004227
2025,11537621,P25-002955
2025,11537622,P25-005382
2025,11537623,P25-000605
2025,11537625,P25-003246
2025,11537626,P25-002429
2025,11537627,P25-004361
2025,11537628,P25-001104
2025,11537629,P25-000532
2025,11537630,P25-005038
2025,11537633,P25-001801
2025,11537634,P25-002772
2025,11537635,P25-004747
2025,11537636,P25-000028
2025,11537637,P25-001168
2025,11537638,P25-001895
2025,11537639,P25-000967
2025,11537640,P25-000587
2025,11537641,P25-001694
2025,11537642,P25-005217
2025,11537643,P25-000771
2025,11537644,P25-000755
2025,11537645,P25-004304
2025,11537646,P25-005235
2025,11537647,P25-005078
2025,11547649,P25-000846
2025,11547650,P25-001352
2025,11547651,P25-000281
2025,11547652,P25-001229
2025,11547653,P25-003376
2025,11547654,P25-002551
2025,11547655,P25-000174
2025,11547656,P25-003643
2025,11547657,P25-003522
2025,11547658,P25-002716
2025,11547659,P25-002909
2025,11547660,P25-003258
2025,11547661,P25-000431
2025,11547662,P25-004463
2025,11547663,P25-003326
2025,11547664,P25-002534
2025,11547665,P25-001574
2025,11547666,P25-005207
2025,11547667,P25-004293
2025,11547668,P25-003105
2025,11547669,P25-004573
2025,11547670,P25-003969
2025,11547671,P25-005186
2025,11547672,P25-001934
2025,11547673,P25-002183
2025,11547674,P25-000230
2025,11547675,P25-003850
2025,11547676,P25-002564
2025,11547677,P25-004773
2025,11547678,P25-004746
2025,11547679,P25-000950
2025,11547680,P25-005094
2025,11547681,P25-000304
2025,11547682,P25-002413
2025,11547683,P25-003634
2025,11547684,P25-005031
2025,11547685,P25-002533
2025,11547686,P25-003123
2025,11547687,P25-000510
2025,11547688,P25-004739
2025,11547689,P25-000779
2025,11547690,P25-002775
2025,11547691,P25-003414
2025,11547692,P25-003451
2025,11547693,P25-003802
2025,11547694,P25-003668
2025,11547695,P25-004565
2025,11547697,P25-000123
2025,11547698,P25-001161
2025,11547699,P25-000169
2025,11547700,P25-002656
2025,11547701,P25-005247
2025,11547704,P25-000349
2025,11557705,P25-000308
2025,11557709,P25-000023
2025,11557710,P25-003707
2025,11557711,P25-001325
2025,11557714,P25-002664
2025,11557715,P25-003222
2025,11557716,P25-004909
2025,11557722,P25-004793
2025,11557725,P25-003122
2025,11557731,P25-003489
2025,11557732,P25-002363
2025,11567760,P25-000850
2025,11567761,P25-001453
2025,11567762,P25-004577
2025,11567763,P25-000338
2025,11567764,P25-004091
2025,11567765,P25-003296
2025,11567766,P25-002286
2025,11567767,P25-005250
2025,11567768,P25-001235
2025,11567769,P25-000799
2025,11567770,P25-000637
2025,11567771,P25-000758
2025,11567772,P25-001389
2025,11567773,P25-004938
2025,11567775,P25-000345
2025,11567776,P25-001952
2025,11567777,P25-001884
2025,11567778,P25-001497
2025,11567779,P25-000872
2025,11567780,P25-004719
2025,11567781,P25-003517
2025,11567783,P25-001698
2025,11567784,P25-001109
2025,11567785,P25-002005
2025,11567786,P25-001298
2025,11567789,P25-002364
2025,11567790,P25-004906
2025,11567791,P25-000626
2025,11567792,P25-000687
2025,11567793,P25-004750
2025,11567794,P25-003307
2025,11567795,P25-003347
2025,11567796,P25-000709
2025,11567797,P25-000806
2025,11567798,P25-003645
2025,11567799,P25-004438
2025,11567800,P25-005196
2025,11567801,P25-002426
2025,11567803,P25-005435
2025,11567804,P25-004259
2025,11567805,P25-001878
2025,11567806,P25-000559
2025,11567807,P25-004393
2025,11567808,P25-004893
2025,11567809,P25-005424
2025,11567810,P25-001402
2025,11567811,P25-002418
2025,11567812,P25-003789
2025,11567813,P25-000727
2025,11567814,P25-004161
2025,11567815,P25-003617
2025,11567817,P25-003693
2025,11567818,P25-001446
2025,11567819,P25-005117
2025,11597848,P25-004856
2025,11597851,P25-002876
2025,11597857,P25-000801
2025,11607859,P25-001967
2025,11607860,P25-000139
2025,11607861,P25-001158
2025,11607862,P25-000960
2025,11607863,P25-003586
2025,11607864,P25-001508
2025,11607865,P25-005057
2025,11607866,P25-002525
2025,11607867,P25-004061
2025,11607868,P25-002455
2025,11607869,P25-000235
2025,11607870,P25-002493
2025,11607871,P25-005399
2025,11607872,P25-000108
2025,11607873,P25-001841
2025,11607874,P25-002131
2025,11607875,P25-003988
2025,11607876,P25-002391
2025,11607877,P25-003911
2025,11607878,P25-005341
2025,11607879,P25-002906
2025,11607880,P25-003560
2025,11607881,P25-003856
2025,11607882,P25-001893
2025,11607883,P25-003994
2025,11607886,P25-005451
2025,11607887,P25-005026
2025,11607888,P25-004726
2025,11607889,P25-004262
2025,11607890,P25-000965
2025,11607891,P25-002768
2025,11607892,P25-001556
2025,11607893,P25-001085
2025,11607894,P25-004953
2025,11607895,P25-000879
2025,11607896,P25-000149
2025,11607897,P25-003218
2025,11607898,P25-001529
2025,11607899,P25-000071
2025,11607900,P25-000009
2025,11607901,P25-005142
2025,11607902,P25-002155
2025,11607903,P25-004470
2025,11607904,P25-000024
2025,11607905,P25-004863
2025,11607906,P25-003478
2025,11607907,P25-000658
2025,11617908,P25-002332
2025,11617909,P25-004627
2025,11617910,P25-002414
2025,11617911,P25-003808
2025,11617913,P25-003041
2025,11617914,P25-002125
2025,11617915,P25-003389
2025,11617916,P25-000420
2025,11617917,P25-002359
2025,11617918,P25-002460
2025,11617919,P25-004131
2025,11617920,P25-001681
2025,11617921,P25-003115
2025,11617922,P25-001429
2025,11617923,P25-001779
2025,11617924,P25-001714
2025,11617925,P25-000104
2025,11617926,P25-003392
2025,11617927,P25-003253
2025,11617928,P25-000541
2025,11617929,P25-005230
2025,11617930,P25-004236
2025,11617931,P25-004645
2025,11617932,P25-004648
2025,11617933,P25-004167
2025,11617935,P25-002795
2025,11617936,P25-005407
2025,11617937,P25-003696
2025,11617938,P25-004193
2025,11617939,P25-000729
2025,11617940,P25-003956
2025,11617941,P25-002808
2025,11617942,P25-005329
2025,11617943,P25-002071
2025,11617944,P25-000586
2025,11617945,P25-002002
2025,11617946,P25-001832
2025,11617947,P25-001257
2025,11617948,P25-000982
2025,11617949,P25-001540
2025,11617950,P25-000790
2025,11617952,P25-002494
2025,11617953,P25-005342
2025,11617954,P25-001689
2025,11617955,P25-000570
2025,11617956,P25-004191
2025,11617957,P25-003400
2025,11637958,P25-002274
2025,11637959,P25-000592
2025,11637960,P25-003185
2025,11637962,P25-003501
2025,11637963,P25-005352
2025,11637964,P25-000892
2025,11637965,P25-001284
2025,11637968,P25-000476
2025,11637969,P25-003114
2025,11637970,P25-004788
2025,11637971,P25-003626
2025,11637972,P25-004220
2025,11637974,P25-003551
2025,11637977,P25-003514
2025,11637978,P25-000440
2025,11637979,P25-003280
2025,11637980,P25-000260
2025,11637983,P25-003247
2025,11637986,P25-005137
2025,11637987,P25-001141
2025,11637988,P25-003585
2025,11637989,P25-001910
2025,11637990,P25-000091
2025,11637991,P25-003179
2025,11637992,P25-000669
2025,11637993,P25-002577
2025,11637994,P25-001332
2025,11637995,P25-005232
2025,11637996,P25-000305
2025,11637997,P25-005465
2025,11637998,P25-002146
2025,11638000,P25-004961
2025,11638001,P25-002511
2025,11638002,P25-001347
2025,11638003,P25-001539
2025,11638004,P25-005013
2025,11638005,P25-001523
2025,11638006,P25-000352
2025,11638007,P25-002215
2025,11638008,P25-003539
2025,11638009,P25-003804
2025,11638010,P25-002897
2025,11638012,P25-001661
2025,11638015,P25-004841
2025,11638016,P25-005168
2025,11638017,P25-003712
2025,11638018,P25-000972
2025,11638019,P25-000564
2025,11638020,P25-003926
2025,11648022,P25-004621
2025,11648024,P25-002881
2025,11648025,P25-002392
2025,11648026,P25-003638
2025,11648027,P25-005081
2025,11648028,P25-000401
2025,11648029,P25-002698
2025,11648030,P25-000574
2025,11648031,P25-002547
2025,11648032,P25-005079
2025,11648033,P25-004563
2025,11648034,P25-001544
2025,11648035,P25-004202
2025,11648036,P25-001417
2025,11648037,P25-004263
2025,11648038,P25-004494
2025,11648039,P25-000925
2025,11648040,P25-002498
2025,11648041,P25-002859
2025,11648043,P25-000894
2025,11648044,P25-003623
2025,11648045,P25-003390
2025,11648046,P25-003527
2025,11648047,P25-001520
2025,11648048,P25-001983
2025,11648049,P25-002568
2025,11648050,P25-004925
2025,11648051,P25-000011
2025,11648053,P25-000001
2025,11648054,P25-004608
2025,11648055,P25-000015
2025,11648056,P25-005459
2025,11648057,P25-003025
2025,11648058,P25-002976
2025,11648060,P25-000838
2025,11648061,P25-003610
2025,11648063,P25-000051
2025,11648064,P25-002748
2025,11648065,P25-002839
2025,11648067,P25-001945
2025,11648068,P25-002528
2025,11658069,P25-001255
2025,11658070,P25-000591
2025,11658071,P25-004540
2025,11658072,P25-002003
2025,11658073,P25-005204
2025,11658075,P25-002852
2025,11658077,P25-000489
2025,11658078,P25-001396
2025,11658079,P25-000197
2025,11658080,P25-003864
2025,11658081,P25-002227
2025,11658082,P25-001463
2025,11658083,P25-001225
2025,11658084,P25-003862
2025,11658085,P25-004395
2025,11658087,P25-004442
2025,11658088,P25-004886
2025,11658089,P25-002026
2025,11658090,P25-004816
2025,11658091,P25-002174
2025,11658092,P25-002292
2025,11658093,P25-005203
2025,11658094,P25-001986
2025,11658095,P25-005212
2025,11658096,P25-000335
2025,11658097,P25-004267
2025,11658098,P25-002800
2025,11658099,P25-002834
2025,11658100,P25-005061
2025,11658101,P25-004378
2025,11658103,P25-002643
2025,11658104,P25-002770
2025,11658105,P25-000680
2025,11658106,P25-003500
2025,11658107,P25-000137
2025,11658108,P25-004559
2025,11658109,P25-000227
2025,11658110,P25-002037
2025,11658111,P25-003978
2025,11658112,P25-003566
2025,11658113,P25-004404
2025,11658114,P25-002106
2025,11658115,P25-000237
2025,11658116,P25-000512
2025,11658117,P25-001147
2025,11658118,P25-000780
2025,11658119,P25-003743
2025,11658120,P25-000961
2025,11658122,P25-003715
2025,11658123,P25-004254
2025,11658124,P25-001877
2025,11658125,P25-001808
2025,11658126,P25-003429
2025,11658127,P25-003847
2025,11658128,P25-001706
2025,11668132,P25-003612
2025,11668136,P25-005275
2025,11668137,P25-002529
2025,11668138,P25-005202
2025,11668140,P25-004493
2025,11668141,P25-004099
2025,11668142,P25-001186
2025,11668143,P25-004646
2025,11668145,P25-000832
2025,11668146,P25-004684
2025,11668152,P25-002128
2025,11668154,P25-004478
2025,11668155,P25-001264
2025,11668159,P25-002079
2025,11668160,P25-004173
2025,11668162,P25-004244
2025,11668163,P25-002727
2025,11668164,P25-002198
2025,11668165,P25-004500
2025,11668166,P25-002233
2025,11668167,P25-000786
2025,11668168,P25-000836
2025,11668169,P25-003947
2025,11668170,P25-001295
2025,11668172,P25-004367
2025,11668173,P25-005065
2025,11668174,P25-002225
2025,11668175,P25-004898
2025,11668176,P25-002648
2025,11668177,P25-000829
2025,11668178,P25-003759
2025,11668179,P25-004999
2025,11668180,P25-002243
2025,11668181,P25-004265
2025,11668182,P25-004344
2025,11668183,P25-004422
2025,11668184,P25-000837
2025,11668185,P25-002313
2025,11668186,P25-004927
2025,11668187,P25-000533
2025,11678188,P25-004922
2025,11678189,P25-002731
2025,11678190,P25-002113
2025,11678191,P25-002165
2025,11678192,P25-001850
2025,11678193,P25-003846
2025,11678194,P25-001730
2025,11678195,P25-003962
2025,11678196,P25-002389
2025,11678197,P25-003944
2025,11678198,P25-001690
2025,11678199,P25-003538
2025,11678200,P25-004365
2025,11678201,P25-004845
2025,11678202,P25-004298
2025,11678203,P25-001650
2025,11678204,P25-004790
2025,11678205,P25-004030
2025,11678206,P25-000119
2025,11678207,P25-003145
2025,11678208,P25-003963
2025,11678209,P25-001667
2025,11678210,P25-001360
2025,11678211,P25-003516
2025,11678212,P25-001038
2025,11678213,P25-001405
2025,11678214,P25-004186
2025,11678215,P25-003084
2025,11678216,P25-000135
2025,11678217,P25-004159
2025,11678218,P25-001595
2025,11678219,P25-004770
2025,11678220,P25-004431
2025,11678221,P25-004714
2025,11678222,P25-004413
2025,11678223,P25-000057
2025,11678224,P25-005278
2025,11678225,P25-002224
2025,11678226,P25-001680
2025,11678227,P25-003684
2025,11678228,P25-001696
2025,11678229,P25-004595
2025,11678230,P25-003642
2025,11678231,P25-004537
2025,11678232,P25-004520
2025,11678233,P25-000427
2025,11678234,P25-001262
2025,11678235,P25-001990
2025,11678236,P25-001956
2025,11678237,P25-000262
2025,11688238,P25-000030
2025,11688239,P25-001552
2025,11688240,P25-000405
2025,11688241,P25-004846
2025,11688242,P25-002074
2025,11688243,P25-001150
2025,11688244,P25-002231
2025,11688245,P25-003883
2025,11688246,P25-003364
2025,11688247,P25-002993
2025,11688248,P25-005225
2025,11688249,P25-004355
2025,11688250,P25-003554
2025,11688251,P25-000826
2025,11688252,P25-002134
2025,11688253,P25-000628
2025,11688254,P25-002677
2025,11688255,P25-004976
2025,11688256,P25-002361
2025,11688257,P25-000311
2025,11688258,P25-001060
2025,11688259,P25-000760
2025,11688260,P25-004106
2025,11688261,P25-004858
2025,11688262,P25-004125
2025,11688263,P25-002031
2025,11688264,P25-002270
2025,11688265,P25-003511
2025,11688266,P25-002470
2025,11688267,P25-005262
2025,11688268,P25-002573
2025,11688269,P25-001390
2025,11688271,P25-001960
2025,11688272,P25-002053
2025,11688273,P25-003961
2025,11688274,P25-001421
2025,11688275,P25-002416
2025,11688276,P25-004931
2025,11688277,P25-003190
2025,11688278,P25-002103
2025,11688279,P25-002202
2025,11688280,P25-004932
2025,11688281,P25-003217
2025,11688282,P25-000491
2025,11688283,P25-003093
2025,11688284,P25-003559
2025,11688285,P25-004253
2025,11688286,P25-000452
2025,11688287,P25-003425
2025,11688289,P25-000856
2025,11688290,P25-001617
2025,11688291,P25-002584
2025,11688292,P25-003654
2025,11688295,P25-004875
2025,11688296,P25-002186
2025,11688297,P25-003048
2025,11688298,P25-003675
2025,11698299,P25-001195
2025,11698300,P25-002423
2025,11698301,P25-004445
2025,11698302,P25-003334
2025,11698303,P25-002077
2025,11698304,P25-002112
2025,11698305,P25-004991
2025,11698306,P25-000121
2025,11698307,P25-003783
2025,11698308,P25-001118
2025,11698309,P25-005051
2025,11698310,P25-001902
2025,11698311,P25-002033
2025,11698312,P25-004416
2025,11698313,P25-001914
2025,11698314,P25-002295
2025,11698316,P25-000890
2025,11698317,P25-002467
2025,11698318,P25-002490
2025,11698319,P25-004477
2025,11698321,P25-000882
2025,11698322,P25-004568
2025,11698324,P25-004143
2025,11698325,P25-000681
2025,11698326,P25-000707
2025,11698327,P25-001662
2025,11698328,P25-001959
2025,11698330,P25-001467
2025,11698331,P25-003546
2025,11698332,P25-004142
2025,11698333,P25-002269
2025,11698334,P25-005120
2025,11698336,P25-000460
2025,11698337,P25-004733
2025,11698338,P25-001157
2025,11698339,P25-002422
2025,11698341,P25-000254
2025,11698342,P25-003213
2025,11698343,P25-003368
2025,11698344,P25-004120
2025,11698345,P25-004495
2025,11698346,P25-001005
2025,11698347,P25-001313
2025,11698348,P25-003499
2025,11698349,P25-003234
2025,11698350,P25-005383
2025,11698351,P25-000968
2025,11698353,P25-000673
2025,11698354,P25-004603
2025,11698355,P25-001604
2025,11698356,P25-005185
2025,11698357,P25-000022
2025,11708406,P25-004077
2025,11718435,P25-003922
2025,11718436,P25-002236
2025,11718462,P25-004986
2025,11738463,P25-001917
2025,11738464,P25-000616
2025,11768465,P25-005261
2025,11768466,P25-003237
2025,11768467,P25-003387
2025,11768468,P25-003172
2025,11768469,P25-005324
2025,11768470,P25-001191
2025,11768471,P25-000901
2025,11768472,P25-000521
2025,11768473,P25-000954
2025,11768474,P25-000241
2025,11768475,P25-000435
2025,11768476,P25-002465
2025,11768477,P25-001026
2025,11768478,P25-000978
2025,11768479,P25-000900
2025,11768480,P25-003393
2025,11768481,P25-002600
2025,11768482,P25-001786
2025,11768483,P25-001303
2025,11768484,P25-003842
2025,11768485,P25-003597
2025,11768486,P25-002886
2025,11768487,P25-003761
2025,11768488,P25-000107
2025,11768490,P25-003913
2025,11768491,P25-004962
2025,11768492,P25-004675
2025,11768493,P25-004486
2025,11768494,P25-005228
2025,11768495,P25-000878
2025,11768496,P25-001563
2025,11768497,P25-004534
2025,11768498,P25-000919
2025,11768499,P25-004800
2025,11768500,P25-004370
2025,11768501,P25-002892
2025,11768502,P25-002482
2025,11768503,P25-002819
2025,11768504,P25-000842
2025,11768505,P25-000449
2025,11768506,P25-001373
2025,11768507,P25-004350
2025,11768508,P25-001607
2025,11768509,P25-004093
2025,11768510,P25-003372
2025,11768511,P25-003481
2025,11768512,P25-003723
2025,11768513,P25-003822
2025,11768514,P25-003894
2025,11768515,P25-004560
2025,11768516,P25-004113
2025,11778517,P25-001098
2025,11778518,P25-003666
2025,11778519,P25-005320
2025,11778520,P25-001530
2025,11778521,P25-003646
2025,11778522,P25-002611
2025,11778523,P25-004233
2025,11778524,P25-002222
2025,11778525,P25-004662
2025,11778526,P25-003406
2025,11778527,P25-001871
2025,11778528,P25-002070
2025,11778529,P25-000763
2025,11778530,P25-000912
2025,11778531,P25-001708
2025,11778532,P25-000403
2025,11778533,P25-002522
2025,11778535,P25-002769
2025,11778536,P25-003811
2025,11778537,P25-005432
2025,11778538,P25-002719
2025,11778539,P25-003037
2025,11778540,P25-000498
2025,11778541,P25-001760
2025,11778543,P25-004910
2025,11778544,P25-004290
2025,11778545,P25-002556
2025,11778546,P25-001462
2025,11778548,P25-000955
2025,11778550,P25-003691
2025,11778551,P25-003158
2025,11778552,P25-002814
2025,11778553,P25-004333
2025,11778554,P25-002919
2025,11778555,P25-002576
2025,11778556,P25-005470
2025,11778557,P25-000078
2025,11778558,P25-003735
2025,11778559,P25-003404
2025,11778560,P25-003421
2025,11778561,P25-004321
2025,11778562,P25-004216
2025,11778563,P25-001707
2025,11778564,P25-003614
2025,11778565,P25-004322
2025,11788611,P25-004111
2025,11798621,P25-004527
2025,11798622,P25-001587
2025,11798623,P25-000178
2025,11798624,P25-002882
2025,11798625,P25-005307
2025,11798626,P25-000611
2025,11798627,P25-003204
2025,11798628,P25-004543
2025,11798629,P25-002017
2025,11798630,P25-000618
2025,11798631,P25-004801
2025,11798632,P25-004840
2025,11798633,P25-002354
2025,11798634,P25-005082
2025,11798635,P25-001882
2025,11798636,P25-000089
2025,11798637,P25-003940
2025,11798638,P25-004095
2025,11798639,P25-005099
2025,11798640,P25-004943
2025,11798641,P25-001785
2025,11798642,P25-002084
2025,11798643,P25-001977
2025,11798644,P25-004701
2025,11798645,P25-000291
2025,11798646,P25-003276
2025,11798647,P25-000145
2025,11798648,P25-005413
2025,11798649,P25-005426
2025,11798650,P25-001395
2025,11798651,P25-000457
2025,11798652,P25-003188
2025,11798653,P25-005067
2025,11798654,P25-004940
2025,11798655,P25-001472
2025,11798656,P25-004276
2025,11798657,P25-002845
2025,11798658,P25-000177
2025,11798659,P25-001800
2025,11798660,P25-002926
2025,11798661,P25-004342
2025,11798662,P25-001456
2025,11798663,P25-000212
2025,11798664,P25-001030
2025,11798665,P25-003355
2025,11798666,P25-004134
2025,11798667,P25-002838
2025,11798668,P25-000264
2025,11798669,P25-002262
2025,11798670,P25-003974
2025,11798671,P25-003775
2025,11798672,P25-000220
2025,11798673,P25-003313
2025,11798674,P25-003136
2025,11798675,P25-000176
2025,11798676,P25-001061
2025,11798677,P25-003728
2025,11798678,P25-003676
2025,11808680,P25-002178
2025,11808685,P25-001555
2025,11808687,P25-004192
2025,11808689,P25-003336
2025,11808691,P25-001174
2025,11808693,P25-003012
2025,11808697,P25-003140
2025,11808698,P25-004427
2025,11808700,P25-000173
2025,11808701,P25-003441
2025,11808702,P25-001270
2025,11808705,P25-001339
2025,11808706,P25-003035
2025,11808709,P25-000538
2025,11808710,P25-000862
2025,11808712,P25-004174
2025,11808713,P25-001213
2025,11828762,P25-001743
2025,11828763,P25-003407
2025,11828764,P25-004526
2025,11828765,P25-003328
2025,11828766,P25-000822
2025,11828767,P25-005241
2025,11828768,P25-002171
2025,11828769,P25-004949
2025,11828770,P25-004867
2025,11828771,P25-003510
2025,11828772,P25-002073
2025,11828773,P25-001254
2025,11828774,P25-003250
2025,11828775,P25-003721
2025,11828776,P25-004435
2025,11828777,P25-004729
2025,11828778,P25-002833
2025,11828779,P25-003484
2025,11828780,P25-004335
2025,11828781,P25-002944
2025,11828782,P25-000814
2025,11828783,P25-001353
2025,11828784,P25-000138
2025,11828785,P25-001285
2025,11828786,P25-000072
2025,11828787,P25-001672
2025,11828788,P25-004160
2025,11828789,P25-002958
2025,11828790,P25-004934
2025,11828791,P25-003763
2025,11828792,P25-004366
2025,11828793,P25-005360
2025,11828794,P25-003475
2025,11828795,P25-002402
2025,11828796,P25-002281
2025,11828797,P25-004225
2025,11828798,P25-001806
2025,11828799,P25-003430
2025,11828800,P25-002639
2025,11828801,P25-004484
2025,11828802,P25-003180
2025,11828803,P25-002054
2025,11828804,P25-001653
2025,11828805,P25-002670
2025,11828806,P25-000255
2025,11828807,P25-005406
2025,11828808,P25-003418
2025,11828809,P25-002437
2025,10011491,T25-000290
2025,10011653,T25-002271
2025,10011670,T25-001267
2025,10011689,T25-001495
2025,10011791,T25-002157
2025,10011888,T25-002765
2025,10012042,T25-000641
2025,10012061,T25-001124
2025,10012299,T25-002445
2025,10012489,T25-002285
2025,10013202,T25-002542
2025,10031054,T25-002480
2025,10031280,T25-000870
2025,10031289,T25-002102
2025,10031483,T25-000899
2025,10031505,T25-001548
2025,10031540,T25-000206
2025,10031884,T25-002433
2025,10032027,T25-002245
2025,10032583,T25-000271
2025,10032685,T25-002372
2025,10032779,T25-000793
2025,10033296,T25-001168
2025,10033534,T25-001063
2025,10043504,T25-002657
2025,10051192,T25-000860
2025,10051348,T25-000989
2025,10051375,T25-002216
2025,10051552,T25-001219
2025,10051583,T25-002554
2025,10051760,T25-002366
2025,10051938,T25-000425
2025,10051962,T25-001666
2025,10052186,T25-001501
2025,10052295,T25-001200
2025,10052512,T25-002530
2025,10052800,T25-002757
2025,10052833,T25-000325
2025,10052845,T25-000964
2025,10052896,T25-002449
2025,10052973,T25-000952
2025,10053014,T25-001249
2025,10053133,T25-002792
2025,10053280,T25-000679
2025,10053322,T25-001591
2025,10053369,T25-000550
2025,10053489,T25-001348
2025,10053595,T25-001674
2025,10053598,T25-000910
2025,10061090,T25-002001
2025,10061298,T25-000483
2025,10061778,T25-001398
2025,10062004,T25-001678
2025,10062207,T25-002532
2025,10062397,T25-002769
2025,10063297,T25-001401
2025,10063300,T25-002075
2025,10063371,T25-001854
2025,10063787,T25-000417
2025,10071020,T25-002131
2025,10071026,T25-000457
2025,10071310,T25-000813
2025,10071543,T25-002045
2025,10071770,T25-001519
2025,10071773,T25-001457
2025,10071959,T25-002042
2025,10072110,T25-002669
2025,10072610,T25-000563
2025,10072693,T25-002703
2025,10072721,T25-002224
2025,10072808,T25-000732
2025,10072836,T25-001404
2025,10073092,T25-000415
2025,10073098,T25-000497
2025,10073458,T25-002477
2025,10073631,T25-000341
2025,10073663,T25-002030
2025,10081011,T25-000668
2025,10081326,T25-001474
2025,10081435,T25-001692
2025,10081438,T25-000092
2025,10081468,T25-001381
2025,10081585,T25-000623
2025,10081601,T25-000124
2025,10081644,T25-001903
2025,10081880,T25-000606
2025,10081943,T25-001853
2025,10082025,T25-000658
2025,10082039,T25-002061
2025,10082221,T25-001308
2025,10082270,T25-001505
2025,10082288,T25-001365
2025,10082421,T25-001355
2025,10082439,T25-001366
2025,10082904,T25-000364
2025,10082952,T25-000915
2025,10083125,T25-002391
2025,10083194,T25-001885
2025,10083383,T25-001079
2025,10083421,T25-000105
2025,10083433,T25-000608
2025,10083524,T25-002274
2025,10083556,T25-002076
2025,10083563,T25-001730
2025,10083729,T25-000968
2025,10091191,T25-000453
2025,10091378,T25-001848
2025,10091441,T25-000708
2025,10091517,T25-000363
2025,10091559,T25-001804
2025,10091742,T25-000801
2025,10091918,T25-002387
2025,10091921,T25-000492
2025,10091963,T25-000859
2025,10091993,T25-000935
2025,10092259,T25-002188
2025,10092298,T25-000987
2025,10092329,T25-000184
2025,10092468,T25-000181
2025,10092887,T25-001850
2025,10093215,T25-000420
2025,10093554,T25-001320
2025,10093667,T25-001792
2025,10101103,T25-000539
2025,10101112,T25-002197
2025,10101211,T25-001345
2025,10101485,T25-001033
2025,10101598,T25-001163
2025,10101750,T25-001677
2025,10101994,T25-001064
2025,10102121,T25-002356
2025,10102215,T25-000258
2025,10102581,T25-000151
2025,10102653,T25-000073
2025,10102894,T25-000707
2025,10102975,T25-002619
2025,10103454,T25-000268
2025,10103476,T25-001749
2025,10103568,T25-000284
2025,10103639,T25-000601
2025,10103762,T25-000868
2025,10103769,T25-001640
2025,10111009,T25-002260
2025,10111089,T25-001484
2025,10111304,T25-000163
2025,10111695,T25-002081
2025,10111878,T25-001821
2025,10112022,T25-000548
2025,10112044,T25-001740
2025,10112286,T25-001409
2025,10112525,T25-000099
2025,10113393,T25-002681
2025,10113599,T25-000778
2025,10121389,T25-000628
2025,10121550,T25-000495
2025,10121787,T25-000950
2025,10121802,T25-001798
2025,10121829,T25-002675
2025,10122013,T25-000852
2025,10122153,T25-001396
2025,10122173,T25-000971
2025,10122455,T25-002611
2025,10122606,T25-000735
2025,10122633,T25-000436
2025,10122920,T25-001016
2025,10123081,T25-000192
2025,10123111,T25-002693
2025,10123272,T25-000525
2025,10123285,T25-001704
2025,10132590,T25-000088
2025,10132736,T25-000509
2025,10141181,T25-002051
2025,10141268,T25-000984
2025,10141360,T25-000970
2025,10142312,T25-002160
2025,10142635,T25-002099
2025,10142747,T25-001352
2025,10142858,T25-000756
2025,10142977,T25-000958
2025,10143230,T25-000074
2025,10151093,T25-000304
2025,10151118,T25-000586
2025,10151405,T25-000667
2025,10152060,T25-000326
2025,10152145,T25-002739
2025,10152162,T25-001242
2025,10152239,T25-002121
2025,10152514,T25-000067
2025,10152551,T25-001009
2025,10152602,T25-000841
2025,10152630,T25-000787
2025,10152647,T25-002126
2025,10152785,T25-001523
2025,10152988,T25-001857
2025,10153346,T25-002685
2025,10161080,T25-001894
2025,10161232,T25-001082
2025,10161424,T25-000780
2025,10161914,T25-001464
2025,10162231,T25-002628
2025,10162374,T25-000065
2025,10162523,T25-002494
2025,10162543,T25-000025
2025,10162575,T25-002377
2025,10162609,T25-001310
2025,10162623,T25-001998
2025,10162817,T25-000666
2025,10162848,T25-002169
2025,10162971,T25-001527
2025,10163452,T25-001000
2025,10163466,T25-001975
2025,10163548,T25-000199
2025,10163699,T25-000701
2025,10163755,T25-000512
2025,10191017,T25-000893
2025,10191166,T25-000867
2025,10191752,T25-000786
2025,10191789,T25-002006
2025,10191809,T25-000095
2025,10191847,T25-000291
2025,10191862,T25-001559
2025,10191981,T25-000604
2025,10192006,T25-000357
2025,10192037,T25-001877
2025,10192254,T25-000669
2025,10192323,T25-002316
2025,10192336,T25-002148
2025,10192394,T25-000299
2025,10192436,T25-000321
2025,10192548,T25-002186
2025,10192765,T25-002116
2025,10192954,T25-000142
2025,10193028,T25-000965
2025,10193067,T25-001883
2025,10193170,T25-000283
2025,10193178,T25-000255
2025,10193249,T25-000122
2025,10193291,T25-000240
2025,10193390,T25-001165
2025,10193446,T25-001705
2025,10193543,T25-000650
2025,10193641,T25-001633
2025,10193710,T25-001781
2025,10193742,T25-000270
2025,10201227,T25-000174
2025,10201341,T25-002508
2025,10201530,T25-000645
2025,10201566,T25-002507
2025,10201680,T25-001937
2025,10201795,T25-000988
2025,10201872,T25-002428
2025,10202366,T25-002555
2025,10202948,T25-001906
2025,10203210,T25-000978
2025,10203289,T25-001601
2025,10203372,T25-002737
2025,10203474,T25-002210
2025,10203532,T25-000770
2025,10203594,T25-002195
2025,10203670,T25-001172
2025,10203701,T25-001368
2025,10211165,T25-001024
2025,10211182,T25-001697
2025,10211188,T25-001833
2025,10211386,T25-001351
2025,10211672,T25-000997
2025,10211679,T25-002328
2025,10211708,T25-000736
2025,10211831,T25-002386
2025,10212000,T25-001497
2025,10212067,T25-001685
2025,10212118,T25-000953
2025,10212378,T25-001703
2025,10212410,T25-000553
2025,10212430,T25-000126
2025,10212490,T25-002087
2025,10212701,T25-001911
2025,10212769,T25-000921
2025,10212813,T25-001442
2025,10212863,T25-000749
2025,10213006,T25-002504
2025,10213079,T25-001051
2025,10213102,T25-001763
2025,10213124,T25-001594
2025,10213144,T25-002788
2025,10213217,T25-001437
2025,10213472,T25-000879
2025,10213487,T25-001783
2025,10213588,T25-001261
2025,10231081,T25-001268
2025,10231084,T25-002074
2025,10231431,T25-001991
2025,10231488,T25-002035
2025,10231539,T25-002526
2025,10232021,T25-001241
2025,10232069,T25-002568
2025,10232077,T25-000884
2025,10232190,T25-000505
2025,10232197,T25-000098
2025,10232429,T25-002501
2025,10232432,T25-002392
2025,10232533,T25-001863
2025,10232752,T25-001634
2025,10232773,T25-002597
2025,10232807,T25-000204
2025,10232885,T25-001623
2025,10232910,T25-002070
2025,10232965,T25-000924
2025,10233095,T25-001201
2025,10233126,T25-002325
2025,10233380,T25-000164
2025,10233520,T25-001293
2025,10233536,T25-000228
2025,10233616,T25-002397
2025,10233660,T25-000140
2025,10251306,T25-000247
2025,10251815,T25-001769
2025,10251867,T25-001177
2025,10252086,T25-002727
2025,10252172,T25-002789
2025,10252200,T25-000771
2025,10252353,T25-000847
2025,10252387,T25-000783
2025,10252574,T25-001615
2025,10252675,T25-002158
2025,10253070,T25-001961
2025,10253142,T25-001941
2025,10253315,T25-000994
2025,10253431,T25-001147
2025,10253579,T25-000183
2025,10253763,T25-001943
2025,10261302,T25-002238
2025,10261511,T25-001215
2025,10261534,T25-001316
2025,10261756,T25-001762
2025,10261907,T25-002759
2025,10262083,T25-001642
2025,10262159,T25-002140
2025,10262388,T25-002663
2025,10262389,T25-001375
2025,10262467,T25-000274
2025,10262485,T25-002349
2025,10262627,T25-001570
2025,10262629,T25-002228
2025,10262651,T25-000799
2025,10262776,T25-000810
2025,10262811,T25-002582
2025,10263091,T25-002575
2025,10263218,T25-000784
2025,10263441,T25-000634
2025,10263640,T25-002358
2025,10263645,T25-000837
2025,10263748,T25-000954
2025,10271043,T25-000940
2025,10271046,T25-000755
2025,10271061,T25-001295
2025,10271723,T25-001376
2025,10271765,T25-002774
2025,10271777,T25-000193
2025,10271890,T25-001210
2025,10272403,T25-000908
2025,10272448,T25-000172
2025,10272505,T25-000808
2025,10272546,T25-001923
2025,10272723,T25-000695
2025,10272840,T25-002347
2025,10273120,T25-001336
2025,10273239,T25-000715
2025,10273307,T25-000275
2025,10273394,T25-002418
2025,10273521,T25-000728
2025,10273678,T25-000419
2025,10281822,T25-000007
2025,10282115,T25-000210
2025,10282205,T25-002730
2025,10282332,T25-000367
2025,10282705,T25-001621
2025,10283173,T25-000662
2025,10283270,T25-001092
2025,10283484,T25-001721
2025,10283576,T25-000863
2025,10283619,T25-000450
2025,10283654,T25-002464
2025,10291029,T25-001713
2025,10291040,T25-002605
2025,10291066,T25-000200
2025,10291100,T25-001380
2025,10291160,T25-000327
2025,10291363,T25-000380
2025,10291372,T25-001463
2025,10291452,T25-002376
2025,10291496,T25-002432
2025,10291684,T25-002257
2025,10291771,T25-001936
2025,10292020,T25-000149
2025,10292023,T25-002537
2025,10292026,T25-002252
2025,10292063,T25-001616
2025,10292504,T25-000594
2025,10292549,T25-000930
2025,10292555,T25-002127
2025,10292700,T25-000742
2025,10292724,T25-000195
2025,10292856,T25-000795
2025,10292873,T25-001257
2025,10292903,T25-002735
2025,10292949,T25-001204
2025,10293026,T25-000225
2025,10293299,T25-001817
2025,10293314,T25-002097
2025,10293337,T25-000911
2025,10293513,T25-000776
2025,10293739,T25-000361
2025,10301063,T25-002244
2025,10301866,T25-001162
2025,10302196,T25-000482
2025,10302235,T25-002653
2025,10302496,T25-001238
2025,10303800,T25-002592
2025,10311033,T25-001153
2025,10311107,T25-000887
2025,10311108,T25-001994
2025,10311269,T25-000853
2025,10311430,T25-002453
2025,10311536,T25-001383
2025,10311556,T25-001353
2025,10311612,T25-001807
2025,10311700,T25-002728
2025,10311793,T25-002798
2025,10311819,T25-000681
2025,10311832,T25-002596
2025,10311903,T25-002232
2025,10312003,T25-000977
2025,10312033,T25-002522
2025,10312041,T25-002348
2025,10312095,T25-002733
2025,10312096,T25-002304
2025,10312306,T25-000049
2025,10312317,T25-001575
2025,10312404,T25-002576
2025,10312469,T25-001715
2025,10312528,T25-000060
2025,10312530,T25-001664
2025,10312594,T25-000391
2025,10312684,T25-000743
2025,10312810,T25-000050
2025,10312877,T25-002684
2025,10312963,T25-002674
2025,10312964,T25-002072
2025,10312985,T25-001015
2025,10312987,T25-000043
2025,10313099,T25-000022
2025,10313118,T25-001754
2025,10313136,T25-001989
2025,10313161,T25-000494
2025,10313168,T25-000078
2025,10313169,T25-001606
2025,10313177,T25-001552
2025,10313258,T25-000037
2025,10313264,T25-002778
2025,10313344,T25-002191
2025,10313451,T25-001727
2025,10313496,T25-001260
2025,10313553,T25-002268
2025,10313566,T25-000835
2025,10313655,T25-000729
2025,10313661,T25-000301
2025,10313711,T25-001299
2025,10313725,T25-002654
2025,10322649,T25-002451
2025,10331180,T25-001567
2025,10331193,T25-001337
2025,10331231,T25-000481
2025,10331805,T25-001868
2025,10331968,T25-002642
2025,10332034,T25-001211
2025,10332349,T25-000131
2025,10332680,T25-000605
2025,10332915,T25-002059
2025,10333130,T25-001631
2025,10333317,T25-000091
2025,10333531,T25-001688
2025,10333673,T25-001155
2025,10341254,T25-002686
2025,10341270,T25-000542
2025,10341334,T25-001277
2025,10341640,T25-000368
2025,10341788,T25-002707
2025,10341929,T25-002471
2025,10342074,T25-001081
2025,10342114,T25-001619
2025,10342156,T25-002485
2025,10342181,T25-001384
2025,10342284,T25-001089
2025,10342337,T25-000251
2025,10342364,T25-002656
2025,10342373,T25-001969
2025,10342414,T25-000346
2025,10342509,T25-000394
2025,10342540,T25-002303
2025,10342626,T25-000828
2025,10342713,T25-001966
2025,10342821,T25-001010
2025,10342841,T25-001589
2025,10342996,T25-001372
2025,10343020,T25-002280
2025,10343193,T25-002359
2025,10343220,T25-001077
2025,10343228,T25-001839
2025,10343229,T25-001327
2025,10343377,T25-001247
2025,10343417,T25-000888
2025,10351055,T25-000096
2025,10351205,T25-001538
2025,10351258,T25-001315
2025,10351261,T25-000256
2025,10351265,T25-000424
2025,10351266,T25-001836
2025,10351317,T25-002616
2025,10351331,T25-000318
2025,10351342,T25-002724
2025,10351449,T25-002296
2025,10351800,T25-001358
2025,10351863,T25-001197
2025,10351964,T25-001717
2025,10352017,T25-001651
2025,10352040,T25-001716
2025,10352109,T25-001526
2025,10352158,T25-002281
2025,10352161,T25-001646
2025,10352166,T25-000089
2025,10352271,T25-000488
2025,10352345,T25-000006
2025,10352484,T25-001083
2025,10352515,T25-001583
2025,10352558,T25-001974
2025,10352742,T25-002176
2025,10352754,T25-000923
2025,10352787,T25-000369
2025,10352832,T25-001117
2025,10352905,T25-001823
2025,10353068,T25-000528
2025,10353206,T25-000430
2025,10353237,T25-001151
2025,10353341,T25-002322
2025,10353519,T25-000757
2025,10353714,T25-001864
2025,10353761,T25-002570
2025,10361024,T25-002295
2025,10361048,T25-002587
2025,10361208,T25-001127
2025,10361248,T25-000477
2025,10361283,T25-000588
2025,10361365,T25-002646
2025,10361387,T25-001154
2025,10361406,T25-001736
2025,10361486,T25-000782
2025,10361733,T25-000535
2025,10361743,T25-000168
2025,10361857,T25-002089
2025,10361861,T25-001439
2025,10361904,T25-000789
2025,10361920,T25-001587
2025,10361931,T25-001251
2025,10361947,T25-002178
2025,10362045,T25-001832
2025,10362105,T25-000300
2025,10362108,T25-000034
2025,10362155,T25-001330
2025,10362220,T25-002222
2025,10362226,T25-000279
2025,10362253,T25-001535
2025,10362282,T25-002290
2025,10362362,T25-001873
2025,10362377,T25-002566
2025,10362663,T25-002655
2025,10362677,T25-002096
2025,10362882,T25-000508
2025,10363007,T25-000663
2025,10363008,T25-001874
2025,10363175,T25-000627
2025,10363188,T25-001948
2025,10363375,T25-002583
2025,10363434,T25-001893
2025,10363445,T25-001018
2025,10363500,T25-002172
2025,10363573,T25-002043
2025,10363589,T25-001737
2025,10363768,T25-001999
2025,10371071,T25-001834
2025,10371803,T25-002058
2025,10371818,T25-001304
2025,10371992,T25-000737
2025,10372320,T25-000407
2025,10373029,T25-001332
2025,10373203,T25-000018
2025,10373242,T25-001258
2025,10381189,T25-001173
2025,10381364,T25-000500
2025,10381391,T25-000385
2025,10381629,T25-002021
2025,10381954,T25-001462
2025,10382177,T25-001543
2025,10382443,T25-000214
2025,10382452,T25-000456
2025,10382688,T25-000333
2025,10382799,T25-000114
2025,10383196,T25-001325
2025,10383358,T25-000697
2025,10383419,T25-000427
2025,10383662,T25-000191
2025,10391117,T25-001425
2025,10391257,T25-002293
2025,10391579,T25-002564
2025,10391590,T25-002301
2025,10391986,T25-001597
2025,10392082,T25-001338
2025,10392091,T25-002456
2025,10392242,T25-001002
2025,10392260,T25-001518
2025,10392518,T25-001281
2025,10392541,T25-002302
2025,10392757,T25-002014
2025,10393112,T25-002109
2025,10393113,T25-002768
2025,10393271,T25-001005
2025,10393326,T25-002241
2025,10393423,T25-002696
2025,10393460,T25-001545
2025,10393497,T25-000021
2025,10393530,T25-002385
2025,10393582,T25-000975
2025,10393684,T25-002647
2025,10393706,T25-002198
2025,10393715,T25-000836
2025,10393738,T25-000443
2025,10393784,T25-000635
2025,10401069,T25-000448
2025,10401210,T25-001932
2025,10401216,T25-000629
2025,10401246,T25-002687
2025,10401599,T25-000055
2025,10401976,T25-001668
2025,10402184,T25-000252
2025,10402503,T25-002541
2025,10403114,T25-000593
2025,10403633,T25-000739
2025,10403775,T25-000331
2025,10403776,T25-002344
2025,10411077,T25-001363
2025,10411136,T25-000308
2025,10411197,T25-002179
2025,10411654,T25-001392
2025,10412005,T25-002227
2025,10412285,T25-000046
2025,10412393,T25-000919
2025,10412438,T25-000212
2025,10412864,T25-000961
2025,10412900,T25-001813
2025,10413406,T25-002170
2025,10413486,T25-002664
2025,10413781,T25-002487
2025,10421021,T25-001166
2025,10421140,T25-001388
2025,10421466,T25-002556
2025,10422062,T25-001983
2025,10422359,T25-001795
2025,10422473,T25-000734
2025,10422632,T25-001298
2025,10423172,T25-000791
2025,10423224,T25-002193
2025,10431110,T25-002263
2025,10431135,T25-000194
2025,10431344,T25-001824
2025,10431347,T25-000398
2025,10431451,T25-000648
2025,10431497,T25-001414
2025,10431503,T25-001453
2025,10431694,T25-002722
2025,10431826,T25-000821
2025,10431852,T25-000159
2025,10431864,T25-001307
2025,10431895,T25-000048
2025,10432010,T25-000458
2025,10432031,T25-000599
2025,10432171,T25-000254
2025,10432203,T25-002641
2025,10432480,T25-001871
2025,10432487,T25-001709
2025,10432657,T25-000003
2025,10432895,T25-001216
2025,10433075,T25-002467
2025,10433088,T25-001496
2025,10433137,T25-001432
2025,10433343,T25-001116
2025,10433396,T25-000693
2025,10433405,T25-002756
2025,10433604,T25-002177
2025,10433627,T25-000180
2025,10433658,T25-001659
2025,10433659,T25-001953
2025,10433674,T25-002369
2025,10433707,T25-002336
2025,10441041,T25-001356
2025,10441834,T25-000406
2025,10442454,T25-001739
2025,10442539,T25-001418
2025,10442641,T25-000566
2025,10442999,T25-001246
2025,10443005,T25-001301
2025,10443238,T25-000262
2025,10443248,T25-001066
2025,10443782,T25-001585
2025,10451259,T25-002749
2025,10451531,T25-001509
2025,10451691,T25-001699
2025,10451725,T25-002350
2025,10451734,T25-001485
2025,10451753,T25-000807
2025,10451779,T25-001794
2025,10451804,T25-000531
2025,10451874,T25-000472
2025,10451882,T25-001131
2025,10451923,T25-002355
2025,10451935,T25-001920
2025,10451966,T25-000820
2025,10452263,T25-001263
2025,10452344,T25-000150
2025,10452370,T25-000683
2025,10452385,T25-002488
2025,10452427,T25-002518
2025,10452435,T25-001272
2025,10452500,T25-000638
2025,10452683,T25-000942
2025,10452695,T25-001676
2025,10452819,T25-002146
2025,10453033,T25-001434
2025,10453294,T25-000004
2025,10453348,T25-000356
2025,10453374,T25-001110
2025,10453533,T25-001696
2025,10461132,T25-002484
2025,10461237,T25-000027
2025,10461353,T25-000773
2025,10461383,T25-000068
2025,10461634,T25-002144
2025,10461951,T25-000272
2025,10462148,T25-002118
2025,10462202,T25-001819
2025,10462434,T25-001378
2025,10462563,T25-002544
2025,10462838,T25-001364
2025,10463246,T25-000259
2025,10463368,T25-001729
2025,10463436,T25-002022
2025,10471368,T25-000900
2025,10471373,T25-001584
2025,10471562,T25-002019
2025,10471630,T25-001686
2025,10471741,T25-001967
2025,10472269,T25-000814
2025,10472327,T25-002752
2025,10472482,T25-000720
2025,10472648,T25-002785
2025,10472659,T25-000717
2025,10473023,T25-001319
2025,10473085,T25-002310
2025,10473155,T25-000026
2025,10473245,T25-001237
2025,10473295,T25-002736
2025,10473319,T25-001537
2025,10481044,T25-000832
2025,10481095,T25-000670
2025,10481176,T25-000922
2025,10481196,T25-001170
2025,10481229,T25-002073
2025,10481230,T25-002589
2025,10481357,T25-002229
2025,10481370,T25-001644
2025,10481506,T25-000030
2025,10481605,T25-001038
2025,10481757,T25-001768
2025,10481768,T25-001808
2025,10481786,T25-000012
2025,10481811,T25-000288
2025,10481898,T25-000902
2025,10481905,T25-000161
2025,10482016,T25-001232
2025,10482050,T25-001025
2025,10482230,T25-002413
2025,10482273,T25-000866
2025,10482297,T25-001395
2025,10482348,T25-002538
2025,10482401,T25-001486
2025,10482506,T25-000075
2025,10482652,T25-002298
2025,10482665,T25-001072
2025,10482796,T25-002130
2025,10482804,T25-001766
2025,10482831,T25-000774
2025,10482945,T25-000798
2025,10483135,T25-001254
2025,10483329,T25-000850
2025,10483386,T25-002695
2025,10483541,T25-000292
2025,10491421,T25-002218
2025,10492375,T25-002294
2025,10492544,T25-002249
2025,10492588,T25-000223
2025,10492672,T25-000160
2025,10492802,T25-000763
2025,10501106,T25-002062
2025,10501296,T25-002088
2025,10501300,T25-001296
2025,10501323,T25-002680
2025,10501420,T25-000676
2025,10501518,T25-000177
2025,10501780,T25-002256
2025,10501816,T25-001386
2025,10502012,T25-000644
2025,10502132,T25-002402
2025,10502187,T25-002230
2025,10502255,T25-001551
2025,10502335,T25-000412
2025,10502519,T25-000044
2025,10502536,T25-002427
2025,10502664,T25-001830
2025,10502690,T25-002598
2025,10502764,T25-000518
2025,10503184,T25-000745
2025,10503376,T25-002740
2025,10503429,T25-000014
2025,10503650,T25-001541
2025,10511359,T25-001291
2025,10511527,T25-002790
2025,10511574,T25-001554
2025,10511989,T25-002396
2025,10512278,T25-000897
2025,10512706,T25-001725
2025,10512942,T25-001406
2025,10513040,T25-002545
2025,10513069,T25-001710
2025,10513078,T25-000765
2025,10513119,T25-001576
2025,10513517,T25-002721
2025,10513651,T25-001648
2025,10513741,T25-001394
2025,10521419,T25-001427
2025,10521450,T25-002024
2025,10522324,T25-002353
2025,10522371,T25-000129
2025,10522654,T25-002529
2025,10522712,T25-001724
2025,10523420,T25-002517
2025,10523567,T25-002326
2025,10523772,T25-002466
2025,10523785,T25-001755
2025,10523799,T25-001641
2025,10531016,T25-000460
2025,10531042,T25-000045
2025,10531138,T25-000980
2025,10531207,T25-000086
2025,10531212,T25-002270
2025,10531233,T25-002272
2025,10531459,T25-000700
2025,10531492,T25-002521
2025,10531571,T25-000890
2025,10531593,T25-000691
2025,10531693,T25-001441
2025,10531883,T25-001262
2025,10532015,T25-000169
2025,10532024,T25-002637
2025,10532097,T25-001108
2025,10532218,T25-001972
2025,10532228,T25-001632
2025,10532262,T25-002640
2025,10532294,T25-002626
2025,10532413,T25-002199
2025,10532497,T25-000485
2025,10532561,T25-000754
2025,10532582,T25-002599
2025,10532872,T25-002742
2025,10532888,T25-000024
2025,10532897,T25-002340
2025,10533016,T25-002203
2025,10533063,T25-001436
2025,10533221,T25-001782
2025,10533415,T25-000411
2025,10533469,T25-002662
2025,10533511,T25-001904
2025,10533691,T25-000444
2025,10533700,T25-000203
2025,10533770,T25-000478
2025,10541333,T25-000803
2025,10541476,T25-002143
2025,10541494,T25-000135
2025,10541617,T25-001684
2025,10541652,T25-000838
2025,10541706,T25-001328
2025,10541720,T25-002025
2025,10542842,T25-000916
2025,10542966,T25-001421
2025,10543053,T25-002633
2025,10543191,T25-001536
2025,10543244,T25-000913
2025,10543316,T25-000185
2025,10551097,T25-000117
2025,10551147,T25-001213
2025,10551164,T25-001118
2025,10551509,T25-002183
2025,10551570,T25-001996
2025,10551589,T25-002732
2025,10551808,T25-000536
2025,10551909,T25-001620
2025,10552106,T25-001602
2025,10552176,T25-000032
2025,10552266,T25-002017
2025,10552276,T25-000366
2025,10552372,T25-000378
2025,10552556,T25-001637
2025,10552604,T25-002751
2025,10552686,T25-000215
2025,10552689,T25-000592
2025,10552824,T25-001748
2025,10553044,T25-001899
2025,10553064,T25-001649
2025,10553201,T25-002134
2025,10553647,T25-000241
2025,10553696,T25-000432
2025,10553718,T25-002720
2025,10561052,T25-001732
2025,10561082,T25-002320
2025,10561225,T25-001679
2025,10561523,T25-002106
2025,10562133,T25-001157
2025,10563018,T25-002332
2025,10563439,T25-002417
2025,10563686,T25-001001
2025,10563758,T25-002519
2025,10582622,T25-000624
2025,10591096,T25-002166
2025,10591260,T25-000182
2025,10591263,T25-000360
2025,10591897,T25-001019
2025,10592272,T25-001706
2025,10592416,T25-001273
2025,10592499,T25-002629
2025,10593042,T25-000690
2025,10593083,T25-000100
2025,10593192,T25-001985
2025,10593373,T25-000538
2025,10593402,T25-000551
2025,10593713,T25-001816
2025,10593720,T25-001512
2025,10601113,T25-000400
2025,10601187,T25-001087
2025,10601203,T25-001618
2025,10601235,T25-001776
2025,10601247,T25-001059
2025,10601282,T25-000261
2025,10601318,T25-001422
2025,10601707,T25-002067
2025,10601879,T25-002665
2025,10601949,T25-002610
2025,10602120,T25-001625
2025,10602456,T25-000302
2025,10602475,T25-001946
2025,10602486,T25-002090
2025,10602521,T25-000381
2025,10602793,T25-002754
2025,10602860,T25-002586
2025,10602950,T25-001465
2025,10603082,T25-001417
2025,10603338,T25-002490
2025,10603494,T25-002645
2025,10603526,T25-002292
2025,10603719,T25-000620
2025,10603771,T25-002787
2025,10603780,T25-001045
2025,10612154,T25-002708
2025,10612222,T25-001847
2025,10612238,T25-001613
2025,10612511,T25-002563
2025,10613154,T25-000914
2025,10621045,T25-002493
2025,10621413,T25-002003
2025,10621669,T25-002273
2025,10621865,T25-000861
2025,10622102,T25-002678
2025,10622150,T25-001467
2025,10622310,T25-000437
2025,10622431,T25-000329
2025,10622718,T25-000376
2025,10622720,T25-002796
2025,10623309,T25-002277
2025,10623311,T25-002443
2025,10623342,T25-000035
2025,10623750,T25-001959
2025,10631162,T25-002627
2025,10631169,T25-001233
2025,10631234,T25-002149
2025,10631336,T25-000572
2025,10631410,T25-001058
2025,10631436,T25-001357
2025,10631489,T25-000567
2025,10631535,T25-001137
2025,10631724,T25-002315
2025,10631912,T25-001760
2025,10632057,T25-002212
2025,10632160,T25-000584
2025,10632507,T25-000319
2025,10632593,T25-000002
2025,10632613,T25-002409
2025,10632628,T25-001600
2025,10632777,T25-000121
2025,10632784,T25-002354
2025,10632916,T25-002702
2025,10632974,T25-000345
2025,10633002,T25-002150
2025,10633090,T25-001802
2025,10633115,T25-000267
2025,10633117,T25-000218
2025,10633399,T25-000293
2025,10633592,T25-002254
2025,10641529,T25-002469
2025,10641587,T25-001557
2025,10641971,T25-001067
2025,10642068,T25-002528
2025,10642319,T25-000522
2025,10642347,T25-000664
2025,10642531,T25-001825
2025,10642674,T25-000059
2025,10643035,T25-002400
2025,10643106,T25-001860
2025,10643167,T25-001498
2025,10643354,T25-000527
2025,10643590,T25-000842
2025,10651667,T25-002509
2025,10651668,T25-001694
2025,10652056,T25-002410
2025,10652071,T25-000991
2025,10652224,T25-001743
2025,10652644,T25-000957
2025,10652986,T25-002607
2025,10653163,T25-002533
2025,10653225,T25-000029
2025,10653279,T25-001255
2025,10653464,T25-001917
2025,10653574,T25-002406
2025,10661279,T25-001689
2025,10661473,T25-001555
2025,10661714,T25-002459
2025,10661885,T25-001718
2025,10662267,T25-001973
2025,10662376,T25-001726
2025,10662382,T25-001927
2025,10662847,T25-002000
2025,10662913,T25-001517
2025,10663422,T25-000464
2025,10663459,T25-001800
2025,10663490,T25-002549
2025,10663509,T25-001695
2025,10663621,T25-001221
2025,10663624,T25-001385
2025,10671038,T25-000413
2025,10671220,T25-000652
2025,10671267,T25-002107
2025,10671500,T25-000573
2025,10671785,T25-000076
2025,10672048,T25-000871
2025,10672252,T25-000087
2025,10672714,T25-000307
2025,10672989,T25-000564
2025,10673410,T25-001801
2025,10673544,T25-002338
2025,10681292,T25-001516
2025,10681799,T25-001229
2025,10681969,T25-001113
2025,10682126,T25-000493
2025,10682322,T25-001508
2025,10683320,T25-001479
2025,10691074,T25-000237
2025,10691161,T25-000685
2025,10691437,T25-000441
2025,10692406,T25-001340
2025,10693011,T25-002557
2025,10693036,T25-002057
2025,10693254,T25-001438
2025,10693267,T25-000986
2025,10693328,T25-000973
2025,10693610,T25-000716
2025,10701308,T25-001132
2025,10701618,T25-000557
2025,10701844,T25-002220
2025,10701911,T25-002543
2025,10701967,T25-000730
2025,10702051,T25-000167
2025,10702119,T25-001970
2025,10702428,T25-000487
2025,10702453,T25-000166
2025,10702559,T25-000615
2025,10702697,T25-000802
2025,10702957,T25-001444
2025,10703233,T25-000285
2025,10703435,T25-001030
2025,10703473,T25-001978
2025,10703586,T25-002037
2025,10703690,T25-002668
2025,10703767,T25-002065
2025,10703778,T25-000001
2025,10731177,T25-001504
2025,10731442,T25-000709
2025,10731542,T25-001733
2025,10731642,T25-000277
2025,10731745,T25-000637
2025,10731848,T25-001586
2025,10731855,T25-000581
2025,10731860,T25-002784
2025,10731957,T25-001169
2025,10732055,T25-002771
2025,10732338,T25-001027
2025,10732465,T25-001901
2025,10732474,T25-002248
2025,10732517,T25-000585
2025,10732760,T25-002047
2025,10732839,T25-001460
2025,10732852,T25-001020
2025,10732982,T25-001614
2025,10733061,T25-001452
2025,10733104,T25-001013
2025,10733333,T25-000979
2025,10733442,T25-000559
2025,10733461,T25-001278
2025,10733478,T25-000767
2025,10733687,T25-000595
2025,10733796,T25-000111
2025,10741019,T25-000881
2025,10741031,T25-002251
2025,10741116,T25-001243
2025,10741130,T25-002077
2025,10741222,T25-001561
2025,10741228,T25-002112
2025,10741285,T25-000328
2025,10741305,T25-000947
2025,10741311,T25-000374
2025,10741338,T25-001360
2025,10741433,T25-001939
2025,10741525,T25-000873
2025,10741614,T25-001098
2025,10741719,T25-001869
2025,10741763,T25-000287
2025,10742030,T25-002667
2025,10742058,T25-000123
2025,10742087,T25-002799
2025,10742098,T25-000706
2025,10742621,T25-001136
2025,10742691,T25-000772
2025,10742703,T25-001196
2025,10742786,T25-002382
2025,10742803,T25-000079
2025,10742827,T25-000138
2025,10742855,T25-002779
2025,10742883,T25-001174
2025,10742929,T25-000249
2025,10743250,T25-002147
2025,10743255,T25-000233
2025,10743286,T25-001653
2025,10743395,T25-001429
2025,10743414,T25-002672
2025,10743447,T25-002375
2025,10743455,T25-001595
2025,10743479,T25-002040
2025,10743613,T25-000314
2025,10743666,T25-000344
2025,10743693,T25-001888
2025,10751124,T25-002502
2025,10751417,T25-000332
2025,10751465,T25-001568
2025,10752094,T25-000834
2025,10752168,T25-002603
2025,10752216,T25-001767
2025,10752240,T25-002175
2025,10752247,T25-002395
2025,10752351,T25-000506
2025,10752450,T25-002384
2025,10752580,T25-001182
2025,10752907,T25-001661
2025,10753127,T25-001639
2025,10753187,T25-002060
2025,10753355,T25-001982
2025,10761059,T25-000578
2025,10761454,T25-001790
2025,10761998,T25-000661
2025,10762001,T25-001224
2025,10762101,T25-002346
2025,10762164,T25-000654
2025,10762233,T25-001902
2025,10762661,T25-000423
2025,10762898,T25-000680
2025,10762972,T25-000064
2025,10763149,T25-001488
2025,10763260,T25-002234
2025,10763704,T25-000235
2025,10771221,T25-002016
2025,10771395,T25-000938
2025,10771875,T25-001828
2025,10771925,T25-001837
2025,10773065,T25-001266
2025,10773265,T25-002361
2025,10783350,T25-002086
2025,10791102,T25-001665
2025,10791111,T25-000303
2025,10791122,T25-000583
2025,10791217,T25-002219
2025,10791219,T25-001779
2025,10791330,T25-001473
2025,10791453,T25-001094
2025,10791524,T25-001611
2025,10791709,T25-000202
2025,10791710,T25-000597
2025,10791740,T25-002414
2025,10791906,T25-001097
2025,10792257,T25-001186
2025,10792283,T25-002108
2025,10792405,T25-000812
2025,10792529,T25-000130
2025,10792666,T25-000928
2025,10792669,T25-000112
2025,10792709,T25-002312
2025,10792809,T25-001702
2025,10793214,T25-001294
2025,10793253,T25-001578
2025,10821079,T25-001720
2025,10821125,T25-000990
2025,10821131,T25-001041
2025,10821137,T25-001628
2025,10821584,T25-000468
2025,10821594,T25-000555
2025,10821664,T25-001006
2025,10821665,T25-002424
2025,10821983,T25-001171
2025,10822079,T25-000414
2025,10822191,T25-001626
2025,10822694,T25-002181
2025,10822998,T25-001078
2025,10823051,T25-000632
2025,10823744,T25-002750
2025,10831171,T25-000503
2025,10831301,T25-002342
2025,10831325,T25-001302
2025,10831515,T25-002120
2025,10831613,T25-001487
2025,10831717,T25-000253
2025,10831839,T25-002747
2025,10831891,T25-001135
2025,10831922,T25-000874
2025,10831980,T25-000537
2025,10832225,T25-002010
2025,10832446,T25-000694
2025,10832488,T25-000127
2025,10832532,T25-000469
2025,10832566,T25-000226
2025,10832755,T25-000849
2025,10832850,T25-001044
2025,10832886,T25-000479
2025,10832893,T25-000354
2025,10832899,T25-001198
2025,10832927,T25-001389
2025,10833012,T25-002650
2025,10833100,T25-001758
2025,10833325,T25-002511
2025,10833370,T25-002649
2025,10833463,T25-000033
2025,10833470,T25-000080
2025,10833471,T25-000397
2025,10833549,T25-001945
2025,10833747,T25-000796
2025,10841455,T25-002092
2025,10841467,T25-002209
2025,10841498,T25-000777
2025,10841501,T25-001778
2025,10841588,T25-000878
2025,10841608,T25-002439
2025,10841671,T25-001719
2025,10841674,T25-001572
2025,10841769,T25-002694
2025,10841820,T25-002689
2025,10841950,T25-002454
2025,10842099,T25-000379
2025,10842129,T25-002632
2025,10842264,T25-000612
2025,10842300,T25-002255
2025,10842321,T25-000504
2025,10842363,T25-002028
2025,10842365,T25-001886
2025,10842859,T25-000090
2025,10842938,T25-000141
2025,10843103,T25-000330
2025,10843185,T25-000370
2025,10843211,T25-001855
2025,10843577,T25-001662
2025,10843794,T25-002187
2025,10851065,T25-002079
2025,10851271,T25-000220
2025,10851663,T25-000054
2025,10851738,T25-000401
2025,10851952,T25-000323
2025,10852608,T25-000575
2025,10853284,T25-000431
2025,10853501,T25-001656
2025,10853779,T25-002714
2025,10861482,T25-002550
2025,10862368,T25-001881
2025,10862990,T25-000687
2025,10863205,T25-001085
2025,10871297,T25-000334
2025,10881262,T25-001415
2025,10881346,T25-001841
2025,10881381,T25-001309
2025,10881596,T25-001556
2025,10881737,T25-000429
2025,10881782,T25-001088
2025,10882123,T25-000869
2025,10882624,T25-001252
2025,10882698,T25-000066
2025,10882743,T25-001208
2025,10883034,T25-000061
2025,10883158,T25-001090
2025,10883321,T25-002026
2025,10883356,T25-001034
2025,10883365,T25-000845
2025,10883587,T25-000932
2025,10883722,T25-000434
2025,10893448,T25-002407
2025,10901775,T25-001687
2025,10902217,T25-002291
2025,10902444,T25-000315
2025,10902592,T25-001840
2025,10903123,T25-000534
2025,10903278,T25-000686
2025,10903642,T25-002258
2025,10903698,T25-000719
2025,10903766,T25-000948
2025,10911114,T25-002766
2025,10911366,T25-002091
2025,10911761,T25-002639
2025,10911783,T25-002306
2025,10911843,T25-002115
2025,10911975,T25-001043
2025,10912125,T25-000473
2025,10912350,T25-001891
2025,10912357,T25-002390
2025,10912494,T25-002634
2025,10912508,T25-001787
2025,10912568,T25-001069
2025,10912579,T25-002479
2025,10913024,T25-002411
2025,10913312,T25-001448
2025,10913359,T25-001580
2025,10913623,T25-000726
2025,10913712,T25-002446
2025,10913716,T25-001055
2025,10913756,T25-000678
2025,10921194,T25-002461
2025,10921200,T25-000372
2025,10921519,T25-001553
2025,10921575,T25-002111
2025,10921676,T25-000445
2025,10921749,T25-000511
2025,10921894,T25-002007
2025,10921915,T25-002745
2025,10922054,T25-001829
2025,10922237,T25-001230
2025,10922303,T25-000306
2025,10922481,T25-000972
2025,10923009,T25-000530
2025,10923041,T25-000501
2025,10923222,T25-000260
2025,10923276,T25-001579
2025,10923378,T25-000486
2025,10923525,T25-001711
2025,10931249,T25-002381
2025,10931313,T25-002744
2025,10931659,T25-001459
2025,10931794,T25-002615
2025,10932113,T25-001190
2025,10932117,T25-002481
2025,10932182,T25-000116
2025,10932223,T25-000118
2025,10932537,T25-000865
2025,10932825,T25-001909
2025,10932857,T25-001343
2025,10933003,T25-002505
2025,10933013,T25-000216
2025,10933361,T25-002492
2025,10933432,T25-002190
2025,10933468,T25-000352
2025,10933572,T25-001954
2025,10933757,T25-001122
2025,10941201,T25-000936
2025,10941428,T25-000920
2025,10941713,T25-000927
2025,10942141,T25-002535
2025,10942781,T25-001831
2025,10943357,T25-001012
2025,10943751,T25-001004
2025,10951244,T25-001708
2025,10951698,T25-000101
2025,10951746,T25-002567
2025,10951827,T25-002536
2025,10952011,T25-000093
2025,10952192,T25-000243
2025,10952843,T25-002620
2025,10953059,T25-000515
2025,10953086,T25-002142
2025,10953268,T25-001115
2025,10961218,T25-000295
2025,10961481,T25-000298
2025,10963262,T25-001780
2025,10963475,T25-000759
2025,10971037,T25-000824
2025,10971083,T25-000297
2025,10971213,T25-001446
2025,10971238,T25-000967
2025,10971309,T25-000455
2025,10971377,T25-002405
2025,10971427,T25-000568
2025,10971516,T25-000711
2025,10971528,T25-001565
2025,10971567,T25-000656
2025,10971620,T25-002609
2025,10971840,T25-000435
2025,10971899,T25-002553
2025,10971932,T25-001735
2025,10972065,T25-001192
2025,10972135,T25-001789
2025,10972251,T25-000625
2025,10972399,T25-000316
2025,10972476,T25-000976
2025,10972662,T25-000823
2025,10972692,T25-000945
2025,10972936,T25-000013
2025,10973150,T25-000190
2025,10973152,T25-000982
2025,10973176,T25-000909
2025,10973208,T25-001178
2025,10973236,T25-001700
2025,10973407,T25-002083
2025,10973443,T25-001596
2025,10973503,T25-000499
2025,10973643,T25-002018
2025,10981168,T25-001691
2025,10981293,T25-002726
2025,10981332,T25-001995
2025,10981345,T25-002491
2025,10981440,T25-000600
2025,10981475,T25-001189
2025,10981508,T25-002783
2025,10981513,T25-000248
2025,10981602,T25-000894
2025,10981682,T25-002600
2025,10981726,T25-001915
2025,10981790,T25-000008
2025,10981797,T25-002161
2025,10981825,T25-000146
2025,10981868,T25-002438
2025,10981927,T25-000733
2025,10982019,T25-002579
2025,10982174,T25-000072
2025,10982219,T25-001167
2025,10982258,T25-001925
2025,10982395,T25-001884
2025,10982470,T25-000405
2025,10982493,T25-000875
2025,10982600,T25-001073
2025,10982625,T25-001349
2025,10982710,T25-000244
2025,10982727,T25-000905
2025,10982789,T25-002307
2025,10982805,T25-001905
2025,10982881,T25-000560
2025,10982940,T25-000128
2025,10982980,T25-001562
2025,10982991,T25-002430
2025,10983000,T25-001865
2025,10983021,T25-002473
2025,10983043,T25-002777
2025,10983074,T25-002692
2025,10983116,T25-001483
2025,10983138,T25-001481
2025,10983156,T25-000943
2025,10983204,T25-001612
2025,10983216,T25-001076
2025,10983318,T25-001084
2025,10983339,T25-001433
2025,10983384,T25-002764
2025,10983387,T25-000269
2025,10983495,T25-000613
2025,10983512,T25-001928
2025,10983523,T25-000198
2025,10983538,T25-002604
2025,10983552,T25-002791
2025,10983560,T25-001181
2025,10983600,T25-001861
2025,10983644,T25-001549
2025,10983682,T25-000944
2025,10983728,T25-001222
2025,10983795,T25-001588
2025,10991153,T25-000963
2025,10991294,T25-001866
2025,10991414,T25-002506
2025,10991561,T25-002138
2025,10991632,T25-001470
2025,10991721,T25-001139
2025,10992268,T25-001407
2025,10992801,T25-002114
2025,10993680,T25-002308
2025,10993708,T25-001607
2025,11001005,T25-000673
2025,11001126,T25-002113
2025,11001163,T25-000840
2025,11001272,T25-000350
2025,11001369,T25-001035
2025,11001692,T25-000310
2025,11001958,T25-001297
2025,11002092,T25-001772
2025,11003096,T25-000886
2025,11003398,T25-000713
2025,11003555,T25-000565
2025,11003646,T25-002135
2025,11011277,T25-001956
2025,11011439,T25-002450
2025,11011472,T25-001908
2025,11011666,T25-001931
2025,11011716,T25-000855
2025,11011747,T25-002762
2025,11011853,T25-001657
2025,11011876,T25-001590
2025,11011934,T25-000197
2025,11011939,T25-002275
2025,11012073,T25-001844
2025,11012147,T25-001240
2025,11012165,T25-001250
2025,11012211,T25-002540
2025,11012275,T25-001944
2025,11012343,T25-001416
2025,11012346,T25-002510
2025,11012380,T25-001284
2025,11012422,T25-002368
2025,11012554,T25-002644
2025,11012715,T25-000335
2025,11012806,T25-001918
2025,11012826,T25-000532
2025,11012884,T25-001929
2025,11013140,T25-001785
2025,11013247,T25-000103
2025,11013308,T25-000273
2025,11013389,T25-000655
2025,11013450,T25-000591
2025,11013537,T25-002709
2025,11013585,T25-002500
2025,11013605,T25-000158
2025,11013717,T25-002452
2025,11021068,T25-002462
2025,11021569,T25-001445
2025,11021622,T25-002718
2025,11021637,T25-001119
2025,11022169,T25-000649
2025,11022249,T25-000993
2025,11022330,T25-002608
2025,11022502,T25-001031
2025,11023564,T25-000170
2025,11023726,T25-002282
2025,11031290,T25-002223
2025,11031690,T25-001091
2025,11031806,T25-002638
2025,11032014,T25-000946
2025,11032170,T25-001617
2025,11032790,T25-001142
2025,11033071,T25-000671
2025,11033166,T25-002331
2025,11041030,T25-001629
2025,11041050,T25-002562
2025,11041273,T25-001935
2025,11041351,T25-000699
2025,11041510,T25-001788
2025,11041557,T25-001175
2025,11041924,T25-002624
2025,11041982,T25-000760
2025,11042342,T25-000498
2025,11042392,T25-000839
2025,11042459,T25-000682
2025,11042492,T25-002154
2025,11042577,T25-000889
2025,11042615,T25-001283
2025,11042876,T25-001530
2025,11043391,T25-000132
2025,11043482,T25-000956
2025,11051075,T25-002371
2025,11051119,T25-000562
2025,11051202,T25-002247
2025,11051287,T25-000514
2025,11051499,T25-001354
2025,11051576,T25-002676
2025,11051656,T25-001882
2025,11051688,T25-000854
2025,11051965,T25-000526
2025,11052029,T25-002374
2025,11052088,T25-001440
2025,11052210,T25-001997
2025,11052213,T25-000102
2025,11052265,T25-002658
2025,11052280,T25-001288
2025,11052417,T25-000901
2025,11052425,T25-002145
2025,11052498,T25-000005
2025,11052573,T25-001805
2025,11052678,T25-001264
2025,11052687,T25-000619
2025,11052699,T25-001916
2025,11052820,T25-000764
2025,11052889,T25-000636
2025,11053107,T25-002269
2025,11053131,T25-000351
2025,11053147,T25-000396
2025,11053292,T25-000281
2025,11053330,T25-002287
2025,11053400,T25-001379
2025,11053408,T25-001106
2025,11053426,T25-001235
2025,11053444,T25-000596
2025,11053505,T25-000119
2025,11061007,T25-000877
2025,11061008,T25-002080
2025,11061028,T25-002235
2025,11061324,T25-000616
2025,11061393,T25-002196
2025,11061828,T25-000576
2025,11062565,T25-000883
2025,11062866,T25-001680
2025,11062979,T25-001924
2025,11063066,T25-000070
2025,11063179,T25-000467
2025,11063235,T25-000009
2025,11063259,T25-002365
2025,11063353,T25-000388
2025,11071032,T25-000036
2025,11071156,T25-001503
2025,11071314,T25-000747
2025,11072144,T25-001334
2025,11072356,T25-001244
2025,11072711,T25-002288
2025,11072756,T25-001245
2025,11073198,T25-000083
2025,11081036,T25-001859
2025,11081139,T25-002053
2025,11081152,T25-002095
2025,11081404,T25-000171
2025,11082084,T25-000833
2025,11082415,T25-001714
2025,11083038,T25-002165
2025,11083275,T25-002442
2025,11091157,T25-001382
2025,11091214,T25-000660
2025,11091315,T25-001402
2025,11091677,T25-000480
2025,11092038,T25-001838
2025,11092524,T25-000069
2025,11092534,T25-001179
2025,11092834,T25-001324
2025,11093062,T25-001843
2025,11093274,T25-001207
2025,11093281,T25-001655
2025,11093306,T25-000727
2025,11093351,T25-001265
2025,11093413,T25-000862
2025,11093593,T25-000246
2025,11101053,T25-001842
2025,11101064,T25-001403
2025,11101148,T25-002515
2025,11101255,T25-001290
2025,11101490,T25-000519
2025,11101502,T25-000903
2025,11101544,T25-002423
2025,11101619,T25-000186
2025,11101648,T25-001751
2025,11101727,T25-002242
2025,11101823,T25-001933
2025,11101987,T25-000817
2025,11102008,T25-001667
2025,11102149,T25-000995
2025,11102234,T25-000459
2025,11102236,T25-002623
2025,11102398,T25-001907
2025,11102501,T25-000513
2025,11102585,T25-002512
2025,11102737,T25-001205
2025,11102828,T25-001183
2025,11103049,T25-001566
2025,11103073,T25-001746
2025,11103122,T25-002746
2025,11103195,T25-002408
2025,11103241,T25-001275
2025,11103288,T25-002046
2025,11103591,T25-001889
2025,11111087,T25-001638
2025,11111134,T25-001547
2025,11111426,T25-001812
2025,11111479,T25-001146
2025,11111984,T25-002129
2025,11112947,T25-001818
2025,11112956,T25-001362
2025,11131085,T25-002436
2025,11131123,T25-001856
2025,11131521,T25-001482
2025,11131538,T25-000748
2025,11131705,T25-001910
2025,11131796,T25-001234
2025,11131842,T25-002613
2025,11131917,T25-002182
2025,11131999,T25-001120
2025,11132072,T25-001101
2025,11132232,T25-000725
2025,11132400,T25-001469
2025,11132550,T25-002231
2025,11132612,T25-001093
2025,11132708,T25-001184
2025,11132738,T25-000758
2025,11132995,T25-001048
2025,11133457,T25-002345
2025,11133498,T25-001849
2025,11133507,T25-001951
2025,11133558,T25-000410
2025,11133565,T25-001054
2025,11133601,T25-001023
2025,11133671,T25-000156
2025,11141034,T25-000675
2025,11141039,T25-001652
2025,11141146,T25-001193
2025,11141184,T25-000520
2025,11141195,T25-002659
2025,11141276,T25-001964
2025,11141388,T25-001599
2025,11141412,T25-000371
2025,11141651,T25-001342
2025,11141712,T25-001068
2025,11141942,T25-000224
2025,11142059,T25-000264
2025,11142103,T25-000108
2025,11142304,T25-000020
2025,11142328,T25-002776
2025,11142402,T25-000912
2025,11142520,T25-000785
2025,11142542,T25-001339
2025,11142794,T25-001609
2025,11142815,T25-000781
2025,11142874,T25-000266
2025,11142908,T25-002474
2025,11142914,T25-001592
2025,11142923,T25-002614
2025,11142932,T25-002497
2025,11142970,T25-001112
2025,11143060,T25-001752
2025,11143080,T25-001280
2025,11143251,T25-002723
2025,11143614,T25-001977
2025,11151250,T25-001270
2025,11151307,T25-001369
2025,11151312,T25-001159
2025,11151343,T25-000674
2025,11151352,T25-001643
2025,11151407,T25-000387
2025,11151978,T25-001086
2025,11152128,T25-002034
2025,11152142,T25-002052
2025,11152248,T25-000672
2025,11152567,T25-001074
2025,11152732,T25-000643
2025,11152829,T25-002071
2025,11152951,T25-000342
2025,11153139,T25-002056
2025,11153234,T25-001605
2025,11153630,T25-000265
2025,11161337,T25-001870
2025,11161390,T25-000864
2025,11161854,T25-001318
2025,11162955,T25-000983
2025,11163121,T25-001741
2025,11163403,T25-000052
2025,11163721,T25-002217
2025,11163777,T25-000343
2025,11171762,T25-000137
2025,11171881,T25-001292
2025,11172601,T25-002483
2025,11173240,T25-001109
2025,11173437,T25-001228
2025,11181022,T25-000917
2025,11181105,T25-002701
2025,11181286,T25-002447
2025,11181329,T25-000829
2025,11181361,T25-002236
2025,11181385,T25-002163
2025,11181394,T25-001531
2025,11181409,T25-002048
2025,11181469,T25-001450
2025,11182046,T25-001393
2025,11182595,T25-000382
2025,11182634,T25-001750
2025,11182759,T25-000830
2025,11182862,T25-001947
2025,11183143,T25-002123
2025,11183760,T25-000630
2025,11183786,T25-000790
2025,11183789,T25-001274
2025,11191127,T25-002041
2025,11191299,T25-002066
2025,11191611,T25-000416
2025,11191736,T25-001876
2025,11191792,T25-002593
2025,11191833,T25-002476
2025,11192212,T25-000891
2025,11192305,T25-000358
2025,11192483,T25-002098
2025,11193128,T25-000804
2025,11193132,T25-000011
2025,11193261,T25-000766
2025,11193382,T25-002468
2025,11193411,T25-001397
2025,11193540,T25-002673
2025,11201058,T25-002561
2025,11201172,T25-001930
2025,11201327,T25-001529
2025,11201504,T25-002093
2025,11201568,T25-001144
2025,11201627,T25-001428
2025,11201628,T25-000639
2025,11201662,T25-001900
2025,11201759,T25-002591
2025,11201889,T25-000587
2025,11201948,T25-001104
2025,11202028,T25-002139
2025,11202134,T25-000173
2025,11202146,T25-001134
2025,11202195,T25-002560
2025,11202204,T25-002180
2025,11202313,T25-002514
2025,11202409,T25-002486
2025,11202643,T25-001022
2025,11202782,T25-001050
2025,11202879,T25-001872
2025,11202921,T25-002373
2025,11203485,T25-000937
2025,11203559,T25-000110
2025,11203689,T25-002221
2025,11203692,T25-002767
2025,11211186,T25-001156
2025,11211240,T25-001604
2025,11211252,T25-001276
2025,11211403,T25-002683
2025,11211580,T25-002643
2025,11211581,T25-001253
2025,11211718,T25-002008
2025,11212052,T25-000471
2025,11212193,T25-000438
2025,11212311,T25-001822
2025,11212333,T25-000104
2025,11212355,T25-002329
2025,11212646,T25-001390
2025,11212676,T25-001544
2025,11212868,T25-002531
2025,11212930,T25-000657
2025,11213199,T25-000359
2025,11213212,T25-001851
2025,11213392,T25-000120
2025,11213404,T25-001571
2025,11213561,T25-000339
2025,11221027,T25-001806
2025,11221143,T25-000960
2025,11221374,T25-000395
2025,11221478,T25-002617
2025,11221487,T25-002475
2025,11221533,T25-001269
2025,11221703,T25-002378
2025,11222036,T25-001777
2025,11222064,T25-001811
2025,11222116,T25-001411
2025,11222131,T25-001285
2025,11222245,T25-001456
2025,11222307,T25-002031
2025,11222547,T25-002267
2025,11222909,T25-002094
2025,11223004,T25-002246
2025,11223022,T25-000071
2025,11223499,T25-000753
2025,11223606,T25-001419
2025,11231129,T25-002700
2025,11231474,T25-002168
2025,11231610,T25-000959
2025,11231639,T25-001075
2025,11231974,T25-001672
2025,11232124,T25-002363
2025,11232716,T25-001217
2025,11232726,T25-000816
2025,11232741,T25-001443
2025,11232763,T25-001671
2025,11232969,T25-001520
2025,11233551,T25-001598
2025,11233570,T25-002415
2025,11251047,T25-001279
2025,11251088,T25-002403
2025,11251128,T25-001500
2025,11251199,T25-000933
2025,11251429,T25-001121
2025,11251621,T25-002729
2025,11251643,T25-002153
2025,11251647,T25-001942
2025,11251730,T25-002797
2025,11251887,T25-002495
2025,11251936,T25-002286
2025,11251970,T25-001344
2025,11252070,T25-002159
2025,11252104,T25-000175
2025,11252175,T25-000305
2025,11252208,T25-002215
2025,11252209,T25-000974
2025,11252553,T25-000286
2025,11252619,T25-002571
2025,11252636,T25-002738
2025,11252642,T25-000981
2025,11252901,T25-001658
2025,11252994,T25-001256
2025,11253094,T25-001489
2025,11253134,T25-001014
2025,11253153,T25-001603
2025,11253327,T25-000348
2025,11253366,T25-000311
2025,11253425,T25-000955
2025,11253456,T25-000466
2025,11253677,T25-001206
2025,11253746,T25-001560
2025,11262510,T25-001577
2025,11271003,T25-000752
2025,11271558,T25-000148
2025,11271870,T25-001698
2025,11272080,T25-000762
2025,11272597,T25-001271
2025,11273793,T25-002671
2025,11281010,T25-000461
2025,11281101,T25-002141
2025,11281144,T25-002758
2025,11281158,T25-002311
2025,11281185,T25-001377
2025,11281190,T25-001194
2025,11281251,T25-000876
2025,11281384,T25-000309
2025,11281397,T25-002265
2025,11281422,T25-002119
2025,11281477,T25-001188
2025,11281577,T25-001738
2025,11281616,T25-002162
2025,11281755,T25-002677
2025,11281851,T25-001499
2025,11281916,T25-002399
2025,11281945,T25-001963
2025,11282292,T25-000187
2025,11282361,T25-002710
2025,11282418,T25-000939
2025,11282457,T25-001624
2025,11282564,T25-002167
2025,11282935,T25-002023
2025,11282978,T25-001510
2025,11282984,T25-001742
2025,11283108,T25-000722
2025,11283181,T25-002132
2025,11283349,T25-001322
2025,11283580,T25-000015
2025,11283615,T25-001300
2025,11291295,T25-000470
2025,11291563,T25-001799
2025,11291649,T25-000598
2025,11291744,T25-002706
2025,11292076,T25-001971
2025,11292458,T25-002104
2025,11292617,T25-000721
2025,11292745,T25-000696
2025,11292753,T25-000906
2025,11292961,T25-000320
2025,11293223,T25-001239
2025,11293269,T25-001608
2025,11293352,T25-001149
2025,11293508,T25-000723
2025,11293675,T25-002416
2025,11293709,T25-000058
2025,11293743,T25-000751
2025,11293788,T25-002027
2025,11302655,T25-001099
2025,11303151,T25-000263
2025,11311335,T25-000533
2025,11311458,T25-001539
2025,11311675,T25-000409
2025,11312557,T25-001627
2025,11312871,T25-001761
2025,11313019,T25-000353
2025,11313219,T25-000898
2025,11313232,T25-001391
2025,11313774,T25-000106
2025,11321092,T25-000028
2025,11321288,T25-000085
2025,11321626,T25-000858
2025,11322049,T25-000229
2025,11322603,T25-001347
2025,11323109,T25-001558
2025,11323303,T25-002388
2025,11323347,T25-001712
2025,11323597,T25-000188
2025,11323603,T25-002753
2025,11323798,T25-002697
2025,11331150,T25-000614
2025,11331597,T25-001367
2025,11331683,T25-001129
2025,11332244,T25-002763
2025,11343516,T25-002189
2025,11351638,T25-002588
2025,11351641,T25-002207
2025,11351751,T25-001955
2025,11351850,T25-001574
2025,11352445,T25-002050
2025,11353528,T25-002032
2025,11353542,T25-001962
2025,11353688,T25-000556
2025,11371057,T25-001744
2025,11371094,T25-002192
2025,11371380,T25-000250
2025,11371699,T25-001610
2025,11371919,T25-002525
2025,11372339,T25-000962
2025,11372797,T25-002524
2025,11372939,T25-000741
2025,11373039,T25-002054
2025,11373101,T25-002580
2025,11381015,T25-001408
2025,11381051,T25-000779
2025,11381321,T25-000179
2025,11381546,T25-001095
2025,11381908,T25-001152
2025,11381988,T25-001815
2025,11381997,T25-000825
2025,11382089,T25-001126
2025,11382768,T25-002795
2025,11382861,T25-002460
2025,11383277,T25-000147
2025,11383335,T25-001461
2025,11383547,T25-000998
2025,11383703,T25-002319
2025,11383783,T25-000642
2025,11383791,T25-001220
2025,11391012,T25-000474
2025,11391086,T25-001420
2025,11391242,T25-000885
2025,11391697,T25-001227
2025,11391704,T25-002652
2025,11391801,T25-002734
2025,11391837,T25-002343
2025,11392085,T25-002444
2025,11392112,T25-002364
2025,11392381,T25-002352
2025,11392462,T25-002660
2025,11392513,T25-002262
2025,11392837,T25-001669
2025,11392854,T25-001231
2025,11392934,T25-000811
2025,11392981,T25-002523
2025,11393287,T25-001466
2025,11393581,T25-000794
2025,11393638,T25-000176
2025,11401423,T25-001431
2025,11401658,T25-002679
2025,11402447,T25-001728
2025,11402570,T25-002250
2025,11402598,T25-000153
2025,11402735,T25-001650
2025,11402891,T25-002333
2025,11403632,T25-002205
2025,11411319,T25-001922
2025,11411711,T25-001314
2025,11412100,T25-001722
2025,11412246,T25-001053
2025,11412870,T25-000851
2025,11413165,T25-000626
2025,11413301,T25-002012
2025,11421072,T25-002499
2025,11421145,T25-002552
2025,11421548,T25-001784
2025,11421846,T25-001102
2025,11421933,T25-002337
2025,11422290,T25-001934
2025,11422645,T25-001814
2025,11422673,T25-002038
2025,11422853,T25-002716
2025,11423148,T25-000276
2025,11423227,T25-000647
2025,11423243,T25-002266
2025,11423256,T25-000999
2025,11423397,T25-000491
2025,11423569,T25-001123
2025,11423625,T25-002313
2025,11423695,T25-000355
2025,11431056,T25-000375
2025,11431167,T25-001145
2025,11431328,T25-002606
2025,11431758,T25-001878
2025,11431841,T25-002063
2025,11431955,T25-002253
2025,11432078,T25-002133
2025,11432331,T25-001430
2025,11432340,T25-001771
2025,11432367,T25-002719
2025,11432423,T25-002704
2025,11432587,T25-000558
2025,11432730,T25-002458
2025,11432739,T25-002558
2025,11432783,T25-002334
2025,11433105,T25-002299
2025,11433252,T25-000569
2025,11433266,T25-002577
2025,11433477,T25-001236
2025,11433480,T25-002670
2025,11433602,T25-001528
2025,11441239,T25-001478
2025,11441484,T25-002425
2025,11441547,T25-000408
2025,11441681,T25-001514
2025,11441892,T25-001477
2025,11442122,T25-000574
2025,11442151,T25-001289
2025,11442281,T25-002394
2025,11442478,T25-000646
2025,11442552,T25-002470
2025,11442696,T25-001103
2025,11442731,T25-000769
2025,11442788,T25-000211
2025,11442976,T25-001550
2025,11443076,T25-002124
2025,11443381,T25-000337
2025,11443522,T25-002688
2025,11443612,T25-001052
2025,11443635,T25-001331
2025,11443773,T25-001683
2025,11451174,T25-000484
2025,11451198,T25-000724
2025,11451754,T25-001635
2025,11452090,T25-000792
2025,11453412,T25-000399
2025,11471115,T25-002226
2025,11471425,T25-000178
2025,11471464,T25-000714
2025,11471606,T25-001042
2025,11471972,T25-002713
2025,11472214,T25-000230
2025,11472464,T25-002741
2025,11472569,T25-001160
2025,11472576,T25-002202
2025,11472791,T25-001329
2025,11472812,T25-002156
2025,11473200,T25-002404
2025,11473753,T25-000081
2025,11481650,T25-001447
2025,11482360,T25-000554
2025,11482640,T25-000710
2025,11482919,T25-002569
2025,11482931,T25-000677
2025,11483087,T25-002516
2025,11483164,T25-000740
2025,11483313,T25-001990
2025,11483665,T25-002782
2025,11483745,T25-001926
2025,11491025,T25-001311
2025,11491035,T25-000510
2025,11491104,T25-001361
2025,11491461,T25-001775
2025,11491507,T25-000038
2025,11491600,T25-000447
2025,11491687,T25-000231
2025,11492127,T25-000139
2025,11492194,T25-000107
2025,11492391,T25-000365
2025,11492420,T25-000463
2025,11492620,T25-000738
2025,11492637,T25-000336
2025,11492830,T25-002011
2025,11492835,T25-002539
2025,11492933,T25-002793
2025,11492941,T25-001492
2025,11493089,T25-001645
2025,11493273,T25-002013
2025,11493430,T25-001187
2025,11493483,T25-000775
2025,11493488,T25-002437
2025,11493518,T25-002651
2025,11493550,T25-001350
2025,11493571,T25-000403
2025,11493628,T25-000152
2025,11493657,T25-000236
2025,11493683,T25-002200
2025,11501049,T25-001581
2025,11501155,T25-001026
2025,11501183,T25-000389
2025,11501376,T25-002240
2025,11501448,T25-000340
2025,11501493,T25-000289
2025,11501673,T25-000312
2025,11501686,T25-002152
2025,11501735,T25-000377
2025,11501764,T25-000618
2025,11501812,T25-002082
2025,11501900,T25-000053
2025,11501930,T25-002534
2025,11502043,T25-002297
2025,11502442,T25-001128
2025,11502702,T25-000969
2025,11502772,T25-000966
2025,11502997,T25-001745
2025,11503093,T25-001988
2025,11503340,T25-000718
2025,11503363,T25-001468
2025,11503367,T25-002748
2025,11503465,T25-001011
2025,11503502,T25-002513
2025,11503679,T25-001214
2025,11503731,T25-002498
2025,11521209,T25-001993
2025,11521215,T25-002335
2025,11521349,T25-000317
2025,11521379,T25-002648
2025,11521603,T25-001681
2025,11521678,T25-001981
2025,11521772,T25-002055
2025,11521813,T25-002300
2025,11521973,T25-002601
2025,11522002,T25-000621
2025,11522136,T25-000440
2025,11522189,T25-000227
2025,11522309,T25-000580
2025,11522316,T25-000631
2025,11522479,T25-001371
2025,11522495,T25-002174
2025,11522722,T25-000490
2025,11522751,T25-001862
2025,11522867,T25-001546
2025,11522937,T25-002401
2025,11523010,T25-000019
2025,11523031,T25-002362
2025,11523290,T25-002015
2025,11523298,T25-001150
2025,11523401,T25-002339
2025,11523596,T25-002289
2025,11523620,T25-002233
2025,11523669,T25-001029
2025,11531179,T25-000475
2025,11531471,T25-001521
2025,11531582,T25-001400
2025,11532250,T25-000545
2025,11532707,T25-000155
2025,11532869,T25-000819
2025,11532875,T25-001892
2025,11532917,T25-002455
2025,11533015,T25-000452
2025,11533157,T25-002520
2025,11533481,T25-000383
2025,11533765,T25-001731
2025,11541013,T25-000896
2025,11541154,T25-002264
2025,11541173,T25-002690
2025,11541253,T25-001880
2025,11541830,T25-002164
2025,11541886,T25-002136
2025,11542183,T25-002547
2025,11542408,T25-001056
2025,11542426,T25-002351
2025,11542599,T25-002426
2025,11542611,T25-002324
2025,11542958,T25-000418
2025,11543046,T25-001670
2025,11543077,T25-001701
2025,11543186,T25-000659
2025,11543510,T25-000985
2025,11551060,T25-000221
2025,11551078,T25-000239
2025,11551204,T25-002206
2025,11551256,T25-000934
2025,11551264,T25-002612
2025,11551284,T25-001867
2025,11551322,T25-002457
2025,11551339,T25-001435
2025,11551396,T25-001105
2025,11551415,T25-000446
2025,11551445,T25-000892
2025,11551573,T25-001858
2025,11551604,T25-001223
2025,11551609,T25-002314
2025,11551645,T25-000831
2025,11551731,T25-001987
2025,11551774,T25-001912
2025,11551781,T25-000109
2025,11551817,T25-001793
2025,11551838,T25-002036
2025,11551845,T25-002786
2025,11551871,T25-002548
2025,11551902,T25-001897
2025,11551913,T25-001176
2025,11551990,T25-001960
2025,11551995,T25-000540
2025,11552007,T25-001399
2025,11552066,T25-002682
2025,11552163,T25-002279
2025,11552287,T25-000744
2025,11552296,T25-001305
2025,11552301,T25-002770
2025,11552384,T25-002661
2025,11552386,T25-000362
2025,11552460,T25-001827
2025,11552471,T25-002239
2025,11552535,T25-000062
2025,11552639,T25-001846
2025,11552728,T25-002225
2025,11552749,T25-001080
2025,11552774,T25-001774
2025,11552795,T25-000843
2025,11552798,T25-000800
2025,11552814,T25-001143
2025,11552818,T25-001003
2025,11552822,T25-001673
2025,11552880,T25-001950
2025,11552890,T25-000926
2025,11552912,T25-002631
2025,11552926,T25-002635
2025,11552944,T25-000125
2025,11553183,T25-000651
2025,11553231,T25-002725
2025,11553304,T25-000422
2025,11553305,T25-001890
2025,11553323,T25-000016
2025,11553379,T25-000703
2025,11553385,T25-001852
2025,11553424,T25-000684
2025,11553427,T25-001426
2025,11553440,T25-001333
2025,11553449,T25-002110
2025,11553539,T25-002103
2025,11553545,T25-000282
2025,11553611,T25-000222
2025,11553617,T25-002489
2025,11553648,T25-002717
2025,11553732,T25-000895
2025,11553749,T25-001563
2025,11561121,T25-002069
2025,11561291,T25-000402
2025,11561434,T25-001191
2025,11561729,T25-002100
2025,11561835,T25-002214
2025,11561977,T25-002691
2025,11562047,T25-002429
2025,11562107,T25-002773
2025,11562140,T25-000602
2025,11562229,T25-001032
2025,11562256,T25-002478
2025,11562607,T25-000404
2025,11562668,T25-002151
2025,11562846,T25-002622
2025,11563001,T25-000421
2025,11563171,T25-002434
2025,11563492,T25-000042
2025,11563529,T25-001898
2025,11563730,T25-002712
2025,11563735,T25-000143
2025,11591151,T25-002004
2025,11591316,T25-000507
2025,11591446,T25-000857
2025,11591456,T25-002431
2025,11592326,T25-001096
2025,11593047,T25-000217
2025,11593189,T25-002237
2025,11593527,T25-002574
2025,11593584,T25-000426
2025,11611001,T25-001007
2025,11611402,T25-001879
2025,11611444,T25-001875
2025,11611520,T25-001759
2025,11611549,T25-001573
2025,11611555,T25-002318
2025,11611595,T25-002379
2025,11611615,T25-000384
2025,11611625,T25-000603
2025,11611941,T25-001161
2025,11611944,T25-000925
2025,11612053,T25-001723
2025,11612143,T25-002201
2025,11612180,T25-001593
2025,11612407,T25-002020
2025,11612412,T25-000768
2025,11612589,T25-002760
2025,11612650,T25-000280
2025,11612750,T25-001472
2025,11612823,T25-000373
2025,11612928,T25-000462
2025,11613045,T25-002283
2025,11613110,T25-000439
2025,11613146,T25-001323
2025,11613282,T25-001036
2025,11613302,T25-000848
2025,11613345,T25-001405
2025,11613360,T25-000189
2025,11613418,T25-002317
2025,11613546,T25-002122
2025,11613618,T25-002117
2025,11613656,T25-001958
2025,11613664,T25-000805
2025,11613672,T25-000084
2025,11613792,T25-001976
2025,11631142,T25-001636
2025,11631178,T25-001454
2025,11631223,T25-002435
2025,11631226,T25-000057
2025,11631303,T25-000213
2025,11631350,T25-002465
2025,11631355,T25-001796
2025,11631356,T25-001940
2025,11631633,T25-001491
2025,11631728,T25-000349
2025,11631810,T25-000162
2025,11631836,T25-000113
2025,11631873,T25-000844
2025,11631979,T25-001158
2025,11632178,T25-000442
2025,11632179,T25-002565
2025,11632274,T25-002625
2025,11632289,T25-001480
2025,11632354,T25-001582
2025,11632419,T25-001756
2025,11632466,T25-002496
2025,11632658,T25-001107
2025,11632667,T25-001180
2025,11632762,T25-002323
2025,11632849,T25-002084
2025,11633032,T25-000546
2025,11633050,T25-001039
2025,11633174,T25-001387
2025,11633213,T25-000205
2025,11633293,T25-002068
2025,11633332,T25-002085
2025,11633649,T25-002284
2025,11633685,T25-001164
2025,11633723,T25-002327
2025,11633737,T25-001049
2025,11641018,T25-002125
2025,11641206,T25-000712
2025,11641432,T25-000516
2025,11641460,T25-001494
2025,11641470,T25-001130
2025,11641564,T25-001451
2025,11641586,T25-000145
2025,11641635,T25-002009
2025,11641685,T25-002578
2025,11641715,T25-001148
2025,11641856,T25-002420
2025,11641901,T25-000465
2025,11641937,T25-001980
2025,11642111,T25-002321
2025,11642139,T25-001747
2025,11642157,T25-001111
2025,11642188,T25-002064
2025,11642358,T25-000496
2025,11642390,T25-002780
2025,11642522,T25-000702
2025,11642578,T25-002105
2025,11643145,T25-000577
2025,11643190,T25-002698
2025,11643694,T25-001764
2025,11643702,T25-001896
2025,11643740,T25-001341
2025,11651098,T25-000134
2025,11651175,T25-000386
2025,11651660,T25-001423
2025,11651748,T25-001359
2025,11651784,T25-001914
2025,11651807,T25-002421
2025,11651858,T25-000590
2025,11651869,T25-002581
2025,11652137,T25-000633
2025,11652185,T25-002503
2025,11652241,T25-002276
2025,11652424,T25-000208
2025,11652437,T25-001199
2025,11652851,T25-001919
2025,11652906,T25-001321
2025,11652922,T25-001693
2025,11652992,T25-000846
2025,11653467,T25-000827
2025,11653609,T25-001138
2025,11653652,T25-001374
2025,11661149,T25-001218
2025,11661245,T25-001373
2025,11661354,T25-000931
2025,11661398,T25-000338
2025,11661399,T25-002636
2025,11661416,T25-002137
2025,11661418,T25-000607
2025,11661463,T25-000056
2025,11661514,T25-001490
2025,11661532,T25-000157
2025,11661578,T25-000689
2025,11661739,T25-001114
2025,11661798,T25-000144
2025,11661956,T25-002278
2025,11662009,T25-001317
2025,11662032,T25-001525
2025,11662167,T25-000996
2025,11662201,T25-002211
2025,11662206,T25-002585
2025,11662293,T25-001515
2025,11662463,T25-001062
2025,11662491,T25-001765
2025,11662560,T25-000640
2025,11662562,T25-000570
2025,11662586,T25-002309
2025,11662591,T25-001675
2025,11662638,T25-001835
2025,11662681,T25-001753
2025,11662746,T25-000611
2025,11662770,T25-001455
2025,11662792,T25-000882
2025,11662816,T25-002761
2025,11662892,T25-000010
2025,11663054,T25-000552
2025,11663056,T25-002419
2025,11663180,T25-000918
2025,11663409,T25-001287
2025,11663491,T25-000524
2025,11663724,T25-000822
2025,11663734,T25-001021
2025,11671014,T25-000063
2025,11671023,T25-000543
2025,11671278,T25-001195
2025,11671462,T25-000023
2025,11671592,T25-002590
2025,11671766,T25-001564
2025,11671893,T25-000880
2025,11671996,T25-002128
2025,11672152,T25-002261
2025,11672198,T25-000051
2025,11672199,T25-002341
2025,11672243,T25-000242
2025,11672279,T25-000761
2025,11672325,T25-001202
2025,11672379,T25-002559
2025,11672584,T25-001757
2025,11672614,T25-000517
2025,11672631,T25-001028
2025,11672758,T25-000688
2025,11672902,T25-000746
2025,11672943,T25-002243
2025,11672968,T25-002305
2025,11672993,T25-000489
2025,11673027,T25-000449
2025,11673048,T25-001313
2025,11673052,T25-001532
2025,11673162,T25-000201
2025,11673197,T25-001061
2025,11673207,T25-001513
2025,11673336,T25-002448
2025,11673453,T25-001133
2025,11673535,T25-001476
2025,11673578,T25-002546
2025,11673676,T25-000826
2025,11681099,T25-001225
2025,11681170,T25-001622
2025,11681241,T25-001125
2025,11681358,T25-001707
2025,11681443,T25-001542
2025,11681457,T25-000907
2025,11681545,T25-000904
2025,11681551,T25-000809
2025,11681553,T25-001979
2025,11681565,T25-000390
2025,11681572,T25-001065
2025,11681631,T25-000232
2025,11681661,T25-001895
2025,11681696,T25-001475
2025,11681722,T25-000296
2025,11681821,T25-001803
2025,11681859,T25-000454
2025,11681953,T25-001949
2025,11681960,T25-000209
2025,11681991,T25-002370
2025,11682314,T25-002772
2025,11682411,T25-001209
2025,11682440,T25-002422
2025,11682441,T25-000031
2025,11682451,T25-002666
2025,11682516,T25-000692
2025,11682538,T25-002049
2025,11682545,T25-000622
2025,11682572,T25-000322
2025,11682670,T25-002711
2025,11682679,T25-002630
2025,11682717,T25-002551
2025,11682733,T25-000136
2025,11682761,T25-001335
2025,11682766,T25-000872
2025,11682771,T25-001984
2025,11682953,T25-000704
2025,11682959,T25-001734
2025,11682983,T25-000451
2025,11683159,T25-000294
2025,11683226,T25-000313
2025,11683263,T25-002731
2025,11683438,T25-001952
2025,11683562,T25-000665
2025,11683583,T25-002743
2025,11683636,T25-002185
2025,11683653,T25-001326
2025,11683705,T25-001040
2025,11683752,T25-000549
2025,11692925,T25-000502
2025,11701076,T25-000609
2025,11701401,T25-002184
2025,11701512,T25-001312
2025,11701926,T25-001282
2025,11701940,T25-001458
2025,11702352,T25-000133
2025,11702729,T25-002171
2025,11702946,T25-000617
2025,11703388,T25-000579
2025,11703462,T25-001770
2025,11703607,T25-000077
2025,11703634,T25-001412
2025,11711133,T25-000476
2025,11711243,T25-001540
2025,11711281,T25-002398
2025,11711320,T25-001533
2025,11711495,T25-001682
2025,11711646,T25-001820
2025,11711655,T25-000818
2025,11711657,T25-001057
2025,11711702,T25-001660
2025,11712018,T25-001630
2025,11712308,T25-001797
2025,11712527,T25-002002
2025,11713057,T25-000951
2025,11713129,T25-001887
2025,11713637,T25-002412
2025,11713681,T25-001647
2025,11713727,T25-001654
2025,11721636,T25-001663
2025,11733037,T25-000705
2025,11733493,T25-002194
2025,11733797,T25-001071
2025,11741560,T25-002101
2025,11761002,T25-000039
2025,11761006,T25-001690
2025,11761070,T25-000219
2025,11761159,T25-002389
2025,11761236,T25-001286
2025,11761480,T25-002573
2025,11761541,T25-001037
2025,11761732,T25-000207
2025,11761776,T25-001185
2025,11761928,T25-000750
2025,11762035,T25-002715
2025,11762277,T25-001060
2025,11762334,T25-001921
2025,11762396,T25-001845
2025,11762775,T25-000541
2025,11763017,T25-001070
2025,11763084,T25-002173
2025,11763097,T25-000428
2025,11771004,T25-001413
2025,11771109,T25-000393
2025,11771141,T25-002618
2025,11771400,T25-001534
2025,11771522,T25-001017
2025,11771623,T25-001965
2025,11771824,T25-001809
2025,11771910,T25-000856
2025,11772093,T25-001810
2025,11772138,T25-000040
2025,11772227,T25-000433
2025,11772261,T25-002621
2025,11772302,T25-001569
2025,11772318,T25-002005
2025,11772383,T25-002380
2025,11772461,T25-000278
2025,11772477,T25-000082
2025,11772571,T25-000589
2025,11772618,T25-000547
2025,11772660,T25-002208
2025,11772725,T25-001046
2025,11772865,T25-001493
2025,11772878,T25-002595
2025,11772918,T25-002360
2025,11772960,T25-001306
2025,11772967,T25-001791
2025,11773055,T25-000610
2025,11773058,T25-000941
2025,11773160,T25-000392
2025,11773331,T25-002472
2025,11773364,T25-000521
2025,11773416,T25-002755
2025,11773629,T25-002699
2025,11781274,T25-001424
2025,11781362,T25-002584
2025,11781382,T25-000245
2025,11781554,T25-000582
2025,11781607,T25-002039
2025,11781701,T25-000788
2025,11781849,T25-000797
2025,11781946,T25-002602
2025,11781961,T25-002794
2025,11781985,T25-002527
2025,11783025,T25-002213
2025,11783310,T25-000806
2025,11783506,T25-000165
2025,11783759,T25-001773
2025,11783764,T25-001507
2025,11791062,T25-000571
2025,11791067,T25-000154
2025,11791224,T25-000094
2025,11791367,T25-000324
2025,11791408,T25-002705
2025,11791591,T25-001212
2025,11791814,T25-000544
2025,11791877,T25-002078
2025,11791896,T25-001008
2025,11792075,T25-002367
2025,11792291,T25-001502
2025,11792315,T25-001938
2025,11792369,T25-001226
2025,11792433,T25-002441
2025,11792449,T25-001248
2025,11792472,T25-002155
2025,11792616,T25-002393
2025,11792656,T25-002029
2025,11792704,T25-000257
2025,11792734,T25-001047
2025,11792744,T25-001370
2025,11792767,T25-000929
2025,11792780,T25-002775
2025,11792844,T25-001449
2025,11792962,T25-002259
2025,11793030,T25-002781
2025,11793141,T25-000017
2025,11793182,T25-002800
2025,11793209,T25-001506
2025,11793257,T25-000115
2025,11793283,T25-000529
2025,11793334,T25-002594
2025,11793362,T25-001524
2025,11793515,T25-002330
2025,11793608,T25-002572
2025,11793626,T25-001203
2025,11793668,T25-000653
2025,11793733,T25-000047
2025,11793736,T25-001522
2025,11801411,T25-001511
2025,11801447,T25-001786
2025,11801526,T25-001992
2025,11802130,T25-000097
2025,11802526,T25-000196
2025,11802596,T25-001303
2025,11802778,T25-002383
2025,11802911,T25-001957
2025,11803428,T25-002357
2025,11803557,T25-001410
2025,11803697,T25-001826
2025,11821073,T25-000731
2025,11821120,T25-000561
2025,11821537,T25-002204
2025,11821624,T25-002044
2025,11822341,T25-001471
2025,11822671,T25-000949
2025,11822740,T25-000347
2025,11822748,T25-000992
2025,11822924,T25-001986
2025,11823072,T25-000234
2025,11823324,T25-002482
2025,11823575,T25-000815
2025,11823754,T25-002463
