조사명,학교급,조사연도,주기,지역규모코드,지역규모,대분류코드,대분류,소주제코드,소주제,응답주체,indicator_id,지표명,통계유형,시계열비교가능,대표값,대표값유형,응답수,결측수,평균,표준편차,중앙값,백분위25,백분위75,환산100,구인환산100,상위2선지비율,긍정응답률,절사평균,지출자수,지출참여율,지출자평균,지출자중앙값,화면표시,발생건수합계,분모학생수합계,발생률산출학교수
경기학교교육실태조사,중학교,2021,1주기,1.0,중소도시,C01,학생성장,S0101,역량점수,학생,ST_COMP_AC_CONV,자율적 역량 환산점수(0~100),score100,조건부,70.31,역량 환산점수 평균(점),6985,0,70.3051,13.536,70.83333333333334,62.5,79.16666666666666,70.31,,,,,,,,,시계열,,,
경기학교교육실태조사,중학교,2021,1주기,2.0,읍면지역,C01,학생성장,S0101,역량점수,학생,ST_COMP_AC_CONV,자율적 역량 환산점수(0~100),score100,조건부,70.02,역량 환산점수 평균(점),1899,0,70.0182,13.7126,70.83333333333334,60.416666666666664,79.16666666666666,70.02,,,,,,,,,시계열,,,
경기학교교육실태조사,중학교,2025,2주기,1.0,중소도시,C01,학생성장,S0101,역량점수,학생,ST_COMP_AC_CONV,자율적 역량 환산점수(0~100),score100,조건부,73.2,역량 환산점수 평균(점),3920,431,73.2005,13.3169,75.0,64.58333333333334,83.33333333333334,73.2,,,,,,,,,시계열,,,
경기학교교육실태조사,중학교,2025,2주기,2.0,읍면지역,C01,학생성장,S0101,역량점수,학생,ST_COMP_AC_CONV,자율적 역량 환산점수(0~100),score100,조건부,72.24,역량 환산점수 평균(점),769,53,72.2367,13.7941,72.91666666666666,64.58333333333334,81.25,72.24,,,,,,,,,시계열,,,
경기학교교육실태조사,중학교,2021,1주기,1.0,중소도시,C01,학생성장,S0101,역량점수,학생,ST_COMP_CC_CONV,인지적 역량 환산점수(0~100),score100,Y,56.56,역량 환산점수 평균(점),6985,0,56.5575,18.8825,58.333333333333336,45.83333333333333,70.83333333333334,56.56,,,,,,,,,시계열,,,
경기학교교육실태조사,중학교,2021,1주기,2.0,읍면지역,C01,학생성장,S0101,역량점수,학생,ST_COMP_CC_CONV,인지적 역량 환산점수(0~100),score100,Y,55.84,역량 환산점수 평균(점),1899,0,55.843,18.5238,58.333333333333336,45.83333333333333,70.83333333333334,55.84,,,,,,,,,시계열,,,
경기학교교육실태조사,중학교,2025,2주기,1.0,중소도시,C01,학생성장,S0101,역량점수,학생,ST_COMP_CC_CONV,인지적 역량 환산점수(0~100),score100,Y,59.83,역량 환산점수 평균(점),3920,431,59.8299,17.3795,62.5,50.0,70.83333333333334,59.83,,,,,,,,,시계열,,,
경기학교교육실태조사,중학교,2025,2주기,2.0,읍면지역,C01,학생성장,S0101,역량점수,학생,ST_COMP_CC_CONV,인지적 역량 환산점수(0~100),score100,Y,55.56,역량 환산점수 평균(점),769,53,55.5646,18.8038,58.333333333333336,45.83333333333333,70.83333333333334,55.56,,,,,,,,,시계열,,,
경기학교교육실태조사,중학교,2021,1주기,1.0,중소도시,C01,학생성장,S0101,역량점수,학생,ST_COMP_SC_CONV,사회적 역량 환산점수(0~100),score100,조건부,65.87,역량 환산점수 평균(점),6985,0,65.8742,13.1729,66.25,57.49999999999999,73.75,65.87,,,,,,,,,시계열,,,
경기학교교육실태조사,중학교,2021,1주기,2.0,읍면지역,C01,학생성장,S0101,역량점수,학생,ST_COMP_SC_CONV,사회적 역량 환산점수(0~100),score100,조건부,65.58,역량 환산점수 평균(점),1899,0,65.5786,13.1437,65.0,56.25,73.75,65.58,,,,,,,,,시계열,,,
경기학교교육실태조사,중학교,2025,2주기,1.0,중소도시,C01,학생성장,S0101,역량점수,학생,ST_COMP_SC_CONV,사회적 역량 환산점수(0~100),score100,조건부,68.81,역량 환산점수 평균(점),3920,431,68.8131,14.4777,68.75,58.75,78.75,68.81,,,,,,,,,시계열,,,
경기학교교육실태조사,중학교,2025,2주기,2.0,읍면지역,C01,학생성장,S0101,역량점수,학생,ST_COMP_SC_CONV,사회적 역량 환산점수(0~100),score100,조건부,69.19,역량 환산점수 평균(점),769,53,69.1889,14.547,68.75,58.75,80.0,69.19,,,,,,,,,시계열,,,
경기학교교육실태조사,중학교,2021,1주기,1.0,중소도시,C02,학업,S0201A,학습동기(외재적),학생,ST_MOTIV_01,"학습동기(1~4 외재적, 5~8 내재적) - 1)나는 공부를 하지 않으면 부모님이 화를 내시기 때문에 공부한다",likert,Y,22.0,환산100점,6985,0,1.8799,0.9808,2.0,1.0,2.0,22.0,22.0,7.53,,,,,,,시계열,,,
경기학교교육실태조사,중학교,2021,1주기,2.0,읍면지역,C02,학업,S0201A,학습동기(외재적),학생,ST_MOTIV_01,"학습동기(1~4 외재적, 5~8 내재적) - 1)나는 공부를 하지 않으면 부모님이 화를 내시기 때문에 공부한다",likert,Y,21.16,환산100점,1899,0,1.8462,0.9605,2.0,1.0,2.0,21.16,21.16,6.48,,,,,,,시계열,,,
경기학교교육실태조사,중학교,2025,2주기,1.0,중소도시,C02,학업,S0201A,학습동기(외재적),학생,ST_MOTIV_01,"학습동기(1~4 외재적, 5~8 내재적) - 1)나는 공부를 하지 않으면 부모님이 화를 내시기 때문에 공부한다",likert,Y,25.32,환산100점,4351,0,2.0129,1.0554,2.0,1.0,3.0,25.32,25.32,10.16,,,,,,,시계열,,,
경기학교교육실태조사,중학교,2025,2주기,2.0,읍면지역,C02,학업,S0201A,학습동기(외재적),학생,ST_MOTIV_01,"학습동기(1~4 외재적, 5~8 내재적) - 1)나는 공부를 하지 않으면 부모님이 화를 내시기 때문에 공부한다",likert,Y,23.87,환산100점,822,0,1.955,1.042,2.0,1.0,3.0,23.87,23.87,8.64,,,,,,,시계열,,,
경기학교교육실태조사,중학교,2021,1주기,1.0,중소도시,C02,학업,S0201A,학습동기(외재적),학생,ST_MOTIV_02,"학습동기(1~4 외재적, 5~8 내재적) - 2)나는 공부를 하지 않으면 선생님께 혼나기 때문에 공부한다",likert,조건부,10.84,환산100점,6985,0,1.4335,0.7143,1.0,1.0,2.0,10.84,10.84,2.08,,,,,,,시계열,,,
경기학교교육실태조사,중학교,2021,1주기,2.0,읍면지역,C02,학업,S0201A,학습동기(외재적),학생,ST_MOTIV_02,"학습동기(1~4 외재적, 5~8 내재적) - 2)나는 공부를 하지 않으면 선생님께 혼나기 때문에 공부한다",likert,조건부,11.24,환산100점,1899,0,1.4497,0.7388,1.0,1.0,2.0,11.24,11.24,2.32,,,,,,,시계열,,,
경기학교교육실태조사,중학교,2025,2주기,1.0,중소도시,C02,학업,S0201A,학습동기(외재적),학생,ST_MOTIV_02,"학습동기(1~4 외재적, 5~8 내재적) - 2)나는 공부를 하지 않으면 선생님께 혼나기 때문에 공부한다",likert,조건부,21.09,환산100점,4351,0,1.8437,0.9905,2.0,1.0,2.0,21.09,21.09,7.58,,,,,,,시계열,,,
경기학교교육실태조사,중학교,2025,2주기,2.0,읍면지역,C02,학업,S0201A,학습동기(외재적),학생,ST_MOTIV_02,"학습동기(1~4 외재적, 5~8 내재적) - 2)나는 공부를 하지 않으면 선생님께 혼나기 때문에 공부한다",likert,조건부,20.47,환산100점,822,0,1.8187,0.9797,2.0,1.0,2.0,20.47,20.47,7.42,,,,,,,시계열,,,
경기학교교육실태조사,중학교,2021,1주기,1.0,중소도시,C02,학업,S0201A,학습동기(외재적),학생,ST_MOTIV_03,"학습동기(1~4 외재적, 5~8 내재적) - 3)나는 부모님이 공부하라고 시키기 때문에 공부한다",likert,Y,25.33,환산100점,6985,0,2.0132,1.0738,2.0,1.0,3.0,25.33,25.33,10.69,,,,,,,시계열,,,
경기학교교육실태조사,중학교,2021,1주기,2.0,읍면지역,C02,학업,S0201A,학습동기(외재적),학생,ST_MOTIV_03,"학습동기(1~4 외재적, 5~8 내재적) - 3)나는 부모님이 공부하라고 시키기 때문에 공부한다",likert,Y,24.53,환산100점,1899,0,1.981,1.0715,2.0,1.0,3.0,24.53,24.53,10.53,,,,,,,시계열,,,
경기학교교육실태조사,중학교,2025,2주기,1.0,중소도시,C02,학업,S0201A,학습동기(외재적),학생,ST_MOTIV_03,"학습동기(1~4 외재적, 5~8 내재적) - 3)나는 부모님이 공부하라고 시키기 때문에 공부한다",likert,Y,29.6,환산100점,4351,0,2.1839,1.1304,2.0,1.0,3.0,29.6,29.6,14.25,,,,,,,시계열,,,
경기학교교육실태조사,중학교,2025,2주기,2.0,읍면지역,C02,학업,S0201A,학습동기(외재적),학생,ST_MOTIV_03,"학습동기(1~4 외재적, 5~8 내재적) - 3)나는 부모님이 공부하라고 시키기 때문에 공부한다",likert,Y,27.8,환산100점,822,0,2.1119,1.1542,2.0,1.0,3.0,27.8,27.8,15.21,,,,,,,시계열,,,
경기학교교육실태조사,중학교,2021,1주기,1.0,중소도시,C02,학업,S0201A,학습동기(외재적),학생,ST_MOTIV_04,"학습동기(1~4 외재적, 5~8 내재적) - 4)나는 선생님이 공부하라고 시키기 때문에 공부한다",likert,Y,18.38,환산100점,6985,0,1.7353,0.9292,1.0,1.0,2.0,18.38,18.38,5.34,,,,,,,시계열,,,
경기학교교육실태조사,중학교,2021,1주기,2.0,읍면지역,C02,학업,S0201A,학습동기(외재적),학생,ST_MOTIV_04,"학습동기(1~4 외재적, 5~8 내재적) - 4)나는 선생님이 공부하라고 시키기 때문에 공부한다",likert,Y,18.89,환산100점,1899,0,1.7557,0.9516,1.0,1.0,2.0,18.89,18.89,6.37,,,,,,,시계열,,,
경기학교교육실태조사,중학교,2025,2주기,1.0,중소도시,C02,학업,S0201A,학습동기(외재적),학생,ST_MOTIV_04,"학습동기(1~4 외재적, 5~8 내재적) - 4)나는 선생님이 공부하라고 시키기 때문에 공부한다",likert,Y,24.39,환산100점,4351,0,1.9756,1.0541,2.0,1.0,3.0,24.39,24.39,9.91,,,,,,,시계열,,,
경기학교교육실태조사,중학교,2025,2주기,2.0,읍면지역,C02,학업,S0201A,학습동기(외재적),학생,ST_MOTIV_04,"학습동기(1~4 외재적, 5~8 내재적) - 4)나는 선생님이 공부하라고 시키기 때문에 공부한다",likert,Y,23.57,환산100점,822,0,1.9428,1.046,2.0,1.0,3.0,23.57,23.57,9.85,,,,,,,시계열,,,
경기학교교육실태조사,중학교,2021,1주기,1.0,중소도시,C02,학업,S0201B,학습동기(내재적),학생,ST_MOTIV_05,"학습동기(1~4 외재적, 5~8 내재적) - 5)나는 지식을 쌓는 것이 즐거우므로 공부한다",likert,Y,39.51,환산100점,6985,0,2.5804,1.1109,3.0,2.0,3.0,39.51,39.51,19.87,,,,,,,시계열,,,
경기학교교육실태조사,중학교,2021,1주기,2.0,읍면지역,C02,학업,S0201B,학습동기(내재적),학생,ST_MOTIV_05,"학습동기(1~4 외재적, 5~8 내재적) - 5)나는 지식을 쌓는 것이 즐거우므로 공부한다",likert,Y,40.05,환산100점,1899,0,2.6019,1.1247,3.0,2.0,3.0,40.05,40.05,20.48,,,,,,,시계열,,,
경기학교교육실태조사,중학교,2025,2주기,1.0,중소도시,C02,학업,S0201B,학습동기(내재적),학생,ST_MOTIV_05,"학습동기(1~4 외재적, 5~8 내재적) - 5)나는 지식을 쌓는 것이 즐거우므로 공부한다",likert,Y,40.8,환산100점,4351,0,2.6318,1.1127,3.0,2.0,3.0,40.8,40.8,20.13,,,,,,,시계열,,,
경기학교교육실태조사,중학교,2025,2주기,2.0,읍면지역,C02,학업,S0201B,학습동기(내재적),학생,ST_MOTIV_05,"학습동기(1~4 외재적, 5~8 내재적) - 5)나는 지식을 쌓는 것이 즐거우므로 공부한다",likert,Y,38.5,환산100점,822,0,2.5401,1.0769,3.0,2.0,3.0,38.5,38.5,17.03,,,,,,,시계열,,,
경기학교교육실태조사,중학교,2021,1주기,1.0,중소도시,C02,학업,S0201B,학습동기(내재적),학생,ST_MOTIV_06,"학습동기(1~4 외재적, 5~8 내재적) - 6)나는 공부하는 것이 재미있기 때문에 공부한다",likert,Y,33.39,환산100점,6985,0,2.3356,1.103,2.0,1.0,3.0,33.39,33.39,14.57,,,,,,,시계열,,,
경기학교교육실태조사,중학교,2021,1주기,2.0,읍면지역,C02,학업,S0201B,학습동기(내재적),학생,ST_MOTIV_06,"학습동기(1~4 외재적, 5~8 내재적) - 6)나는 공부하는 것이 재미있기 때문에 공부한다",likert,Y,33.21,환산100점,1899,0,2.3286,1.1125,2.0,1.0,3.0,33.21,33.21,14.11,,,,,,,시계열,,,
경기학교교육실태조사,중학교,2025,2주기,1.0,중소도시,C02,학업,S0201B,학습동기(내재적),학생,ST_MOTIV_06,"학습동기(1~4 외재적, 5~8 내재적) - 6)나는 공부하는 것이 재미있기 때문에 공부한다",likert,Y,34.93,환산100점,4351,0,2.3974,1.1181,2.0,1.0,3.0,34.93,34.93,15.28,,,,,,,시계열,,,
경기학교교육실태조사,중학교,2025,2주기,2.0,읍면지역,C02,학업,S0201B,학습동기(내재적),학생,ST_MOTIV_06,"학습동기(1~4 외재적, 5~8 내재적) - 6)나는 공부하는 것이 재미있기 때문에 공부한다",likert,Y,32.79,환산100점,822,0,2.3114,1.0713,2.0,1.0,3.0,32.79,32.79,12.41,,,,,,,시계열,,,
경기학교교육실태조사,중학교,2021,1주기,1.0,중소도시,C02,학업,S0201B,학습동기(내재적),학생,ST_MOTIV_07,"학습동기(1~4 외재적, 5~8 내재적) - 7)나는 어려운 도전들로부터 기쁨을 얻기 때문에 공부한다",likert,Y,38.09,환산100점,6985,0,2.5234,1.2065,2.0,1.0,3.0,38.09,38.09,22.42,,,,,,,시계열,,,
경기학교교육실태조사,중학교,2021,1주기,2.0,읍면지역,C02,학업,S0201B,학습동기(내재적),학생,ST_MOTIV_07,"학습동기(1~4 외재적, 5~8 내재적) - 7)나는 어려운 도전들로부터 기쁨을 얻기 때문에 공부한다",likert,Y,37.59,환산100점,1899,0,2.5034,1.2134,2.0,1.0,3.0,37.59,37.59,21.85,,,,,,,시계열,,,
경기학교교육실태조사,중학교,2025,2주기,1.0,중소도시,C02,학업,S0201B,학습동기(내재적),학생,ST_MOTIV_07,"학습동기(1~4 외재적, 5~8 내재적) - 7)나는 어려운 도전들로부터 기쁨을 얻기 때문에 공부한다",likert,Y,40.13,환산100점,4351,0,2.6051,1.1873,3.0,2.0,3.0,40.13,40.13,22.98,,,,,,,시계열,,,
경기학교교육실태조사,중학교,2025,2주기,2.0,읍면지역,C02,학업,S0201B,학습동기(내재적),학생,ST_MOTIV_07,"학습동기(1~4 외재적, 5~8 내재적) - 7)나는 어려운 도전들로부터 기쁨을 얻기 때문에 공부한다",likert,Y,38.78,환산100점,822,0,2.5511,1.1487,3.0,2.0,3.0,38.78,38.78,20.92,,,,,,,시계열,,,
경기학교교육실태조사,중학교,2021,1주기,1.0,중소도시,C02,학업,S0201B,학습동기(내재적),학생,ST_MOTIV_08,"학습동기(1~4 외재적, 5~8 내재적) - 8)나는 생각하는 것을 좋아하기 때문에 공부한다",likert,Y,35.24,환산100점,6985,0,2.4097,1.1377,2.0,1.0,3.0,35.24,35.24,17.05,,,,,,,시계열,,,
경기학교교육실태조사,중학교,2021,1주기,2.0,읍면지역,C02,학업,S0201B,학습동기(내재적),학생,ST_MOTIV_08,"학습동기(1~4 외재적, 5~8 내재적) - 8)나는 생각하는 것을 좋아하기 때문에 공부한다",likert,Y,35.47,환산100점,1899,0,2.4186,1.1523,2.0,1.0,3.0,35.47,35.47,17.64,,,,,,,시계열,,,
경기학교교육실태조사,중학교,2025,2주기,1.0,중소도시,C02,학업,S0201B,학습동기(내재적),학생,ST_MOTIV_08,"학습동기(1~4 외재적, 5~8 내재적) - 8)나는 생각하는 것을 좋아하기 때문에 공부한다",likert,Y,37.62,환산100점,4351,0,2.5047,1.118,2.0,2.0,3.0,37.62,37.62,17.72,,,,,,,시계열,,,
경기학교교육실태조사,중학교,2025,2주기,2.0,읍면지역,C02,학업,S0201B,학습동기(내재적),학생,ST_MOTIV_08,"학습동기(1~4 외재적, 5~8 내재적) - 8)나는 생각하는 것을 좋아하기 때문에 공부한다",likert,Y,37.2,환산100점,822,0,2.4878,1.0955,2.0,2.0,3.0,37.2,37.2,16.3,,,,,,,시계열,,,
경기학교교육실태조사,중학교,2021,1주기,1.0,중소도시,C02,학업,S0202A,학습전략(정교화),학생,ST_STRATEGY_01,"학습전략(1~4 정교화, 5~8 조직화) - 1)다른 과목에서 이미 배운 것과 새로 배우는 내용을 연결하려고 한다",likert,Y,49.62,환산100점,6985,0,2.9847,1.1092,3.0,2.0,4.0,49.62,49.62,33.82,,,,,,,시계열,,,
경기학교교육실태조사,중학교,2021,1주기,2.0,읍면지역,C02,학업,S0202A,학습전략(정교화),학생,ST_STRATEGY_01,"학습전략(1~4 정교화, 5~8 조직화) - 1)다른 과목에서 이미 배운 것과 새로 배우는 내용을 연결하려고 한다",likert,Y,48.72,환산100점,1899,0,2.9489,1.098,3.0,2.0,4.0,48.72,48.72,31.91,,,,,,,시계열,,,
경기학교교육실태조사,중학교,2025,2주기,1.0,중소도시,C02,학업,S0202A,학습전략(정교화),학생,ST_STRATEGY_01,"학습전략(1~4 정교화, 5~8 조직화) - 1)다른 과목에서 이미 배운 것과 새로 배우는 내용을 연결하려고 한다",likert,Y,53.5,환산100점,4351,0,3.1402,1.0681,3.0,3.0,4.0,53.5,53.5,37.76,,,,,,,시계열,,,
경기학교교육실태조사,중학교,2025,2주기,2.0,읍면지역,C02,학업,S0202A,학습전략(정교화),학생,ST_STRATEGY_01,"학습전략(1~4 정교화, 5~8 조직화) - 1)다른 과목에서 이미 배운 것과 새로 배우는 내용을 연결하려고 한다",likert,Y,52.13,환산100점,822,0,3.0852,1.0926,3.0,2.0,4.0,52.13,52.13,36.98,,,,,,,시계열,,,
경기학교교육실태조사,중학교,2021,1주기,1.0,중소도시,C02,학업,S0202A,학습전략(정교화),학생,ST_STRATEGY_02,"학습전략(1~4 정교화, 5~8 조직화) - 2)배우는 내용을 어떻게 실생활에서 사용할 수 있을지 생각해 본다",likert,Y,48.99,환산100점,6985,0,2.9595,1.1731,3.0,2.0,4.0,48.99,48.99,35.55,,,,,,,시계열,,,
경기학교교육실태조사,중학교,2021,1주기,2.0,읍면지역,C02,학업,S0202A,학습전략(정교화),학생,ST_STRATEGY_02,"학습전략(1~4 정교화, 5~8 조직화) - 2)배우는 내용을 어떻게 실생활에서 사용할 수 있을지 생각해 본다",likert,Y,48.89,환산100점,1899,0,2.9558,1.1696,3.0,2.0,4.0,48.89,48.89,34.86,,,,,,,시계열,,,
경기학교교육실태조사,중학교,2025,2주기,1.0,중소도시,C02,학업,S0202A,학습전략(정교화),학생,ST_STRATEGY_02,"학습전략(1~4 정교화, 5~8 조직화) - 2)배우는 내용을 어떻게 실생활에서 사용할 수 있을지 생각해 본다",likert,Y,48.99,환산100점,4351,0,2.9595,1.1245,3.0,2.0,4.0,48.99,48.99,32.54,,,,,,,시계열,,,
경기학교교육실태조사,중학교,2025,2주기,2.0,읍면지역,C02,학업,S0202A,학습전략(정교화),학생,ST_STRATEGY_02,"학습전략(1~4 정교화, 5~8 조직화) - 2)배우는 내용을 어떻게 실생활에서 사용할 수 있을지 생각해 본다",likert,Y,47.99,환산100점,822,0,2.9197,1.1388,3.0,2.0,4.0,47.99,47.99,31.87,,,,,,,시계열,,,
경기학교교육실태조사,중학교,2021,1주기,1.0,중소도시,C02,학업,S0202A,학습전략(정교화),학생,ST_STRATEGY_03,"학습전략(1~4 정교화, 5~8 조직화) - 3)내가 이미 알고 있는 것과 연결시킬 때 공부가 더 잘 된다",likert,Y,64.5,환산100점,6985,0,3.5801,1.1553,4.0,3.0,4.0,64.5,64.5,60.69,,,,,,,시계열,,,
경기학교교육실태조사,중학교,2021,1주기,2.0,읍면지역,C02,학업,S0202A,학습전략(정교화),학생,ST_STRATEGY_03,"학습전략(1~4 정교화, 5~8 조직화) - 3)내가 이미 알고 있는 것과 연결시킬 때 공부가 더 잘 된다",likert,Y,63.72,환산100점,1899,0,3.5487,1.15,4.0,3.0,4.0,63.72,63.72,58.82,,,,,,,시계열,,,
경기학교교육실태조사,중학교,2025,2주기,1.0,중소도시,C02,학업,S0202A,학습전략(정교화),학생,ST_STRATEGY_03,"학습전략(1~4 정교화, 5~8 조직화) - 3)내가 이미 알고 있는 것과 연결시킬 때 공부가 더 잘 된다",likert,Y,64.51,환산100점,4351,0,3.5806,1.1073,4.0,3.0,4.0,64.51,64.51,59.96,,,,,,,시계열,,,
경기학교교육실태조사,중학교,2025,2주기,2.0,읍면지역,C02,학업,S0202A,학습전략(정교화),학생,ST_STRATEGY_03,"학습전략(1~4 정교화, 5~8 조직화) - 3)내가 이미 알고 있는 것과 연결시킬 때 공부가 더 잘 된다",likert,Y,62.59,환산100점,822,0,3.5036,1.1781,4.0,3.0,4.0,62.59,62.59,56.57,,,,,,,시계열,,,
경기학교교육실태조사,중학교,2021,1주기,1.0,중소도시,C02,학업,S0202A,학습전략(정교화),학생,ST_STRATEGY_04,"학습전략(1~4 정교화, 5~8 조직화) - 4)공부할 내용을 내가 이미 알고 있는 것과 어떻게 연결할지 생각해 본다",likert,Y,52.28,환산100점,6985,0,3.0911,1.1344,3.0,2.0,4.0,52.28,52.28,38.64,,,,,,,시계열,,,
경기학교교육실태조사,중학교,2021,1주기,2.0,읍면지역,C02,학업,S0202A,학습전략(정교화),학생,ST_STRATEGY_04,"학습전략(1~4 정교화, 5~8 조직화) - 4)공부할 내용을 내가 이미 알고 있는 것과 어떻게 연결할지 생각해 본다",likert,Y,51.5,환산100점,1899,0,3.06,1.1238,3.0,2.0,4.0,51.5,51.5,36.44,,,,,,,시계열,,,
경기학교교육실태조사,중학교,2025,2주기,1.0,중소도시,C02,학업,S0202A,학습전략(정교화),학생,ST_STRATEGY_04,"학습전략(1~4 정교화, 5~8 조직화) - 4)공부할 내용을 내가 이미 알고 있는 것과 어떻게 연결할지 생각해 본다",likert,Y,53.58,환산100점,4351,0,3.1432,1.0958,3.0,2.0,4.0,53.58,53.58,38.66,,,,,,,시계열,,,
경기학교교육실태조사,중학교,2025,2주기,2.0,읍면지역,C02,학업,S0202A,학습전략(정교화),학생,ST_STRATEGY_04,"학습전략(1~4 정교화, 5~8 조직화) - 4)공부할 내용을 내가 이미 알고 있는 것과 어떻게 연결할지 생각해 본다",likert,Y,52.16,환산100점,822,0,3.0864,1.127,3.0,2.0,4.0,52.16,52.16,37.35,,,,,,,시계열,,,
경기학교교육실태조사,중학교,2021,1주기,1.0,중소도시,C02,학업,S0202B,학습전략(조직화),학생,ST_STRATEGY_05,"학습전략(1~4 정교화, 5~8 조직화) - 5)수업 시간에 필기한 노트를 검토하고 중요한 내용을 요약 및 정리한다",likert,Y,47.26,환산100점,6985,0,2.8905,1.2246,3.0,2.0,4.0,47.26,47.26,32.13,,,,,,,시계열,,,
경기학교교육실태조사,중학교,2021,1주기,2.0,읍면지역,C02,학업,S0202B,학습전략(조직화),학생,ST_STRATEGY_05,"학습전략(1~4 정교화, 5~8 조직화) - 5)수업 시간에 필기한 노트를 검토하고 중요한 내용을 요약 및 정리한다",likert,Y,47.78,환산100점,1899,0,2.911,1.2206,3.0,2.0,4.0,47.78,47.78,32.12,,,,,,,시계열,,,
경기학교교육실태조사,중학교,2025,2주기,1.0,중소도시,C02,학업,S0202B,학습전략(조직화),학생,ST_STRATEGY_05,"학습전략(1~4 정교화, 5~8 조직화) - 5)수업 시간에 필기한 노트를 검토하고 중요한 내용을 요약 및 정리한다",likert,Y,50.15,환산100점,4351,0,3.006,1.1614,3.0,2.0,4.0,50.15,50.15,34.27,,,,,,,시계열,,,
경기학교교육실태조사,중학교,2025,2주기,2.0,읍면지역,C02,학업,S0202B,학습전략(조직화),학생,ST_STRATEGY_05,"학습전략(1~4 정교화, 5~8 조직화) - 5)수업 시간에 필기한 노트를 검토하고 중요한 내용을 요약 및 정리한다",likert,Y,48.91,환산100점,822,0,2.9562,1.195,3.0,2.0,4.0,48.91,48.91,34.31,,,,,,,시계열,,,
경기학교교육실태조사,중학교,2021,1주기,1.0,중소도시,C02,학업,S0202B,학습전략(조직화),학생,ST_STRATEGY_06,"학습전략(1~4 정교화, 5~8 조직화) - 6)공부한 내용은 내 방식대로 정리해 놓는다",likert,Y,54.86,환산100점,6985,0,3.1943,1.2127,3.0,2.0,4.0,54.86,54.86,44.28,,,,,,,시계열,,,
경기학교교육실태조사,중학교,2021,1주기,2.0,읍면지역,C02,학업,S0202B,학습전략(조직화),학생,ST_STRATEGY_06,"학습전략(1~4 정교화, 5~8 조직화) - 6)공부한 내용은 내 방식대로 정리해 놓는다",likert,Y,55.36,환산100점,1899,0,3.2143,1.2001,3.0,2.0,4.0,55.36,55.36,45.55,,,,,,,시계열,,,
경기학교교육실태조사,중학교,2025,2주기,1.0,중소도시,C02,학업,S0202B,학습전략(조직화),학생,ST_STRATEGY_06,"학습전략(1~4 정교화, 5~8 조직화) - 6)공부한 내용은 내 방식대로 정리해 놓는다",likert,Y,56.31,환산100점,4351,0,3.2524,1.1522,3.0,3.0,4.0,56.31,56.31,45.37,,,,,,,시계열,,,
경기학교교육실태조사,중학교,2025,2주기,2.0,읍면지역,C02,학업,S0202B,학습전략(조직화),학생,ST_STRATEGY_06,"학습전략(1~4 정교화, 5~8 조직화) - 6)공부한 내용은 내 방식대로 정리해 놓는다",likert,Y,57.18,환산100점,822,0,3.2871,1.1826,3.0,3.0,4.0,57.18,57.18,48.78,,,,,,,시계열,,,
경기학교교육실태조사,중학교,2021,1주기,1.0,중소도시,C02,학업,S0202B,학습전략(조직화),학생,ST_STRATEGY_07,"학습전략(1~4 정교화, 5~8 조직화) - 7)중요한 내용은 따로 정리한다",likert,Y,56.1,환산100점,6985,0,3.2441,1.19,3.0,2.0,4.0,56.1,56.1,45.97,,,,,,,시계열,,,
경기학교교육실태조사,중학교,2021,1주기,2.0,읍면지역,C02,학업,S0202B,학습전략(조직화),학생,ST_STRATEGY_07,"학습전략(1~4 정교화, 5~8 조직화) - 7)중요한 내용은 따로 정리한다",likert,Y,56.04,환산100점,1899,0,3.2417,1.1825,3.0,2.0,4.0,56.04,56.04,44.6,,,,,,,시계열,,,
경기학교교육실태조사,중학교,2025,2주기,1.0,중소도시,C02,학업,S0202B,학습전략(조직화),학생,ST_STRATEGY_07,"학습전략(1~4 정교화, 5~8 조직화) - 7)중요한 내용은 따로 정리한다",likert,Y,57.58,환산100점,4351,0,3.3031,1.1299,3.0,3.0,4.0,57.58,57.58,47.64,,,,,,,시계열,,,
경기학교교육실태조사,중학교,2025,2주기,2.0,읍면지역,C02,학업,S0202B,학습전략(조직화),학생,ST_STRATEGY_07,"학습전략(1~4 정교화, 5~8 조직화) - 7)중요한 내용은 따로 정리한다",likert,Y,57.36,환산100점,822,0,3.2944,1.1579,3.0,3.0,4.0,57.36,57.36,48.78,,,,,,,시계열,,,
경기학교교육실태조사,중학교,2021,1주기,1.0,중소도시,C02,학업,S0202B,학습전략(조직화),학생,ST_STRATEGY_08,"학습전략(1~4 정교화, 5~8 조직화) - 8)공부할 때 개념들을 모아서 나름대로 관계를 정리해 본다",likert,Y,49.63,환산100점,6985,0,2.9854,1.1822,3.0,2.0,4.0,49.63,49.63,35.19,,,,,,,시계열,,,
경기학교교육실태조사,중학교,2021,1주기,2.0,읍면지역,C02,학업,S0202B,학습전략(조직화),학생,ST_STRATEGY_08,"학습전략(1~4 정교화, 5~8 조직화) - 8)공부할 때 개념들을 모아서 나름대로 관계를 정리해 본다",likert,Y,49.43,환산100점,1899,0,2.9774,1.1673,3.0,2.0,4.0,49.43,49.43,33.07,,,,,,,시계열,,,
경기학교교육실태조사,중학교,2025,2주기,1.0,중소도시,C02,학업,S0202B,학습전략(조직화),학생,ST_STRATEGY_08,"학습전략(1~4 정교화, 5~8 조직화) - 8)공부할 때 개념들을 모아서 나름대로 관계를 정리해 본다",likert,Y,50.68,환산100점,4351,0,3.0274,1.0967,3.0,2.0,4.0,50.68,50.68,34.43,,,,,,,시계열,,,
경기학교교육실태조사,중학교,2025,2주기,2.0,읍면지역,C02,학업,S0202B,학습전략(조직화),학생,ST_STRATEGY_08,"학습전략(1~4 정교화, 5~8 조직화) - 8)공부할 때 개념들을 모아서 나름대로 관계를 정리해 본다",likert,Y,51.76,환산100점,822,0,3.0706,1.1222,3.0,2.0,4.0,51.76,51.76,37.47,,,,,,,시계열,,,
경기학교교육실태조사,중학교,2021,1주기,1.0,중소도시,C02,학업,S0203A,자기주도학습(주도성·창의성),학생,ST_SDL_01,"자기주도학습 - 1)나는 알고 싶은 것이 있을 때, 그것을 어떻게 배워야 할지 알 수 있다",likert,Y,57.95,환산100점,6985,0,3.3178,1.0106,3.0,3.0,4.0,57.95,57.95,44.34,,,,,,,시계열,,,
경기학교교육실태조사,중학교,2021,1주기,2.0,읍면지역,C02,학업,S0203A,자기주도학습(주도성·창의성),학생,ST_SDL_01,"자기주도학습 - 1)나는 알고 싶은 것이 있을 때, 그것을 어떻게 배워야 할지 알 수 있다",likert,Y,57.17,환산100점,1899,0,3.287,0.9922,3.0,3.0,4.0,57.17,57.17,42.18,,,,,,,시계열,,,
경기학교교육실태조사,중학교,2025,2주기,1.0,중소도시,C02,학업,S0203A,자기주도학습(주도성·창의성),학생,ST_SDL_01,"자기주도학습 - 1)나는 알고 싶은 것이 있을 때, 그것을 어떻게 배워야 할지 알 수 있다",likert,Y,58.18,환산100점,4351,0,3.3273,0.988,3.0,3.0,4.0,58.18,58.18,44.01,,,,,,,시계열,,,
경기학교교육실태조사,중학교,2025,2주기,2.0,읍면지역,C02,학업,S0203A,자기주도학습(주도성·창의성),학생,ST_SDL_01,"자기주도학습 - 1)나는 알고 싶은 것이 있을 때, 그것을 어떻게 배워야 할지 알 수 있다",likert,Y,58.82,환산100점,822,0,3.3528,1.0137,3.0,3.0,4.0,58.82,58.82,45.62,,,,,,,시계열,,,
경기학교교육실태조사,중학교,2021,1주기,1.0,중소도시,C02,학업,S0203A,자기주도학습(주도성·창의성),학생,ST_SDL_02,자기주도학습 - 2)내가 알고 싶은 정보를 찾는 방법을 알고 있다,likert,Y,67.39,환산100점,6985,0,3.6956,0.9654,4.0,3.0,4.0,67.39,67.39,64.15,,,,,,,시계열,,,
경기학교교육실태조사,중학교,2021,1주기,2.0,읍면지역,C02,학업,S0203A,자기주도학습(주도성·창의성),학생,ST_SDL_02,자기주도학습 - 2)내가 알고 싶은 정보를 찾는 방법을 알고 있다,likert,Y,66.59,환산100점,1899,0,3.6635,0.9695,4.0,3.0,4.0,66.59,66.59,62.19,,,,,,,시계열,,,
경기학교교육실태조사,중학교,2025,2주기,1.0,중소도시,C02,학업,S0203A,자기주도학습(주도성·창의성),학생,ST_SDL_02,자기주도학습 - 2)내가 알고 싶은 정보를 찾는 방법을 알고 있다,likert,Y,66.97,환산100점,4351,0,3.6789,0.9759,4.0,3.0,4.0,66.97,66.97,63.5,,,,,,,시계열,,,
경기학교교육실태조사,중학교,2025,2주기,2.0,읍면지역,C02,학업,S0203A,자기주도학습(주도성·창의성),학생,ST_SDL_02,자기주도학습 - 2)내가 알고 싶은 정보를 찾는 방법을 알고 있다,likert,Y,67.09,환산100점,822,0,3.6837,0.9833,4.0,3.0,4.0,67.09,67.09,64.84,,,,,,,시계열,,,
경기학교교육실태조사,중학교,2021,1주기,1.0,중소도시,C02,학업,S0203A,자기주도학습(주도성·창의성),학생,ST_SDL_03,자기주도학습 - 3)나는 사물에 관해 호기심을 갖고 있다,likert,Y,57.52,환산100점,6985,0,3.3006,1.0616,3.0,3.0,4.0,57.52,57.52,44.32,,,,,,,시계열,,,
경기학교교육실태조사,중학교,2021,1주기,2.0,읍면지역,C02,학업,S0203A,자기주도학습(주도성·창의성),학생,ST_SDL_03,자기주도학습 - 3)나는 사물에 관해 호기심을 갖고 있다,likert,Y,57.65,환산100점,1899,0,3.306,1.0467,3.0,3.0,4.0,57.65,57.65,44.66,,,,,,,시계열,,,
경기학교교육실태조사,중학교,2025,2주기,1.0,중소도시,C02,학업,S0203A,자기주도학습(주도성·창의성),학생,ST_SDL_03,자기주도학습 - 3)나는 사물에 관해 호기심을 갖고 있다,likert,Y,54.99,환산100점,4351,0,3.1997,1.0398,3.0,3.0,4.0,54.99,54.99,38.82,,,,,,,시계열,,,
경기학교교육실태조사,중학교,2025,2주기,2.0,읍면지역,C02,학업,S0203A,자기주도학습(주도성·창의성),학생,ST_SDL_03,자기주도학습 - 3)나는 사물에 관해 호기심을 갖고 있다,likert,Y,57.03,환산100점,822,0,3.281,1.0494,3.0,3.0,4.0,57.03,57.03,41.36,,,,,,,시계열,,,
경기학교교육실태조사,중학교,2021,1주기,1.0,중소도시,C02,학업,S0203A,자기주도학습(주도성·창의성),학생,ST_SDL_04,자기주도학습 - 4)나는 어떤 일을 해내는 특별한 방법을 잘 생각해 낸다,likert,Y,55.38,환산100점,6985,0,3.2152,1.0183,3.0,3.0,4.0,55.38,55.38,38.47,,,,,,,시계열,,,
경기학교교육실태조사,중학교,2021,1주기,2.0,읍면지역,C02,학업,S0203A,자기주도학습(주도성·창의성),학생,ST_SDL_04,자기주도학습 - 4)나는 어떤 일을 해내는 특별한 방법을 잘 생각해 낸다,likert,Y,54.99,환산100점,1899,0,3.1996,0.9993,3.0,3.0,4.0,54.99,54.99,37.12,,,,,,,시계열,,,
경기학교교육실태조사,중학교,2025,2주기,1.0,중소도시,C02,학업,S0203A,자기주도학습(주도성·창의성),학생,ST_SDL_04,자기주도학습 - 4)나는 어떤 일을 해내는 특별한 방법을 잘 생각해 낸다,likert,Y,54.93,환산100점,4351,0,3.1972,1.0081,3.0,3.0,4.0,54.93,54.93,36.93,,,,,,,시계열,,,
경기학교교육실태조사,중학교,2025,2주기,2.0,읍면지역,C02,학업,S0203A,자기주도학습(주도성·창의성),학생,ST_SDL_04,자기주도학습 - 4)나는 어떤 일을 해내는 특별한 방법을 잘 생각해 낸다,likert,Y,55.84,환산100점,822,0,3.2336,1.0325,3.0,3.0,4.0,55.84,55.84,38.32,,,,,,,시계열,,,
경기학교교육실태조사,중학교,2021,1주기,1.0,중소도시,C02,학업,S0203B,자기주도학습(자기이해),학생,ST_SDL_05,자기주도학습 - 5)내가 무엇을 배우고 싶은지를 안다,likert,Y,63.32,환산100점,6985,0,3.533,1.1603,4.0,3.0,4.0,63.32,63.32,55.03,,,,,,,시계열,,,
경기학교교육실태조사,중학교,2021,1주기,2.0,읍면지역,C02,학업,S0203B,자기주도학습(자기이해),학생,ST_SDL_05,자기주도학습 - 5)내가 무엇을 배우고 싶은지를 안다,likert,Y,64.48,환산100점,1899,0,3.5793,1.1442,4.0,3.0,4.0,64.48,64.48,56.56,,,,,,,시계열,,,
경기학교교육실태조사,중학교,2025,2주기,1.0,중소도시,C02,학업,S0203B,자기주도학습(자기이해),학생,ST_SDL_05,자기주도학습 - 5)내가 무엇을 배우고 싶은지를 안다,likert,Y,61.01,환산100점,4351,0,3.4406,1.1361,4.0,3.0,4.0,61.01,61.01,51.78,,,,,,,시계열,,,
경기학교교육실태조사,중학교,2025,2주기,2.0,읍면지역,C02,학업,S0203B,자기주도학습(자기이해),학생,ST_SDL_05,자기주도학습 - 5)내가 무엇을 배우고 싶은지를 안다,likert,Y,62.38,환산100점,822,0,3.4951,1.1263,4.0,3.0,4.0,62.38,62.38,54.26,,,,,,,시계열,,,
경기학교교육실태조사,중학교,2021,1주기,1.0,중소도시,C02,학업,S0203B,자기주도학습(자기이해),학생,ST_SDL_06,자기주도학습 - 6)내 공부의 최종적인 책임은 내가 진다,likert,Y,72.05,환산100점,6985,0,3.882,1.0058,4.0,3.0,5.0,72.05,72.05,69.08,,,,,,,시계열,,,
경기학교교육실태조사,중학교,2021,1주기,2.0,읍면지역,C02,학업,S0203B,자기주도학습(자기이해),학생,ST_SDL_06,자기주도학습 - 6)내 공부의 최종적인 책임은 내가 진다,likert,Y,72.39,환산100점,1899,0,3.8957,0.9844,4.0,3.0,5.0,72.39,72.39,69.98,,,,,,,시계열,,,
경기학교교육실태조사,중학교,2025,2주기,1.0,중소도시,C02,학업,S0203B,자기주도학습(자기이해),학생,ST_SDL_06,자기주도학습 - 6)내 공부의 최종적인 책임은 내가 진다,likert,Y,71.76,환산100점,4351,0,3.8704,0.974,4.0,3.0,5.0,71.76,71.76,69.55,,,,,,,시계열,,,
경기학교교육실태조사,중학교,2025,2주기,2.0,읍면지역,C02,학업,S0203B,자기주도학습(자기이해),학생,ST_SDL_06,자기주도학습 - 6)내 공부의 최종적인 책임은 내가 진다,likert,Y,71.08,환산100점,822,0,3.8431,1.0239,4.0,3.0,5.0,71.08,71.08,69.1,,,,,,,시계열,,,
경기학교교육실태조사,중학교,2021,1주기,1.0,중소도시,C02,학업,S0203B,자기주도학습(자기이해),학생,ST_SDL_07,자기주도학습 - 7)지금 공부가 잘 되고 있는지 아닌지를 판단할 수 있다,likert,Y,66.0,환산100점,6985,0,3.6401,1.0143,4.0,3.0,4.0,66.0,66.0,59.58,,,,,,,시계열,,,
경기학교교육실태조사,중학교,2021,1주기,2.0,읍면지역,C02,학업,S0203B,자기주도학습(자기이해),학생,ST_SDL_07,자기주도학습 - 7)지금 공부가 잘 되고 있는지 아닌지를 판단할 수 있다,likert,Y,65.84,환산100점,1899,0,3.6335,1.0128,4.0,3.0,4.0,65.84,65.84,60.08,,,,,,,시계열,,,
경기학교교육실태조사,중학교,2025,2주기,1.0,중소도시,C02,학업,S0203B,자기주도학습(자기이해),학생,ST_SDL_07,자기주도학습 - 7)지금 공부가 잘 되고 있는지 아닌지를 판단할 수 있다,likert,Y,61.81,환산100점,4351,0,3.4723,1.0326,4.0,3.0,4.0,61.81,61.81,52.38,,,,,,,시계열,,,
경기학교교육실태조사,중학교,2025,2주기,2.0,읍면지역,C02,학업,S0203B,자기주도학습(자기이해),학생,ST_SDL_07,자기주도학습 - 7)지금 공부가 잘 되고 있는지 아닌지를 판단할 수 있다,likert,Y,62.8,환산100점,822,0,3.5122,1.0478,4.0,3.0,4.0,62.8,62.8,55.47,,,,,,,시계열,,,
경기학교교육실태조사,중학교,2021,1주기,1.0,중소도시,C02,학업,S0203B,자기주도학습(자기이해),학생,ST_SDL_08,자기주도학습 - 8)지금 공부하는 내용 중 부족한 부분을 언제 보충해야 할지 알고 있다,likert,Y,59.49,환산100점,6985,0,3.3795,1.0542,3.0,3.0,4.0,59.49,59.49,47.5,,,,,,,시계열,,,
경기학교교육실태조사,중학교,2021,1주기,2.0,읍면지역,C02,학업,S0203B,자기주도학습(자기이해),학생,ST_SDL_08,자기주도학습 - 8)지금 공부하는 내용 중 부족한 부분을 언제 보충해야 할지 알고 있다,likert,Y,58.9,환산100점,1899,0,3.356,1.0477,3.0,3.0,4.0,58.9,58.9,46.39,,,,,,,시계열,,,
경기학교교육실태조사,중학교,2025,2주기,1.0,중소도시,C02,학업,S0203B,자기주도학습(자기이해),학생,ST_SDL_08,자기주도학습 - 8)지금 공부하는 내용 중 부족한 부분을 언제 보충해야 할지 알고 있다,likert,Y,58.19,환산100점,4351,0,3.3275,1.0324,3.0,3.0,4.0,58.19,58.19,45.76,,,,,,,시계열,,,
경기학교교육실태조사,중학교,2025,2주기,2.0,읍면지역,C02,학업,S0203B,자기주도학습(자기이해),학생,ST_SDL_08,자기주도학습 - 8)지금 공부하는 내용 중 부족한 부분을 언제 보충해야 할지 알고 있다,likert,Y,58.24,환산100점,822,0,3.3297,1.0845,3.0,3.0,4.0,58.24,58.24,46.11,,,,,,,시계열,,,
경기학교교육실태조사,중학교,2021,1주기,1.0,중소도시,C02,학업,S0203B,자기주도학습(자기이해),학생,ST_SDL_09,자기주도학습 - 9)항상 새로운 것을 배우는 사람을 존경한다,likert,Y,69.51,환산100점,6985,0,3.7802,1.124,4.0,3.0,5.0,69.51,69.51,62.98,,,,,,,시계열,,,
경기학교교육실태조사,중학교,2021,1주기,2.0,읍면지역,C02,학업,S0203B,자기주도학습(자기이해),학생,ST_SDL_09,자기주도학습 - 9)항상 새로운 것을 배우는 사람을 존경한다,likert,Y,68.25,환산100점,1899,0,3.7299,1.1123,4.0,3.0,5.0,68.25,68.25,60.14,,,,,,,시계열,,,
경기학교교육실태조사,중학교,2025,2주기,1.0,중소도시,C02,학업,S0203B,자기주도학습(자기이해),학생,ST_SDL_09,자기주도학습 - 9)항상 새로운 것을 배우는 사람을 존경한다,likert,Y,70.24,환산100점,4351,0,3.8095,1.0722,4.0,3.0,5.0,70.24,70.24,65.41,,,,,,,시계열,,,
경기학교교육실태조사,중학교,2025,2주기,2.0,읍면지역,C02,학업,S0203B,자기주도학습(자기이해),학생,ST_SDL_09,자기주도학습 - 9)항상 새로운 것을 배우는 사람을 존경한다,likert,Y,70.26,환산100점,822,0,3.8102,1.0737,4.0,3.0,5.0,70.26,70.26,66.79,,,,,,,시계열,,,
경기학교교육실태조사,중학교,2021,1주기,1.0,중소도시,C02,학업,S0204,학업스트레스,학생,ST_STRESS_01,학업 스트레스 - 1)좋은 성적을 위해 공부를 열심히 하지 않으면 불안하다,likert,Y,53.8,환산100점,6985,0,3.152,1.2517,3.0,2.0,4.0,53.8,53.8,43.64,,,,,,,시계열,,,
경기학교교육실태조사,중학교,2021,1주기,2.0,읍면지역,C02,학업,S0204,학업스트레스,학생,ST_STRESS_01,학업 스트레스 - 1)좋은 성적을 위해 공부를 열심히 하지 않으면 불안하다,likert,Y,52.37,환산100점,1899,0,3.0948,1.2448,3.0,2.0,4.0,52.37,52.37,40.34,,,,,,,시계열,,,
경기학교교육실태조사,중학교,2025,2주기,1.0,중소도시,C02,학업,S0204,학업스트레스,학생,ST_STRESS_01,학업 스트레스 - 1)좋은 성적을 위해 공부를 열심히 하지 않으면 불안하다,likert,Y,52.61,환산100점,4351,0,3.1043,1.263,3.0,2.0,4.0,52.61,52.61,42.27,,,,,,,시계열,,,
경기학교교육실태조사,중학교,2025,2주기,2.0,읍면지역,C02,학업,S0204,학업스트레스,학생,ST_STRESS_01,학업 스트레스 - 1)좋은 성적을 위해 공부를 열심히 하지 않으면 불안하다,likert,Y,52.04,환산100점,822,0,3.0815,1.3223,3.0,2.0,4.0,52.04,52.04,44.89,,,,,,,시계열,,,
경기학교교육실태조사,중학교,2021,1주기,1.0,중소도시,C02,학업,S0204,학업스트레스,학생,ST_STRESS_02,"학업 스트레스 - 2)사교육(과외, 학원 등)을 받지 않으면 불안하다",likert,Y,45.92,환산100점,6985,0,2.8368,1.2703,3.0,2.0,4.0,45.92,45.92,34.73,,,,,,,시계열,,,
경기학교교육실태조사,중학교,2021,1주기,2.0,읍면지역,C02,학업,S0204,학업스트레스,학생,ST_STRESS_02,"학업 스트레스 - 2)사교육(과외, 학원 등)을 받지 않으면 불안하다",likert,Y,42.17,환산100점,1899,0,2.6867,1.2443,3.0,2.0,4.0,42.17,42.17,29.59,,,,,,,시계열,,,
경기학교교육실태조사,중학교,2025,2주기,1.0,중소도시,C02,학업,S0204,학업스트레스,학생,ST_STRESS_02,"학업 스트레스 - 2)사교육(과외, 학원 등)을 받지 않으면 불안하다",likert,Y,45.28,환산100점,4351,0,2.8111,1.2511,3.0,2.0,4.0,45.28,45.28,33.26,,,,,,,시계열,,,
경기학교교육실태조사,중학교,2025,2주기,2.0,읍면지역,C02,학업,S0204,학업스트레스,학생,ST_STRESS_02,"학업 스트레스 - 2)사교육(과외, 학원 등)을 받지 않으면 불안하다",likert,Y,44.19,환산100점,822,0,2.7676,1.2958,3.0,2.0,4.0,44.19,44.19,33.09,,,,,,,시계열,,,
경기학교교육실태조사,중학교,2021,1주기,1.0,중소도시,C02,학업,S0204,학업스트레스,학생,ST_STRESS_03,학업 스트레스 - 3)원하는 학교에 진학해야 한다는 정신적 부담이 크다,likert,Y,47.56,환산100점,6985,0,2.9024,1.2759,3.0,2.0,4.0,47.56,47.56,33.59,,,,,,,시계열,,,
경기학교교육실태조사,중학교,2021,1주기,2.0,읍면지역,C02,학업,S0204,학업스트레스,학생,ST_STRESS_03,학업 스트레스 - 3)원하는 학교에 진학해야 한다는 정신적 부담이 크다,likert,Y,47.35,환산100점,1899,0,2.8942,1.3045,3.0,2.0,4.0,47.35,47.35,34.02,,,,,,,시계열,,,
경기학교교육실태조사,중학교,2025,2주기,1.0,중소도시,C02,학업,S0204,학업스트레스,학생,ST_STRESS_03,학업 스트레스 - 3)원하는 학교에 진학해야 한다는 정신적 부담이 크다,likert,Y,46.96,환산100점,4351,0,2.8784,1.2622,3.0,2.0,4.0,46.96,46.96,33.26,,,,,,,시계열,,,
경기학교교육실태조사,중학교,2025,2주기,2.0,읍면지역,C02,학업,S0204,학업스트레스,학생,ST_STRESS_03,학업 스트레스 - 3)원하는 학교에 진학해야 한다는 정신적 부담이 크다,likert,Y,47.96,환산100점,822,0,2.9185,1.3038,3.0,2.0,4.0,47.96,47.96,36.5,,,,,,,시계열,,,
경기학교교육실태조사,중학교,2021,1주기,1.0,중소도시,C02,학업,S0204,학업스트레스,학생,ST_STRESS_04,학업 스트레스 - 4)다른 학생들과 학업 성적과 관련하여 경쟁의식을 느낀다,likert,Y,49.21,환산100점,6985,0,2.9685,1.2869,3.0,2.0,4.0,49.21,49.21,36.79,,,,,,,시계열,,,
경기학교교육실태조사,중학교,2021,1주기,2.0,읍면지역,C02,학업,S0204,학업스트레스,학생,ST_STRESS_04,학업 스트레스 - 4)다른 학생들과 학업 성적과 관련하여 경쟁의식을 느낀다,likert,Y,48.08,환산100점,1899,0,2.9231,1.2703,3.0,2.0,4.0,48.08,48.08,34.54,,,,,,,시계열,,,
경기학교교육실태조사,중학교,2025,2주기,1.0,중소도시,C02,학업,S0204,학업스트레스,학생,ST_STRESS_04,학업 스트레스 - 4)다른 학생들과 학업 성적과 관련하여 경쟁의식을 느낀다,likert,Y,50.72,환산100점,4351,0,3.0287,1.2938,3.0,2.0,4.0,50.72,50.72,39.94,,,,,,,시계열,,,
경기학교교육실태조사,중학교,2025,2주기,2.0,읍면지역,C02,학업,S0204,학업스트레스,학생,ST_STRESS_04,학업 스트레스 - 4)다른 학생들과 학업 성적과 관련하여 경쟁의식을 느낀다,likert,Y,49.12,환산100점,822,0,2.9647,1.3633,3.0,2.0,4.0,49.12,49.12,40.39,,,,,,,시계열,,,
경기학교교육실태조사,중학교,2021,1주기,1.0,중소도시,C02,학업,S0205,학업성취(주관),학생,ST_GRADE_SELF_01,현재성적 - 현재 성적,likert,조건부,54.55,환산100점,6985,0,3.1821,1.0563,3.0,3.0,4.0,54.55,54.55,37.21,,,,,,,시계열,,,
경기학교교육실태조사,중학교,2021,1주기,2.0,읍면지역,C02,학업,S0205,학업성취(주관),학생,ST_GRADE_SELF_01,현재성적 - 현재 성적,likert,조건부,53.17,환산100점,1899,0,3.1269,1.0659,3.0,2.0,4.0,53.17,53.17,36.55,,,,,,,시계열,,,
경기학교교육실태조사,중학교,2025,2주기,1.0,중소도시,C02,학업,S0205,학업성취(주관),학생,ST_GRADE_SELF_01,현재성적 - 현재 성적,likert,조건부,55.68,환산100점,4351,0,3.2271,1.0626,3.0,3.0,4.0,55.68,55.68,40.63,,,,,,,시계열,,,
경기학교교육실태조사,중학교,2025,2주기,2.0,읍면지역,C02,학업,S0205,학업성취(주관),학생,ST_GRADE_SELF_01,현재성적 - 현재 성적,likert,조건부,56.66,환산100점,822,0,3.2664,1.0509,3.0,3.0,4.0,56.66,56.66,41.36,,,,,,,시계열,,,
경기학교교육실태조사,중학교,2021,1주기,1.0,중소도시,C03,디지털 리터러시,S0301,디지털 리터러시,학생,ST_DIGI_LIT_01,디지털 리터러시 - 1)나는 한글이나 프리젠테이션 도구 또는 생성형 AI를 활용해서 문서를 만드는 데 능숙하다,likert,조건부,56.9,환산100점,6985,0,3.2759,1.1462,3.0,3.0,4.0,56.9,56.9,42.75,,,,,,,시계열,,,
경기학교교육실태조사,중학교,2021,1주기,2.0,읍면지역,C03,디지털 리터러시,S0301,디지털 리터러시,학생,ST_DIGI_LIT_01,디지털 리터러시 - 1)나는 한글이나 프리젠테이션 도구 또는 생성형 AI를 활용해서 문서를 만드는 데 능숙하다,likert,조건부,53.84,환산100점,1899,0,3.1538,1.1345,3.0,2.0,4.0,53.84,53.84,37.18,,,,,,,시계열,,,
경기학교교육실태조사,중학교,2025,2주기,1.0,중소도시,C03,디지털 리터러시,S0301,디지털 리터러시,학생,ST_DIGI_LIT_01,디지털 리터러시 - 1)나는 한글이나 프리젠테이션 도구 또는 생성형 AI를 활용해서 문서를 만드는 데 능숙하다,likert,조건부,59.95,환산100점,4351,0,3.3981,1.0856,3.0,3.0,4.0,59.95,59.95,45.87,,,,,,,시계열,,,
경기학교교육실태조사,중학교,2025,2주기,2.0,읍면지역,C03,디지털 리터러시,S0301,디지털 리터러시,학생,ST_DIGI_LIT_01,디지털 리터러시 - 1)나는 한글이나 프리젠테이션 도구 또는 생성형 AI를 활용해서 문서를 만드는 데 능숙하다,likert,조건부,58.36,환산100점,822,0,3.3345,1.1031,3.0,3.0,4.0,58.36,58.36,43.31,,,,,,,시계열,,,
경기학교교육실태조사,중학교,2021,1주기,1.0,중소도시,C03,디지털 리터러시,S0301,디지털 리터러시,학생,ST_DIGI_LIT_02,디지털 리터러시 - 2)나는 내가 만든 자료나 파일을 온라인 플랫폼에 올려서 잘 공유한다,likert,Y,50.2,환산100점,6985,0,3.0082,1.2129,3.0,2.0,4.0,50.2,50.2,35.32,,,,,,,시계열,,,
경기학교교육실태조사,중학교,2021,1주기,2.0,읍면지역,C03,디지털 리터러시,S0301,디지털 리터러시,학생,ST_DIGI_LIT_02,디지털 리터러시 - 2)나는 내가 만든 자료나 파일을 온라인 플랫폼에 올려서 잘 공유한다,likert,Y,47.74,환산100점,1899,0,2.9094,1.1732,3.0,2.0,4.0,47.74,47.74,30.7,,,,,,,시계열,,,
경기학교교육실태조사,중학교,2025,2주기,1.0,중소도시,C03,디지털 리터러시,S0301,디지털 리터러시,학생,ST_DIGI_LIT_02,디지털 리터러시 - 2)나는 내가 만든 자료나 파일을 온라인 플랫폼에 올려서 잘 공유한다,likert,Y,49.2,환산100점,4351,0,2.9681,1.1904,3.0,2.0,4.0,49.2,49.2,32.8,,,,,,,시계열,,,
경기학교교육실태조사,중학교,2025,2주기,2.0,읍면지역,C03,디지털 리터러시,S0301,디지털 리터러시,학생,ST_DIGI_LIT_02,디지털 리터러시 - 2)나는 내가 만든 자료나 파일을 온라인 플랫폼에 올려서 잘 공유한다,likert,Y,50.3,환산100점,822,0,3.0122,1.1978,3.0,2.0,4.0,50.3,50.3,36.13,,,,,,,시계열,,,
경기학교교육실태조사,중학교,2021,1주기,1.0,중소도시,C03,디지털 리터러시,S0301,디지털 리터러시,학생,ST_DIGI_LIT_03,디지털 리터러시 - 3)나는 온라인 학습 공간에 올려둔 자료를 잘 내려 받아 활용한다,likert,Y,62.58,환산100점,6985,0,3.5032,1.0824,4.0,3.0,4.0,62.58,62.58,53.57,,,,,,,시계열,,,
경기학교교육실태조사,중학교,2021,1주기,2.0,읍면지역,C03,디지털 리터러시,S0301,디지털 리터러시,학생,ST_DIGI_LIT_03,디지털 리터러시 - 3)나는 온라인 학습 공간에 올려둔 자료를 잘 내려 받아 활용한다,likert,Y,59.94,환산100점,1899,0,3.3976,1.0749,3.0,3.0,4.0,59.94,59.94,47.02,,,,,,,시계열,,,
경기학교교육실태조사,중학교,2025,2주기,1.0,중소도시,C03,디지털 리터러시,S0301,디지털 리터러시,학생,ST_DIGI_LIT_03,디지털 리터러시 - 3)나는 온라인 학습 공간에 올려둔 자료를 잘 내려 받아 활용한다,likert,Y,61.35,환산100점,4351,0,3.4541,1.0433,3.0,3.0,4.0,61.35,61.35,49.71,,,,,,,시계열,,,
경기학교교육실태조사,중학교,2025,2주기,2.0,읍면지역,C03,디지털 리터러시,S0301,디지털 리터러시,학생,ST_DIGI_LIT_03,디지털 리터러시 - 3)나는 온라인 학습 공간에 올려둔 자료를 잘 내려 받아 활용한다,likert,Y,59.79,환산100점,822,0,3.3917,1.0734,3.0,3.0,4.0,59.79,59.79,48.18,,,,,,,시계열,,,
경기학교교육실태조사,중학교,2021,1주기,1.0,중소도시,C03,디지털 리터러시,S0301,디지털 리터러시,학생,ST_DIGI_LIT_04,디지털 리터러시 - 4)나는 필요한 정보를 찾기 위해 다양한 검색엔진이나 AI 도구를 활용할 수 있다,likert,조건부,67.69,환산100점,6985,0,3.7075,0.9881,4.0,3.0,4.0,67.69,67.69,61.1,,,,,,,시계열,,,
경기학교교육실태조사,중학교,2021,1주기,2.0,읍면지역,C03,디지털 리터러시,S0301,디지털 리터러시,학생,ST_DIGI_LIT_04,디지털 리터러시 - 4)나는 필요한 정보를 찾기 위해 다양한 검색엔진이나 AI 도구를 활용할 수 있다,likert,조건부,65.55,환산100점,1899,0,3.6219,1.0282,4.0,3.0,4.0,65.55,65.55,56.87,,,,,,,시계열,,,
경기학교교육실태조사,중학교,2025,2주기,1.0,중소도시,C03,디지털 리터러시,S0301,디지털 리터러시,학생,ST_DIGI_LIT_04,디지털 리터러시 - 4)나는 필요한 정보를 찾기 위해 다양한 검색엔진이나 AI 도구를 활용할 수 있다,likert,조건부,68.26,환산100점,4351,0,3.7304,0.9994,4.0,3.0,4.0,68.26,68.26,61.37,,,,,,,시계열,,,
경기학교교육실태조사,중학교,2025,2주기,2.0,읍면지역,C03,디지털 리터러시,S0301,디지털 리터러시,학생,ST_DIGI_LIT_04,디지털 리터러시 - 4)나는 필요한 정보를 찾기 위해 다양한 검색엔진이나 AI 도구를 활용할 수 있다,likert,조건부,66.42,환산100점,822,0,3.6569,1.0111,4.0,3.0,4.0,66.42,66.42,58.76,,,,,,,시계열,,,
경기학교교육실태조사,중학교,2021,1주기,1.0,중소도시,C03,디지털 리터러시,S0301,디지털 리터러시,학생,ST_DIGI_LIT_05,디지털 리터러시 - 5)나는 필요한 정보를 찾기 위해 관련된 키워드를 다양하게 생각해낼 수 있다,likert,Y,65.27,환산100점,6985,0,3.6109,0.9801,4.0,3.0,4.0,65.27,65.27,55.45,,,,,,,시계열,,,
경기학교교육실태조사,중학교,2021,1주기,2.0,읍면지역,C03,디지털 리터러시,S0301,디지털 리터러시,학생,ST_DIGI_LIT_05,디지털 리터러시 - 5)나는 필요한 정보를 찾기 위해 관련된 키워드를 다양하게 생각해낼 수 있다,likert,Y,63.6,환산100점,1899,0,3.544,1.0061,4.0,3.0,4.0,63.6,63.6,51.76,,,,,,,시계열,,,
경기학교교육실태조사,중학교,2025,2주기,1.0,중소도시,C03,디지털 리터러시,S0301,디지털 리터러시,학생,ST_DIGI_LIT_05,디지털 리터러시 - 5)나는 필요한 정보를 찾기 위해 관련된 키워드를 다양하게 생각해낼 수 있다,likert,Y,66.14,환산100점,4351,0,3.6456,0.9596,4.0,3.0,4.0,66.14,66.14,56.56,,,,,,,시계열,,,
경기학교교육실태조사,중학교,2025,2주기,2.0,읍면지역,C03,디지털 리터러시,S0301,디지털 리터러시,학생,ST_DIGI_LIT_05,디지털 리터러시 - 5)나는 필요한 정보를 찾기 위해 관련된 키워드를 다양하게 생각해낼 수 있다,likert,Y,64.48,환산100점,822,0,3.5791,0.9812,4.0,3.0,4.0,64.48,64.48,54.74,,,,,,,시계열,,,
경기학교교육실태조사,중학교,2021,1주기,1.0,중소도시,C03,디지털 리터러시,S0301,디지털 리터러시,학생,ST_DIGI_LIT_06,디지털 리터러시 - 6)과제를 해결하기 위해 필요한 정보를 다양하게 선택할 수 있다,likert,Y,66.48,환산100점,6985,0,3.6593,0.9408,4.0,3.0,4.0,66.48,66.48,58.2,,,,,,,시계열,,,
경기학교교육실태조사,중학교,2021,1주기,2.0,읍면지역,C03,디지털 리터러시,S0301,디지털 리터러시,학생,ST_DIGI_LIT_06,디지털 리터러시 - 6)과제를 해결하기 위해 필요한 정보를 다양하게 선택할 수 있다,likert,Y,64.73,환산100점,1899,0,3.5893,0.9689,4.0,3.0,4.0,64.73,64.73,54.5,,,,,,,시계열,,,
경기학교교육실태조사,중학교,2025,2주기,1.0,중소도시,C03,디지털 리터러시,S0301,디지털 리터러시,학생,ST_DIGI_LIT_06,디지털 리터러시 - 6)과제를 해결하기 위해 필요한 정보를 다양하게 선택할 수 있다,likert,Y,66.95,환산100점,4351,0,3.678,0.9218,4.0,3.0,4.0,66.95,66.95,59.46,,,,,,,시계열,,,
경기학교교육실태조사,중학교,2025,2주기,2.0,읍면지역,C03,디지털 리터러시,S0301,디지털 리터러시,학생,ST_DIGI_LIT_06,디지털 리터러시 - 6)과제를 해결하기 위해 필요한 정보를 다양하게 선택할 수 있다,likert,Y,66.21,환산100점,822,0,3.6484,0.9335,4.0,3.0,4.0,66.21,66.21,56.93,,,,,,,시계열,,,
경기학교교육실태조사,중학교,2021,1주기,1.0,중소도시,C03,디지털 리터러시,S0301,디지털 리터러시,학생,ST_DIGI_LIT_07,디지털 리터러시 - 7)나는 디지털 기기 사용 시간을 스스로 정한다,likert,조건부,51.41,환산100점,6985,0,3.0564,1.1179,3.0,2.0,4.0,51.41,51.41,33.87,,,,,,,시계열,,,
경기학교교육실태조사,중학교,2021,1주기,2.0,읍면지역,C03,디지털 리터러시,S0301,디지털 리터러시,학생,ST_DIGI_LIT_07,디지털 리터러시 - 7)나는 디지털 기기 사용 시간을 스스로 정한다,likert,조건부,50.75,환산100점,1899,0,3.03,1.1351,3.0,2.0,4.0,50.75,50.75,33.65,,,,,,,시계열,,,
경기학교교육실태조사,중학교,2025,2주기,1.0,중소도시,C03,디지털 리터러시,S0301,디지털 리터러시,학생,ST_DIGI_LIT_07,디지털 리터러시 - 7)나는 디지털 기기 사용 시간을 스스로 정한다,likert,조건부,54.3,환산100점,4351,0,3.1721,1.13,3.0,2.0,4.0,54.3,54.3,38.5,,,,,,,시계열,,,
경기학교교육실태조사,중학교,2025,2주기,2.0,읍면지역,C03,디지털 리터러시,S0301,디지털 리터러시,학생,ST_DIGI_LIT_07,디지털 리터러시 - 7)나는 디지털 기기 사용 시간을 스스로 정한다,likert,조건부,55.35,환산100점,822,0,3.2141,1.1332,3.0,2.0,4.0,55.35,55.35,40.15,,,,,,,시계열,,,
경기학교교육실태조사,중학교,2021,1주기,1.0,중소도시,C03,디지털 리터러시,S0301,디지털 리터러시,학생,ST_DIGI_LIT_08,디지털 리터러시 - 8)나는 놀 때와 공부할 때를 구분해서 디지털 기기를 사용한다,likert,조건부,57.04,환산100점,6985,0,3.2817,1.0482,3.0,3.0,4.0,57.04,57.04,42.09,,,,,,,시계열,,,
경기학교교육실태조사,중학교,2021,1주기,2.0,읍면지역,C03,디지털 리터러시,S0301,디지털 리터러시,학생,ST_DIGI_LIT_08,디지털 리터러시 - 8)나는 놀 때와 공부할 때를 구분해서 디지털 기기를 사용한다,likert,조건부,56.54,환산100점,1899,0,3.2617,1.065,3.0,3.0,4.0,56.54,56.54,40.44,,,,,,,시계열,,,
경기학교교육실태조사,중학교,2025,2주기,1.0,중소도시,C03,디지털 리터러시,S0301,디지털 리터러시,학생,ST_DIGI_LIT_08,디지털 리터러시 - 8)나는 놀 때와 공부할 때를 구분해서 디지털 기기를 사용한다,likert,조건부,59.09,환산100점,4351,0,3.3636,1.0527,3.0,3.0,4.0,59.09,59.09,45.74,,,,,,,시계열,,,
경기학교교육실태조사,중학교,2025,2주기,2.0,읍면지역,C03,디지털 리터러시,S0301,디지털 리터러시,학생,ST_DIGI_LIT_08,디지털 리터러시 - 8)나는 놀 때와 공부할 때를 구분해서 디지털 기기를 사용한다,likert,조건부,59.22,환산100점,822,0,3.3686,1.0605,3.0,3.0,4.0,59.22,59.22,46.11,,,,,,,시계열,,,
경기학교교육실태조사,중학교,2021,1주기,1.0,중소도시,C03,디지털 리터러시,S0301,디지털 리터러시,학생,ST_DIGI_LIT_09,디지털 리터러시 - 9)나는 디지털 기기를 활용하여 정보를 얻을 때 나에게 필요한 정보를 골라 읽는다,likert,조건부,65.82,환산100점,6985,0,3.6329,0.9374,4.0,3.0,4.0,65.82,65.82,57.7,,,,,,,시계열,,,
경기학교교육실태조사,중학교,2021,1주기,2.0,읍면지역,C03,디지털 리터러시,S0301,디지털 리터러시,학생,ST_DIGI_LIT_09,디지털 리터러시 - 9)나는 디지털 기기를 활용하여 정보를 얻을 때 나에게 필요한 정보를 골라 읽는다,likert,조건부,65.26,환산100점,1899,0,3.6103,0.9546,4.0,3.0,4.0,65.26,65.26,56.29,,,,,,,시계열,,,
경기학교교육실태조사,중학교,2025,2주기,1.0,중소도시,C03,디지털 리터러시,S0301,디지털 리터러시,학생,ST_DIGI_LIT_09,디지털 리터러시 - 9)나는 디지털 기기를 활용하여 정보를 얻을 때 나에게 필요한 정보를 골라 읽는다,likert,조건부,66.85,환산100점,4351,0,3.6741,0.9155,4.0,3.0,4.0,66.85,66.85,59.8,,,,,,,시계열,,,
경기학교교육실태조사,중학교,2025,2주기,2.0,읍면지역,C03,디지털 리터러시,S0301,디지털 리터러시,학생,ST_DIGI_LIT_09,디지털 리터러시 - 9)나는 디지털 기기를 활용하여 정보를 얻을 때 나에게 필요한 정보를 골라 읽는다,likert,조건부,64.93,환산100점,822,0,3.5973,0.9453,4.0,3.0,4.0,64.93,64.93,55.96,,,,,,,시계열,,,
경기학교교육실태조사,중학교,2021,1주기,1.0,중소도시,C03,디지털 리터러시,S0301,디지털 리터러시,학생,ST_DIGI_LIT_10,디지털 리터러시 - 10)나는 불법 사이트에 접속하지 않는다,likert,Y,74.42,환산100점,6985,0,3.977,1.1086,4.0,3.0,5.0,74.42,74.42,69.69,,,,,,,시계열,,,
경기학교교육실태조사,중학교,2021,1주기,2.0,읍면지역,C03,디지털 리터러시,S0301,디지털 리터러시,학생,ST_DIGI_LIT_10,디지털 리터러시 - 10)나는 불법 사이트에 접속하지 않는다,likert,Y,72.5,환산100점,1899,0,3.8999,1.1706,4.0,3.0,5.0,72.5,72.5,66.93,,,,,,,시계열,,,
경기학교교육실태조사,중학교,2025,2주기,1.0,중소도시,C03,디지털 리터러시,S0301,디지털 리터러시,학생,ST_DIGI_LIT_10,디지털 리터러시 - 10)나는 불법 사이트에 접속하지 않는다,likert,Y,78.84,환산100점,4351,0,4.1538,1.0952,5.0,4.0,5.0,78.84,78.84,75.89,,,,,,,시계열,,,
경기학교교육실태조사,중학교,2025,2주기,2.0,읍면지역,C03,디지털 리터러시,S0301,디지털 리터러시,학생,ST_DIGI_LIT_10,디지털 리터러시 - 10)나는 불법 사이트에 접속하지 않는다,likert,Y,78.35,환산100점,822,0,4.1338,1.1359,5.0,4.0,5.0,78.35,78.35,75.79,,,,,,,시계열,,,
경기학교교육실태조사,중학교,2021,1주기,1.0,중소도시,C03,디지털 리터러시,S0301,디지털 리터러시,학생,ST_DIGI_LIT_11,디지털 리터러시 - 11)나는 온라인 공간에 있는 정보를 무단으로 사용하지 않는다,likert,Y,72.06,환산100점,6985,0,3.8825,0.9698,4.0,3.0,5.0,72.06,72.06,66.96,,,,,,,시계열,,,
경기학교교육실태조사,중학교,2021,1주기,2.0,읍면지역,C03,디지털 리터러시,S0301,디지털 리터러시,학생,ST_DIGI_LIT_11,디지털 리터러시 - 11)나는 온라인 공간에 있는 정보를 무단으로 사용하지 않는다,likert,Y,69.92,환산100점,1899,0,3.7967,1.0192,4.0,3.0,5.0,69.92,69.92,63.56,,,,,,,시계열,,,
경기학교교육실태조사,중학교,2025,2주기,1.0,중소도시,C03,디지털 리터러시,S0301,디지털 리터러시,학생,ST_DIGI_LIT_11,디지털 리터러시 - 11)나는 온라인 공간에 있는 정보를 무단으로 사용하지 않는다,likert,Y,74.87,환산100점,4351,0,3.9949,0.9644,4.0,3.0,5.0,74.87,74.87,72.31,,,,,,,시계열,,,
경기학교교육실태조사,중학교,2025,2주기,2.0,읍면지역,C03,디지털 리터러시,S0301,디지털 리터러시,학생,ST_DIGI_LIT_11,디지털 리터러시 - 11)나는 온라인 공간에 있는 정보를 무단으로 사용하지 않는다,likert,Y,74.73,환산100점,822,0,3.9891,0.9576,4.0,3.0,5.0,74.73,74.73,72.02,,,,,,,시계열,,,
경기학교교육실태조사,중학교,2021,1주기,1.0,중소도시,C03,디지털 리터러시,S0301,디지털 리터러시,학생,ST_DIGI_LIT_12,디지털 리터러시 - 12)나는 온라인 공간에서 모욕적인 언어를 사용하지 않는다,likert,Y,71.42,환산100점,6985,0,3.8568,1.1133,4.0,3.0,5.0,71.42,71.42,64.08,,,,,,,시계열,,,
경기학교교육실태조사,중학교,2021,1주기,2.0,읍면지역,C03,디지털 리터러시,S0301,디지털 리터러시,학생,ST_DIGI_LIT_12,디지털 리터러시 - 12)나는 온라인 공간에서 모욕적인 언어를 사용하지 않는다,likert,Y,69.91,환산100점,1899,0,3.7962,1.1417,4.0,3.0,5.0,69.91,69.91,60.72,,,,,,,시계열,,,
경기학교교육실태조사,중학교,2025,2주기,1.0,중소도시,C03,디지털 리터러시,S0301,디지털 리터러시,학생,ST_DIGI_LIT_12,디지털 리터러시 - 12)나는 온라인 공간에서 모욕적인 언어를 사용하지 않는다,likert,Y,74.7,환산100점,4351,0,3.988,1.0578,4.0,3.0,5.0,74.7,74.7,70.9,,,,,,,시계열,,,
경기학교교육실태조사,중학교,2025,2주기,2.0,읍면지역,C03,디지털 리터러시,S0301,디지털 리터러시,학생,ST_DIGI_LIT_12,디지털 리터러시 - 12)나는 온라인 공간에서 모욕적인 언어를 사용하지 않는다,likert,Y,74.24,환산100점,822,0,3.9696,1.0248,4.0,3.0,5.0,74.24,74.24,69.1,,,,,,,시계열,,,
경기학교교육실태조사,중학교,2021,1주기,1.0,중소도시,C03,디지털 리터러시,S0302,디지털 기기 활용 교육,학생,ST_DIGI_EDU_01,"디지털 기기 활용 교육(구:디지털 리터러시 활용 교육) - 1)나는 학교에서 디지털 기기(PC, 스마트기기 등)를 활용한 온라인 쌍방향 소통 방법을 배운 적이 있다",likert,조건부,72.25,환산100점,6985,0,3.8899,1.0074,4.0,3.0,5.0,72.25,72.25,69.63,,,,,,,시계열,,,
경기학교교육실태조사,중학교,2021,1주기,2.0,읍면지역,C03,디지털 리터러시,S0302,디지털 기기 활용 교육,학생,ST_DIGI_EDU_01,"디지털 기기 활용 교육(구:디지털 리터러시 활용 교육) - 1)나는 학교에서 디지털 기기(PC, 스마트기기 등)를 활용한 온라인 쌍방향 소통 방법을 배운 적이 있다",likert,조건부,71.6,환산100점,1899,0,3.8641,1.0247,4.0,3.0,5.0,71.6,71.6,68.14,,,,,,,시계열,,,
경기학교교육실태조사,중학교,2025,2주기,1.0,중소도시,C03,디지털 리터러시,S0302,디지털 기기 활용 교육,학생,ST_DIGI_EDU_01,"디지털 기기 활용 교육(구:디지털 리터러시 활용 교육) - 1)나는 학교에서 디지털 기기(PC, 스마트기기 등)를 활용한 온라인 쌍방향 소통 방법을 배운 적이 있다",likert,조건부,61.89,환산100점,4351,0,3.4755,1.0416,4.0,3.0,4.0,61.89,61.89,51.11,,,,,,,시계열,,,
경기학교교육실태조사,중학교,2025,2주기,2.0,읍면지역,C03,디지털 리터러시,S0302,디지털 기기 활용 교육,학생,ST_DIGI_EDU_01,"디지털 기기 활용 교육(구:디지털 리터러시 활용 교육) - 1)나는 학교에서 디지털 기기(PC, 스마트기기 등)를 활용한 온라인 쌍방향 소통 방법을 배운 적이 있다",likert,조건부,64.17,환산100점,822,0,3.5669,0.9981,4.0,3.0,4.0,64.17,64.17,53.41,,,,,,,시계열,,,
경기학교교육실태조사,중학교,2021,1주기,1.0,중소도시,C03,디지털 리터러시,S0302,디지털 기기 활용 교육,학생,ST_DIGI_EDU_02,"디지털 기기 활용 교육(구:디지털 리터러시 활용 교육) - 2)나는 학교에서 디지털 기기(PC, 테블릿 등)에서 필요한 정보를 읽고 선택하는 방법을 배운 적이 있다",likert,조건부,64.39,환산100점,6985,0,3.5757,1.0301,4.0,3.0,4.0,64.39,64.39,55.58,,,,,,,시계열,,,
경기학교교육실태조사,중학교,2021,1주기,2.0,읍면지역,C03,디지털 리터러시,S0302,디지털 기기 활용 교육,학생,ST_DIGI_EDU_02,"디지털 기기 활용 교육(구:디지털 리터러시 활용 교육) - 2)나는 학교에서 디지털 기기(PC, 테블릿 등)에서 필요한 정보를 읽고 선택하는 방법을 배운 적이 있다",likert,조건부,64.61,환산100점,1899,0,3.5845,1.0325,4.0,3.0,4.0,64.61,64.61,54.71,,,,,,,시계열,,,
경기학교교육실태조사,중학교,2025,2주기,1.0,중소도시,C03,디지털 리터러시,S0302,디지털 기기 활용 교육,학생,ST_DIGI_EDU_02,"디지털 기기 활용 교육(구:디지털 리터러시 활용 교육) - 2)나는 학교에서 디지털 기기(PC, 테블릿 등)에서 필요한 정보를 읽고 선택하는 방법을 배운 적이 있다",likert,조건부,64.24,환산100점,4351,0,3.5698,0.9922,4.0,3.0,4.0,64.24,64.24,56.68,,,,,,,시계열,,,
경기학교교육실태조사,중학교,2025,2주기,2.0,읍면지역,C03,디지털 리터러시,S0302,디지털 기기 활용 교육,학생,ST_DIGI_EDU_02,"디지털 기기 활용 교육(구:디지털 리터러시 활용 교육) - 2)나는 학교에서 디지털 기기(PC, 테블릿 등)에서 필요한 정보를 읽고 선택하는 방법을 배운 적이 있다",likert,조건부,65.66,환산100점,822,0,3.6265,0.9393,4.0,3.0,4.0,65.66,65.66,58.52,,,,,,,시계열,,,
경기학교교육실태조사,중학교,2021,1주기,1.0,중소도시,C03,디지털 리터러시,S0302,디지털 기기 활용 교육,학생,ST_DIGI_EDU_03,"디지털 기기 활용 교육(구:디지털 리터러시 활용 교육) - 3)나는 학교에서 디지털 기기(PC, 테블릿 등)을 올바르게(도덕적으로) 사용하는 방법을 배운 적이 있다",likert,조건부,68.17,환산100점,6985,0,3.727,0.9686,4.0,3.0,4.0,68.17,68.17,62.65,,,,,,,시계열,,,
경기학교교육실태조사,중학교,2021,1주기,2.0,읍면지역,C03,디지털 리터러시,S0302,디지털 기기 활용 교육,학생,ST_DIGI_EDU_03,"디지털 기기 활용 교육(구:디지털 리터러시 활용 교육) - 3)나는 학교에서 디지털 기기(PC, 테블릿 등)을 올바르게(도덕적으로) 사용하는 방법을 배운 적이 있다",likert,조건부,68.14,환산100점,1899,0,3.7256,0.9619,4.0,3.0,4.0,68.14,68.14,61.93,,,,,,,시계열,,,
경기학교교육실태조사,중학교,2025,2주기,1.0,중소도시,C03,디지털 리터러시,S0302,디지털 기기 활용 교육,학생,ST_DIGI_EDU_03,"디지털 기기 활용 교육(구:디지털 리터러시 활용 교육) - 3)나는 학교에서 디지털 기기(PC, 테블릿 등)을 올바르게(도덕적으로) 사용하는 방법을 배운 적이 있다",likert,조건부,67.59,환산100점,4351,0,3.7035,0.9509,4.0,3.0,4.0,67.59,67.59,61.96,,,,,,,시계열,,,
경기학교교육실태조사,중학교,2025,2주기,2.0,읍면지역,C03,디지털 리터러시,S0302,디지털 기기 활용 교육,학생,ST_DIGI_EDU_03,"디지털 기기 활용 교육(구:디지털 리터러시 활용 교육) - 3)나는 학교에서 디지털 기기(PC, 테블릿 등)을 올바르게(도덕적으로) 사용하는 방법을 배운 적이 있다",likert,조건부,68.34,환산100점,822,0,3.7336,0.9434,4.0,3.0,4.0,68.34,68.34,62.04,,,,,,,시계열,,,
경기학교교육실태조사,중학교,2021,1주기,1.0,중소도시,C03,디지털 리터러시,S0302,디지털 기기 활용 교육,학생,ST_DIGI_EDU_04,"디지털 기기 활용 교육(구:디지털 리터러시 활용 교육) - 4)나는 학교에서 디지털 기기(PC, 테블릿 등)에서 제공하는 정보가 믿을 수 있는지 확인하는 방법을 배운 적이 있다",likert,조건부,64.47,환산100점,6985,0,3.579,1.0015,4.0,3.0,4.0,64.47,64.47,54.72,,,,,,,시계열,,,
경기학교교육실태조사,중학교,2021,1주기,2.0,읍면지역,C03,디지털 리터러시,S0302,디지털 기기 활용 교육,학생,ST_DIGI_EDU_04,"디지털 기기 활용 교육(구:디지털 리터러시 활용 교육) - 4)나는 학교에서 디지털 기기(PC, 테블릿 등)에서 제공하는 정보가 믿을 수 있는지 확인하는 방법을 배운 적이 있다",likert,조건부,64.74,환산100점,1899,0,3.5898,0.9983,4.0,3.0,4.0,64.74,64.74,54.19,,,,,,,시계열,,,
경기학교교육실태조사,중학교,2025,2주기,1.0,중소도시,C03,디지털 리터러시,S0302,디지털 기기 활용 교육,학생,ST_DIGI_EDU_04,"디지털 기기 활용 교육(구:디지털 리터러시 활용 교육) - 4)나는 학교에서 디지털 기기(PC, 테블릿 등)에서 제공하는 정보가 믿을 수 있는지 확인하는 방법을 배운 적이 있다",likert,조건부,66.23,환산100점,4351,0,3.6493,0.9669,4.0,3.0,4.0,66.23,66.23,58.63,,,,,,,시계열,,,
경기학교교육실태조사,중학교,2025,2주기,2.0,읍면지역,C03,디지털 리터러시,S0302,디지털 기기 활용 교육,학생,ST_DIGI_EDU_04,"디지털 기기 활용 교육(구:디지털 리터러시 활용 교육) - 4)나는 학교에서 디지털 기기(PC, 테블릿 등)에서 제공하는 정보가 믿을 수 있는지 확인하는 방법을 배운 적이 있다",likert,조건부,67.24,환산100점,822,0,3.6898,0.9351,4.0,3.0,4.0,67.24,67.24,59.61,,,,,,,시계열,,,
경기학교교육실태조사,중학교,2025,2주기,1.0,중소도시,C03,디지털 리터러시,S0303,교사 디지털 활용 역량,교사,TR_DIGITAL_01,디지털 활용 역량_1)교과 내용의 특성을 고려하여 적절한 디지털 도구를 선택한다,likert,N,65.27,환산100점,2286,0,3.6107,0.8377,4.0,3.0,4.0,65.27,65.27,53.76,,,,,,,단년도,,,
경기학교교육실태조사,중학교,2025,2주기,2.0,읍면지역,C03,디지털 리터러시,S0303,교사 디지털 활용 역량,교사,TR_DIGITAL_01,디지털 활용 역량_1)교과 내용의 특성을 고려하여 적절한 디지털 도구를 선택한다,likert,N,67.56,환산100점,514,0,3.7023,0.7867,4.0,3.0,4.0,67.56,67.56,60.12,,,,,,,단년도,,,
경기학교교육실태조사,중학교,2025,2주기,1.0,중소도시,C03,디지털 리터러시,S0303,교사 디지털 활용 역량,교사,TR_DIGITAL_02,디지털 활용 역량_2)수업 목표 달성을 위해 테크놀로지를 활용한 교수 전략을 설계한다,likert,N,61.81,환산100점,2286,0,3.4724,0.8973,3.0,3.0,4.0,61.81,61.81,48.03,,,,,,,단년도,,,
경기학교교육실태조사,중학교,2025,2주기,2.0,읍면지역,C03,디지털 리터러시,S0303,교사 디지털 활용 역량,교사,TR_DIGITAL_02,디지털 활용 역량_2)수업 목표 달성을 위해 테크놀로지를 활용한 교수 전략을 설계한다,likert,N,64.2,환산100점,514,0,3.5681,0.8653,4.0,3.0,4.0,64.2,64.2,53.7,,,,,,,단년도,,,
경기학교교육실태조사,중학교,2025,2주기,1.0,중소도시,C03,디지털 리터러시,S0303,교사 디지털 활용 역량,교사,TR_DIGITAL_03,디지털 활용 역량_3)학생 수준과 교과 특성에 맞는 디지털 도구를 활용하여 수업을 운영한다,likert,N,64.09,환산100점,2286,0,3.5634,0.8797,4.0,3.0,4.0,64.09,64.09,52.93,,,,,,,단년도,,,
경기학교교육실태조사,중학교,2025,2주기,2.0,읍면지역,C03,디지털 리터러시,S0303,교사 디지털 활용 역량,교사,TR_DIGITAL_03,디지털 활용 역량_3)학생 수준과 교과 특성에 맞는 디지털 도구를 활용하여 수업을 운영한다,likert,N,66.49,환산100점,514,0,3.6595,0.8463,4.0,3.0,4.0,66.49,66.49,56.42,,,,,,,단년도,,,
경기학교교육실태조사,중학교,2025,2주기,1.0,중소도시,C03,디지털 리터러시,S0303,교사 디지털 활용 역량,교사,TR_DIGITAL_04,디지털 활용 역량_4)AI 기반 교수학습 플랫폼을 활용하여 학생의 학습 과정을 관리하고 피드백을 제공한다,likert,N,51.64,환산100점,2286,0,3.0656,1.0643,3.0,2.0,4.0,51.64,51.64,33.95,,,,,,,단년도,,,
경기학교교육실태조사,중학교,2025,2주기,2.0,읍면지역,C03,디지털 리터러시,S0303,교사 디지털 활용 역량,교사,TR_DIGITAL_04,디지털 활용 역량_4)AI 기반 교수학습 플랫폼을 활용하여 학생의 학습 과정을 관리하고 피드백을 제공한다,likert,N,52.72,환산100점,514,0,3.1089,1.0125,3.0,2.0,4.0,52.72,52.72,33.85,,,,,,,단년도,,,
경기학교교육실태조사,중학교,2021,1주기,1.0,중소도시,C04,학교생활·관계,S0401,또래·교사 관계,학부모,PR_RELATION_01,학교생활(친구·선생님과의 관계) - 1)내 아이는 학교 친구들과 있는 것을 좋아한다,likert,Y,76.28,환산100점,4657,0,4.0513,0.8213,4.0,4.0,5.0,76.28,76.28,77.35,,,,,,,시계열,,,
경기학교교육실태조사,중학교,2021,1주기,2.0,읍면지역,C04,학교생활·관계,S0401,또래·교사 관계,학부모,PR_RELATION_01,학교생활(친구·선생님과의 관계) - 1)내 아이는 학교 친구들과 있는 것을 좋아한다,likert,Y,77.17,환산100점,1291,0,4.0868,0.8251,4.0,4.0,5.0,77.17,77.17,78.7,,,,,,,시계열,,,
경기학교교육실태조사,중학교,2025,2주기,1.0,중소도시,C04,학교생활·관계,S0401,또래·교사 관계,학부모,PR_RELATION_01,학교생활(친구·선생님과의 관계) - 1)내 아이는 학교 친구들과 있는 것을 좋아한다,likert,Y,74.69,환산100점,1222,0,3.9877,0.8862,4.0,3.0,5.0,74.69,74.69,73.32,,,,,,,시계열,,,
경기학교교육실태조사,중학교,2025,2주기,2.0,읍면지역,C04,학교생활·관계,S0401,또래·교사 관계,학부모,PR_RELATION_01,학교생활(친구·선생님과의 관계) - 1)내 아이는 학교 친구들과 있는 것을 좋아한다,likert,Y,75.77,환산100점,260,0,4.0308,0.8096,4.0,4.0,5.0,75.77,75.77,75.38,,,,,,,시계열,,,
경기학교교육실태조사,중학교,2021,1주기,1.0,중소도시,C04,학교생활·관계,S0401,또래·교사 관계,학부모,PR_RELATION_02,학교생활(친구·선생님과의 관계) - 2)학교 친구들이 내 아이에게 상처를 준 적이 있다,likert,Y,31.26,환산100점,4657,0,2.2506,1.0343,2.0,1.0,3.0,31.26,68.74,15.14,,,,,,,시계열,,,
경기학교교육실태조사,중학교,2021,1주기,2.0,읍면지역,C04,학교생활·관계,S0401,또래·교사 관계,학부모,PR_RELATION_02,학교생활(친구·선생님과의 관계) - 2)학교 친구들이 내 아이에게 상처를 준 적이 있다,likert,Y,32.44,환산100점,1291,0,2.2974,1.0645,2.0,2.0,3.0,32.44,67.56,17.2,,,,,,,시계열,,,
경기학교교육실태조사,중학교,2025,2주기,1.0,중소도시,C04,학교생활·관계,S0401,또래·교사 관계,학부모,PR_RELATION_02,학교생활(친구·선생님과의 관계) - 2)학교 친구들이 내 아이에게 상처를 준 적이 있다,likert,Y,41.28,환산100점,1222,0,2.6514,1.1338,3.0,2.0,4.0,41.28,58.72,26.6,,,,,,,시계열,,,
경기학교교육실태조사,중학교,2025,2주기,2.0,읍면지역,C04,학교생활·관계,S0401,또래·교사 관계,학부모,PR_RELATION_02,학교생활(친구·선생님과의 관계) - 2)학교 친구들이 내 아이에게 상처를 준 적이 있다,likert,Y,40.19,환산100점,260,0,2.6077,1.139,2.0,2.0,4.0,40.19,59.81,28.46,,,,,,,시계열,,,
경기학교교육실태조사,중학교,2021,1주기,1.0,중소도시,C04,학교생활·관계,S0401,또래·교사 관계,학부모,PR_RELATION_03,학교생활(친구·선생님과의 관계) - 3)학교 친구들은 내 아이가 어려움에 처해있을 때 도와준다,likert,Y,70.35,환산100점,4657,0,3.814,0.7112,4.0,3.0,4.0,70.35,70.35,70.6,,,,,,,시계열,,,
경기학교교육실태조사,중학교,2021,1주기,2.0,읍면지역,C04,학교생활·관계,S0401,또래·교사 관계,학부모,PR_RELATION_03,학교생활(친구·선생님과의 관계) - 3)학교 친구들은 내 아이가 어려움에 처해있을 때 도와준다,likert,Y,71.59,환산100점,1291,0,3.8637,0.7605,4.0,3.0,4.0,71.59,71.59,73.43,,,,,,,시계열,,,
경기학교교육실태조사,중학교,2025,2주기,1.0,중소도시,C04,학교생활·관계,S0401,또래·교사 관계,학부모,PR_RELATION_03,학교생활(친구·선생님과의 관계) - 3)학교 친구들은 내 아이가 어려움에 처해있을 때 도와준다,likert,Y,69.11,환산100점,1222,0,3.7643,0.7807,4.0,3.0,4.0,69.11,69.11,66.2,,,,,,,시계열,,,
경기학교교육실태조사,중학교,2025,2주기,2.0,읍면지역,C04,학교생활·관계,S0401,또래·교사 관계,학부모,PR_RELATION_03,학교생활(친구·선생님과의 관계) - 3)학교 친구들은 내 아이가 어려움에 처해있을 때 도와준다,likert,Y,69.04,환산100점,260,0,3.7615,0.7063,4.0,3.0,4.0,69.04,69.04,66.15,,,,,,,시계열,,,
경기학교교육실태조사,중학교,2021,1주기,1.0,중소도시,C04,학교생활·관계,S0401,또래·교사 관계,학부모,PR_RELATION_04,학교생활(친구·선생님과의 관계) - 4)학교 선생님들은 내 아이를 이해하려고 노력하신다,likert,Y,73.87,환산100점,4657,0,3.9549,0.7678,4.0,4.0,4.0,73.87,73.87,75.59,,,,,,,시계열,,,
경기학교교육실태조사,중학교,2021,1주기,2.0,읍면지역,C04,학교생활·관계,S0401,또래·교사 관계,학부모,PR_RELATION_04,학교생활(친구·선생님과의 관계) - 4)학교 선생님들은 내 아이를 이해하려고 노력하신다,likert,Y,74.21,환산100점,1291,0,3.9682,0.7583,4.0,4.0,4.0,74.21,74.21,75.83,,,,,,,시계열,,,
경기학교교육실태조사,중학교,2025,2주기,1.0,중소도시,C04,학교생활·관계,S0401,또래·교사 관계,학부모,PR_RELATION_04,학교생활(친구·선생님과의 관계) - 4)학교 선생님들은 내 아이를 이해하려고 노력하신다,likert,Y,73.85,환산100점,1222,0,3.9542,0.7771,4.0,3.0,4.0,73.85,73.85,73.32,,,,,,,시계열,,,
경기학교교육실태조사,중학교,2025,2주기,2.0,읍면지역,C04,학교생활·관계,S0401,또래·교사 관계,학부모,PR_RELATION_04,학교생활(친구·선생님과의 관계) - 4)학교 선생님들은 내 아이를 이해하려고 노력하신다,likert,Y,76.92,환산100점,260,0,4.0769,0.7205,4.0,4.0,5.0,76.92,76.92,80.0,,,,,,,시계열,,,
경기학교교육실태조사,중학교,2021,1주기,1.0,중소도시,C04,학교생활·관계,S0401,또래·교사 관계,학부모,PR_RELATION_05,학교생활(친구·선생님과의 관계) - 5)학교 선생님들은 내 아이에게 관심이 부족하다,likert,조건부,24.23,환산100점,4657,0,1.9691,0.858,2.0,1.0,2.0,24.23,75.77,4.4,,,,,,,시계열,,,
경기학교교육실태조사,중학교,2021,1주기,2.0,읍면지역,C04,학교생활·관계,S0401,또래·교사 관계,학부모,PR_RELATION_05,학교생활(친구·선생님과의 관계) - 5)학교 선생님들은 내 아이에게 관심이 부족하다,likert,조건부,24.36,환산100점,1291,0,1.9744,0.8788,2.0,1.0,2.0,24.36,75.64,4.65,,,,,,,시계열,,,
경기학교교육실태조사,중학교,2025,2주기,1.0,중소도시,C04,학교생활·관계,S0401,또래·교사 관계,학부모,PR_RELATION_05,학교생활(친구·선생님과의 관계) - 5)학교 선생님들은 내 아이에게 관심이 부족하다,likert,조건부,28.91,환산100점,1222,0,2.1563,0.8339,2.0,2.0,3.0,28.91,71.09,4.58,,,,,,,시계열,,,
경기학교교육실태조사,중학교,2025,2주기,2.0,읍면지역,C04,학교생활·관계,S0401,또래·교사 관계,학부모,PR_RELATION_05,학교생활(친구·선생님과의 관계) - 5)학교 선생님들은 내 아이에게 관심이 부족하다,likert,조건부,24.71,환산100점,260,0,1.9885,0.8405,2.0,1.0,2.25,24.71,75.29,3.08,,,,,,,시계열,,,
경기학교교육실태조사,중학교,2021,1주기,1.0,중소도시,C04,학교생활·관계,S0401,또래·교사 관계,학부모,PR_RELATION_06,학교생활(친구·선생님과의 관계) - 6)내 아이는 학교 선생님들에게 고민을 잘 털어놓는다,likert,Y,47.12,환산100점,4657,0,2.8847,0.9593,3.0,2.0,3.0,47.12,47.12,23.58,,,,,,,시계열,,,
경기학교교육실태조사,중학교,2021,1주기,2.0,읍면지역,C04,학교생활·관계,S0401,또래·교사 관계,학부모,PR_RELATION_06,학교생활(친구·선생님과의 관계) - 6)내 아이는 학교 선생님들에게 고민을 잘 털어놓는다,likert,Y,48.59,환산100점,1291,0,2.9435,0.96,3.0,2.0,4.0,48.59,48.59,25.1,,,,,,,시계열,,,
경기학교교육실태조사,중학교,2025,2주기,1.0,중소도시,C04,학교생활·관계,S0401,또래·교사 관계,학부모,PR_RELATION_06,학교생활(친구·선생님과의 관계) - 6)내 아이는 학교 선생님들에게 고민을 잘 털어놓는다,likert,Y,47.75,환산100점,1222,0,2.91,0.9221,3.0,2.0,3.0,47.75,47.75,23.24,,,,,,,시계열,,,
경기학교교육실태조사,중학교,2025,2주기,2.0,읍면지역,C04,학교생활·관계,S0401,또래·교사 관계,학부모,PR_RELATION_06,학교생활(친구·선생님과의 관계) - 6)내 아이는 학교 선생님들에게 고민을 잘 털어놓는다,likert,Y,52.21,환산100점,260,0,3.0885,0.9484,3.0,3.0,4.0,52.21,52.21,30.77,,,,,,,시계열,,,
경기학교교육실태조사,중학교,2021,1주기,1.0,중소도시,C04,학교생활·관계,S0401,또래·교사 관계,학생,ST_RELATION_01,"친구, 선생님과의 관계 - 1)학교 친구들과 있을 때 마음이 편하다",likert,Y,73.38,환산100점,6985,0,3.9351,0.9405,4.0,3.0,5.0,73.38,73.38,71.54,,,,,,,시계열,,,
경기학교교육실태조사,중학교,2021,1주기,2.0,읍면지역,C04,학교생활·관계,S0401,또래·교사 관계,학생,ST_RELATION_01,"친구, 선생님과의 관계 - 1)학교 친구들과 있을 때 마음이 편하다",likert,Y,73.45,환산100점,1899,0,3.9379,0.9241,4.0,3.0,5.0,73.45,73.45,72.09,,,,,,,시계열,,,
경기학교교육실태조사,중학교,2025,2주기,1.0,중소도시,C04,학교생활·관계,S0401,또래·교사 관계,학생,ST_RELATION_01,"친구, 선생님과의 관계 - 1)학교 친구들과 있을 때 마음이 편하다",likert,Y,73.12,환산100점,4351,0,3.9246,0.9429,4.0,3.0,5.0,73.12,73.12,70.6,,,,,,,시계열,,,
경기학교교육실태조사,중학교,2025,2주기,2.0,읍면지역,C04,학교생활·관계,S0401,또래·교사 관계,학생,ST_RELATION_01,"친구, 선생님과의 관계 - 1)학교 친구들과 있을 때 마음이 편하다",likert,Y,74.33,환산100점,822,0,3.9732,0.963,4.0,3.0,5.0,74.33,74.33,72.38,,,,,,,시계열,,,
경기학교교육실태조사,중학교,2021,1주기,1.0,중소도시,C04,학교생활·관계,S0401,또래·교사 관계,학생,ST_RELATION_02,"친구, 선생님과의 관계 - 2)학교 친구들이 나에게 상처를 준 적이 있다",likert,Y,46.76,환산100점,6985,0,2.8706,1.1952,3.0,2.0,4.0,46.76,46.76,34.02,,,,,,,시계열,,,
경기학교교육실태조사,중학교,2021,1주기,2.0,읍면지역,C04,학교생활·관계,S0401,또래·교사 관계,학생,ST_RELATION_02,"친구, 선생님과의 관계 - 2)학교 친구들이 나에게 상처를 준 적이 있다",likert,Y,48.29,환산100점,1899,0,2.9315,1.1899,3.0,2.0,4.0,48.29,48.29,35.55,,,,,,,시계열,,,
경기학교교육실태조사,중학교,2025,2주기,1.0,중소도시,C04,학교생활·관계,S0401,또래·교사 관계,학생,ST_RELATION_02,"친구, 선생님과의 관계 - 2)학교 친구들이 나에게 상처를 준 적이 있다",likert,Y,55.99,환산100점,4351,0,3.2395,1.1261,3.0,3.0,4.0,55.99,55.99,44.22,,,,,,,시계열,,,
경기학교교육실태조사,중학교,2025,2주기,2.0,읍면지역,C04,학교생활·관계,S0401,또래·교사 관계,학생,ST_RELATION_02,"친구, 선생님과의 관계 - 2)학교 친구들이 나에게 상처를 준 적이 있다",likert,Y,55.69,환산100점,822,0,3.2275,1.1556,3.0,2.25,4.0,55.69,55.69,44.16,,,,,,,시계열,,,
경기학교교육실태조사,중학교,2021,1주기,1.0,중소도시,C04,학교생활·관계,S0401,또래·교사 관계,학생,ST_RELATION_03,"친구, 선생님과의 관계 - 3)학교에서 친구들로부터 존중 받는다",likert,Y,69.31,환산100점,6985,0,3.7724,0.8902,4.0,3.0,4.0,69.31,69.31,64.87,,,,,,,시계열,,,
경기학교교육실태조사,중학교,2021,1주기,2.0,읍면지역,C04,학교생활·관계,S0401,또래·교사 관계,학생,ST_RELATION_03,"친구, 선생님과의 관계 - 3)학교에서 친구들로부터 존중 받는다",likert,Y,68.77,환산100점,1899,0,3.7509,0.8882,4.0,3.0,4.0,68.77,68.77,63.45,,,,,,,시계열,,,
경기학교교육실태조사,중학교,2025,2주기,1.0,중소도시,C04,학교생활·관계,S0401,또래·교사 관계,학생,ST_RELATION_03,"친구, 선생님과의 관계 - 3)학교에서 친구들로부터 존중 받는다",likert,Y,69.65,환산100점,4351,0,3.786,0.898,4.0,3.0,4.0,69.65,69.65,64.17,,,,,,,시계열,,,
경기학교교육실태조사,중학교,2025,2주기,2.0,읍면지역,C04,학교생활·관계,S0401,또래·교사 관계,학생,ST_RELATION_03,"친구, 선생님과의 관계 - 3)학교에서 친구들로부터 존중 받는다",likert,Y,70.32,환산100점,822,0,3.8127,0.9122,4.0,3.0,4.0,70.32,70.32,64.23,,,,,,,시계열,,,
경기학교교육실태조사,중학교,2021,1주기,1.0,중소도시,C04,학교생활·관계,S0401,또래·교사 관계,학생,ST_RELATION_04,"친구, 선생님과의 관계 - 4)학교 친구들은 내가 어려움에 처해있을 때 도와준다",likert,Y,71.27,환산100점,6985,0,3.8508,0.8628,4.0,3.0,4.0,71.27,71.27,69.38,,,,,,,시계열,,,
경기학교교육실태조사,중학교,2021,1주기,2.0,읍면지역,C04,학교생활·관계,S0401,또래·교사 관계,학생,ST_RELATION_04,"친구, 선생님과의 관계 - 4)학교 친구들은 내가 어려움에 처해있을 때 도와준다",likert,Y,71.0,환산100점,1899,0,3.8399,0.8708,4.0,3.0,4.0,71.0,71.0,67.72,,,,,,,시계열,,,
경기학교교육실태조사,중학교,2025,2주기,1.0,중소도시,C04,학교생활·관계,S0401,또래·교사 관계,학생,ST_RELATION_04,"친구, 선생님과의 관계 - 4)학교 친구들은 내가 어려움에 처해있을 때 도와준다",likert,Y,70.33,환산100점,4351,0,3.8131,0.9214,4.0,3.0,4.0,70.33,70.33,66.74,,,,,,,시계열,,,
경기학교교육실태조사,중학교,2025,2주기,2.0,읍면지역,C04,학교생활·관계,S0401,또래·교사 관계,학생,ST_RELATION_04,"친구, 선생님과의 관계 - 4)학교 친구들은 내가 어려움에 처해있을 때 도와준다",likert,Y,72.11,환산100점,822,0,3.8844,0.898,4.0,3.0,5.0,72.11,72.11,70.19,,,,,,,시계열,,,
경기학교교육실태조사,중학교,2021,1주기,1.0,중소도시,C04,학교생활·관계,S0401,또래·교사 관계,학생,ST_RELATION_05,"친구, 선생님과의 관계 - 5)학교 선생님들은 나를 이해하려고 노력하신다",likert,Y,71.62,환산100점,6985,0,3.8649,0.8818,4.0,3.0,4.0,71.62,71.62,68.59,,,,,,,시계열,,,
경기학교교육실태조사,중학교,2021,1주기,2.0,읍면지역,C04,학교생활·관계,S0401,또래·교사 관계,학생,ST_RELATION_05,"친구, 선생님과의 관계 - 5)학교 선생님들은 나를 이해하려고 노력하신다",likert,Y,72.43,환산100점,1899,0,3.8973,0.853,4.0,3.0,5.0,72.43,72.43,69.4,,,,,,,시계열,,,
경기학교교육실태조사,중학교,2025,2주기,1.0,중소도시,C04,학교생활·관계,S0401,또래·교사 관계,학생,ST_RELATION_05,"친구, 선생님과의 관계 - 5)학교 선생님들은 나를 이해하려고 노력하신다",likert,Y,71.5,환산100점,4351,0,3.8598,0.9178,4.0,3.0,5.0,71.5,71.5,67.32,,,,,,,시계열,,,
경기학교교육실태조사,중학교,2025,2주기,2.0,읍면지역,C04,학교생활·관계,S0401,또래·교사 관계,학생,ST_RELATION_05,"친구, 선생님과의 관계 - 5)학교 선생님들은 나를 이해하려고 노력하신다",likert,Y,73.63,환산100점,822,0,3.9453,0.951,4.0,3.0,5.0,73.63,73.63,71.17,,,,,,,시계열,,,
경기학교교육실태조사,중학교,2021,1주기,1.0,중소도시,C04,학교생활·관계,S0401,또래·교사 관계,학생,ST_RELATION_06,"친구, 선생님과의 관계 - 6)학교 선생님들은 나에게 무관심하다",likert,Y,24.32,환산100점,6985,0,1.9727,0.9133,2.0,1.0,3.0,24.32,75.68,4.8,,,,,,,시계열,,,
경기학교교육실태조사,중학교,2021,1주기,2.0,읍면지역,C04,학교생활·관계,S0401,또래·교사 관계,학생,ST_RELATION_06,"친구, 선생님과의 관계 - 6)학교 선생님들은 나에게 무관심하다",likert,Y,23.22,환산100점,1899,0,1.9289,0.9012,2.0,1.0,2.0,23.22,76.78,4.42,,,,,,,시계열,,,
경기학교교육실태조사,중학교,2025,2주기,1.0,중소도시,C04,학교생활·관계,S0401,또래·교사 관계,학생,ST_RELATION_06,"친구, 선생님과의 관계 - 6)학교 선생님들은 나에게 무관심하다",likert,Y,31.91,환산100점,4351,0,2.2763,1.0787,2.0,1.0,3.0,31.91,68.09,12.11,,,,,,,시계열,,,
경기학교교육실태조사,중학교,2025,2주기,2.0,읍면지역,C04,학교생활·관계,S0401,또래·교사 관계,학생,ST_RELATION_06,"친구, 선생님과의 관계 - 6)학교 선생님들은 나에게 무관심하다",likert,Y,29.84,환산100점,822,0,2.1934,1.1213,2.0,1.0,3.0,29.84,70.16,12.77,,,,,,,시계열,,,
경기학교교육실태조사,중학교,2021,1주기,1.0,중소도시,C04,학교생활·관계,S0401,또래·교사 관계,학생,ST_RELATION_07,"친구, 선생님과의 관계 - 7)학교 선생님들에게 고민 상담을 한다",likert,Y,37.61,환산100점,6985,0,2.5044,1.1552,2.0,2.0,3.0,37.61,37.61,19.47,,,,,,,시계열,,,
경기학교교육실태조사,중학교,2021,1주기,2.0,읍면지역,C04,학교생활·관계,S0401,또래·교사 관계,학생,ST_RELATION_07,"친구, 선생님과의 관계 - 7)학교 선생님들에게 고민 상담을 한다",likert,Y,40.92,환산100점,1899,0,2.6367,1.1721,3.0,2.0,3.0,40.92,40.92,22.22,,,,,,,시계열,,,
경기학교교육실태조사,중학교,2025,2주기,1.0,중소도시,C04,학교생활·관계,S0401,또래·교사 관계,학생,ST_RELATION_07,"친구, 선생님과의 관계 - 7)학교 선생님들에게 고민 상담을 한다",likert,Y,46.59,환산100점,4351,0,2.8635,1.1843,3.0,2.0,4.0,46.59,46.59,28.89,,,,,,,시계열,,,
경기학교교육실태조사,중학교,2025,2주기,2.0,읍면지역,C04,학교생활·관계,S0401,또래·교사 관계,학생,ST_RELATION_07,"친구, 선생님과의 관계 - 7)학교 선생님들에게 고민 상담을 한다",likert,Y,49.24,환산100점,822,0,2.9696,1.2141,3.0,2.0,4.0,49.24,49.24,33.09,,,,,,,시계열,,,
경기학교교육실태조사,중학교,2021,1주기,1.0,중소도시,C04,학교생활·관계,S0401,또래·교사 관계,학생,ST_RELATION_08,"친구, 선생님과의 관계 - 8)학교 선생님은 나를 존중해 주신다",likert,Y,73.26,환산100점,6985,0,3.9306,0.8518,4.0,3.0,5.0,73.26,73.26,71.37,,,,,,,시계열,,,
경기학교교육실태조사,중학교,2021,1주기,2.0,읍면지역,C04,학교생활·관계,S0401,또래·교사 관계,학생,ST_RELATION_08,"친구, 선생님과의 관계 - 8)학교 선생님은 나를 존중해 주신다",likert,Y,72.99,환산100점,1899,0,3.9194,0.8379,4.0,3.0,5.0,72.99,72.99,69.77,,,,,,,시계열,,,
경기학교교육실태조사,중학교,2025,2주기,1.0,중소도시,C04,학교생활·관계,S0401,또래·교사 관계,학생,ST_RELATION_08,"친구, 선생님과의 관계 - 8)학교 선생님은 나를 존중해 주신다",likert,Y,73.2,환산100점,4351,0,3.9278,0.8727,4.0,3.0,5.0,73.2,73.2,70.81,,,,,,,시계열,,,
경기학교교육실태조사,중학교,2025,2주기,2.0,읍면지역,C04,학교생활·관계,S0401,또래·교사 관계,학생,ST_RELATION_08,"친구, 선생님과의 관계 - 8)학교 선생님은 나를 존중해 주신다",likert,Y,75.94,환산100점,822,0,4.0377,0.8418,4.0,4.0,5.0,75.94,75.94,76.16,,,,,,,시계열,,,
경기학교교육실태조사,중학교,2021,1주기,1.0,중소도시,C05,학교안전,S0501,학교폭력 및 비행 발생,학교,SC_VIOLENCE_01,학교 폭력 및 비행 발생 빈도_1)(집단) 따돌림,school_rate,조건부,0.0468,학생 100명당 발생 건수,136,0,0.3088,0.7151,0.0,0.0,0.0,,,,,,,,,,시계열,42.0,89790.0,136.0
경기학교교육실태조사,중학교,2021,1주기,2.0,읍면지역,C05,학교안전,S0501,학교폭력 및 비행 발생,학교,SC_VIOLENCE_01,학교 폭력 및 비행 발생 빈도_1)(집단) 따돌림,school_rate,조건부,0.0725,학생 100명당 발생 건수,43,0,0.2791,0.6664,0.0,0.0,0.0,,,,,,,,,,시계열,12.0,16559.0,43.0
경기학교교육실태조사,중학교,2025,2주기,1.0,중소도시,C05,학교안전,S0501,학교폭력 및 비행 발생,학교,SC_VIOLENCE_01,학교 폭력 및 비행 발생 빈도_1)(집단) 따돌림,school_rate,조건부,0.1847,학생 100명당 발생 건수,88,2,1.1932,1.9644,0.0,0.0,2.0,,,,,,,,,,시계열,105.0,56837.0,88.0
경기학교교육실태조사,중학교,2025,2주기,2.0,읍면지역,C05,학교안전,S0501,학교폭력 및 비행 발생,학교,SC_VIOLENCE_01,학교 폭력 및 비행 발생 빈도_1)(집단) 따돌림,school_rate,조건부,0.711,학생 100명당 발생 건수,14,0,3.3571,7.8015,2.0,0.0,2.0,,,,,,,,,,시계열,47.0,6610.0,14.0
경기학교교육실태조사,중학교,2021,1주기,1.0,중소도시,C05,학교안전,S0501,학교폭력 및 비행 발생,학교,SC_VIOLENCE_02,"학교 폭력 및 비행 발생 빈도_2)다른 학생에 대한 폭력 (물리적, 언어, 사이버 폭력 등)",school_rate,조건부,0.8163,학생 100명당 발생 건수,136,0,5.3897,5.2085,3.0,2.0,8.0,,,,,,,,,,시계열,733.0,89790.0,136.0
경기학교교육실태조사,중학교,2021,1주기,2.0,읍면지역,C05,학교안전,S0501,학교폭력 및 비행 발생,학교,SC_VIOLENCE_02,"학교 폭력 및 비행 발생 빈도_2)다른 학생에 대한 폭력 (물리적, 언어, 사이버 폭력 등)",school_rate,조건부,0.8455,학생 100명당 발생 건수,43,0,3.2558,4.5097,2.0,0.0,4.0,,,,,,,,,,시계열,140.0,16559.0,43.0
경기학교교육실태조사,중학교,2025,2주기,1.0,중소도시,C05,학교안전,S0501,학교폭력 및 비행 발생,학교,SC_VIOLENCE_02,"학교 폭력 및 비행 발생 빈도_2)다른 학생에 대한 폭력 (물리적, 언어, 사이버 폭력 등)",school_rate,조건부,1.5463,학생 100명당 발생 건수,87,3,10.0575,8.8965,9.0,3.0,15.0,,,,,,,,,,시계열,875.0,56588.0,87.0
경기학교교육실태조사,중학교,2025,2주기,2.0,읍면지역,C05,학교안전,S0501,학교폭력 및 비행 발생,학교,SC_VIOLENCE_02,"학교 폭력 및 비행 발생 빈도_2)다른 학생에 대한 폭력 (물리적, 언어, 사이버 폭력 등)",school_rate,조건부,1.4977,학생 100명당 발생 건수,14,0,7.0714,7.2586,6.0,2.25,9.75,,,,,,,,,,시계열,99.0,6610.0,14.0
경기학교교육실태조사,중학교,2021,1주기,1.0,중소도시,C05,학교안전,S0501,학교폭력 및 비행 발생,학교,SC_VIOLENCE_03,"학교 폭력 및 비행 발생 빈도_3)선생님에 대한 폭력 (물리적, 언어, 사이버 폭력 등)",school_rate,조건부,0.0512,학생 100명당 발생 건수,136,0,0.3382,0.8185,0.0,0.0,0.0,,,,,,,,,,시계열,46.0,89790.0,136.0
경기학교교육실태조사,중학교,2021,1주기,2.0,읍면지역,C05,학교안전,S0501,학교폭력 및 비행 발생,학교,SC_VIOLENCE_03,"학교 폭력 및 비행 발생 빈도_3)선생님에 대한 폭력 (물리적, 언어, 사이버 폭력 등)",school_rate,조건부,0.0544,학생 100명당 발생 건수,43,0,0.2093,0.5145,0.0,0.0,0.0,,,,,,,,,,시계열,9.0,16559.0,43.0
경기학교교육실태조사,중학교,2025,2주기,1.0,중소도시,C05,학교안전,S0501,학교폭력 및 비행 발생,학교,SC_VIOLENCE_03,"학교 폭력 및 비행 발생 빈도_3)선생님에 대한 폭력 (물리적, 언어, 사이버 폭력 등)",school_rate,조건부,0.271,학생 100명당 발생 건수,88,2,1.75,3.1849,0.0,0.0,2.0,,,,,,,,,,시계열,154.0,56837.0,88.0
경기학교교육실태조사,중학교,2025,2주기,2.0,읍면지역,C05,학교안전,S0501,학교폭력 및 비행 발생,학교,SC_VIOLENCE_03,"학교 폭력 및 비행 발생 빈도_3)선생님에 대한 폭력 (물리적, 언어, 사이버 폭력 등)",school_rate,조건부,0.3328,학생 100명당 발생 건수,14,0,1.5714,3.4354,0.0,0.0,1.75,,,,,,,,,,시계열,22.0,6610.0,14.0
경기학교교육실태조사,중학교,2021,1주기,1.0,중소도시,C05,학교안전,S0501,학교폭력 및 비행 발생,학교,SC_VIOLENCE_04,학교 폭력 및 비행 발생 빈도_4)남의 물건이나 돈을 빼앗거나 훔치기,school_rate,조건부,0.0501,학생 100명당 발생 건수,136,0,0.3309,0.7206,0.0,0.0,0.0,,,,,,,,,,시계열,45.0,89790.0,136.0
경기학교교육실태조사,중학교,2021,1주기,2.0,읍면지역,C05,학교안전,S0501,학교폭력 및 비행 발생,학교,SC_VIOLENCE_04,학교 폭력 및 비행 발생 빈도_4)남의 물건이나 돈을 빼앗거나 훔치기,school_rate,조건부,0.1268,학생 100명당 발생 건수,43,0,0.4884,0.8273,0.0,0.0,1.0,,,,,,,,,,시계열,21.0,16559.0,43.0
경기학교교육실태조사,중학교,2025,2주기,1.0,중소도시,C05,학교안전,S0501,학교폭력 및 비행 발생,학교,SC_VIOLENCE_04,학교 폭력 및 비행 발생 빈도_4)남의 물건이나 돈을 빼앗거나 훔치기,school_rate,조건부,0.1714,학생 100명당 발생 건수,87,3,1.1149,1.5129,0.0,0.0,2.0,,,,,,,,,,시계열,97.0,56588.0,87.0
경기학교교육실태조사,중학교,2025,2주기,2.0,읍면지역,C05,학교안전,S0501,학교폭력 및 비행 발생,학교,SC_VIOLENCE_04,학교 폭력 및 비행 발생 빈도_4)남의 물건이나 돈을 빼앗거나 훔치기,school_rate,조건부,0.1967,학생 100명당 발생 건수,14,0,0.9286,1.2067,1.0,0.0,1.0,,,,,,,,,,시계열,13.0,6610.0,14.0
경기학교교육실태조사,중학교,2021,1주기,1.0,중소도시,C05,학교안전,S0501,학교폭력 및 비행 발생,학교,SC_VIOLENCE_05,학교 폭력 및 비행 발생 빈도_5)학교 기물을 고의로 파손,school_rate,조건부,0.059,학생 100명당 발생 건수,136,0,0.3897,1.2601,0.0,0.0,0.0,,,,,,,,,,시계열,53.0,89790.0,136.0
경기학교교육실태조사,중학교,2021,1주기,2.0,읍면지역,C05,학교안전,S0501,학교폭력 및 비행 발생,학교,SC_VIOLENCE_05,학교 폭력 및 비행 발생 빈도_5)학교 기물을 고의로 파손,school_rate,조건부,0.0604,학생 100명당 발생 건수,43,0,0.2326,0.6109,0.0,0.0,0.0,,,,,,,,,,시계열,10.0,16559.0,43.0
경기학교교육실태조사,중학교,2025,2주기,1.0,중소도시,C05,학교안전,S0501,학교폭력 및 비행 발생,학교,SC_VIOLENCE_05,학교 폭력 및 비행 발생 빈도_5)학교 기물을 고의로 파손,school_rate,조건부,0.2068,학생 100명당 발생 건수,87,3,1.3448,2.5827,1.0,0.0,2.0,,,,,,,,,,시계열,117.0,56588.0,87.0
경기학교교육실태조사,중학교,2025,2주기,2.0,읍면지역,C05,학교안전,S0501,학교폭력 및 비행 발생,학교,SC_VIOLENCE_05,학교 폭력 및 비행 발생 빈도_5)학교 기물을 고의로 파손,school_rate,조건부,0.3782,학생 100명당 발생 건수,14,0,1.7857,2.1901,1.5,0.0,2.0,,,,,,,,,,시계열,25.0,6610.0,14.0
경기학교교육실태조사,중학교,2021,1주기,1.0,중소도시,C05,학교안전,S0501,학교폭력 및 비행 발생,학교,SC_VIOLENCE_06,학교 폭력 및 비행 발생 빈도_6)흉기 사용/소지,school_rate,조건부,0.0111,학생 100명당 발생 건수,136,0,0.0735,0.2889,0.0,0.0,0.0,,,,,,,,,,시계열,10.0,89790.0,136.0
경기학교교육실태조사,중학교,2021,1주기,2.0,읍면지역,C05,학교안전,S0501,학교폭력 및 비행 발생,학교,SC_VIOLENCE_06,학교 폭력 및 비행 발생 빈도_6)흉기 사용/소지,school_rate,조건부,0.006,학생 100명당 발생 건수,43,0,0.0233,0.1525,0.0,0.0,0.0,,,,,,,,,,시계열,1.0,16559.0,43.0
경기학교교육실태조사,중학교,2025,2주기,1.0,중소도시,C05,학교안전,S0501,학교폭력 및 비행 발생,학교,SC_VIOLENCE_06,학교 폭력 및 비행 발생 빈도_6)흉기 사용/소지,school_rate,조건부,0.0088,학생 100명당 발생 건수,88,2,0.0568,0.2328,0.0,0.0,0.0,,,,,,,,,,시계열,5.0,56837.0,88.0
경기학교교육실태조사,중학교,2025,2주기,2.0,읍면지역,C05,학교안전,S0501,학교폭력 및 비행 발생,학교,SC_VIOLENCE_06,학교 폭력 및 비행 발생 빈도_6)흉기 사용/소지,school_rate,조건부,0.0151,학생 100명당 발생 건수,14,0,0.0714,0.2673,0.0,0.0,0.0,,,,,,,,,,시계열,1.0,6610.0,14.0
경기학교교육실태조사,중학교,2021,1주기,1.0,중소도시,C05,학교안전,S0501,학교폭력 및 비행 발생,학교,SC_VIOLENCE_07,학교 폭력 및 비행 발생 빈도_7)흡연 및 음주,school_rate,조건부,0.3174,학생 100명당 발생 건수,136,0,2.0956,3.2085,1.0,0.0,3.0,,,,,,,,,,시계열,285.0,89790.0,136.0
경기학교교육실태조사,중학교,2021,1주기,2.0,읍면지역,C05,학교안전,S0501,학교폭력 및 비행 발생,학교,SC_VIOLENCE_07,학교 폭력 및 비행 발생 빈도_7)흡연 및 음주,school_rate,조건부,0.7307,학생 100명당 발생 건수,43,0,2.814,6.8877,1.0,0.0,2.0,,,,,,,,,,시계열,121.0,16559.0,43.0
경기학교교육실태조사,중학교,2025,2주기,1.0,중소도시,C05,학교안전,S0501,학교폭력 및 비행 발생,학교,SC_VIOLENCE_07,학교 폭력 및 비행 발생 빈도_7)흡연 및 음주,school_rate,조건부,0.6052,학생 100명당 발생 건수,88,2,3.9091,5.8891,2.0,0.0,5.0,,,,,,,,,,시계열,344.0,56837.0,88.0
경기학교교육실태조사,중학교,2025,2주기,2.0,읍면지역,C05,학교안전,S0501,학교폭력 및 비행 발생,학교,SC_VIOLENCE_07,학교 폭력 및 비행 발생 빈도_7)흡연 및 음주,school_rate,조건부,1.3011,학생 100명당 발생 건수,14,0,6.1429,7.1129,3.5,1.25,8.75,,,,,,,,,,시계열,86.0,6610.0,14.0
경기학교교육실태조사,중학교,2021,1주기,1.0,중소도시,C05,학교안전,S0501,학교폭력 및 비행 발생,학교,SC_VIOLENCE_08,학교 폭력 및 비행 발생 빈도_8)성과 관련된 비행,school_rate,조건부,0.0869,학생 100명당 발생 건수,136,0,0.5735,0.916,0.0,0.0,1.0,,,,,,,,,,시계열,78.0,89790.0,136.0
경기학교교육실태조사,중학교,2021,1주기,2.0,읍면지역,C05,학교안전,S0501,학교폭력 및 비행 발생,학교,SC_VIOLENCE_08,학교 폭력 및 비행 발생 빈도_8)성과 관련된 비행,school_rate,조건부,0.1208,학생 100명당 발생 건수,43,0,0.4651,0.8266,0.0,0.0,1.0,,,,,,,,,,시계열,20.0,16559.0,43.0
경기학교교육실태조사,중학교,2025,2주기,1.0,중소도시,C05,학교안전,S0501,학교폭력 및 비행 발생,학교,SC_VIOLENCE_08,학교 폭력 및 비행 발생 빈도_8)성과 관련된 비행,school_rate,조건부,0.1732,학생 100명당 발생 건수,88,2,1.125,1.9047,0.0,0.0,2.0,,,,,,,,,,시계열,99.0,57148.0,88.0
경기학교교육실태조사,중학교,2025,2주기,2.0,읍면지역,C05,학교안전,S0501,학교폭력 및 비행 발생,학교,SC_VIOLENCE_08,학교 폭력 및 비행 발생 빈도_8)성과 관련된 비행,school_rate,조건부,0.1967,학생 100명당 발생 건수,14,0,0.9286,1.3848,0.5,0.0,1.0,,,,,,,,,,시계열,13.0,6610.0,14.0
경기학교교육실태조사,중학교,2021,1주기,1.0,중소도시,C05,학교안전,S0502,학교안전교육 실시 횟수,학교,SC_SAFETY_EDU_01,학교안전교육 프로그램_1)폭력(사이버 폭력 포함)예방 및 신변보호 교육 횟수,school_count,조건부,7.5147,학교당 평균 실시 횟수,136,0,7.5147,7.6245,5.0,2.0,10.0,,,,,,,,,,시계열,,,
경기학교교육실태조사,중학교,2021,1주기,2.0,읍면지역,C05,학교안전,S0502,학교안전교육 실시 횟수,학교,SC_SAFETY_EDU_01,학교안전교육 프로그램_1)폭력(사이버 폭력 포함)예방 및 신변보호 교육 횟수,school_count,조건부,8.6279,학교당 평균 실시 횟수,43,0,8.6279,8.2837,5.0,2.0,11.0,,,,,,,,,,시계열,,,
경기학교교육실태조사,중학교,2025,2주기,1.0,중소도시,C05,학교안전,S0502,학교안전교육 실시 횟수,학교,SC_SAFETY_EDU_01,학교안전교육 프로그램_1)폭력(사이버 폭력 포함)예방 및 신변보호 교육 횟수,school_count,조건부,10.4,학교당 평균 실시 횟수,85,5,10.4,10.0537,10.0,4.0,11.0,,,,,,,,,,시계열,,,
경기학교교육실태조사,중학교,2025,2주기,2.0,읍면지역,C05,학교안전,S0502,학교안전교육 실시 횟수,학교,SC_SAFETY_EDU_01,학교안전교육 프로그램_1)폭력(사이버 폭력 포함)예방 및 신변보호 교육 횟수,school_count,조건부,9.0714,학교당 평균 실시 횟수,14,0,9.0714,10.6299,4.5,2.5,10.0,,,,,,,,,,시계열,,,
경기학교교육실태조사,중학교,2021,1주기,1.0,중소도시,C05,학교안전,S0502,학교안전교육 실시 횟수,학교,SC_SAFETY_EDU_02,학교안전교육 프로그램_2)사이버 중독 예방 교육 횟수,school_count,조건부,4.8309,학교당 평균 실시 횟수,136,0,4.8309,5.2459,2.0,2.0,6.0,,,,,,,,,,시계열,,,
경기학교교육실태조사,중학교,2021,1주기,2.0,읍면지역,C05,학교안전,S0502,학교안전교육 실시 횟수,학교,SC_SAFETY_EDU_02,학교안전교육 프로그램_2)사이버 중독 예방 교육 횟수,school_count,조건부,7.1395,학교당 평균 실시 횟수,43,0,7.1395,9.682,3.0,2.0,8.0,,,,,,,,,,시계열,,,
경기학교교육실태조사,중학교,2025,2주기,1.0,중소도시,C05,학교안전,S0502,학교안전교육 실시 횟수,학교,SC_SAFETY_EDU_02,학교안전교육 프로그램_2)사이버 중독 예방 교육 횟수,school_count,조건부,5.3636,학교당 평균 실시 횟수,88,2,5.3636,4.6292,4.0,2.0,10.0,,,,,,,,,,시계열,,,
경기학교교육실태조사,중학교,2025,2주기,2.0,읍면지역,C05,학교안전,S0502,학교안전교육 실시 횟수,학교,SC_SAFETY_EDU_02,학교안전교육 프로그램_2)사이버 중독 예방 교육 횟수,school_count,조건부,7.0714,학교당 평균 실시 횟수,14,0,7.0714,9.9573,3.0,2.0,4.0,,,,,,,,,,시계열,,,
경기학교교육실태조사,중학교,2021,1주기,1.0,중소도시,C05,학교안전,S0502,학교안전교육 실시 횟수,학교,SC_SAFETY_EDU_03,학교안전교육 프로그램_3)재난안전 교육 횟수,school_count,조건부,5.6324,학교당 평균 실시 횟수,136,0,5.6324,6.1582,4.0,2.0,6.0,,,,,,,,,,시계열,,,
경기학교교육실태조사,중학교,2021,1주기,2.0,읍면지역,C05,학교안전,S0502,학교안전교육 실시 횟수,학교,SC_SAFETY_EDU_03,학교안전교육 프로그램_3)재난안전 교육 횟수,school_count,조건부,5.4651,학교당 평균 실시 횟수,43,0,5.4651,5.9696,3.0,2.0,6.0,,,,,,,,,,시계열,,,
경기학교교육실태조사,중학교,2025,2주기,1.0,중소도시,C05,학교안전,S0502,학교안전교육 실시 횟수,학교,SC_SAFETY_EDU_03,학교안전교육 프로그램_3)재난안전 교육 횟수,school_count,조건부,5.8161,학교당 평균 실시 횟수,87,3,5.8161,5.7091,6.0,2.0,6.0,,,,,,,,,,시계열,,,
경기학교교육실태조사,중학교,2025,2주기,2.0,읍면지역,C05,학교안전,S0502,학교안전교육 실시 횟수,학교,SC_SAFETY_EDU_03,학교안전교육 프로그램_3)재난안전 교육 횟수,school_count,조건부,5.9286,학교당 평균 실시 횟수,14,0,5.9286,5.4978,4.0,2.0,6.0,,,,,,,,,,시계열,,,
경기학교교육실태조사,중학교,2021,1주기,1.0,중소도시,C05,학교안전,S0502,학교안전교육 실시 횟수,학교,SC_SAFETY_EDU_04,학교안전교육 프로그램_4)생활안전 교육 횟수,school_count,조건부,7.8824,학교당 평균 실시 횟수,136,0,7.8824,8.7323,5.0,2.0,10.0,,,,,,,,,,시계열,,,
경기학교교육실태조사,중학교,2021,1주기,2.0,읍면지역,C05,학교안전,S0502,학교안전교육 실시 횟수,학교,SC_SAFETY_EDU_04,학교안전교육 프로그램_4)생활안전 교육 횟수,school_count,조건부,8.3256,학교당 평균 실시 횟수,43,0,8.3256,8.6264,7.0,2.0,10.0,,,,,,,,,,시계열,,,
경기학교교육실태조사,중학교,2025,2주기,1.0,중소도시,C05,학교안전,S0502,학교안전교육 실시 횟수,학교,SC_SAFETY_EDU_04,학교안전교육 프로그램_4)생활안전 교육 횟수,school_count,조건부,8.4302,학교당 평균 실시 횟수,86,4,8.4302,8.1566,10.0,2.0,10.0,,,,,,,,,,시계열,,,
경기학교교육실태조사,중학교,2025,2주기,2.0,읍면지역,C05,학교안전,S0502,학교안전교육 실시 횟수,학교,SC_SAFETY_EDU_04,학교안전교육 프로그램_4)생활안전 교육 횟수,school_count,조건부,9.7857,학교당 평균 실시 횟수,14,0,9.7857,10.0321,7.0,2.0,10.0,,,,,,,,,,시계열,,,
경기학교교육실태조사,중학교,2021,1주기,1.0,중소도시,C05,학교안전,S0502,학교안전교육 실시 횟수,학교,SC_SAFETY_EDU_05,학교안전교육 프로그램_5)응급처치 교육 횟수,school_count,조건부,2.9853,학교당 평균 실시 횟수,136,0,2.9853,4.1881,2.0,1.0,3.0,,,,,,,,,,시계열,,,
경기학교교육실태조사,중학교,2021,1주기,2.0,읍면지역,C05,학교안전,S0502,학교안전교육 실시 횟수,학교,SC_SAFETY_EDU_05,학교안전교육 프로그램_5)응급처치 교육 횟수,school_count,조건부,4.5349,학교당 평균 실시 횟수,43,0,4.5349,5.8609,2.0,2.0,5.0,,,,,,,,,,시계열,,,
경기학교교육실태조사,중학교,2025,2주기,1.0,중소도시,C05,학교안전,S0502,학교안전교육 실시 횟수,학교,SC_SAFETY_EDU_05,학교안전교육 프로그램_5)응급처치 교육 횟수,school_count,조건부,2.7841,학교당 평균 실시 횟수,88,2,2.7841,3.3337,2.0,2.0,2.0,,,,,,,,,,시계열,,,
경기학교교육실태조사,중학교,2025,2주기,2.0,읍면지역,C05,학교안전,S0502,학교안전교육 실시 횟수,학교,SC_SAFETY_EDU_05,학교안전교육 프로그램_5)응급처치 교육 횟수,school_count,조건부,3.1429,학교당 평균 실시 횟수,14,0,3.1429,2.9835,2.0,2.0,2.0,,,,,,,,,,시계열,,,
경기학교교육실태조사,중학교,2021,1주기,1.0,중소도시,C05,학교안전,S0502,학교안전교육 실시 횟수,학교,SC_SAFETY_EDU_06,학교안전교육 프로그램_6)직업안전 교육 횟수,school_count,조건부,2.5809,학교당 평균 실시 횟수,136,0,2.5809,3.4845,2.0,1.0,3.0,,,,,,,,,,시계열,,,
경기학교교육실태조사,중학교,2021,1주기,2.0,읍면지역,C05,학교안전,S0502,학교안전교육 실시 횟수,학교,SC_SAFETY_EDU_06,학교안전교육 프로그램_6)직업안전 교육 횟수,school_count,조건부,3.5581,학교당 평균 실시 횟수,43,0,3.5581,3.5943,2.0,2.0,4.0,,,,,,,,,,시계열,,,
경기학교교육실태조사,중학교,2025,2주기,1.0,중소도시,C05,학교안전,S0502,학교안전교육 실시 횟수,학교,SC_SAFETY_EDU_06,학교안전교육 프로그램_6)직업안전 교육 횟수,school_count,조건부,3.0341,학교당 평균 실시 횟수,88,2,3.0341,3.2036,3.0,2.0,3.0,,,,,,,,,,시계열,,,
경기학교교육실태조사,중학교,2025,2주기,2.0,읍면지역,C05,학교안전,S0502,학교안전교육 실시 횟수,학교,SC_SAFETY_EDU_06,학교안전교육 프로그램_6)직업안전 교육 횟수,school_count,조건부,3.8571,학교당 평균 실시 횟수,14,0,3.8571,3.4609,2.5,2.0,3.0,,,,,,,,,,시계열,,,
경기학교교육실태조사,중학교,2021,1주기,1.0,중소도시,C05,학교안전,S0502,학교안전교육 실시 횟수,학교,SC_SAFETY_EDU_07,학교안전교육 프로그램_7)감염병 예방교육 횟수,school_count,조건부,9.5221,학교당 평균 실시 횟수,136,0,9.5221,17.1084,5.0,2.0,10.0,,,,,,,,,,시계열,,,
경기학교교육실태조사,중학교,2021,1주기,2.0,읍면지역,C05,학교안전,S0502,학교안전교육 실시 횟수,학교,SC_SAFETY_EDU_07,학교안전교육 프로그램_7)감염병 예방교육 횟수,school_count,조건부,8.907,학교당 평균 실시 횟수,43,0,8.907,15.9699,4.0,2.0,10.0,,,,,,,,,,시계열,,,
경기학교교육실태조사,중학교,2025,2주기,1.0,중소도시,C05,학교안전,S0502,학교안전교육 실시 횟수,학교,SC_SAFETY_EDU_07,학교안전교육 프로그램_7)감염병 예방교육 횟수,school_count,조건부,3.9205,학교당 평균 실시 횟수,88,2,3.9205,3.55,2.0,2.0,5.0,,,,,,,,,,시계열,,,
경기학교교육실태조사,중학교,2025,2주기,2.0,읍면지역,C05,학교안전,S0502,학교안전교육 실시 횟수,학교,SC_SAFETY_EDU_07,학교안전교육 프로그램_7)감염병 예방교육 횟수,school_count,조건부,2.5714,학교당 평균 실시 횟수,14,0,2.5714,2.2775,2.0,2.0,2.0,,,,,,,,,,시계열,,,
경기학교교육실태조사,중학교,2021,1주기,1.0,중소도시,C05,학교안전,S0502,학교안전교육 실시 횟수,학교,SC_SAFETY_EDU_08,학교안전교육 프로그램_8)교통안전 교육 횟수,school_count,조건부,7.3971,학교당 평균 실시 횟수,136,0,7.3971,6.9934,6.0,2.0,10.0,,,,,,,,,,시계열,,,
경기학교교육실태조사,중학교,2021,1주기,2.0,읍면지역,C05,학교안전,S0502,학교안전교육 실시 횟수,학교,SC_SAFETY_EDU_08,학교안전교육 프로그램_8)교통안전 교육 횟수,school_count,조건부,11.7442,학교당 평균 실시 횟수,43,0,11.7442,30.4444,5.0,2.0,10.0,,,,,,,,,,시계열,,,
경기학교교육실태조사,중학교,2025,2주기,1.0,중소도시,C05,학교안전,S0502,학교안전교육 실시 횟수,학교,SC_SAFETY_EDU_08,학교안전교육 프로그램_8)교통안전 교육 횟수,school_count,조건부,8.0,학교당 평균 실시 횟수,88,2,8.0,7.2777,10.0,2.0,10.0,,,,,,,,,,시계열,,,
경기학교교육실태조사,중학교,2025,2주기,2.0,읍면지역,C05,학교안전,S0502,학교안전교육 실시 횟수,학교,SC_SAFETY_EDU_08,학교안전교육 프로그램_8)교통안전 교육 횟수,school_count,조건부,10.6429,학교당 평균 실시 횟수,14,0,10.6429,9.8887,8.0,2.5,14.5,,,,,,,,,,시계열,,,
경기학교교육실태조사,중학교,2021,1주기,1.0,중소도시,C06,수업·평가 혁신,S0601,학생중심수업,학생,ST_CLASS_SC_01,수업활동(학생중심수업/협동수업) - 4)선생님은 학생들이 스스로 문제를 해결할 수 있도록 도와준다,likert,Y,65.16,환산100점,6985,0,3.6066,0.7769,4.0,3.0,4.0,65.16,65.16,55.75,,,,,,,시계열,,,
경기학교교육실태조사,중학교,2021,1주기,2.0,읍면지역,C06,수업·평가 혁신,S0601,학생중심수업,학생,ST_CLASS_SC_01,수업활동(학생중심수업/협동수업) - 4)선생님은 학생들이 스스로 문제를 해결할 수 있도록 도와준다,likert,Y,64.81,환산100점,1899,0,3.5924,0.8137,4.0,3.0,4.0,64.81,64.81,54.77,,,,,,,시계열,,,
경기학교교육실태조사,중학교,2025,2주기,1.0,중소도시,C06,수업·평가 혁신,S0601,학생중심수업,학생,ST_CLASS_SC_01,수업활동(학생중심수업/협동수업) - 4)선생님은 학생들이 스스로 문제를 해결할 수 있도록 도와준다,likert,Y,67.91,환산100점,4351,0,3.7164,0.9255,4.0,3.0,4.0,67.91,67.91,60.45,,,,,,,시계열,,,
경기학교교육실태조사,중학교,2025,2주기,2.0,읍면지역,C06,수업·평가 혁신,S0601,학생중심수업,학생,ST_CLASS_SC_01,수업활동(학생중심수업/협동수업) - 4)선생님은 학생들이 스스로 문제를 해결할 수 있도록 도와준다,likert,Y,69.74,환산100점,822,0,3.7895,0.9038,4.0,3.0,4.0,69.74,69.74,66.3,,,,,,,시계열,,,
경기학교교육실태조사,중학교,2021,1주기,1.0,중소도시,C06,수업·평가 혁신,S0601,학생중심수업,학생,ST_CLASS_SC_02,수업활동(학생중심수업/협동수업) - 5)선생님은 학생들이 스스로 자신의 학습목표를 설정할 수 있도록 도와준다,likert,조건부,62.54,환산100점,6985,0,3.5016,0.8247,3.0,3.0,4.0,62.54,62.54,49.01,,,,,,,시계열,,,
경기학교교육실태조사,중학교,2021,1주기,2.0,읍면지역,C06,수업·평가 혁신,S0601,학생중심수업,학생,ST_CLASS_SC_02,수업활동(학생중심수업/협동수업) - 5)선생님은 학생들이 스스로 자신의 학습목표를 설정할 수 있도록 도와준다,likert,조건부,62.45,환산100점,1899,0,3.4982,0.848,3.0,3.0,4.0,62.45,62.45,48.97,,,,,,,시계열,,,
경기학교교육실태조사,중학교,2025,2주기,1.0,중소도시,C06,수업·평가 혁신,S0601,학생중심수업,학생,ST_CLASS_SC_02,수업활동(학생중심수업/협동수업) - 5)선생님은 학생들이 스스로 자신의 학습목표를 설정할 수 있도록 도와준다,likert,조건부,64.3,환산100점,4351,0,3.5721,0.97,4.0,3.0,4.0,64.3,64.3,51.83,,,,,,,시계열,,,
경기학교교육실태조사,중학교,2025,2주기,2.0,읍면지역,C06,수업·평가 혁신,S0601,학생중심수업,학생,ST_CLASS_SC_02,수업활동(학생중심수업/협동수업) - 5)선생님은 학생들이 스스로 자신의 학습목표를 설정할 수 있도록 도와준다,likert,조건부,66.39,환산100점,822,0,3.6557,0.9669,4.0,3.0,4.0,66.39,66.39,57.3,,,,,,,시계열,,,
경기학교교육실태조사,중학교,2021,1주기,1.0,중소도시,C06,수업·평가 혁신,S0601,학생중심수업,교사,TR_CURRIC_01,교육과정설계·수업활동·평가(구:학습자중심 수업운영) - 1)교과 교육과정이나 교과 운영계획을 세울 때 학생과 학부모의 의견을 수렴한다,likert,조건부,67.46,환산100점,4172,0,3.6982,0.8634,4.0,3.0,4.0,67.46,67.46,61.24,,,,,,,시계열,,,
경기학교교육실태조사,중학교,2021,1주기,2.0,읍면지역,C06,수업·평가 혁신,S0601,학생중심수업,교사,TR_CURRIC_01,교육과정설계·수업활동·평가(구:학습자중심 수업운영) - 1)교과 교육과정이나 교과 운영계획을 세울 때 학생과 학부모의 의견을 수렴한다,likert,조건부,67.58,환산100점,1017,0,3.703,0.9084,4.0,3.0,4.0,67.58,67.58,62.05,,,,,,,시계열,,,
경기학교교육실태조사,중학교,2025,2주기,1.0,중소도시,C06,수업·평가 혁신,S0601,학생중심수업,교사,TR_CURRIC_01,교육과정설계·수업활동·평가(구:학습자중심 수업운영) - 1)교과 교육과정이나 교과 운영계획을 세울 때 학생과 학부모의 의견을 수렴한다,likert,조건부,62.86,환산100점,2286,0,3.5144,0.8613,4.0,3.0,4.0,62.86,62.86,52.89,,,,,,,시계열,,,
경기학교교육실태조사,중학교,2025,2주기,2.0,읍면지역,C06,수업·평가 혁신,S0601,학생중심수업,교사,TR_CURRIC_01,교육과정설계·수업활동·평가(구:학습자중심 수업운영) - 1)교과 교육과정이나 교과 운영계획을 세울 때 학생과 학부모의 의견을 수렴한다,likert,조건부,64.11,환산100점,514,0,3.5642,0.8768,4.0,3.0,4.0,64.11,64.11,54.67,,,,,,,시계열,,,
경기학교교육실태조사,중학교,2021,1주기,1.0,중소도시,C06,수업·평가 혁신,S0601,학생중심수업,교사,TR_CURRIC_02,교육과정설계·수업활동·평가(구:학습자중심 수업운영) - 2)학생의 흥미를 고려하여 교육과정을 재구성하려고 노력한다,likert,조건부,82.34,환산100점,4172,0,4.2936,0.6561,4.0,4.0,5.0,82.34,82.34,90.63,,,,,,,시계열,,,
경기학교교육실태조사,중학교,2021,1주기,2.0,읍면지역,C06,수업·평가 혁신,S0601,학생중심수업,교사,TR_CURRIC_02,교육과정설계·수업활동·평가(구:학습자중심 수업운영) - 2)학생의 흥미를 고려하여 교육과정을 재구성하려고 노력한다,likert,조건부,81.93,환산100점,1017,0,4.2773,0.6654,4.0,4.0,5.0,81.93,81.93,90.46,,,,,,,시계열,,,
경기학교교육실태조사,중학교,2025,2주기,1.0,중소도시,C06,수업·평가 혁신,S0601,학생중심수업,교사,TR_CURRIC_02,교육과정설계·수업활동·평가(구:학습자중심 수업운영) - 2)학생의 흥미를 고려하여 교육과정을 재구성하려고 노력한다,likert,조건부,80.71,환산100점,2286,0,4.2283,0.6788,4.0,4.0,5.0,80.71,80.71,88.58,,,,,,,시계열,,,
경기학교교육실태조사,중학교,2025,2주기,2.0,읍면지역,C06,수업·평가 혁신,S0601,학생중심수업,교사,TR_CURRIC_02,교육과정설계·수업활동·평가(구:학습자중심 수업운영) - 2)학생의 흥미를 고려하여 교육과정을 재구성하려고 노력한다,likert,조건부,81.47,환산100점,514,0,4.2588,0.6905,4.0,4.0,5.0,81.47,81.47,89.3,,,,,,,시계열,,,
경기학교교육실태조사,중학교,2021,1주기,1.0,중소도시,C06,수업·평가 혁신,S0601,학생중심수업,교사,TR_CURRIC_03,"교육과정설계·수업활동·평가(구:학습자중심 수업운영) - 5)토론수업, 협력수업, 프로젝트 수업 등 학생 참여 수업을 한다",likert,Y,68.53,환산100점,4172,0,3.7411,0.9064,4.0,3.0,4.0,68.53,68.53,63.66,,,,,,,시계열,,,
경기학교교육실태조사,중학교,2021,1주기,2.0,읍면지역,C06,수업·평가 혁신,S0601,학생중심수업,교사,TR_CURRIC_03,"교육과정설계·수업활동·평가(구:학습자중심 수업운영) - 5)토론수업, 협력수업, 프로젝트 수업 등 학생 참여 수업을 한다",likert,Y,69.0,환산100점,1017,0,3.7601,0.9197,4.0,3.0,4.0,69.0,69.0,63.91,,,,,,,시계열,,,
경기학교교육실태조사,중학교,2025,2주기,1.0,중소도시,C06,수업·평가 혁신,S0601,학생중심수업,교사,TR_CURRIC_03,"교육과정설계·수업활동·평가(구:학습자중심 수업운영) - 5)토론수업, 협력수업, 프로젝트 수업 등 학생 참여 수업을 한다",likert,Y,71.29,환산100점,2286,0,3.8517,0.8622,4.0,3.0,4.0,71.29,71.29,67.06,,,,,,,시계열,,,
경기학교교육실태조사,중학교,2025,2주기,2.0,읍면지역,C06,수업·평가 혁신,S0601,학생중심수업,교사,TR_CURRIC_03,"교육과정설계·수업활동·평가(구:학습자중심 수업운영) - 5)토론수업, 협력수업, 프로젝트 수업 등 학생 참여 수업을 한다",likert,Y,72.81,환산100점,514,0,3.9125,0.8551,4.0,3.0,4.75,72.81,72.81,72.18,,,,,,,시계열,,,
경기학교교육실태조사,중학교,2021,1주기,1.0,중소도시,C06,수업·평가 혁신,S0602A,수업태도·참여,학생,ST_CLASS_01,수업(수업참여/교사수업진행/수업중평가) - 1)나는 수업시간에 집중한다,likert,Y,65.22,환산100점,6985,0,3.6089,0.9087,4.0,3.0,4.0,65.22,65.22,56.25,,,,,,,시계열,,,
경기학교교육실태조사,중학교,2021,1주기,2.0,읍면지역,C06,수업·평가 혁신,S0602A,수업태도·참여,학생,ST_CLASS_01,수업(수업참여/교사수업진행/수업중평가) - 1)나는 수업시간에 집중한다,likert,Y,65.49,환산100점,1899,0,3.6198,0.9232,4.0,3.0,4.0,65.49,65.49,56.4,,,,,,,시계열,,,
경기학교교육실태조사,중학교,2025,2주기,1.0,중소도시,C06,수업·평가 혁신,S0602A,수업태도·참여,학생,ST_CLASS_01,수업(수업참여/교사수업진행/수업중평가) - 1)나는 수업시간에 집중한다,likert,Y,67.52,환산100점,4351,0,3.7008,0.953,4.0,3.0,4.0,67.52,67.52,60.38,,,,,,,시계열,,,
경기학교교육실태조사,중학교,2025,2주기,2.0,읍면지역,C06,수업·평가 혁신,S0602A,수업태도·참여,학생,ST_CLASS_01,수업(수업참여/교사수업진행/수업중평가) - 1)나는 수업시간에 집중한다,likert,Y,65.12,환산100점,822,0,3.6046,0.9899,4.0,3.0,4.0,65.12,65.12,57.18,,,,,,,시계열,,,
경기학교교육실태조사,중학교,2021,1주기,1.0,중소도시,C06,수업·평가 혁신,S0602A,수업태도·참여,학생,ST_CLASS_02,수업(수업참여/교사수업진행/수업중평가) - 2)나는 수업시간에 적극적으로 참여한다,likert,Y,61.11,환산100점,6985,0,3.4445,0.9533,3.0,3.0,4.0,61.11,61.11,46.03,,,,,,,시계열,,,
경기학교교육실태조사,중학교,2021,1주기,2.0,읍면지역,C06,수업·평가 혁신,S0602A,수업태도·참여,학생,ST_CLASS_02,수업(수업참여/교사수업진행/수업중평가) - 2)나는 수업시간에 적극적으로 참여한다,likert,Y,61.73,환산100점,1899,0,3.4692,0.9692,3.0,3.0,4.0,61.73,61.73,46.81,,,,,,,시계열,,,
경기학교교육실태조사,중학교,2025,2주기,1.0,중소도시,C06,수업·평가 혁신,S0602A,수업태도·참여,학생,ST_CLASS_02,수업(수업참여/교사수업진행/수업중평가) - 2)나는 수업시간에 적극적으로 참여한다,likert,Y,62.31,환산100점,4351,0,3.4923,0.9739,3.0,3.0,4.0,62.31,62.31,47.64,,,,,,,시계열,,,
경기학교교육실태조사,중학교,2025,2주기,2.0,읍면지역,C06,수업·평가 혁신,S0602A,수업태도·참여,학생,ST_CLASS_02,수업(수업참여/교사수업진행/수업중평가) - 2)나는 수업시간에 적극적으로 참여한다,likert,Y,60.98,환산100점,822,0,3.4392,1.0202,3.0,3.0,4.0,60.98,60.98,47.08,,,,,,,시계열,,,
경기학교교육실태조사,중학교,2021,1주기,1.0,중소도시,C06,수업·평가 혁신,S0602A,수업태도·참여,학생,ST_CLASS_03,수업(수업참여/교사수업진행/수업중평가) - 3)나는 수업시간에 흥미를 가지고 참여한다,likert,Y,59.41,환산100점,6985,0,3.3762,0.9806,3.0,3.0,4.0,59.41,59.41,43.85,,,,,,,시계열,,,
경기학교교육실태조사,중학교,2021,1주기,2.0,읍면지역,C06,수업·평가 혁신,S0602A,수업태도·참여,학생,ST_CLASS_03,수업(수업참여/교사수업진행/수업중평가) - 3)나는 수업시간에 흥미를 가지고 참여한다,likert,Y,59.56,환산100점,1899,0,3.3823,0.9943,3.0,3.0,4.0,59.56,59.56,44.6,,,,,,,시계열,,,
경기학교교육실태조사,중학교,2025,2주기,1.0,중소도시,C06,수업·평가 혁신,S0602A,수업태도·참여,학생,ST_CLASS_03,수업(수업참여/교사수업진행/수업중평가) - 3)나는 수업시간에 흥미를 가지고 참여한다,likert,Y,60.15,환산100점,4351,0,3.4059,1.0132,3.0,3.0,4.0,60.15,60.15,45.16,,,,,,,시계열,,,
경기학교교육실태조사,중학교,2025,2주기,2.0,읍면지역,C06,수업·평가 혁신,S0602A,수업태도·참여,학생,ST_CLASS_03,수업(수업참여/교사수업진행/수업중평가) - 3)나는 수업시간에 흥미를 가지고 참여한다,likert,Y,59.73,환산100점,822,0,3.3893,1.0628,3.0,3.0,4.0,59.73,59.73,46.47,,,,,,,시계열,,,
경기학교교육실태조사,중학교,2021,1주기,1.0,중소도시,C06,수업·평가 혁신,S0602B,교사 수업 진행,학생,ST_CLASS_04,수업(수업참여/교사수업진행/수업중평가) - 1)선생님은 사전에 수업 준비를 철저히 하시는 편이다,likert,Y,70.14,환산100점,6985,0,3.8054,0.8365,4.0,3.0,4.0,70.14,70.14,66.3,,,,,,,시계열,,,
경기학교교육실태조사,중학교,2021,1주기,2.0,읍면지역,C06,수업·평가 혁신,S0602B,교사 수업 진행,학생,ST_CLASS_04,수업(수업참여/교사수업진행/수업중평가) - 1)선생님은 사전에 수업 준비를 철저히 하시는 편이다,likert,Y,69.97,환산100점,1899,0,3.7988,0.8659,4.0,3.0,4.0,69.97,69.97,65.82,,,,,,,시계열,,,
경기학교교육실태조사,중학교,2025,2주기,1.0,중소도시,C06,수업·평가 혁신,S0602B,교사 수업 진행,학생,ST_CLASS_04,수업(수업참여/교사수업진행/수업중평가) - 1)선생님은 사전에 수업 준비를 철저히 하시는 편이다,likert,Y,71.45,환산100점,4351,0,3.8582,0.8897,4.0,3.0,4.0,71.45,71.45,68.1,,,,,,,시계열,,,
경기학교교육실태조사,중학교,2025,2주기,2.0,읍면지역,C06,수업·평가 혁신,S0602B,교사 수업 진행,학생,ST_CLASS_04,수업(수업참여/교사수업진행/수업중평가) - 1)선생님은 사전에 수업 준비를 철저히 하시는 편이다,likert,Y,72.29,환산100점,822,0,3.8917,0.8742,4.0,3.0,4.0,72.29,72.29,70.92,,,,,,,시계열,,,
경기학교교육실태조사,중학교,2021,1주기,1.0,중소도시,C06,수업·평가 혁신,S0602B,교사 수업 진행,학생,ST_CLASS_05,수업(수업참여/교사수업진행/수업중평가) - 2)선생님은 흥미롭게 수업을 진행하신다,likert,Y,64.36,환산100점,6985,0,3.5742,0.9053,4.0,3.0,4.0,64.36,64.36,53.23,,,,,,,시계열,,,
경기학교교육실태조사,중학교,2021,1주기,2.0,읍면지역,C06,수업·평가 혁신,S0602B,교사 수업 진행,학생,ST_CLASS_05,수업(수업참여/교사수업진행/수업중평가) - 2)선생님은 흥미롭게 수업을 진행하신다,likert,Y,65.43,환산100점,1899,0,3.6172,0.9206,4.0,3.0,4.0,65.43,65.43,54.98,,,,,,,시계열,,,
경기학교교육실태조사,중학교,2025,2주기,1.0,중소도시,C06,수업·평가 혁신,S0602B,교사 수업 진행,학생,ST_CLASS_05,수업(수업참여/교사수업진행/수업중평가) - 2)선생님은 흥미롭게 수업을 진행하신다,likert,Y,65.17,환산100점,4351,0,3.6068,0.9917,4.0,3.0,4.0,65.17,65.17,54.79,,,,,,,시계열,,,
경기학교교육실태조사,중학교,2025,2주기,2.0,읍면지역,C06,수업·평가 혁신,S0602B,교사 수업 진행,학생,ST_CLASS_05,수업(수업참여/교사수업진행/수업중평가) - 2)선생님은 흥미롭게 수업을 진행하신다,likert,Y,66.42,환산100점,822,0,3.6569,0.9965,4.0,3.0,4.0,66.42,66.42,59.98,,,,,,,시계열,,,
경기학교교육실태조사,중학교,2021,1주기,1.0,중소도시,C06,수업·평가 혁신,S0602B,교사 수업 진행,학생,ST_CLASS_06,수업(수업참여/교사수업진행/수업중평가) - 3)선생님은 학생들의 수준에 맞게 가르치신다,likert,Y,68.11,환산100점,6985,0,3.7246,0.8412,4.0,3.0,4.0,68.11,68.11,62.03,,,,,,,시계열,,,
경기학교교육실태조사,중학교,2021,1주기,2.0,읍면지역,C06,수업·평가 혁신,S0602B,교사 수업 진행,학생,ST_CLASS_06,수업(수업참여/교사수업진행/수업중평가) - 3)선생님은 학생들의 수준에 맞게 가르치신다,likert,Y,69.12,환산100점,1899,0,3.7646,0.8389,4.0,3.0,4.0,69.12,69.12,63.93,,,,,,,시계열,,,
경기학교교육실태조사,중학교,2025,2주기,1.0,중소도시,C06,수업·평가 혁신,S0602B,교사 수업 진행,학생,ST_CLASS_06,수업(수업참여/교사수업진행/수업중평가) - 3)선생님은 학생들의 수준에 맞게 가르치신다,likert,Y,69.85,환산100점,4351,0,3.7941,0.9038,4.0,3.0,4.0,69.85,69.85,64.54,,,,,,,시계열,,,
경기학교교육실태조사,중학교,2025,2주기,2.0,읍면지역,C06,수업·평가 혁신,S0602B,교사 수업 진행,학생,ST_CLASS_06,수업(수업참여/교사수업진행/수업중평가) - 3)선생님은 학생들의 수준에 맞게 가르치신다,likert,Y,70.95,환산100점,822,0,3.8382,0.9151,4.0,3.0,4.0,70.95,70.95,68.25,,,,,,,시계열,,,
경기학교교육실태조사,중학교,2021,1주기,1.0,중소도시,C06,수업·평가 혁신,S0603,수행평가,학생,ST_ASSESS_02,(수행)평가 - 1)평가는 실력향상에 도움이 된다,likert,조건부,54.82,환산100점,6985,0,3.1927,1.0009,3.0,3.0,4.0,54.82,54.82,39.18,,,,,,,시계열,,,
경기학교교육실태조사,중학교,2021,1주기,2.0,읍면지역,C06,수업·평가 혁신,S0603,수행평가,학생,ST_ASSESS_02,(수행)평가 - 1)평가는 실력향상에 도움이 된다,likert,조건부,56.16,환산100점,1899,0,3.2464,1.0012,3.0,3.0,4.0,56.16,56.16,40.49,,,,,,,시계열,,,
경기학교교육실태조사,중학교,2025,2주기,1.0,중소도시,C06,수업·평가 혁신,S0603,수행평가,학생,ST_ASSESS_02,(수행)평가 - 1)평가는 실력향상에 도움이 된다,likert,조건부,60.73,환산100점,4351,0,3.4291,1.0524,4.0,3.0,4.0,60.73,60.73,50.61,,,,,,,시계열,,,
경기학교교육실태조사,중학교,2025,2주기,2.0,읍면지역,C06,수업·평가 혁신,S0603,수행평가,학생,ST_ASSESS_02,(수행)평가 - 1)평가는 실력향상에 도움이 된다,likert,조건부,61.1,환산100점,822,0,3.444,1.0648,4.0,3.0,4.0,61.1,61.1,51.34,,,,,,,시계열,,,
경기학교교육실태조사,중학교,2021,1주기,1.0,중소도시,C06,수업·평가 혁신,S0603,수행평가,학생,ST_ASSESS_03,(수행)평가 - 2)평가는 수업에 흥미를 가질 수 있도록 해준다,likert,조건부,42.0,환산100점,6985,0,2.68,1.0791,3.0,2.0,3.0,42.0,42.0,20.9,,,,,,,시계열,,,
경기학교교육실태조사,중학교,2021,1주기,2.0,읍면지역,C06,수업·평가 혁신,S0603,수행평가,학생,ST_ASSESS_03,(수행)평가 - 2)평가는 수업에 흥미를 가질 수 있도록 해준다,likert,조건부,45.31,환산100점,1899,0,2.8125,1.0803,3.0,2.0,3.0,45.31,45.31,24.49,,,,,,,시계열,,,
경기학교교육실태조사,중학교,2025,2주기,1.0,중소도시,C06,수업·평가 혁신,S0603,수행평가,학생,ST_ASSESS_03,(수행)평가 - 2)평가는 수업에 흥미를 가질 수 있도록 해준다,likert,조건부,48.45,환산100점,4351,0,2.9379,1.1392,3.0,2.0,4.0,48.45,48.45,31.23,,,,,,,시계열,,,
경기학교교육실태조사,중학교,2025,2주기,2.0,읍면지역,C06,수업·평가 혁신,S0603,수행평가,학생,ST_ASSESS_03,(수행)평가 - 2)평가는 수업에 흥미를 가질 수 있도록 해준다,likert,조건부,49.03,환산100점,822,0,2.9611,1.127,3.0,2.0,4.0,49.03,49.03,30.54,,,,,,,시계열,,,
경기학교교육실태조사,중학교,2021,1주기,1.0,중소도시,C06,수업·평가 혁신,S0603,수행평가,학생,ST_ASSESS_04,(수행)평가 - 3)평가 결과는 대체적으로 공정하다,likert,조건부,63.23,환산100점,6985,0,3.5291,0.9531,4.0,3.0,4.0,63.23,63.23,52.71,,,,,,,시계열,,,
경기학교교육실태조사,중학교,2021,1주기,2.0,읍면지역,C06,수업·평가 혁신,S0603,수행평가,학생,ST_ASSESS_04,(수행)평가 - 3)평가 결과는 대체적으로 공정하다,likert,조건부,63.97,환산100점,1899,0,3.5587,0.9636,4.0,3.0,4.0,63.97,63.97,52.5,,,,,,,시계열,,,
경기학교교육실태조사,중학교,2025,2주기,1.0,중소도시,C06,수업·평가 혁신,S0603,수행평가,학생,ST_ASSESS_04,(수행)평가 - 3)평가 결과는 대체적으로 공정하다,likert,조건부,62.81,환산100점,4351,0,3.5125,1.0086,4.0,3.0,4.0,62.81,62.81,53.37,,,,,,,시계열,,,
경기학교교육실태조사,중학교,2025,2주기,2.0,읍면지역,C06,수업·평가 혁신,S0603,수행평가,학생,ST_ASSESS_04,(수행)평가 - 3)평가 결과는 대체적으로 공정하다,likert,조건부,63.96,환산100점,822,0,3.5584,0.9974,4.0,3.0,4.0,63.96,63.96,54.62,,,,,,,시계열,,,
경기학교교육실태조사,중학교,2021,1주기,1.0,중소도시,C06,수업·평가 혁신,S0603,수행평가,교사,TR_CURRIC_08,교육과정·수업·평가 일체화 - 10)평가 결과를 교육과정운영계획 수립과 수업개선에 활용한다,likert,Y,80.37,환산100점,4172,0,4.2148,0.6342,4.0,4.0,5.0,80.37,80.37,90.27,,,,,,,시계열,,,
경기학교교육실태조사,중학교,2021,1주기,2.0,읍면지역,C06,수업·평가 혁신,S0603,수행평가,교사,TR_CURRIC_08,교육과정·수업·평가 일체화 - 10)평가 결과를 교육과정운영계획 수립과 수업개선에 활용한다,likert,Y,78.64,환산100점,1017,0,4.1455,0.6688,4.0,4.0,5.0,78.64,78.64,87.91,,,,,,,시계열,,,
경기학교교육실태조사,중학교,2025,2주기,1.0,중소도시,C06,수업·평가 혁신,S0603,수행평가,교사,TR_CURRIC_08,교육과정·수업·평가 일체화 - 10)평가 결과를 교육과정운영계획 수립과 수업개선에 활용한다,likert,Y,77.45,환산100점,2286,0,4.098,0.6957,4.0,4.0,5.0,77.45,77.45,84.12,,,,,,,시계열,,,
경기학교교육실태조사,중학교,2025,2주기,2.0,읍면지역,C06,수업·평가 혁신,S0603,수행평가,교사,TR_CURRIC_08,교육과정·수업·평가 일체화 - 10)평가 결과를 교육과정운영계획 수립과 수업개선에 활용한다,likert,Y,77.68,환산100점,514,0,4.107,0.6996,4.0,4.0,5.0,77.68,77.68,84.24,,,,,,,시계열,,,
경기학교교육실태조사,중학교,2021,1주기,1.0,중소도시,C06,수업·평가 혁신,S0603,수행평가,교사,TR_CURRIC_09,"교육과정·수업·평가 일체화 - 8)논술형 평가, 토론, 보고서, 현장조사, 포트폴리오 등 다양한 평가방법을 사용한다",likert,조건부,78.66,환산100점,4172,0,4.1462,0.7356,4.0,4.0,5.0,78.66,78.66,83.17,,,,,,,시계열,,,
경기학교교육실태조사,중학교,2021,1주기,2.0,읍면지역,C06,수업·평가 혁신,S0603,수행평가,교사,TR_CURRIC_09,"교육과정·수업·평가 일체화 - 8)논술형 평가, 토론, 보고서, 현장조사, 포트폴리오 등 다양한 평가방법을 사용한다",likert,조건부,77.16,환산100점,1017,0,4.0865,0.7776,4.0,4.0,5.0,77.16,77.16,80.14,,,,,,,시계열,,,
경기학교교육실태조사,중학교,2025,2주기,1.0,중소도시,C06,수업·평가 혁신,S0603,수행평가,교사,TR_CURRIC_09,"교육과정·수업·평가 일체화 - 8)논술형 평가, 토론, 보고서, 현장조사, 포트폴리오 등 다양한 평가방법을 사용한다",likert,조건부,74.9,환산100점,2286,0,3.9961,0.8485,4.0,3.0,5.0,74.9,74.9,74.72,,,,,,,시계열,,,
경기학교교육실태조사,중학교,2025,2주기,2.0,읍면지역,C06,수업·평가 혁신,S0603,수행평가,교사,TR_CURRIC_09,"교육과정·수업·평가 일체화 - 8)논술형 평가, 토론, 보고서, 현장조사, 포트폴리오 등 다양한 평가방법을 사용한다",likert,조건부,75.05,환산100점,514,0,4.0019,0.8319,4.0,3.25,5.0,75.05,75.05,74.9,,,,,,,시계열,,,
경기학교교육실태조사,중학교,2021,1주기,1.0,중소도시,C06,수업·평가 혁신,S0603,수행평가,교사,TR_CURRIC_11,"교육과정·수업·평가 일체화 - 9)학생의 성장, 발달을 평가하여 그 결과를 학생의 계속적인 성장을 돕는 자료로 활용한다",likert,Y,79.78,환산100점,4172,0,4.1913,0.6941,4.0,4.0,5.0,79.78,79.78,86.41,,,,,,,시계열,,,
경기학교교육실태조사,중학교,2021,1주기,2.0,읍면지역,C06,수업·평가 혁신,S0603,수행평가,교사,TR_CURRIC_11,"교육과정·수업·평가 일체화 - 9)학생의 성장, 발달을 평가하여 그 결과를 학생의 계속적인 성장을 돕는 자료로 활용한다",likert,Y,79.01,환산100점,1017,0,4.1603,0.7229,4.0,4.0,5.0,79.01,79.01,85.05,,,,,,,시계열,,,
경기학교교육실태조사,중학교,2025,2주기,1.0,중소도시,C06,수업·평가 혁신,S0603,수행평가,교사,TR_CURRIC_11,"교육과정·수업·평가 일체화 - 9)학생의 성장, 발달을 평가하여 그 결과를 학생의 계속적인 성장을 돕는 자료로 활용한다",likert,Y,74.72,환산100점,2286,0,3.9886,0.7623,4.0,4.0,5.0,74.72,74.72,75.81,,,,,,,시계열,,,
경기학교교육실태조사,중학교,2025,2주기,2.0,읍면지역,C06,수업·평가 혁신,S0603,수행평가,교사,TR_CURRIC_11,"교육과정·수업·평가 일체화 - 9)학생의 성장, 발달을 평가하여 그 결과를 학생의 계속적인 성장을 돕는 자료로 활용한다",likert,Y,76.02,환산100점,514,0,4.0409,0.7468,4.0,4.0,5.0,76.02,76.02,78.79,,,,,,,시계열,,,
경기학교교육실태조사,중학교,2021,1주기,1.0,중소도시,C06,수업·평가 혁신,S0603A,수업 중 평가(학생),학생,ST_CLASS_07,"수업(수업참여/교사수업진행/수업중평가) - 1)선생님은 다양한 형태(논술형 평가, 토론, 보고서, 현장조사, 포트폴리오 등)로 평가를 하신다",likert,조건부,74.41,환산100점,6985,0,3.9765,0.8801,4.0,3.0,5.0,74.41,74.41,72.73,,,,,,,시계열,,,
경기학교교육실태조사,중학교,2021,1주기,2.0,읍면지역,C06,수업·평가 혁신,S0603A,수업 중 평가(학생),학생,ST_CLASS_07,"수업(수업참여/교사수업진행/수업중평가) - 1)선생님은 다양한 형태(논술형 평가, 토론, 보고서, 현장조사, 포트폴리오 등)로 평가를 하신다",likert,조건부,73.96,환산100점,1899,0,3.9584,0.8824,4.0,3.0,5.0,73.96,73.96,71.99,,,,,,,시계열,,,
경기학교교육실태조사,중학교,2025,2주기,1.0,중소도시,C06,수업·평가 혁신,S0603A,수업 중 평가(학생),학생,ST_CLASS_07,"수업(수업참여/교사수업진행/수업중평가) - 1)선생님은 다양한 형태(논술형 평가, 토론, 보고서, 현장조사, 포트폴리오 등)로 평가를 하신다",likert,조건부,70.86,환산100점,4351,0,3.8345,0.9156,4.0,3.0,4.0,70.86,70.86,68.35,,,,,,,시계열,,,
경기학교교육실태조사,중학교,2025,2주기,2.0,읍면지역,C06,수업·평가 혁신,S0603A,수업 중 평가(학생),학생,ST_CLASS_07,"수업(수업참여/교사수업진행/수업중평가) - 1)선생님은 다양한 형태(논술형 평가, 토론, 보고서, 현장조사, 포트폴리오 등)로 평가를 하신다",likert,조건부,70.89,환산100점,822,0,3.8358,0.9093,4.0,3.0,4.0,70.89,70.89,68.25,,,,,,,시계열,,,
경기학교교육실태조사,중학교,2021,1주기,1.0,중소도시,C06,수업·평가 혁신,S0603A,수업 중 평가(학생),학생,ST_CLASS_08,수업(수업참여/교사수업진행/수업중평가) - 2)선생님은 평가 결과를 바탕으로 나의 강점과 보완할 점을 알려주신다,likert,Y,53.49,환산100점,6985,0,3.1394,1.0023,3.0,3.0,4.0,53.49,53.49,33.97,,,,,,,시계열,,,
경기학교교육실태조사,중학교,2021,1주기,2.0,읍면지역,C06,수업·평가 혁신,S0603A,수업 중 평가(학생),학생,ST_CLASS_08,수업(수업참여/교사수업진행/수업중평가) - 2)선생님은 평가 결과를 바탕으로 나의 강점과 보완할 점을 알려주신다,likert,Y,54.59,환산100점,1899,0,3.1838,1.006,3.0,3.0,4.0,54.59,54.59,35.55,,,,,,,시계열,,,
경기학교교육실태조사,중학교,2025,2주기,1.0,중소도시,C06,수업·평가 혁신,S0603A,수업 중 평가(학생),학생,ST_CLASS_08,수업(수업참여/교사수업진행/수업중평가) - 2)선생님은 평가 결과를 바탕으로 나의 강점과 보완할 점을 알려주신다,likert,Y,56.9,환산100점,4351,0,3.276,1.0316,3.0,3.0,4.0,56.9,56.9,41.42,,,,,,,시계열,,,
경기학교교육실태조사,중학교,2025,2주기,2.0,읍면지역,C06,수업·평가 혁신,S0603A,수업 중 평가(학생),학생,ST_CLASS_08,수업(수업참여/교사수업진행/수업중평가) - 2)선생님은 평가 결과를 바탕으로 나의 강점과 보완할 점을 알려주신다,likert,Y,57.94,환산100점,822,0,3.3175,1.0104,3.0,3.0,4.0,57.94,57.94,43.19,,,,,,,시계열,,,
경기학교교육실태조사,중학교,2021,1주기,1.0,중소도시,C06,수업·평가 혁신,S0603A,수업 중 평가(학생),학생,ST_CLASS_09,수업(수업참여/교사수업진행/수업중평가) - 3)선생님은 학생이 자신의 학습 과정을 점검하고 개선하는 기회를 제공하신다,likert,N,59.42,환산100점,6985,0,3.377,0.9237,3.0,3.0,4.0,59.42,59.42,42.25,,,,,,,숨김,,,
경기학교교육실태조사,중학교,2021,1주기,2.0,읍면지역,C06,수업·평가 혁신,S0603A,수업 중 평가(학생),학생,ST_CLASS_09,수업(수업참여/교사수업진행/수업중평가) - 3)선생님은 학생이 자신의 학습 과정을 점검하고 개선하는 기회를 제공하신다,likert,N,59.7,환산100점,1899,0,3.3881,0.927,3.0,3.0,4.0,59.7,59.7,42.71,,,,,,,숨김,,,
경기학교교육실태조사,중학교,2025,2주기,1.0,중소도시,C06,수업·평가 혁신,S0603A,수업 중 평가(학생),학생,ST_CLASS_09,수업(수업참여/교사수업진행/수업중평가) - 3)선생님은 학생이 자신의 학습 과정을 점검하고 개선하는 기회를 제공하신다,likert,N,60.92,환산100점,4351,0,3.4369,0.9595,3.0,3.0,4.0,60.92,60.92,47.14,,,,,,,숨김,,,
경기학교교육실태조사,중학교,2025,2주기,2.0,읍면지역,C06,수업·평가 혁신,S0603A,수업 중 평가(학생),학생,ST_CLASS_09,수업(수업참여/교사수업진행/수업중평가) - 3)선생님은 학생이 자신의 학습 과정을 점검하고 개선하는 기회를 제공하신다,likert,N,62.1,환산100점,822,0,3.4842,0.9617,3.0,3.0,4.0,62.1,62.1,49.64,,,,,,,숨김,,,
경기학교교육실태조사,중학교,2021,1주기,1.0,중소도시,C07,교육격차·가정배경,S0701,교육비·사교육비,학부모,PR_EDU_COST_01,"교육비 및 사교육 - 1)학교에 낸 돈(체험활동비, 방과 후 학교 수강료 포함)",continuous,조건부,5.0,지출자 중앙값(만원),4657,0,0.7678,4.6974,0.0,0.0,0.0,,,,,0.3889,435.0,9.34,8.2202,5.0,시계열,,,
경기학교교육실태조사,중학교,2021,1주기,2.0,읍면지역,C07,교육격차·가정배경,S0701,교육비·사교육비,학부모,PR_EDU_COST_01,"교육비 및 사교육 - 1)학교에 낸 돈(체험활동비, 방과 후 학교 수강료 포함)",continuous,조건부,5.0,지출자 중앙값(만원),1291,0,0.8304,4.7955,0.0,0.0,0.0,,,,,0.5191,143.0,11.08,7.4965,5.0,시계열,,,
경기학교교육실태조사,중학교,2025,2주기,1.0,중소도시,C07,교육격차·가정배경,S0701,교육비·사교육비,학부모,PR_EDU_COST_01,"교육비 및 사교육 - 1)학교에 낸 돈(체험활동비, 방과 후 학교 수강료 포함)",continuous,조건부,3.0,지출자 중앙값(만원),648,574,5.0566,8.12,3.0,1.0,5.0,,,,,4.4754,648.0,53.03,5.0566,3.0,시계열,,,
경기학교교육실태조사,중학교,2025,2주기,2.0,읍면지역,C07,교육격차·가정배경,S0701,교육비·사교육비,학부모,PR_EDU_COST_01,"교육비 및 사교육 - 1)학교에 낸 돈(체험활동비, 방과 후 학교 수강료 포함)",continuous,조건부,3.0,지출자 중앙값(만원),116,144,7.3103,11.3355,3.0,1.0,8.0,,,,,7.3103,116.0,44.62,7.3103,3.0,시계열,,,
경기학교교육실태조사,중학교,2021,1주기,1.0,중소도시,C07,교육격차·가정배경,S0701,교육비·사교육비,학부모,PR_EDU_COST_02,"교육비 및 사교육 - 2)사교육비_국어, 영어, 수학 등 주요교과",continuous,조건부,55.0,지출자 중앙값(만원),4657,0,50.446,40.7608,50.0,25.0,70.0,,,,,48.5404,3887.0,83.47,60.4392,55.0,시계열,,,
경기학교교육실태조사,중학교,2021,1주기,2.0,읍면지역,C07,교육격차·가정배경,S0701,교육비·사교육비,학부모,PR_EDU_COST_02,"교육비 및 사교육 - 2)사교육비_국어, 영어, 수학 등 주요교과",continuous,조건부,40.5,지출자 중앙값(만원),1291,0,35.7932,33.9995,35.0,1.0,50.0,,,,,34.115,972.0,75.29,47.5401,40.5,시계열,,,
경기학교교육실태조사,중학교,2025,2주기,1.0,중소도시,C07,교육격차·가정배경,S0701,교육비·사교육비,학부모,PR_EDU_COST_02,"교육비 및 사교육 - 2)사교육비_국어, 영어, 수학 등 주요교과",continuous,조건부,65.0,지출자 중앙값(만원),1038,184,82.1936,110.3073,65.0,40.0,100.0,,,,,72.8462,1038.0,84.94,82.1936,65.0,시계열,,,
경기학교교육실태조사,중학교,2025,2주기,2.0,읍면지역,C07,교육격차·가정배경,S0701,교육비·사교육비,학부모,PR_EDU_COST_02,"교육비 및 사교육 - 2)사교육비_국어, 영어, 수학 등 주요교과",continuous,조건부,50.0,지출자 중앙값(만원),212,48,70.2123,103.9063,50.0,38.0,70.0,,,,,60.4545,212.0,81.54,70.2123,50.0,시계열,,,
경기학교교육실태조사,중학교,2021,1주기,1.0,중소도시,C07,교육격차·가정배경,S0701,교육비·사교육비,학부모,PR_EDU_COST_03,교육비 및 사교육 - 3)사교육비_영어를 제외한 외국어,continuous,조건부,20.0,지출자 중앙값(만원),4657,0,2.0843,11.5317,0.0,0.0,0.0,,,,,1.4065,392.0,8.42,24.7615,20.0,시계열,,,
경기학교교육실태조사,중학교,2021,1주기,2.0,읍면지역,C07,교육격차·가정배경,S0701,교육비·사교육비,학부모,PR_EDU_COST_03,교육비 및 사교육 - 3)사교육비_영어를 제외한 외국어,continuous,조건부,10.0,지출자 중앙값(만원),1291,0,1.4837,11.272,0.0,0.0,0.0,,,,,0.6577,93.0,7.2,20.5968,10.0,시계열,,,
경기학교교육실태조사,중학교,2025,2주기,1.0,중소도시,C07,교육격차·가정배경,S0701,교육비·사교육비,학부모,PR_EDU_COST_03,교육비 및 사교육 - 3)사교육비_영어를 제외한 외국어,continuous,조건부,1.0,지출자 중앙값(만원),220,1002,8.2273,18.0967,1.0,1.0,5.0,,,,,6.9124,220.0,18.0,8.2273,1.0,시계열,,,
경기학교교육실태조사,중학교,2025,2주기,2.0,읍면지역,C07,교육격차·가정배경,S0701,교육비·사교육비,학부모,PR_EDU_COST_03,교육비 및 사교육 - 3)사교육비_영어를 제외한 외국어,continuous,조건부,1.0,지출자 중앙값(만원),36,224,5.4167,9.8572,1.0,1.0,9.25,,,,,4.1429,36.0,13.85,5.4167,1.0,시계열,,,
경기학교교육실태조사,중학교,2021,1주기,1.0,중소도시,C07,교육격차·가정배경,S0701,교육비·사교육비,학부모,PR_EDU_COST_04,교육비 및 사교육 - 4)사교육비_예체능,continuous,조건부,15.0,지출자 중앙값(만원),4657,0,6.6601,22.1098,0.0,0.0,5.0,,,,,5.2793,1202.0,25.81,25.8037,15.0,시계열,,,
경기학교교육실태조사,중학교,2021,1주기,2.0,읍면지역,C07,교육격차·가정배경,S0701,교육비·사교육비,학부모,PR_EDU_COST_04,교육비 및 사교육 - 4)사교육비_예체능,continuous,조건부,14.0,지출자 중앙값(만원),1291,0,5.0124,20.3587,0.0,0.0,0.0,,,,,3.5063,272.0,21.07,23.7904,14.0,시계열,,,
경기학교교육실태조사,중학교,2025,2주기,1.0,중소도시,C07,교육격차·가정배경,S0701,교육비·사교육비,학부모,PR_EDU_COST_04,교육비 및 사교육 - 4)사교육비_예체능,continuous,조건부,15.0,지출자 중앙값(만원),462,760,27.6905,64.5701,15.0,5.0,25.75,,,,,22.9978,462.0,37.81,27.6905,15.0,시계열,,,
경기학교교육실태조사,중학교,2025,2주기,2.0,읍면지역,C07,교육격차·가정배경,S0701,교육비·사교육비,학부모,PR_EDU_COST_04,교육비 및 사교육 - 4)사교육비_예체능,continuous,조건부,16.0,지출자 중앙값(만원),101,159,37.7426,103.2224,16.0,10.0,30.0,,,,,28.12,101.0,38.85,37.7426,16.0,시계열,,,
경기학교교육실태조사,중학교,2021,1주기,1.0,중소도시,C07,교육격차·가정배경,S0701,교육비·사교육비,학부모,PR_EDU_COST_05,교육비 및 사교육 - 5)사교육비_기타,continuous,조건부,15.0,지출자 중앙값(만원),4657,0,3.6303,15.1485,0.0,0.0,0.0,,,,,2.5368,694.0,14.9,24.3608,15.0,시계열,,,
경기학교교육실태조사,중학교,2021,1주기,2.0,읍면지역,C07,교육격차·가정배경,S0701,교육비·사교육비,학부모,PR_EDU_COST_05,교육비 및 사교육 - 5)사교육비_기타,continuous,조건부,11.0,지출자 중앙값(만원),1291,0,2.6454,11.8913,0.0,0.0,0.0,,,,,1.8205,169.0,13.09,20.2083,11.0,시계열,,,
경기학교교육실태조사,중학교,2025,2주기,1.0,중소도시,C07,교육격차·가정배경,S0701,교육비·사교육비,학부모,PR_EDU_COST_05,교육비 및 사교육 - 5)사교육비_기타,continuous,조건부,3.0,지출자 중앙값(만원),269,953,12.3327,25.4524,3.0,1.0,15.0,,,,,10.927,269.0,22.01,12.3327,3.0,시계열,,,
경기학교교육실태조사,중학교,2025,2주기,2.0,읍면지역,C07,교육격차·가정배경,S0701,교육비·사교육비,학부모,PR_EDU_COST_05,교육비 및 사교육 - 5)사교육비_기타,continuous,조건부,3.0,지출자 중앙값(만원),42,218,9.7857,12.3792,3.0,1.0,14.75,,,,,8.8049,42.0,16.15,9.7857,3.0,시계열,,,
경기학교교육실태조사,중학교,2021,1주기,1.0,중소도시,C07,교육격차·가정배경,S0702,사교육 참여,학생,ST_PRIVED_TYPE_01,"사교육 참여 유형 - 1)국어, 영어, 수학 등 주요교과",binary,Y,78.3,긍정응답률(%),6985,0,0.783,0.4123,1.0,1.0,1.0,,,,78.3,,,,,,시계열,,,
경기학교교육실태조사,중학교,2021,1주기,2.0,읍면지역,C07,교육격차·가정배경,S0702,사교육 참여,학생,ST_PRIVED_TYPE_01,"사교육 참여 유형 - 1)국어, 영어, 수학 등 주요교과",binary,Y,69.98,긍정응답률(%),1899,0,0.6998,0.4584,1.0,0.0,1.0,,,,69.98,,,,,,시계열,,,
경기학교교육실태조사,중학교,2025,2주기,1.0,중소도시,C07,교육격차·가정배경,S0702,사교육 참여,학생,ST_PRIVED_TYPE_01,"사교육 참여 유형 - 1)국어, 영어, 수학 등 주요교과",binary,Y,76.51,긍정응답률(%),4351,0,0.7651,0.424,1.0,1.0,1.0,,,,76.51,,,,,,시계열,,,
경기학교교육실태조사,중학교,2025,2주기,2.0,읍면지역,C07,교육격차·가정배경,S0702,사교육 참여,학생,ST_PRIVED_TYPE_01,"사교육 참여 유형 - 1)국어, 영어, 수학 등 주요교과",binary,Y,71.53,긍정응답률(%),822,0,0.7153,0.4515,1.0,0.0,1.0,,,,71.53,,,,,,시계열,,,
경기학교교육실태조사,중학교,2021,1주기,1.0,중소도시,C07,교육격차·가정배경,S0702,사교육 참여,학생,ST_PRIVED_TYPE_02,사교육 참여 유형 - 2)영어를 제외한 외국어,binary,Y,6.26,긍정응답률(%),6985,0,0.0626,0.2422,0.0,0.0,0.0,,,,6.26,,,,,,시계열,,,
경기학교교육실태조사,중학교,2021,1주기,2.0,읍면지역,C07,교육격차·가정배경,S0702,사교육 참여,학생,ST_PRIVED_TYPE_02,사교육 참여 유형 - 2)영어를 제외한 외국어,binary,Y,4.84,긍정응답률(%),1899,0,0.0484,0.2148,0.0,0.0,0.0,,,,4.84,,,,,,시계열,,,
경기학교교육실태조사,중학교,2025,2주기,1.0,중소도시,C07,교육격차·가정배경,S0702,사교육 참여,학생,ST_PRIVED_TYPE_02,사교육 참여 유형 - 2)영어를 제외한 외국어,binary,Y,4.21,긍정응답률(%),4351,0,0.0421,0.2007,0.0,0.0,0.0,,,,4.21,,,,,,시계열,,,
경기학교교육실태조사,중학교,2025,2주기,2.0,읍면지역,C07,교육격차·가정배경,S0702,사교육 참여,학생,ST_PRIVED_TYPE_02,사교육 참여 유형 - 2)영어를 제외한 외국어,binary,Y,3.28,긍정응답률(%),822,0,0.0328,0.1783,0.0,0.0,0.0,,,,3.28,,,,,,시계열,,,
경기학교교육실태조사,중학교,2021,1주기,1.0,중소도시,C07,교육격차·가정배경,S0702,사교육 참여,학생,ST_PRIVED_TYPE_03,사교육 참여 유형 - 3)예체능,binary,Y,19.96,긍정응답률(%),6985,0,0.1996,0.3997,0.0,0.0,0.0,,,,19.96,,,,,,시계열,,,
경기학교교육실태조사,중학교,2021,1주기,2.0,읍면지역,C07,교육격차·가정배경,S0702,사교육 참여,학생,ST_PRIVED_TYPE_03,사교육 참여 유형 - 3)예체능,binary,Y,13.69,긍정응답률(%),1899,0,0.1369,0.3438,0.0,0.0,0.0,,,,13.69,,,,,,시계열,,,
경기학교교육실태조사,중학교,2025,2주기,1.0,중소도시,C07,교육격차·가정배경,S0702,사교육 참여,학생,ST_PRIVED_TYPE_03,사교육 참여 유형 - 3)예체능,binary,Y,16.78,긍정응답률(%),4351,0,0.1678,0.3737,0.0,0.0,0.0,,,,16.78,,,,,,시계열,,,
경기학교교육실태조사,중학교,2025,2주기,2.0,읍면지역,C07,교육격차·가정배경,S0702,사교육 참여,학생,ST_PRIVED_TYPE_03,사교육 참여 유형 - 3)예체능,binary,Y,16.3,긍정응답률(%),822,0,0.163,0.3696,0.0,0.0,0.0,,,,16.3,,,,,,시계열,,,
경기학교교육실태조사,중학교,2021,1주기,1.0,중소도시,C07,교육격차·가정배경,S0703,가정 내 대화,학부모,PR_TALK_01,자녀와 대화 시간 및 주제 - 자녀와 대화 시간,likert,Y,62.31,환산100점,4657,0,4.1153,1.4126,4.0,3.0,6.0,62.31,62.31,39.36,,,,,,,시계열,,,
경기학교교육실태조사,중학교,2021,1주기,2.0,읍면지역,C07,교육격차·가정배경,S0703,가정 내 대화,학부모,PR_TALK_01,자녀와 대화 시간 및 주제 - 자녀와 대화 시간,likert,Y,61.69,환산100점,1291,0,4.0844,1.4408,4.0,3.0,6.0,61.69,61.69,40.12,,,,,,,시계열,,,
경기학교교육실태조사,중학교,2025,2주기,1.0,중소도시,C07,교육격차·가정배경,S0703,가정 내 대화,학부모,PR_TALK_01,자녀와 대화 시간 및 주제 - 자녀와 대화 시간,likert,Y,67.51,환산100점,1222,0,4.3756,1.3869,4.0,3.0,6.0,67.51,67.51,46.73,,,,,,,시계열,,,
경기학교교육실태조사,중학교,2025,2주기,2.0,읍면지역,C07,교육격차·가정배경,S0703,가정 내 대화,학부모,PR_TALK_01,자녀와 대화 시간 및 주제 - 자녀와 대화 시간,likert,Y,63.85,환산100점,260,0,4.1923,1.339,4.0,3.0,5.25,63.85,63.85,40.38,,,,,,,시계열,,,
경기학교교육실태조사,중학교,2021,1주기,1.0,중소도시,C07,교육격차·가정배경,S0703,가정 내 대화,학부모,PR_TALK_02,자녀와 대화 시간 및 주제 - 1)공부,binary,Y,75.11,긍정응답률(%),4657,0,0.7511,0.4324,1.0,1.0,1.0,,,,75.11,,,,,,시계열,,,
경기학교교육실태조사,중학교,2021,1주기,2.0,읍면지역,C07,교육격차·가정배경,S0703,가정 내 대화,학부모,PR_TALK_02,자녀와 대화 시간 및 주제 - 1)공부,binary,Y,70.88,긍정응답률(%),1291,0,0.7088,0.4545,1.0,0.0,1.0,,,,70.88,,,,,,시계열,,,
경기학교교육실태조사,중학교,2025,2주기,1.0,중소도시,C07,교육격차·가정배경,S0703,가정 내 대화,학부모,PR_TALK_02,자녀와 대화 시간 및 주제 - 1)공부,binary,Y,63.01,긍정응답률(%),1222,0,0.6301,0.483,1.0,0.0,1.0,,,,63.01,,,,,,시계열,,,
경기학교교육실태조사,중학교,2025,2주기,2.0,읍면지역,C07,교육격차·가정배경,S0703,가정 내 대화,학부모,PR_TALK_02,자녀와 대화 시간 및 주제 - 1)공부,binary,Y,58.08,긍정응답률(%),260,0,0.5808,0.4944,1.0,0.0,1.0,,,,58.08,,,,,,시계열,,,
경기학교교육실태조사,중학교,2021,1주기,1.0,중소도시,C07,교육격차·가정배경,S0703,가정 내 대화,학부모,PR_TALK_03,자녀와 대화 시간 및 주제 - 2)용돈,binary,Y,31.52,긍정응답률(%),4657,0,0.3152,0.4647,0.0,0.0,1.0,,,,31.52,,,,,,시계열,,,
경기학교교육실태조사,중학교,2021,1주기,2.0,읍면지역,C07,교육격차·가정배경,S0703,가정 내 대화,학부모,PR_TALK_03,자녀와 대화 시간 및 주제 - 2)용돈,binary,Y,31.53,긍정응답률(%),1291,0,0.3153,0.4648,0.0,0.0,1.0,,,,31.53,,,,,,시계열,,,
경기학교교육실태조사,중학교,2025,2주기,1.0,중소도시,C07,교육격차·가정배경,S0703,가정 내 대화,학부모,PR_TALK_03,자녀와 대화 시간 및 주제 - 2)용돈,binary,Y,24.22,긍정응답률(%),1222,0,0.2422,0.4286,0.0,0.0,0.0,,,,24.22,,,,,,시계열,,,
경기학교교육실태조사,중학교,2025,2주기,2.0,읍면지역,C07,교육격차·가정배경,S0703,가정 내 대화,학부모,PR_TALK_03,자녀와 대화 시간 및 주제 - 2)용돈,binary,Y,27.31,긍정응답률(%),260,0,0.2731,0.4464,0.0,0.0,1.0,,,,27.31,,,,,,시계열,,,
경기학교교육실태조사,중학교,2021,1주기,1.0,중소도시,C07,교육격차·가정배경,S0703,가정 내 대화,학부모,PR_TALK_04,자녀와 대화 시간 및 주제 - 3)건강,binary,Y,54.89,긍정응답률(%),4657,0,0.5489,0.4977,1.0,0.0,1.0,,,,54.89,,,,,,시계열,,,
경기학교교육실태조사,중학교,2021,1주기,2.0,읍면지역,C07,교육격차·가정배경,S0703,가정 내 대화,학부모,PR_TALK_04,자녀와 대화 시간 및 주제 - 3)건강,binary,Y,56.86,긍정응답률(%),1291,0,0.5686,0.4955,1.0,0.0,1.0,,,,56.86,,,,,,시계열,,,
경기학교교육실태조사,중학교,2025,2주기,1.0,중소도시,C07,교육격차·가정배경,S0703,가정 내 대화,학부모,PR_TALK_04,자녀와 대화 시간 및 주제 - 3)건강,binary,Y,32.98,긍정응답률(%),1222,0,0.3298,0.4703,0.0,0.0,1.0,,,,32.98,,,,,,시계열,,,
경기학교교육실태조사,중학교,2025,2주기,2.0,읍면지역,C07,교육격차·가정배경,S0703,가정 내 대화,학부모,PR_TALK_04,자녀와 대화 시간 및 주제 - 3)건강,binary,Y,33.85,긍정응답률(%),260,0,0.3385,0.4741,0.0,0.0,1.0,,,,33.85,,,,,,시계열,,,
경기학교교육실태조사,중학교,2021,1주기,1.0,중소도시,C07,교육격차·가정배경,S0703,가정 내 대화,학부모,PR_TALK_05,자녀와 대화 시간 및 주제 - 4)진로,binary,Y,75.56,긍정응답률(%),4657,0,0.7556,0.4298,1.0,1.0,1.0,,,,75.56,,,,,,시계열,,,
경기학교교육실태조사,중학교,2021,1주기,2.0,읍면지역,C07,교육격차·가정배경,S0703,가정 내 대화,학부모,PR_TALK_05,자녀와 대화 시간 및 주제 - 4)진로,binary,Y,73.66,긍정응답률(%),1291,0,0.7366,0.4406,1.0,0.0,1.0,,,,73.66,,,,,,시계열,,,
경기학교교육실태조사,중학교,2025,2주기,1.0,중소도시,C07,교육격차·가정배경,S0703,가정 내 대화,학부모,PR_TALK_05,자녀와 대화 시간 및 주제 - 4)진로,binary,Y,56.3,긍정응답률(%),1222,0,0.563,0.4962,1.0,0.0,1.0,,,,56.3,,,,,,시계열,,,
경기학교교육실태조사,중학교,2025,2주기,2.0,읍면지역,C07,교육격차·가정배경,S0703,가정 내 대화,학부모,PR_TALK_05,자녀와 대화 시간 및 주제 - 4)진로,binary,Y,57.69,긍정응답률(%),260,0,0.5769,0.495,1.0,0.0,1.0,,,,57.69,,,,,,시계열,,,
경기학교교육실태조사,중학교,2021,1주기,1.0,중소도시,C07,교육격차·가정배경,S0703,가정 내 대화,학부모,PR_TALK_06,자녀와 대화 시간 및 주제 - 5)학교생활,binary,N,78.87,긍정응답률(%),4657,0,0.7887,0.4083,1.0,1.0,1.0,,,,78.87,,,,,,숨김,,,
경기학교교육실태조사,중학교,2021,1주기,2.0,읍면지역,C07,교육격차·가정배경,S0703,가정 내 대화,학부모,PR_TALK_06,자녀와 대화 시간 및 주제 - 5)학교생활,binary,N,77.77,긍정응답률(%),1291,0,0.7777,0.416,1.0,1.0,1.0,,,,77.77,,,,,,숨김,,,
경기학교교육실태조사,중학교,2025,2주기,1.0,중소도시,C07,교육격차·가정배경,S0703,가정 내 대화,학부모,PR_TALK_06,자녀와 대화 시간 및 주제 - 5)학교생활,binary,N,0.0,긍정응답률(%),299,923,0.0,0.0,0.0,0.0,0.0,,,,0.0,,,,,,숨김,,,
경기학교교육실태조사,중학교,2025,2주기,2.0,읍면지역,C07,교육격차·가정배경,S0703,가정 내 대화,학부모,PR_TALK_06,자녀와 대화 시간 및 주제 - 5)학교생활,binary,N,0.0,긍정응답률(%),70,190,0.0,0.0,0.0,0.0,0.0,,,,0.0,,,,,,숨김,,,
경기학교교육실태조사,중학교,2021,1주기,1.0,중소도시,C07,교육격차·가정배경,S0703,가정 내 대화,학부모,PR_TALK_07,자녀와 대화 시간 및 주제 - 6)친구관계,binary,N,77.69,긍정응답률(%),4657,0,0.7769,0.4164,1.0,1.0,1.0,,,,77.69,,,,,,숨김,,,
경기학교교육실태조사,중학교,2021,1주기,2.0,읍면지역,C07,교육격차·가정배경,S0703,가정 내 대화,학부모,PR_TALK_07,자녀와 대화 시간 및 주제 - 6)친구관계,binary,N,78.23,긍정응답률(%),1291,0,0.7823,0.4128,1.0,1.0,1.0,,,,78.23,,,,,,숨김,,,
경기학교교육실태조사,중학교,2025,2주기,1.0,중소도시,C07,교육격차·가정배경,S0703,가정 내 대화,학부모,PR_TALK_07,자녀와 대화 시간 및 주제 - 6)친구관계,binary,N,0.0,긍정응답률(%),431,791,0.0,0.0,0.0,0.0,0.0,,,,0.0,,,,,,숨김,,,
경기학교교육실태조사,중학교,2025,2주기,2.0,읍면지역,C07,교육격차·가정배경,S0703,가정 내 대화,학부모,PR_TALK_07,자녀와 대화 시간 및 주제 - 6)친구관계,binary,N,0.0,긍정응답률(%),90,170,0.0,0.0,0.0,0.0,0.0,,,,0.0,,,,,,숨김,,,
경기학교교육실태조사,중학교,2021,1주기,1.0,중소도시,C07,교육격차·가정배경,S0704,문화활동 경험,학생,ST_CULTURE_01,가족/친구 동반 문화 활동 - 가족_1)과학관이나 박람회 관람,likert,N,14.92,환산100점,6985,0,1.4477,0.7875,1.0,1.0,2.0,14.92,14.92,9.48,,,,,,,숨김,,,
경기학교교육실태조사,중학교,2021,1주기,2.0,읍면지역,C07,교육격차·가정배경,S0704,문화활동 경험,학생,ST_CULTURE_01,가족/친구 동반 문화 활동 - 가족_1)과학관이나 박람회 관람,likert,N,13.66,환산100점,1899,0,1.4097,0.7659,1.0,1.0,2.0,13.66,13.66,9.22,,,,,,,숨김,,,
경기학교교육실태조사,중학교,2025,2주기,1.0,중소도시,C07,교육격차·가정배경,S0704,문화활동 경험,학생,ST_CULTURE_01,가족/친구 동반 문화 활동 - 가족_1)과학관이나 박람회 관람,likert,N,16.6,환산100점,3492,859,1.498,0.7691,1.0,1.0,2.0,16.6,16.6,9.39,,,,,,,숨김,,,
경기학교교육실태조사,중학교,2025,2주기,2.0,읍면지역,C07,교육격차·가정배경,S0704,문화활동 경험,학생,ST_CULTURE_01,가족/친구 동반 문화 활동 - 가족_1)과학관이나 박람회 관람,likert,N,16.19,환산100점,626,196,1.4856,0.7551,1.0,1.0,2.0,16.19,16.19,8.31,,,,,,,숨김,,,
경기학교교육실태조사,중학교,2021,1주기,1.0,중소도시,C07,교육격차·가정배경,S0704,문화활동 경험,학생,ST_CULTURE_02,가족/친구 동반 문화 활동 - 가족_2)미술관이나 박물관 관람,likert,N,17.82,환산100점,6985,0,1.5347,0.8395,1.0,1.0,2.0,17.82,17.82,11.97,,,,,,,숨김,,,
경기학교교육실태조사,중학교,2021,1주기,2.0,읍면지역,C07,교육격차·가정배경,S0704,문화활동 경험,학생,ST_CULTURE_02,가족/친구 동반 문화 활동 - 가족_2)미술관이나 박물관 관람,likert,N,15.89,환산100점,1899,0,1.4766,0.8166,1.0,1.0,2.0,15.89,15.89,10.64,,,,,,,숨김,,,
경기학교교육실태조사,중학교,2025,2주기,1.0,중소도시,C07,교육격차·가정배경,S0704,문화활동 경험,학생,ST_CULTURE_02,가족/친구 동반 문화 활동 - 가족_2)미술관이나 박물관 관람,likert,N,20.95,환산100점,3492,859,1.6286,0.8126,1.0,1.0,2.0,20.95,20.95,12.0,,,,,,,숨김,,,
경기학교교육실태조사,중학교,2025,2주기,2.0,읍면지역,C07,교육격차·가정배경,S0704,문화활동 경험,학생,ST_CULTURE_02,가족/친구 동반 문화 활동 - 가족_2)미술관이나 박물관 관람,likert,N,19.6,환산100점,626,196,1.5879,0.7855,1.0,1.0,2.0,19.6,19.6,11.02,,,,,,,숨김,,,
경기학교교육실태조사,중학교,2021,1주기,1.0,중소도시,C07,교육격차·가정배경,S0704,문화활동 경험,학생,ST_CULTURE_03,가족/친구 동반 문화 활동 - 가족_3)공연이나 음악회 관람,likert,N,18.24,환산100점,6985,0,1.5473,0.8395,1.0,1.0,2.0,18.24,18.24,12.03,,,,,,,숨김,,,
경기학교교육실태조사,중학교,2021,1주기,2.0,읍면지역,C07,교육격차·가정배경,S0704,문화활동 경험,학생,ST_CULTURE_03,가족/친구 동반 문화 활동 - 가족_3)공연이나 음악회 관람,likert,N,17.52,환산100점,1899,0,1.5255,0.8332,1.0,1.0,2.0,17.52,17.52,12.53,,,,,,,숨김,,,
경기학교교육실태조사,중학교,2025,2주기,1.0,중소도시,C07,교육격차·가정배경,S0704,문화활동 경험,학생,ST_CULTURE_03,가족/친구 동반 문화 활동 - 가족_3)공연이나 음악회 관람,likert,N,24.1,환산100점,3492,859,1.7231,0.8269,2.0,1.0,2.0,24.1,24.1,14.43,,,,,,,숨김,,,
경기학교교육실태조사,중학교,2025,2주기,2.0,읍면지역,C07,교육격차·가정배경,S0704,문화활동 경험,학생,ST_CULTURE_03,가족/친구 동반 문화 활동 - 가족_3)공연이나 음악회 관람,likert,N,24.65,환산100점,626,196,1.7396,0.8358,2.0,1.0,2.0,24.65,24.65,13.42,,,,,,,숨김,,,
경기학교교육실태조사,중학교,2021,1주기,1.0,중소도시,C07,교육격차·가정배경,S0704,문화활동 경험,학생,ST_CULTURE_04,가족/친구 동반 문화 활동 - 가족_4)서점이나 도서관 방문,likert,N,33.53,환산100점,6985,0,2.006,1.0607,2.0,1.0,3.0,33.53,33.53,28.66,,,,,,,숨김,,,
경기학교교육실태조사,중학교,2021,1주기,2.0,읍면지역,C07,교육격차·가정배경,S0704,문화활동 경험,학생,ST_CULTURE_04,가족/친구 동반 문화 활동 - 가족_4)서점이나 도서관 방문,likert,N,27.07,환산100점,1899,0,1.812,1.0026,1.0,1.0,2.0,27.07,27.07,22.49,,,,,,,숨김,,,
경기학교교육실태조사,중학교,2025,2주기,1.0,중소도시,C07,교육격차·가정배경,S0704,문화활동 경험,학생,ST_CULTURE_04,가족/친구 동반 문화 활동 - 가족_4)서점이나 도서관 방문,likert,N,50.96,환산100점,3492,859,2.5289,1.115,2.0,2.0,4.0,50.96,50.96,46.96,,,,,,,숨김,,,
경기학교교육실태조사,중학교,2025,2주기,2.0,읍면지역,C07,교육격차·가정배경,S0704,문화활동 경험,학생,ST_CULTURE_04,가족/친구 동반 문화 활동 - 가족_4)서점이나 도서관 방문,likert,N,45.26,환산100점,626,196,2.3578,1.1127,2.0,1.0,3.0,45.26,45.26,39.78,,,,,,,숨김,,,
경기학교교육실태조사,중학교,2021,1주기,1.0,중소도시,C07,교육격차·가정배경,S0704,문화활동 경험,학생,ST_CULTURE_05,가족/친구 동반 문화 활동 - 가족_5)기타,likert,N,34.3,환산100점,6985,0,2.0291,1.1645,2.0,1.0,3.0,34.3,34.3,30.67,,,,,,,숨김,,,
경기학교교육실태조사,중학교,2021,1주기,2.0,읍면지역,C07,교육격차·가정배경,S0704,문화활동 경험,학생,ST_CULTURE_05,가족/친구 동반 문화 활동 - 가족_5)기타,likert,N,35.12,환산100점,1899,0,2.0537,1.1556,2.0,1.0,3.0,35.12,35.12,31.23,,,,,,,숨김,,,
경기학교교육실태조사,중학교,2025,2주기,1.0,중소도시,C07,교육격차·가정배경,S0704,문화활동 경험,학생,ST_CULTURE_05,가족/친구 동반 문화 활동 - 가족_5)기타,likert,N,24.18,환산100점,3492,859,1.7254,1.1098,1.0,1.0,2.0,24.18,24.18,22.11,,,,,,,숨김,,,
경기학교교육실태조사,중학교,2025,2주기,2.0,읍면지역,C07,교육격차·가정배경,S0704,문화활동 경험,학생,ST_CULTURE_05,가족/친구 동반 문화 활동 - 가족_5)기타,likert,N,22.36,환산100점,626,196,1.6709,1.06,1.0,1.0,2.0,22.36,22.36,19.81,,,,,,,숨김,,,
경기학교교육실태조사,중학교,2021,1주기,1.0,중소도시,C07,교육격차·가정배경,S0704,문화활동 경험,학생,ST_CULTURE_06,가족/친구 동반 문화 활동 - 친구_1)과학관이나 박람회 관람,likert,N,7.14,환산100점,6985,0,1.2142,0.555,1.0,1.0,1.0,7.14,7.14,4.12,,,,,,,숨김,,,
경기학교교육실태조사,중학교,2021,1주기,2.0,읍면지역,C07,교육격차·가정배경,S0704,문화활동 경험,학생,ST_CULTURE_06,가족/친구 동반 문화 활동 - 친구_1)과학관이나 박람회 관람,likert,N,6.88,환산100점,1899,0,1.2064,0.5388,1.0,1.0,1.0,6.88,6.88,3.69,,,,,,,숨김,,,
경기학교교육실태조사,중학교,2025,2주기,1.0,중소도시,C07,교육격차·가정배경,S0704,문화활동 경험,학생,ST_CULTURE_06,가족/친구 동반 문화 활동 - 친구_1)과학관이나 박람회 관람,likert,N,8.3,환산100점,3492,859,1.2489,0.5771,1.0,1.0,1.0,8.3,8.3,4.15,,,,,,,숨김,,,
경기학교교육실태조사,중학교,2025,2주기,2.0,읍면지역,C07,교육격차·가정배경,S0704,문화활동 경험,학생,ST_CULTURE_06,가족/친구 동반 문화 활동 - 친구_1)과학관이나 박람회 관람,likert,N,9.64,환산100점,626,196,1.2891,0.6308,1.0,1.0,1.0,9.64,9.64,4.47,,,,,,,숨김,,,
경기학교교육실태조사,중학교,2021,1주기,1.0,중소도시,C07,교육격차·가정배경,S0704,문화활동 경험,학생,ST_CULTURE_07,가족/친구 동반 문화 활동 - 친구_2)미술관이나 박물관 관람,likert,N,8.78,환산100점,6985,0,1.2634,0.5973,1.0,1.0,1.0,8.78,8.78,4.72,,,,,,,숨김,,,
경기학교교육실태조사,중학교,2021,1주기,2.0,읍면지역,C07,교육격차·가정배경,S0704,문화활동 경험,학생,ST_CULTURE_07,가족/친구 동반 문화 활동 - 친구_2)미술관이나 박물관 관람,likert,N,7.9,환산100점,1899,0,1.237,0.5648,1.0,1.0,1.0,7.9,7.9,4.27,,,,,,,숨김,,,
경기학교교육실태조사,중학교,2025,2주기,1.0,중소도시,C07,교육격차·가정배경,S0704,문화활동 경험,학생,ST_CULTURE_07,가족/친구 동반 문화 활동 - 친구_2)미술관이나 박물관 관람,likert,N,10.48,환산100점,3492,859,1.3144,0.6357,1.0,1.0,1.0,10.48,10.48,5.3,,,,,,,숨김,,,
경기학교교육실태조사,중학교,2025,2주기,2.0,읍면지역,C07,교육격차·가정배경,S0704,문화활동 경험,학생,ST_CULTURE_07,가족/친구 동반 문화 활동 - 친구_2)미술관이나 박물관 관람,likert,N,10.97,환산100점,626,196,1.3291,0.6276,1.0,1.0,2.0,10.97,10.97,4.15,,,,,,,숨김,,,
경기학교교육실태조사,중학교,2021,1주기,1.0,중소도시,C07,교육격차·가정배경,S0704,문화활동 경험,학생,ST_CULTURE_08,가족/친구 동반 문화 활동 - 친구_3)공연이나 음악회 관람,likert,N,13.82,환산100점,6985,0,1.4147,0.7276,1.0,1.0,2.0,13.82,13.82,8.66,,,,,,,숨김,,,
경기학교교육실태조사,중학교,2021,1주기,2.0,읍면지역,C07,교육격차·가정배경,S0704,문화활동 경험,학생,ST_CULTURE_08,가족/친구 동반 문화 활동 - 친구_3)공연이나 음악회 관람,likert,N,13.73,환산100점,1899,0,1.4118,0.7208,1.0,1.0,2.0,13.73,13.73,9.0,,,,,,,숨김,,,
경기학교교육실태조사,중학교,2025,2주기,1.0,중소도시,C07,교육격차·가정배경,S0704,문화활동 경험,학생,ST_CULTURE_08,가족/친구 동반 문화 활동 - 친구_3)공연이나 음악회 관람,likert,N,19.64,환산100점,3492,859,1.5891,0.7799,1.0,1.0,2.0,19.64,19.64,11.03,,,,,,,숨김,,,
경기학교교육실태조사,중학교,2025,2주기,2.0,읍면지역,C07,교육격차·가정배경,S0704,문화활동 경험,학생,ST_CULTURE_08,가족/친구 동반 문화 활동 - 친구_3)공연이나 음악회 관람,likert,N,20.23,환산100점,626,196,1.607,0.7791,1.0,1.0,2.0,20.23,20.23,10.06,,,,,,,숨김,,,
경기학교교육실태조사,중학교,2021,1주기,1.0,중소도시,C07,교육격차·가정배경,S0704,문화활동 경험,학생,ST_CULTURE_09,가족/친구 동반 문화 활동 - 친구_4)서점이나 도서관 방문,likert,N,26.5,환산100점,6985,0,1.795,0.9671,1.0,1.0,2.0,26.5,26.5,21.57,,,,,,,숨김,,,
경기학교교육실태조사,중학교,2021,1주기,2.0,읍면지역,C07,교육격차·가정배경,S0704,문화활동 경험,학생,ST_CULTURE_09,가족/친구 동반 문화 활동 - 친구_4)서점이나 도서관 방문,likert,N,21.87,환산100점,1899,0,1.6561,0.9096,1.0,1.0,2.0,21.87,21.87,16.59,,,,,,,숨김,,,
경기학교교육실태조사,중학교,2025,2주기,1.0,중소도시,C07,교육격차·가정배경,S0704,문화활동 경험,학생,ST_CULTURE_09,가족/친구 동반 문화 활동 - 친구_4)서점이나 도서관 방문,likert,N,43.55,환산100점,3492,859,2.3064,1.1296,2.0,1.0,3.0,43.55,43.55,38.77,,,,,,,숨김,,,
경기학교교육실태조사,중학교,2025,2주기,2.0,읍면지역,C07,교육격차·가정배경,S0704,문화활동 경험,학생,ST_CULTURE_09,가족/친구 동반 문화 활동 - 친구_4)서점이나 도서관 방문,likert,N,41.91,환산100점,626,196,2.2572,1.1451,2.0,1.0,3.0,41.91,41.91,36.26,,,,,,,숨김,,,
경기학교교육실태조사,중학교,2021,1주기,1.0,중소도시,C07,교육격차·가정배경,S0704,문화활동 경험,학생,ST_CULTURE_10,가족/친구 동반 문화 활동 - 친구_5)기타,likert,N,32.98,환산100점,6985,0,1.9895,1.2023,1.0,1.0,3.0,32.98,32.98,30.18,,,,,,,숨김,,,
경기학교교육실태조사,중학교,2021,1주기,2.0,읍면지역,C07,교육격차·가정배경,S0704,문화활동 경험,학생,ST_CULTURE_10,가족/친구 동반 문화 활동 - 친구_5)기타,likert,N,34.11,환산100점,1899,0,2.0232,1.1987,2.0,1.0,3.0,34.11,34.11,31.49,,,,,,,숨김,,,
경기학교교육실태조사,중학교,2025,2주기,1.0,중소도시,C07,교육격차·가정배경,S0704,문화활동 경험,학생,ST_CULTURE_10,가족/친구 동반 문화 활동 - 친구_5)기타,likert,N,23.2,환산100점,3492,859,1.6959,1.1372,1.0,1.0,2.0,23.2,23.2,21.94,,,,,,,숨김,,,
경기학교교육실태조사,중학교,2025,2주기,2.0,읍면지역,C07,교육격차·가정배경,S0704,문화활동 경험,학생,ST_CULTURE_10,가족/친구 동반 문화 활동 - 친구_5)기타,likert,N,21.67,환산100점,626,196,1.6502,1.0855,1.0,1.0,2.0,21.67,21.67,19.97,,,,,,,숨김,,,
경기학교교육실태조사,중학교,2021,1주기,1.0,중소도시,C08,참여·자치,S0801,학생자치,학생,ST_STU_GOV_01,학생자치 활성화 - 1)학생 의견 수렴,likert,Y,61.93,환산100점,6985,0,3.4773,0.9689,3.0,3.0,4.0,61.93,61.93,49.75,,,,,,,시계열,,,
경기학교교육실태조사,중학교,2021,1주기,2.0,읍면지역,C08,참여·자치,S0801,학생자치,학생,ST_STU_GOV_01,학생자치 활성화 - 1)학생 의견 수렴,likert,Y,62.61,환산100점,1899,0,3.5045,0.9615,4.0,3.0,4.0,62.61,62.61,50.29,,,,,,,시계열,,,
경기학교교육실태조사,중학교,2025,2주기,1.0,중소도시,C08,참여·자치,S0801,학생자치,학생,ST_STU_GOV_01,학생자치 활성화 - 1)학생 의견 수렴,likert,Y,61.73,환산100점,4351,0,3.4693,1.0469,3.0,3.0,4.0,61.73,61.73,49.83,,,,,,,시계열,,,
경기학교교육실태조사,중학교,2025,2주기,2.0,읍면지역,C08,참여·자치,S0801,학생자치,학생,ST_STU_GOV_01,학생자치 활성화 - 1)학생 의견 수렴,likert,Y,64.45,환산100점,822,0,3.5779,1.0238,4.0,3.0,4.0,64.45,64.45,54.01,,,,,,,시계열,,,
경기학교교육실태조사,중학교,2021,1주기,1.0,중소도시,C08,참여·자치,S0801,학생자치,학생,ST_STU_GOV_02,학생자치 활성화 - 2)학생 의견 전달,likert,Y,61.44,환산100점,6985,0,3.4576,0.954,3.0,3.0,4.0,61.44,61.44,47.59,,,,,,,시계열,,,
경기학교교육실태조사,중학교,2021,1주기,2.0,읍면지역,C08,참여·자치,S0801,학생자치,학생,ST_STU_GOV_02,학생자치 활성화 - 2)학생 의견 전달,likert,Y,62.24,환산100점,1899,0,3.4897,0.9653,3.0,3.0,4.0,62.24,62.24,48.76,,,,,,,시계열,,,
경기학교교육실태조사,중학교,2025,2주기,1.0,중소도시,C08,참여·자치,S0801,학생자치,학생,ST_STU_GOV_02,학생자치 활성화 - 2)학생 의견 전달,likert,Y,61.76,환산100점,4351,0,3.4702,1.0467,3.0,3.0,4.0,61.76,61.76,48.77,,,,,,,시계열,,,
경기학교교육실태조사,중학교,2025,2주기,2.0,읍면지역,C08,참여·자치,S0801,학생자치,학생,ST_STU_GOV_02,학생자치 활성화 - 2)학생 의견 전달,likert,Y,63.63,환산100점,822,0,3.545,1.055,4.0,3.0,4.0,63.63,63.63,53.28,,,,,,,시계열,,,
경기학교교육실태조사,중학교,2021,1주기,1.0,중소도시,C08,참여·자치,S0801,학생자치,학생,ST_STU_GOV_03,학생자치 활성화 - 3)의견 실현 결과 공유,likert,조건부,55.73,환산100점,6985,0,3.2292,0.993,3.0,3.0,4.0,55.73,55.73,35.99,,,,,,,시계열,,,
경기학교교육실태조사,중학교,2021,1주기,2.0,읍면지역,C08,참여·자치,S0801,학생자치,학생,ST_STU_GOV_03,학생자치 활성화 - 3)의견 실현 결과 공유,likert,조건부,56.32,환산100점,1899,0,3.2528,1.019,3.0,3.0,4.0,56.32,56.32,37.02,,,,,,,시계열,,,
경기학교교육실태조사,중학교,2025,2주기,1.0,중소도시,C08,참여·자치,S0801,학생자치,학생,ST_STU_GOV_03,학생자치 활성화 - 3)의견 실현 결과 공유,likert,조건부,58.4,환산100점,4351,0,3.336,1.1016,3.0,3.0,4.0,58.4,58.4,43.3,,,,,,,시계열,,,
경기학교교육실태조사,중학교,2025,2주기,2.0,읍면지역,C08,참여·자치,S0801,학생자치,학생,ST_STU_GOV_03,학생자치 활성화 - 3)의견 실현 결과 공유,likert,조건부,57.85,환산100점,822,0,3.3139,1.1336,3.0,3.0,4.0,57.85,57.85,43.92,,,,,,,시계열,,,
경기학교교육실태조사,중학교,2021,1주기,1.0,중소도시,C08,참여·자치,S0801,학생자치,학생,ST_STU_GOV_04,학생자치 활성화 - 4)학교행사 기획·안내,likert,Y,62.81,환산100점,6985,0,3.5122,0.955,4.0,3.0,4.0,62.81,62.81,50.09,,,,,,,시계열,,,
경기학교교육실태조사,중학교,2021,1주기,2.0,읍면지역,C08,참여·자치,S0801,학생자치,학생,ST_STU_GOV_04,학생자치 활성화 - 4)학교행사 기획·안내,likert,Y,62.73,환산100점,1899,0,3.5092,0.9659,3.0,3.0,4.0,62.73,62.73,49.66,,,,,,,시계열,,,
경기학교교육실태조사,중학교,2025,2주기,1.0,중소도시,C08,참여·자치,S0801,학생자치,학생,ST_STU_GOV_04,학생자치 활성화 - 4)학교행사 기획·안내,likert,Y,65.42,환산100점,4351,0,3.6166,1.0012,4.0,3.0,4.0,65.42,65.42,55.53,,,,,,,시계열,,,
경기학교교육실태조사,중학교,2025,2주기,2.0,읍면지역,C08,참여·자치,S0801,학생자치,학생,ST_STU_GOV_04,학생자치 활성화 - 4)학교행사 기획·안내,likert,Y,66.58,환산100점,822,0,3.663,0.9992,4.0,3.0,4.0,66.58,66.58,57.66,,,,,,,시계열,,,
경기학교교육실태조사,중학교,2021,1주기,1.0,중소도시,C08,참여·자치,S0801,학생자치,교사,TR_COUNCIL_01,학교 자치회 활성화 - 1)학교운영위원회,likert,Y,84.55,환산100점,4172,0,4.3821,0.7111,5.0,4.0,5.0,84.55,84.55,88.93,,,,,,,시계열,,,
경기학교교육실태조사,중학교,2021,1주기,2.0,읍면지역,C08,참여·자치,S0801,학생자치,교사,TR_COUNCIL_01,학교 자치회 활성화 - 1)학교운영위원회,likert,Y,85.74,환산100점,1017,0,4.4297,0.662,5.0,4.0,5.0,85.74,85.74,91.54,,,,,,,시계열,,,
경기학교교육실태조사,중학교,2025,2주기,1.0,중소도시,C08,참여·자치,S0801,학생자치,교사,TR_COUNCIL_01,학교 자치회 활성화 - 1)학교운영위원회,likert,Y,75.69,환산100점,2286,0,4.0276,0.8154,4.0,4.0,5.0,75.69,75.69,76.51,,,,,,,시계열,,,
경기학교교육실태조사,중학교,2025,2주기,2.0,읍면지역,C08,참여·자치,S0801,학생자치,교사,TR_COUNCIL_01,학교 자치회 활성화 - 1)학교운영위원회,likert,Y,78.75,환산100점,514,0,4.1498,0.7615,4.0,4.0,5.0,78.75,78.75,81.71,,,,,,,시계열,,,
경기학교교육실태조사,중학교,2021,1주기,1.0,중소도시,C08,참여·자치,S0801,학생자치,교사,TR_COUNCIL_02,학교 자치회 활성화 - 2)학년 협의회,likert,Y,86.46,환산100점,4172,0,4.4583,0.6834,5.0,4.0,5.0,86.46,86.46,91.3,,,,,,,시계열,,,
경기학교교육실태조사,중학교,2021,1주기,2.0,읍면지역,C08,참여·자치,S0801,학생자치,교사,TR_COUNCIL_02,학교 자치회 활성화 - 2)학년 협의회,likert,Y,84.39,환산100점,1017,0,4.3756,0.7428,5.0,4.0,5.0,84.39,84.39,87.51,,,,,,,시계열,,,
경기학교교육실태조사,중학교,2025,2주기,1.0,중소도시,C08,참여·자치,S0801,학생자치,교사,TR_COUNCIL_02,학교 자치회 활성화 - 2)학년 협의회,likert,Y,81.64,환산100점,2286,0,4.2655,0.8031,4.0,4.0,5.0,81.64,81.64,84.38,,,,,,,시계열,,,
경기학교교육실태조사,중학교,2025,2주기,2.0,읍면지역,C08,참여·자치,S0801,학생자치,교사,TR_COUNCIL_02,학교 자치회 활성화 - 2)학년 협의회,likert,Y,81.42,환산100점,514,0,4.2568,0.8425,4.0,4.0,5.0,81.42,81.42,84.05,,,,,,,시계열,,,
경기학교교육실태조사,중학교,2021,1주기,1.0,중소도시,C08,참여·자치,S0801,학생자치,교사,TR_COUNCIL_03,학교 자치회 활성화 - 3)교과 협의회,likert,Y,85.83,환산100점,4172,0,4.4331,0.6915,5.0,4.0,5.0,85.83,85.83,90.65,,,,,,,시계열,,,
경기학교교육실태조사,중학교,2021,1주기,2.0,읍면지역,C08,참여·자치,S0801,학생자치,교사,TR_COUNCIL_03,학교 자치회 활성화 - 3)교과 협의회,likert,Y,84.19,환산100점,1017,0,4.3677,0.7414,5.0,4.0,5.0,84.19,84.19,88.69,,,,,,,시계열,,,
경기학교교육실태조사,중학교,2025,2주기,1.0,중소도시,C08,참여·자치,S0801,학생자치,교사,TR_COUNCIL_03,학교 자치회 활성화 - 3)교과 협의회,likert,Y,79.45,환산100점,2286,0,4.178,0.8232,4.0,4.0,5.0,79.45,79.45,81.5,,,,,,,시계열,,,
경기학교교육실태조사,중학교,2025,2주기,2.0,읍면지역,C08,참여·자치,S0801,학생자치,교사,TR_COUNCIL_03,학교 자치회 활성화 - 3)교과 협의회,likert,Y,79.86,환산100점,514,0,4.1946,0.8219,4.0,4.0,5.0,79.86,79.86,82.88,,,,,,,시계열,,,
경기학교교육실태조사,중학교,2021,1주기,1.0,중소도시,C08,참여·자치,S0801,학생자치,교사,TR_COUNCIL_04,학교 자치회 활성화 - 4)교직원 협의회,likert,Y,85.89,환산100점,4172,0,4.4358,0.7051,5.0,4.0,5.0,85.89,85.89,90.29,,,,,,,시계열,,,
경기학교교육실태조사,중학교,2021,1주기,2.0,읍면지역,C08,참여·자치,S0801,학생자치,교사,TR_COUNCIL_04,학교 자치회 활성화 - 4)교직원 협의회,likert,Y,85.96,환산100점,1017,0,4.4385,0.7074,5.0,4.0,5.0,85.96,85.96,90.46,,,,,,,시계열,,,
경기학교교육실태조사,중학교,2025,2주기,1.0,중소도시,C08,참여·자치,S0801,학생자치,교사,TR_COUNCIL_04,학교 자치회 활성화 - 4)교직원 협의회,likert,Y,77.95,환산100점,2286,0,4.1181,0.8524,4.0,4.0,5.0,77.95,77.95,79.66,,,,,,,시계열,,,
경기학교교육실태조사,중학교,2025,2주기,2.0,읍면지역,C08,참여·자치,S0801,학생자치,교사,TR_COUNCIL_04,학교 자치회 활성화 - 4)교직원 협의회,likert,Y,82.54,환산100점,514,0,4.3016,0.7701,4.0,4.0,5.0,82.54,82.54,85.21,,,,,,,시계열,,,
경기학교교육실태조사,중학교,2021,1주기,1.0,중소도시,C08,참여·자치,S0801,학생자치,교사,TR_COUNCIL_05,학교 자치회 활성화 - 5)교사 동호회,likert,Y,56.62,환산100점,4172,0,3.2646,1.3142,3.0,2.0,4.0,56.62,56.62,45.88,,,,,,,시계열,,,
경기학교교육실태조사,중학교,2021,1주기,2.0,읍면지역,C08,참여·자치,S0801,학생자치,교사,TR_COUNCIL_05,학교 자치회 활성화 - 5)교사 동호회,likert,Y,60.82,환산100점,1017,0,3.4326,1.2835,4.0,3.0,5.0,60.82,60.82,51.72,,,,,,,시계열,,,
경기학교교육실태조사,중학교,2025,2주기,1.0,중소도시,C08,참여·자치,S0801,학생자치,교사,TR_COUNCIL_05,학교 자치회 활성화 - 5)교사 동호회,likert,Y,57.68,환산100점,2286,0,3.3071,1.182,3.0,3.0,4.0,57.68,57.68,46.72,,,,,,,시계열,,,
경기학교교육실태조사,중학교,2025,2주기,2.0,읍면지역,C08,참여·자치,S0801,학생자치,교사,TR_COUNCIL_05,학교 자치회 활성화 - 5)교사 동호회,likert,Y,65.37,환산100점,514,0,3.6148,1.1528,4.0,3.0,5.0,65.37,65.37,55.64,,,,,,,시계열,,,
경기학교교육실태조사,중학교,2021,1주기,1.0,중소도시,C08,참여·자치,S0801,학생자치,교사,TR_COUNCIL_06,학교 자치회 활성화 - 6)학생자치회,likert,Y,81.95,환산100점,4172,0,4.2778,0.7713,4.0,4.0,5.0,81.95,81.95,84.59,,,,,,,시계열,,,
경기학교교육실태조사,중학교,2021,1주기,2.0,읍면지역,C08,참여·자치,S0801,학생자치,교사,TR_COUNCIL_06,학교 자치회 활성화 - 6)학생자치회,likert,Y,82.25,환산100점,1017,0,4.2901,0.7655,4.0,4.0,5.0,82.25,82.25,85.45,,,,,,,시계열,,,
경기학교교육실태조사,중학교,2025,2주기,1.0,중소도시,C08,참여·자치,S0801,학생자치,교사,TR_COUNCIL_06,학교 자치회 활성화 - 6)학생자치회,likert,Y,78.05,환산100점,2286,0,4.122,0.8678,4.0,4.0,5.0,78.05,78.05,78.78,,,,,,,시계열,,,
경기학교교육실태조사,중학교,2025,2주기,2.0,읍면지역,C08,참여·자치,S0801,학생자치,교사,TR_COUNCIL_06,학교 자치회 활성화 - 6)학생자치회,likert,Y,76.31,환산100점,514,0,4.0525,0.8803,4.0,4.0,5.0,76.31,76.31,76.07,,,,,,,시계열,,,
경기학교교육실태조사,중학교,2021,1주기,1.0,중소도시,C08,참여·자치,S0801,학생자치,교사,TR_COUNCIL_07,학교 자치회 활성화 - 7)학생 동아리,likert,Y,80.05,환산100점,4172,0,4.2018,0.8081,4.0,4.0,5.0,80.05,80.05,81.78,,,,,,,시계열,,,
경기학교교육실태조사,중학교,2021,1주기,2.0,읍면지역,C08,참여·자치,S0801,학생자치,교사,TR_COUNCIL_07,학교 자치회 활성화 - 7)학생 동아리,likert,Y,79.35,환산100점,1017,0,4.174,0.8729,4.0,4.0,5.0,79.35,79.35,81.12,,,,,,,시계열,,,
경기학교교육실태조사,중학교,2025,2주기,1.0,중소도시,C08,참여·자치,S0801,학생자치,교사,TR_COUNCIL_07,학교 자치회 활성화 - 7)학생 동아리,likert,Y,75.66,환산100점,2286,0,4.0262,0.8452,4.0,3.0,5.0,75.66,75.66,74.85,,,,,,,시계열,,,
경기학교교육실태조사,중학교,2025,2주기,2.0,읍면지역,C08,참여·자치,S0801,학생자치,교사,TR_COUNCIL_07,학교 자치회 활성화 - 7)학생 동아리,likert,Y,76.07,환산100점,514,0,4.0428,0.8366,4.0,4.0,5.0,76.07,76.07,76.26,,,,,,,시계열,,,
경기학교교육실태조사,중학교,2021,1주기,1.0,중소도시,C08,참여·자치,S0801,학생자치,교사,TR_COUNCIL_08,학교 자치회 활성화 - 8)학부모회,likert,Y,71.64,환산100점,4172,0,3.8655,0.9222,4.0,3.0,5.0,71.64,71.64,65.99,,,,,,,시계열,,,
경기학교교육실태조사,중학교,2021,1주기,2.0,읍면지역,C08,참여·자치,S0801,학생자치,교사,TR_COUNCIL_08,학교 자치회 활성화 - 8)학부모회,likert,Y,74.07,환산100점,1017,0,3.9626,0.8877,4.0,3.0,5.0,74.07,74.07,70.3,,,,,,,시계열,,,
경기학교교육실태조사,중학교,2025,2주기,1.0,중소도시,C08,참여·자치,S0801,학생자치,교사,TR_COUNCIL_08,학교 자치회 활성화 - 8)학부모회,likert,Y,69.77,환산100점,2286,0,3.7909,0.8595,4.0,3.0,4.0,69.77,69.77,65.31,,,,,,,시계열,,,
경기학교교육실태조사,중학교,2025,2주기,2.0,읍면지역,C08,참여·자치,S0801,학생자치,교사,TR_COUNCIL_08,학교 자치회 활성화 - 8)학부모회,likert,Y,72.28,환산100점,514,0,3.8911,0.8235,4.0,3.0,4.0,72.28,72.28,70.62,,,,,,,시계열,,,
경기학교교육실태조사,중학교,2021,1주기,1.0,중소도시,C08,참여·자치,S0802,학부모 참여,학부모,PR_OPEN_SAT_01,공개수업 만족도 - 1)학교 수업에 대하여 학부모의 의견 수렴,likert,Y,63.52,환산100점,878,3779,2.9055,0.7236,3.0,3.0,3.0,63.52,63.52,77.79,,,,,,,시계열,,,
경기학교교육실태조사,중학교,2021,1주기,2.0,읍면지역,C08,참여·자치,S0802,학부모 참여,학부모,PR_OPEN_SAT_01,공개수업 만족도 - 1)학교 수업에 대하여 학부모의 의견 수렴,likert,Y,65.15,환산100점,242,1049,2.9545,0.7012,3.0,3.0,3.0,65.15,65.15,80.58,,,,,,,시계열,,,
경기학교교육실태조사,중학교,2025,2주기,1.0,중소도시,C08,참여·자치,S0802,학부모 참여,학부모,PR_OPEN_SAT_01,공개수업 만족도 - 1)학교 수업에 대하여 학부모의 의견 수렴,likert,Y,68.06,환산100점,503,719,3.0417,0.6682,3.0,3.0,3.0,68.06,68.06,84.89,,,,,,,시계열,,,
경기학교교육실태조사,중학교,2025,2주기,2.0,읍면지역,C08,참여·자치,S0802,학부모 참여,학부모,PR_OPEN_SAT_01,공개수업 만족도 - 1)학교 수업에 대하여 학부모의 의견 수렴,likert,Y,68.17,환산100점,111,149,3.045,0.731,3.0,3.0,3.0,68.17,68.17,86.49,,,,,,,시계열,,,
경기학교교육실태조사,중학교,2021,1주기,1.0,중소도시,C08,참여·자치,S0802,학부모 참여,학부모,PR_OPEN_SAT_02,공개수업 만족도 - 2)교사의 수업과 자녀의 수업태도에 대한 학부모의 이해 증진,likert,Y,70.35,환산100점,878,3779,3.1105,0.6463,3.0,3.0,4.0,70.35,70.35,87.47,,,,,,,시계열,,,
경기학교교육실태조사,중학교,2021,1주기,2.0,읍면지역,C08,참여·자치,S0802,학부모 참여,학부모,PR_OPEN_SAT_02,공개수업 만족도 - 2)교사의 수업과 자녀의 수업태도에 대한 학부모의 이해 증진,likert,Y,72.73,환산100점,242,1049,3.1818,0.6632,3.0,3.0,4.0,72.73,72.73,88.84,,,,,,,시계열,,,
경기학교교육실태조사,중학교,2025,2주기,1.0,중소도시,C08,참여·자치,S0802,학부모 참여,학부모,PR_OPEN_SAT_02,공개수업 만족도 - 2)교사의 수업과 자녀의 수업태도에 대한 학부모의 이해 증진,likert,Y,74.22,환산100점,503,719,3.2266,0.6532,3.0,3.0,4.0,74.22,74.22,91.45,,,,,,,시계열,,,
경기학교교육실태조사,중학교,2025,2주기,2.0,읍면지역,C08,참여·자치,S0802,학부모 참여,학부모,PR_OPEN_SAT_02,공개수업 만족도 - 2)교사의 수업과 자녀의 수업태도에 대한 학부모의 이해 증진,likert,Y,71.17,환산100점,111,149,3.1351,0.6807,3.0,3.0,4.0,71.17,71.17,90.09,,,,,,,시계열,,,
경기학교교육실태조사,중학교,2021,1주기,1.0,중소도시,C08,참여·자치,S0802,학부모 참여,학부모,PR_OPEN_SAT_03,공개수업 만족도 - 3)학교교육에 대한 학부모의 참여와 관심증가,likert,Y,68.6,환산100점,878,3779,3.0581,0.646,3.0,3.0,3.0,68.6,68.6,85.54,,,,,,,시계열,,,
경기학교교육실태조사,중학교,2021,1주기,2.0,읍면지역,C08,참여·자치,S0802,학부모 참여,학부모,PR_OPEN_SAT_03,공개수업 만족도 - 3)학교교육에 대한 학부모의 참여와 관심증가,likert,Y,71.21,환산100점,242,1049,3.1364,0.6393,3.0,3.0,4.0,71.21,71.21,88.84,,,,,,,시계열,,,
경기학교교육실태조사,중학교,2025,2주기,1.0,중소도시,C08,참여·자치,S0802,학부모 참여,학부모,PR_OPEN_SAT_03,공개수업 만족도 - 3)학교교육에 대한 학부모의 참여와 관심증가,likert,Y,71.57,환산100점,503,719,3.1471,0.6697,3.0,3.0,4.0,71.57,71.57,87.48,,,,,,,시계열,,,
경기학교교육실태조사,중학교,2025,2주기,2.0,읍면지역,C08,참여·자치,S0802,학부모 참여,학부모,PR_OPEN_SAT_03,공개수업 만족도 - 3)학교교육에 대한 학부모의 참여와 관심증가,likert,Y,71.17,환산100점,111,149,3.1351,0.6807,3.0,3.0,4.0,71.17,71.17,90.09,,,,,,,시계열,,,
경기학교교육실태조사,중학교,2021,1주기,1.0,중소도시,C08,참여·자치,S0802,학부모 참여,학부모,PR_PARTICIP_08,학교활동 참여 - 7)공개수업 참석,likert,Y,5.72,환산100점,4657,0,1.1716,0.4237,1.0,1.0,1.0,5.72,5.72,0.92,,,,,,,시계열,,,
경기학교교육실태조사,중학교,2021,1주기,2.0,읍면지역,C08,참여·자치,S0802,학부모 참여,학부모,PR_PARTICIP_08,학교활동 참여 - 7)공개수업 참석,likert,Y,5.42,환산100점,1291,0,1.1627,0.4014,1.0,1.0,1.0,5.42,5.42,0.93,,,,,,,시계열,,,
경기학교교육실태조사,중학교,2025,2주기,1.0,중소도시,C08,참여·자치,S0802,학부모 참여,학부모,PR_PARTICIP_08,학교활동 참여 - 7)공개수업 참석,likert,Y,17.24,환산100점,1222,0,1.5172,0.748,1.0,1.0,2.0,17.24,17.24,7.77,,,,,,,시계열,,,
경기학교교육실태조사,중학교,2025,2주기,2.0,읍면지역,C08,참여·자치,S0802,학부모 참여,학부모,PR_PARTICIP_08,학교활동 참여 - 7)공개수업 참석,likert,Y,18.72,환산100점,260,0,1.5615,0.7958,1.0,1.0,2.0,18.72,18.72,9.23,,,,,,,시계열,,,
경기학교교육실태조사,중학교,2021,1주기,1.0,중소도시,C08,참여·자치,S0803,교사 참여·의사결정,교사,TR_DECISION_01,참여적 의사결정(구:교사의견 반영) - 1)학교 교육목표 설정,likert,Y,68.66,환산100점,4172,0,3.7464,0.8908,4.0,3.0,4.0,68.66,68.66,64.45,,,,,,,시계열,,,
경기학교교육실태조사,중학교,2021,1주기,2.0,읍면지역,C08,참여·자치,S0803,교사 참여·의사결정,교사,TR_DECISION_01,참여적 의사결정(구:교사의견 반영) - 1)학교 교육목표 설정,likert,Y,69.54,환산100점,1017,0,3.7817,0.909,4.0,3.0,4.0,69.54,69.54,65.39,,,,,,,시계열,,,
경기학교교육실태조사,중학교,2025,2주기,1.0,중소도시,C08,참여·자치,S0803,교사 참여·의사결정,교사,TR_DECISION_01,참여적 의사결정(구:교사의견 반영) - 1)학교 교육목표 설정,likert,Y,67.87,환산100점,2286,0,3.7148,0.9181,4.0,3.0,4.0,67.87,67.87,64.04,,,,,,,시계열,,,
경기학교교육실태조사,중학교,2025,2주기,2.0,읍면지역,C08,참여·자치,S0803,교사 참여·의사결정,교사,TR_DECISION_01,참여적 의사결정(구:교사의견 반영) - 1)학교 교육목표 설정,likert,Y,73.39,환산100점,514,0,3.9358,0.8152,4.0,4.0,4.0,73.39,73.39,75.1,,,,,,,시계열,,,
경기학교교육실태조사,중학교,2021,1주기,1.0,중소도시,C08,참여·자치,S0803,교사 참여·의사결정,교사,TR_DECISION_02,참여적 의사결정(구:교사의견 반영) - 2)교수·학습 자료 선정,likert,Y,78.1,환산100점,4172,0,4.1239,0.7631,4.0,4.0,5.0,78.1,78.1,82.07,,,,,,,시계열,,,
경기학교교육실태조사,중학교,2021,1주기,2.0,읍면지역,C08,참여·자치,S0803,교사 참여·의사결정,교사,TR_DECISION_02,참여적 의사결정(구:교사의견 반영) - 2)교수·학습 자료 선정,likert,Y,78.86,환산100점,1017,0,4.1544,0.7702,4.0,4.0,5.0,78.86,78.86,83.09,,,,,,,시계열,,,
경기학교교육실태조사,중학교,2025,2주기,1.0,중소도시,C08,참여·자치,S0803,교사 참여·의사결정,교사,TR_DECISION_02,참여적 의사결정(구:교사의견 반영) - 2)교수·학습 자료 선정,likert,Y,78.66,환산100점,2286,0,4.1465,0.7698,4.0,4.0,5.0,78.66,78.66,83.29,,,,,,,시계열,,,
경기학교교육실태조사,중학교,2025,2주기,2.0,읍면지역,C08,참여·자치,S0803,교사 참여·의사결정,교사,TR_DECISION_02,참여적 의사결정(구:교사의견 반영) - 2)교수·학습 자료 선정,likert,Y,82.15,환산100점,514,0,4.286,0.7348,4.0,4.0,5.0,82.15,82.15,87.74,,,,,,,시계열,,,
경기학교교육실태조사,중학교,2021,1주기,1.0,중소도시,C08,참여·자치,S0803,교사 참여·의사결정,교사,TR_DECISION_03,참여적 의사결정(구:교사의견 반영) - 3)수업 운영 방식 결정,likert,Y,79.08,환산100점,4172,0,4.1632,0.7855,4.0,4.0,5.0,79.08,79.08,82.72,,,,,,,시계열,,,
경기학교교육실태조사,중학교,2021,1주기,2.0,읍면지역,C08,참여·자치,S0803,교사 참여·의사결정,교사,TR_DECISION_03,참여적 의사결정(구:교사의견 반영) - 3)수업 운영 방식 결정,likert,Y,79.42,환산100점,1017,0,4.177,0.7987,4.0,4.0,5.0,79.42,79.42,82.89,,,,,,,시계열,,,
경기학교교육실태조사,중학교,2025,2주기,1.0,중소도시,C08,참여·자치,S0803,교사 참여·의사결정,교사,TR_DECISION_03,참여적 의사결정(구:교사의견 반영) - 3)수업 운영 방식 결정,likert,Y,79.54,환산100점,2286,0,4.1815,0.8367,4.0,4.0,5.0,79.54,79.54,81.89,,,,,,,시계열,,,
경기학교교육실태조사,중학교,2025,2주기,2.0,읍면지역,C08,참여·자치,S0803,교사 참여·의사결정,교사,TR_DECISION_03,참여적 의사결정(구:교사의견 반영) - 3)수업 운영 방식 결정,likert,Y,83.51,환산100점,514,0,4.3405,0.7433,4.0,4.0,5.0,83.51,83.51,88.33,,,,,,,시계열,,,
경기학교교육실태조사,중학교,2021,1주기,1.0,중소도시,C08,참여·자치,S0803,교사 참여·의사결정,교사,TR_DECISION_04,참여적 의사결정(구:교사의견 반영) - 4)교육과정 편성 및 운영,likert,Y,73.48,환산100점,4172,0,3.9394,0.8469,4.0,3.0,5.0,73.48,73.48,73.83,,,,,,,시계열,,,
경기학교교육실태조사,중학교,2021,1주기,2.0,읍면지역,C08,참여·자치,S0803,교사 참여·의사결정,교사,TR_DECISION_04,참여적 의사결정(구:교사의견 반영) - 4)교육과정 편성 및 운영,likert,Y,74.75,환산100점,1017,0,3.9902,0.8671,4.0,4.0,5.0,74.75,74.75,75.32,,,,,,,시계열,,,
경기학교교육실태조사,중학교,2025,2주기,1.0,중소도시,C08,참여·자치,S0803,교사 참여·의사결정,교사,TR_DECISION_04,참여적 의사결정(구:교사의견 반영) - 4)교육과정 편성 및 운영,likert,Y,71.52,환산100점,2286,0,3.8609,0.8983,4.0,3.0,4.0,71.52,71.52,70.12,,,,,,,시계열,,,
경기학교교육실태조사,중학교,2025,2주기,2.0,읍면지역,C08,참여·자치,S0803,교사 참여·의사결정,교사,TR_DECISION_04,참여적 의사결정(구:교사의견 반영) - 4)교육과정 편성 및 운영,likert,Y,78.65,환산100점,514,0,4.1459,0.8331,4.0,4.0,5.0,78.65,78.65,81.32,,,,,,,시계열,,,
경기학교교육실태조사,중학교,2021,1주기,1.0,중소도시,C08,참여·자치,S0803,교사 참여·의사결정,교사,TR_DECISION_05,참여적 의사결정(구:교사의견 반영) - 5)교원 업무 조직 및 업무 분장,likert,Y,65.99,환산100점,4172,0,3.6395,0.99,4.0,3.0,4.0,65.99,65.99,60.67,,,,,,,시계열,,,
경기학교교육실태조사,중학교,2021,1주기,2.0,읍면지역,C08,참여·자치,S0803,교사 참여·의사결정,교사,TR_DECISION_05,참여적 의사결정(구:교사의견 반영) - 5)교원 업무 조직 및 업무 분장,likert,Y,67.77,환산100점,1017,0,3.7109,0.9995,4.0,3.0,4.0,67.77,67.77,62.83,,,,,,,시계열,,,
경기학교교육실태조사,중학교,2025,2주기,1.0,중소도시,C08,참여·자치,S0803,교사 참여·의사결정,교사,TR_DECISION_05,참여적 의사결정(구:교사의견 반영) - 5)교원 업무 조직 및 업무 분장,likert,Y,62.46,환산100점,2286,0,3.4983,1.0119,4.0,3.0,4.0,62.46,62.46,54.11,,,,,,,시계열,,,
경기학교교육실태조사,중학교,2025,2주기,2.0,읍면지역,C08,참여·자치,S0803,교사 참여·의사결정,교사,TR_DECISION_05,참여적 의사결정(구:교사의견 반영) - 5)교원 업무 조직 및 업무 분장,likert,Y,67.17,환산100점,514,0,3.6868,0.9618,4.0,3.0,4.0,67.17,67.17,64.79,,,,,,,시계열,,,
경기학교교육실태조사,중학교,2021,1주기,1.0,중소도시,C08,참여·자치,S0803,교사 참여·의사결정,교사,TR_DECISION_06,참여적 의사결정(구:교사의견 반영) - 6)학교 예산 편성,likert,Y,69.96,환산100점,4172,0,3.7984,0.8934,4.0,3.0,4.0,69.96,69.96,66.83,,,,,,,시계열,,,
경기학교교육실태조사,중학교,2021,1주기,2.0,읍면지역,C08,참여·자치,S0803,교사 참여·의사결정,교사,TR_DECISION_06,참여적 의사결정(구:교사의견 반영) - 6)학교 예산 편성,likert,Y,72.2,환산100점,1017,0,3.8879,0.869,4.0,3.0,5.0,72.2,72.2,69.62,,,,,,,시계열,,,
경기학교교육실태조사,중학교,2025,2주기,1.0,중소도시,C08,참여·자치,S0803,교사 참여·의사결정,교사,TR_DECISION_06,참여적 의사결정(구:교사의견 반영) - 6)학교 예산 편성,likert,Y,67.72,환산100점,2286,0,3.7087,0.9017,4.0,3.0,4.0,67.72,67.72,63.6,,,,,,,시계열,,,
경기학교교육실태조사,중학교,2025,2주기,2.0,읍면지역,C08,참여·자치,S0803,교사 참여·의사결정,교사,TR_DECISION_06,참여적 의사결정(구:교사의견 반영) - 6)학교 예산 편성,likert,Y,73.25,환산100점,514,0,3.93,0.8394,4.0,3.0,4.75,73.25,73.25,73.93,,,,,,,시계열,,,
경기학교교육실태조사,중학교,2021,1주기,1.0,중소도시,C08,참여·자치,S0803,교사 참여·의사결정,교사,TR_DECISION_07,참여적 의사결정(구:교사의견 반영) - 7)학교 규칙이나 규정 제정 및 개정,likert,Y,69.6,환산100점,4172,0,3.784,0.8779,4.0,3.0,4.0,69.6,69.6,65.87,,,,,,,시계열,,,
경기학교교육실태조사,중학교,2021,1주기,2.0,읍면지역,C08,참여·자치,S0803,교사 참여·의사결정,교사,TR_DECISION_07,참여적 의사결정(구:교사의견 반영) - 7)학교 규칙이나 규정 제정 및 개정,likert,Y,70.8,환산100점,1017,0,3.8319,0.8864,4.0,3.0,4.0,70.8,70.8,67.06,,,,,,,시계열,,,
경기학교교육실태조사,중학교,2025,2주기,1.0,중소도시,C08,참여·자치,S0803,교사 참여·의사결정,교사,TR_DECISION_07,참여적 의사결정(구:교사의견 반영) - 7)학교 규칙이나 규정 제정 및 개정,likert,Y,70.41,환산100점,2286,0,3.8163,0.8633,4.0,3.0,4.0,70.41,70.41,69.2,,,,,,,시계열,,,
경기학교교육실태조사,중학교,2025,2주기,2.0,읍면지역,C08,참여·자치,S0803,교사 참여·의사결정,교사,TR_DECISION_07,참여적 의사결정(구:교사의견 반영) - 7)학교 규칙이나 규정 제정 및 개정,likert,Y,73.69,환산100점,514,0,3.9475,0.8579,4.0,3.0,5.0,73.69,73.69,73.15,,,,,,,시계열,,,
경기학교교육실태조사,중학교,2021,1주기,1.0,중소도시,C09,만족도,S0901,전반적 만족도,학부모,PR_SAT_TOTAL_01,학교에 대한 전반적인 만족도 - 현재 자녀가 다니는 학교에 어느 정도 만족하는지,likert,Y,65.62,환산100점,4657,0,3.6247,0.7962,4.0,3.0,4.0,65.62,65.62,57.55,,,,,,,시계열,,,
경기학교교육실태조사,중학교,2021,1주기,2.0,읍면지역,C09,만족도,S0901,전반적 만족도,학부모,PR_SAT_TOTAL_01,학교에 대한 전반적인 만족도 - 현재 자녀가 다니는 학교에 어느 정도 만족하는지,likert,Y,66.21,환산100점,1291,0,3.6483,0.8033,4.0,3.0,4.0,66.21,66.21,59.41,,,,,,,시계열,,,
경기학교교육실태조사,중학교,2025,2주기,1.0,중소도시,C09,만족도,S0901,전반적 만족도,학부모,PR_SAT_TOTAL_01,학교에 대한 전반적인 만족도 - 현재 자녀가 다니는 학교에 어느 정도 만족하는지,likert,Y,67.06,환산100점,1222,0,3.6825,0.8038,4.0,3.0,4.0,67.06,67.06,60.56,,,,,,,시계열,,,
경기학교교육실태조사,중학교,2025,2주기,2.0,읍면지역,C09,만족도,S0901,전반적 만족도,학부모,PR_SAT_TOTAL_01,학교에 대한 전반적인 만족도 - 현재 자녀가 다니는 학교에 어느 정도 만족하는지,likert,Y,68.37,환산100점,260,0,3.7346,0.8165,4.0,3.0,4.0,68.37,68.37,63.08,,,,,,,시계열,,,
경기학교교육실태조사,중학교,2021,1주기,1.0,중소도시,C09,만족도,S0901,전반적 만족도,학생,ST_SAT_TOTAL_01,전반적인 만족도 - 현재 다니는 학교에 어느 정도 만족하는지,likert,Y,63.5,환산100점,6985,0,3.5402,0.976,4.0,3.0,4.0,63.5,63.5,54.72,,,,,,,시계열,,,
경기학교교육실태조사,중학교,2021,1주기,2.0,읍면지역,C09,만족도,S0901,전반적 만족도,학생,ST_SAT_TOTAL_01,전반적인 만족도 - 현재 다니는 학교에 어느 정도 만족하는지,likert,Y,65.69,환산100점,1899,0,3.6277,0.9569,4.0,3.0,4.0,65.69,65.69,57.19,,,,,,,시계열,,,
경기학교교육실태조사,중학교,2025,2주기,1.0,중소도시,C09,만족도,S0901,전반적 만족도,학생,ST_SAT_TOTAL_01,전반적인 만족도 - 현재 다니는 학교에 어느 정도 만족하는지,likert,Y,63.01,환산100점,4351,0,3.5206,1.0574,4.0,3.0,4.0,63.01,63.01,53.44,,,,,,,시계열,,,
경기학교교육실태조사,중학교,2025,2주기,2.0,읍면지역,C09,만족도,S0901,전반적 만족도,학생,ST_SAT_TOTAL_01,전반적인 만족도 - 현재 다니는 학교에 어느 정도 만족하는지,likert,Y,67.37,환산100점,822,0,3.6946,1.0714,4.0,3.0,4.0,67.37,67.37,61.19,,,,,,,시계열,,,
경기학교교육실태조사,중학교,2021,1주기,1.0,중소도시,C09,만족도,S0901,전반적 만족도,교사,TR_SAT_JOB_01,교직만족도/학교만족도 - 1)나는 교사라는 직업에 만족한다,likert,Y,77.34,환산100점,4172,0,4.0935,0.859,4.0,4.0,5.0,77.34,77.34,79.24,,,,,,,시계열,,,
경기학교교육실태조사,중학교,2021,1주기,2.0,읍면지역,C09,만족도,S0901,전반적 만족도,교사,TR_SAT_JOB_01,교직만족도/학교만족도 - 1)나는 교사라는 직업에 만족한다,likert,Y,79.18,환산100점,1017,0,4.1672,0.8369,4.0,4.0,5.0,79.18,79.18,81.71,,,,,,,시계열,,,
경기학교교육실태조사,중학교,2025,2주기,1.0,중소도시,C09,만족도,S0901,전반적 만족도,교사,TR_SAT_JOB_01,교직만족도/학교만족도 - 1)나는 교사라는 직업에 만족한다,likert,Y,71.87,환산100점,2286,0,3.8749,0.9393,4.0,3.0,5.0,71.87,71.87,71.83,,,,,,,시계열,,,
경기학교교육실태조사,중학교,2025,2주기,2.0,읍면지역,C09,만족도,S0901,전반적 만족도,교사,TR_SAT_JOB_01,교직만족도/학교만족도 - 1)나는 교사라는 직업에 만족한다,likert,Y,77.63,환산100점,514,0,4.1051,0.879,4.0,4.0,5.0,77.63,77.63,80.16,,,,,,,시계열,,,
경기학교교육실태조사,중학교,2021,1주기,1.0,중소도시,C09,만족도,S0901,전반적 만족도,교사,TR_SAT_JOB_02,교직만족도/학교만족도 - 2)나는 교사로서 하는 업무에 만족한다,likert,Y,70.61,환산100점,4172,0,3.8243,0.9949,4.0,3.0,5.0,70.61,70.61,67.14,,,,,,,시계열,,,
경기학교교육실태조사,중학교,2021,1주기,2.0,읍면지역,C09,만족도,S0901,전반적 만족도,교사,TR_SAT_JOB_02,교직만족도/학교만족도 - 2)나는 교사로서 하는 업무에 만족한다,likert,Y,73.13,환산100점,1017,0,3.9253,0.9692,4.0,3.0,5.0,73.13,73.13,71.48,,,,,,,시계열,,,
경기학교교육실태조사,중학교,2025,2주기,1.0,중소도시,C09,만족도,S0901,전반적 만족도,교사,TR_SAT_JOB_02,교직만족도/학교만족도 - 2)나는 교사로서 하는 업무에 만족한다,likert,Y,64.07,환산100점,2286,0,3.563,1.0389,4.0,3.0,4.0,64.07,64.07,56.47,,,,,,,시계열,,,
경기학교교육실태조사,중학교,2025,2주기,2.0,읍면지역,C09,만족도,S0901,전반적 만족도,교사,TR_SAT_JOB_02,교직만족도/학교만족도 - 2)나는 교사로서 하는 업무에 만족한다,likert,Y,69.7,환산100점,514,0,3.7879,1.041,4.0,3.0,5.0,69.7,69.7,66.73,,,,,,,시계열,,,
경기학교교육실태조사,중학교,2021,1주기,1.0,중소도시,C09,만족도,S0901,전반적 만족도,교사,TR_SAT_JOB_03,교직만족도/학교만족도 - 3)다시 직업을 선택하더라도 교사가 될 것이다,likert,Y,65.14,환산100점,4172,0,3.6055,1.1736,4.0,3.0,5.0,65.14,65.14,57.24,,,,,,,시계열,,,
경기학교교육실태조사,중학교,2021,1주기,2.0,읍면지역,C09,만족도,S0901,전반적 만족도,교사,TR_SAT_JOB_03,교직만족도/학교만족도 - 3)다시 직업을 선택하더라도 교사가 될 것이다,likert,Y,69.69,환산100점,1017,0,3.7876,1.1295,4.0,3.0,5.0,69.69,69.69,65.68,,,,,,,시계열,,,
경기학교교육실태조사,중학교,2025,2주기,1.0,중소도시,C09,만족도,S0901,전반적 만족도,교사,TR_SAT_JOB_03,교직만족도/학교만족도 - 3)다시 직업을 선택하더라도 교사가 될 것이다,likert,Y,55.14,환산100점,2286,0,3.2056,1.2386,3.0,2.0,4.0,55.14,55.14,43.26,,,,,,,시계열,,,
경기학교교육실태조사,중학교,2025,2주기,2.0,읍면지역,C09,만족도,S0901,전반적 만족도,교사,TR_SAT_JOB_03,교직만족도/학교만족도 - 3)다시 직업을 선택하더라도 교사가 될 것이다,likert,Y,62.84,환산100점,514,0,3.5136,1.2491,4.0,3.0,5.0,62.84,62.84,56.61,,,,,,,시계열,,,
경기학교교육실태조사,중학교,2021,1주기,1.0,중소도시,C09,만족도,S0901,전반적 만족도,교사,TR_SAT_JOB_04,교직만족도/학교만족도 - 4)나는 우리 학교에서 기대감을 갖고 하루하루를 생활한다,likert,Y,67.47,환산100점,4172,0,3.6987,1.0429,4.0,3.0,4.25,67.47,67.47,60.09,,,,,,,시계열,,,
경기학교교육실태조사,중학교,2021,1주기,2.0,읍면지역,C09,만족도,S0901,전반적 만족도,교사,TR_SAT_JOB_04,교직만족도/학교만족도 - 4)나는 우리 학교에서 기대감을 갖고 하루하루를 생활한다,likert,Y,69.62,환산100점,1017,0,3.7847,1.0611,4.0,3.0,5.0,69.62,69.62,64.31,,,,,,,시계열,,,
경기학교교육실태조사,중학교,2025,2주기,1.0,중소도시,C09,만족도,S0901,전반적 만족도,교사,TR_SAT_JOB_04,교직만족도/학교만족도 - 4)나는 우리 학교에서 기대감을 갖고 하루하루를 생활한다,likert,Y,59.13,환산100점,2286,0,3.3653,1.1018,3.0,3.0,4.0,59.13,59.13,46.89,,,,,,,시계열,,,
경기학교교육실태조사,중학교,2025,2주기,2.0,읍면지역,C09,만족도,S0901,전반적 만족도,교사,TR_SAT_JOB_04,교직만족도/학교만족도 - 4)나는 우리 학교에서 기대감을 갖고 하루하루를 생활한다,likert,Y,67.7,환산100점,514,0,3.7082,1.007,4.0,3.0,4.0,67.7,67.7,62.26,,,,,,,시계열,,,
경기학교교육실태조사,중학교,2021,1주기,1.0,중소도시,C09,만족도,S0901,전반적 만족도,교사,TR_SAT_JOB_05,교직만족도/학교만족도 - 5)우리 학교에 대해 긍지를 느낀다,likert,Y,70.37,환산100점,4172,0,3.8147,1.0013,4.0,3.0,5.0,70.37,70.37,65.51,,,,,,,시계열,,,
경기학교교육실태조사,중학교,2021,1주기,2.0,읍면지역,C09,만족도,S0901,전반적 만족도,교사,TR_SAT_JOB_05,교직만족도/학교만족도 - 5)우리 학교에 대해 긍지를 느낀다,likert,Y,71.98,환산100점,1017,0,3.8791,1.0253,4.0,3.0,5.0,71.98,71.98,69.32,,,,,,,시계열,,,
경기학교교육실태조사,중학교,2025,2주기,1.0,중소도시,C09,만족도,S0901,전반적 만족도,교사,TR_SAT_JOB_05,교직만족도/학교만족도 - 5)우리 학교에 대해 긍지를 느낀다,likert,Y,63.57,환산100점,2286,0,3.5429,1.0583,4.0,3.0,4.0,63.57,63.57,54.99,,,,,,,시계열,,,
경기학교교육실태조사,중학교,2025,2주기,2.0,읍면지역,C09,만족도,S0901,전반적 만족도,교사,TR_SAT_JOB_05,교직만족도/학교만족도 - 5)우리 학교에 대해 긍지를 느낀다,likert,Y,71.16,환산100점,514,0,3.8463,0.9722,4.0,3.0,5.0,71.16,71.16,66.73,,,,,,,시계열,,,
경기학교교육실태조사,중학교,2021,1주기,1.0,중소도시,C09,만족도,S0901,전반적 만족도,교사,TR_SAT_JOB_06,교직만족도/학교만족도 - 6)우리 학교에서의 교직 생활은 나 자신의 발전에 도움이 된다,likert,Y,73.36,환산100점,4172,0,3.9343,0.9477,4.0,3.0,5.0,73.36,73.36,72.12,,,,,,,시계열,,,
경기학교교육실태조사,중학교,2021,1주기,2.0,읍면지역,C09,만족도,S0901,전반적 만족도,교사,TR_SAT_JOB_06,교직만족도/학교만족도 - 6)우리 학교에서의 교직 생활은 나 자신의 발전에 도움이 된다,likert,Y,75.27,환산100점,1017,0,4.0108,0.9551,4.0,4.0,5.0,75.27,75.27,75.02,,,,,,,시계열,,,
경기학교교육실태조사,중학교,2025,2주기,1.0,중소도시,C09,만족도,S0901,전반적 만족도,교사,TR_SAT_JOB_06,교직만족도/학교만족도 - 6)우리 학교에서의 교직 생활은 나 자신의 발전에 도움이 된다,likert,Y,68.32,환산100점,2286,0,3.7327,1.0028,4.0,3.0,4.0,68.32,68.32,64.65,,,,,,,시계열,,,
경기학교교육실태조사,중학교,2025,2주기,2.0,읍면지역,C09,만족도,S0901,전반적 만족도,교사,TR_SAT_JOB_06,교직만족도/학교만족도 - 6)우리 학교에서의 교직 생활은 나 자신의 발전에 도움이 된다,likert,Y,75.05,환산100점,514,0,4.0019,0.9208,4.0,4.0,5.0,75.05,75.05,75.88,,,,,,,시계열,,,
경기학교교육실태조사,중학교,2021,1주기,1.0,중소도시,C09,만족도,S0902,세부 만족도,학부모,PR_SAT_DETAIL_01,학교에 대한 세부적인 만족도 - 1)자녀의 학습능력을 잘 길러주고 있다,likert,Y,60.94,환산100점,4657,0,3.4376,0.778,3.0,3.0,4.0,60.94,60.94,45.54,,,,,,,시계열,,,
경기학교교육실태조사,중학교,2021,1주기,2.0,읍면지역,C09,만족도,S0902,세부 만족도,학부모,PR_SAT_DETAIL_01,학교에 대한 세부적인 만족도 - 1)자녀의 학습능력을 잘 길러주고 있다,likert,Y,62.49,환산100점,1291,0,3.4996,0.777,3.0,3.0,4.0,62.49,62.49,49.73,,,,,,,시계열,,,
경기학교교육실태조사,중학교,2025,2주기,1.0,중소도시,C09,만족도,S0902,세부 만족도,학부모,PR_SAT_DETAIL_01,학교에 대한 세부적인 만족도 - 1)자녀의 학습능력을 잘 길러주고 있다,likert,Y,62.54,환산100점,1222,0,3.5016,0.7666,3.0,3.0,4.0,62.54,62.54,49.35,,,,,,,시계열,,,
경기학교교육실태조사,중학교,2025,2주기,2.0,읍면지역,C09,만족도,S0902,세부 만족도,학부모,PR_SAT_DETAIL_01,학교에 대한 세부적인 만족도 - 1)자녀의 학습능력을 잘 길러주고 있다,likert,Y,65.29,환산100점,260,0,3.6115,0.7133,4.0,3.0,4.0,65.29,65.29,56.15,,,,,,,시계열,,,
경기학교교육실태조사,중학교,2021,1주기,1.0,중소도시,C09,만족도,S0902,세부 만족도,학부모,PR_SAT_DETAIL_02,학교에 대한 세부적인 만족도 - 2)자녀의 특기와 적성을 잘 계발해주고 있다,likert,Y,55.18,환산100점,4657,0,3.207,0.8384,3.0,3.0,4.0,55.18,55.18,33.35,,,,,,,시계열,,,
경기학교교육실태조사,중학교,2021,1주기,2.0,읍면지역,C09,만족도,S0902,세부 만족도,학부모,PR_SAT_DETAIL_02,학교에 대한 세부적인 만족도 - 2)자녀의 특기와 적성을 잘 계발해주고 있다,likert,Y,57.01,환산100점,1291,0,3.2804,0.8355,3.0,3.0,4.0,57.01,57.01,36.17,,,,,,,시계열,,,
경기학교교육실태조사,중학교,2025,2주기,1.0,중소도시,C09,만족도,S0902,세부 만족도,학부모,PR_SAT_DETAIL_02,학교에 대한 세부적인 만족도 - 2)자녀의 특기와 적성을 잘 계발해주고 있다,likert,Y,57.16,환산100점,1222,0,3.2864,0.794,3.0,3.0,4.0,57.16,57.16,35.02,,,,,,,시계열,,,
경기학교교육실태조사,중학교,2025,2주기,2.0,읍면지역,C09,만족도,S0902,세부 만족도,학부모,PR_SAT_DETAIL_02,학교에 대한 세부적인 만족도 - 2)자녀의 특기와 적성을 잘 계발해주고 있다,likert,Y,60.19,환산100점,260,0,3.4077,0.8168,3.0,3.0,4.0,60.19,60.19,43.08,,,,,,,시계열,,,
경기학교교육실태조사,중학교,2021,1주기,1.0,중소도시,C09,만족도,S0902,세부 만족도,학부모,PR_SAT_DETAIL_03,학교에 대한 세부적인 만족도 - 3)자녀의 수준에 맞게 잘 가르치고 있다,likert,Y,60.1,환산100점,4657,0,3.4039,0.7781,3.0,3.0,4.0,60.1,60.1,44.3,,,,,,,시계열,,,
경기학교교육실태조사,중학교,2021,1주기,2.0,읍면지역,C09,만족도,S0902,세부 만족도,학부모,PR_SAT_DETAIL_03,학교에 대한 세부적인 만족도 - 3)자녀의 수준에 맞게 잘 가르치고 있다,likert,Y,61.77,환산100점,1291,0,3.471,0.7971,3.0,3.0,4.0,61.77,61.77,48.18,,,,,,,시계열,,,
경기학교교육실태조사,중학교,2025,2주기,1.0,중소도시,C09,만족도,S0902,세부 만족도,학부모,PR_SAT_DETAIL_03,학교에 대한 세부적인 만족도 - 3)자녀의 수준에 맞게 잘 가르치고 있다,likert,Y,61.87,환산100점,1222,0,3.4746,0.7736,3.0,3.0,4.0,61.87,61.87,48.04,,,,,,,시계열,,,
경기학교교육실태조사,중학교,2025,2주기,2.0,읍면지역,C09,만족도,S0902,세부 만족도,학부모,PR_SAT_DETAIL_03,학교에 대한 세부적인 만족도 - 3)자녀의 수준에 맞게 잘 가르치고 있다,likert,Y,64.13,환산100점,260,0,3.5654,0.7658,4.0,3.0,4.0,64.13,64.13,53.46,,,,,,,시계열,,,
경기학교교육실태조사,중학교,2021,1주기,1.0,중소도시,C09,만족도,S0902,세부 만족도,학부모,PR_SAT_DETAIL_04,학교에 대한 세부적인 만족도 - 4)자녀의 학교생활에 대하여 잘 알려준다,likert,Y,60.71,환산100점,4657,0,3.4284,0.8631,3.0,3.0,4.0,60.71,60.71,47.67,,,,,,,시계열,,,
경기학교교육실태조사,중학교,2021,1주기,2.0,읍면지역,C09,만족도,S0902,세부 만족도,학부모,PR_SAT_DETAIL_04,학교에 대한 세부적인 만족도 - 4)자녀의 학교생활에 대하여 잘 알려준다,likert,Y,60.84,환산100점,1291,0,3.4338,0.9087,3.0,3.0,4.0,60.84,60.84,48.57,,,,,,,시계열,,,
경기학교교육실태조사,중학교,2025,2주기,1.0,중소도시,C09,만족도,S0902,세부 만족도,학부모,PR_SAT_DETAIL_04,학교에 대한 세부적인 만족도 - 4)자녀의 학교생활에 대하여 잘 알려준다,likert,Y,62.03,환산100점,1222,0,3.4812,0.8437,3.0,3.0,4.0,62.03,62.03,48.36,,,,,,,시계열,,,
경기학교교육실태조사,중학교,2025,2주기,2.0,읍면지역,C09,만족도,S0902,세부 만족도,학부모,PR_SAT_DETAIL_04,학교에 대한 세부적인 만족도 - 4)자녀의 학교생활에 대하여 잘 알려준다,likert,Y,65.29,환산100점,260,0,3.6115,0.8285,4.0,3.0,4.0,65.29,65.29,56.54,,,,,,,시계열,,,
경기학교교육실태조사,중학교,2021,1주기,1.0,중소도시,C09,만족도,S0902,세부 만족도,학부모,PR_SAT_DETAIL_05,학교에 대한 세부적인 만족도 - 5)자녀의 평가결과를 학부모에게 잘 전달한다,likert,Y,65.82,환산100점,4657,0,3.6328,0.8513,4.0,3.0,4.0,65.82,65.82,59.2,,,,,,,시계열,,,
경기학교교육실태조사,중학교,2021,1주기,2.0,읍면지역,C09,만족도,S0902,세부 만족도,학부모,PR_SAT_DETAIL_05,학교에 대한 세부적인 만족도 - 5)자녀의 평가결과를 학부모에게 잘 전달한다,likert,Y,67.1,환산100점,1291,0,3.684,0.8477,4.0,3.0,4.0,67.1,67.1,62.66,,,,,,,시계열,,,
경기학교교육실태조사,중학교,2025,2주기,1.0,중소도시,C09,만족도,S0902,세부 만족도,학부모,PR_SAT_DETAIL_05,학교에 대한 세부적인 만족도 - 5)자녀의 평가결과를 학부모에게 잘 전달한다,likert,Y,68.37,환산100점,1222,0,3.7349,0.8471,4.0,3.0,4.0,68.37,68.37,62.52,,,,,,,시계열,,,
경기학교교육실태조사,중학교,2025,2주기,2.0,읍면지역,C09,만족도,S0902,세부 만족도,학부모,PR_SAT_DETAIL_05,학교에 대한 세부적인 만족도 - 5)자녀의 평가결과를 학부모에게 잘 전달한다,likert,Y,70.96,환산100점,260,0,3.8385,0.784,4.0,3.0,4.0,70.96,70.96,71.54,,,,,,,시계열,,,
경기학교교육실태조사,중학교,2021,1주기,1.0,중소도시,C09,만족도,S0902,세부 만족도,학부모,PR_SAT_DETAIL_06,학교에 대한 세부적인 만족도 - 6)자녀의 흥미와 적성에 맞는 교육을 하고 있다,likert,Y,55.72,환산100점,4657,0,3.2289,0.8416,3.0,3.0,4.0,55.72,55.72,34.36,,,,,,,시계열,,,
경기학교교육실태조사,중학교,2021,1주기,2.0,읍면지역,C09,만족도,S0902,세부 만족도,학부모,PR_SAT_DETAIL_06,학교에 대한 세부적인 만족도 - 6)자녀의 흥미와 적성에 맞는 교육을 하고 있다,likert,Y,57.98,환산100점,1291,0,3.3191,0.8629,3.0,3.0,4.0,57.98,57.98,39.66,,,,,,,시계열,,,
경기학교교육실태조사,중학교,2025,2주기,1.0,중소도시,C09,만족도,S0902,세부 만족도,학부모,PR_SAT_DETAIL_06,학교에 대한 세부적인 만족도 - 6)자녀의 흥미와 적성에 맞는 교육을 하고 있다,likert,Y,58.0,환산100점,1222,0,3.32,0.7868,3.0,3.0,4.0,58.0,58.0,37.15,,,,,,,시계열,,,
경기학교교육실태조사,중학교,2025,2주기,2.0,읍면지역,C09,만족도,S0902,세부 만족도,학부모,PR_SAT_DETAIL_06,학교에 대한 세부적인 만족도 - 6)자녀의 흥미와 적성에 맞는 교육을 하고 있다,likert,Y,60.19,환산100점,260,0,3.4077,0.812,3.0,3.0,4.0,60.19,60.19,41.92,,,,,,,시계열,,,
경기학교교육실태조사,중학교,2021,1주기,1.0,중소도시,C09,만족도,S0902,세부 만족도,학부모,PR_SAT_DETAIL_07,학교에 대한 세부적인 만족도 - 7)학교운영위원회는 학부모들의 의견을 잘 수렴한다,likert,Y,57.5,환산100점,4657,0,3.3,0.8011,3.0,3.0,4.0,57.5,57.5,37.02,,,,,,,시계열,,,
경기학교교육실태조사,중학교,2021,1주기,2.0,읍면지역,C09,만족도,S0902,세부 만족도,학부모,PR_SAT_DETAIL_07,학교에 대한 세부적인 만족도 - 7)학교운영위원회는 학부모들의 의견을 잘 수렴한다,likert,Y,58.85,환산100점,1291,0,3.354,0.8075,3.0,3.0,4.0,58.85,58.85,39.97,,,,,,,시계열,,,
경기학교교육실태조사,중학교,2025,2주기,1.0,중소도시,C09,만족도,S0902,세부 만족도,학부모,PR_SAT_DETAIL_07,학교에 대한 세부적인 만족도 - 7)학교운영위원회는 학부모들의 의견을 잘 수렴한다,likert,Y,58.88,환산100점,1222,0,3.3552,0.7753,3.0,3.0,4.0,58.88,58.88,37.97,,,,,,,시계열,,,
경기학교교육실태조사,중학교,2025,2주기,2.0,읍면지역,C09,만족도,S0902,세부 만족도,학부모,PR_SAT_DETAIL_07,학교에 대한 세부적인 만족도 - 7)학교운영위원회는 학부모들의 의견을 잘 수렴한다,likert,Y,60.58,환산100점,260,0,3.4231,0.7494,3.0,3.0,4.0,60.58,60.58,43.46,,,,,,,시계열,,,
경기학교교육실태조사,중학교,2021,1주기,1.0,중소도시,C09,만족도,S0902,세부 만족도,학부모,PR_SAT_DETAIL_08,"학교에 대한 세부적인 만족도 - 8)교사, 학부모, 학생들이 협의하여 학교운영을 자율적으로 하고 있다",likert,Y,59.89,환산100점,4657,0,3.3957,0.7916,3.0,3.0,4.0,59.89,59.89,43.16,,,,,,,시계열,,,
경기학교교육실태조사,중학교,2021,1주기,2.0,읍면지역,C09,만족도,S0902,세부 만족도,학부모,PR_SAT_DETAIL_08,"학교에 대한 세부적인 만족도 - 8)교사, 학부모, 학생들이 협의하여 학교운영을 자율적으로 하고 있다",likert,Y,60.57,환산100점,1291,0,3.4229,0.8017,3.0,3.0,4.0,60.57,60.57,44.31,,,,,,,시계열,,,
경기학교교육실태조사,중학교,2025,2주기,1.0,중소도시,C09,만족도,S0902,세부 만족도,학부모,PR_SAT_DETAIL_08,"학교에 대한 세부적인 만족도 - 8)교사, 학부모, 학생들이 협의하여 학교운영을 자율적으로 하고 있다",likert,Y,61.5,환산100점,1222,0,3.4599,0.7569,3.0,3.0,4.0,61.5,61.5,45.74,,,,,,,시계열,,,
경기학교교육실태조사,중학교,2025,2주기,2.0,읍면지역,C09,만족도,S0902,세부 만족도,학부모,PR_SAT_DETAIL_08,"학교에 대한 세부적인 만족도 - 8)교사, 학부모, 학생들이 협의하여 학교운영을 자율적으로 하고 있다",likert,Y,64.62,환산100점,260,0,3.5846,0.7839,4.0,3.0,4.0,64.62,64.62,53.46,,,,,,,시계열,,,
경기학교교육실태조사,중학교,2021,1주기,1.0,중소도시,C09,만족도,S0902,세부 만족도,학부모,PR_SAT_DETAIL_09,학교에 대한 세부적인 만족도 - 9)학습에 불편하지 않게 교육시설과 환경을 잘 갖추고 있다,likert,Y,63.44,환산100점,4657,0,3.5377,0.7779,4.0,3.0,4.0,63.44,63.44,53.02,,,,,,,시계열,,,
경기학교교육실태조사,중학교,2021,1주기,2.0,읍면지역,C09,만족도,S0902,세부 만족도,학부모,PR_SAT_DETAIL_09,학교에 대한 세부적인 만족도 - 9)학습에 불편하지 않게 교육시설과 환경을 잘 갖추고 있다,likert,Y,63.23,환산100점,1291,0,3.529,0.8173,4.0,3.0,4.0,63.23,63.23,52.29,,,,,,,시계열,,,
경기학교교육실태조사,중학교,2025,2주기,1.0,중소도시,C09,만족도,S0902,세부 만족도,학부모,PR_SAT_DETAIL_09,학교에 대한 세부적인 만족도 - 9)학습에 불편하지 않게 교육시설과 환경을 잘 갖추고 있다,likert,Y,64.42,환산100점,1222,0,3.5769,0.787,4.0,3.0,4.0,64.42,64.42,55.07,,,,,,,시계열,,,
경기학교교육실태조사,중학교,2025,2주기,2.0,읍면지역,C09,만족도,S0902,세부 만족도,학부모,PR_SAT_DETAIL_09,학교에 대한 세부적인 만족도 - 9)학습에 불편하지 않게 교육시설과 환경을 잘 갖추고 있다,likert,Y,65.87,환산100점,260,0,3.6346,0.7867,4.0,3.0,4.0,65.87,65.87,58.08,,,,,,,시계열,,,
경기학교교육실태조사,중학교,2021,1주기,1.0,중소도시,C09,만족도,S0902,세부 만족도,학부모,PR_SAT_DETAIL_10,학교에 대한 세부적인 만족도 - 10)학생의 안전을 위해 노력하고 있다,likert,Y,68.88,환산100점,4657,0,3.7552,0.7393,4.0,3.0,4.0,68.88,68.88,65.0,,,,,,,시계열,,,
경기학교교육실태조사,중학교,2021,1주기,2.0,읍면지역,C09,만족도,S0902,세부 만족도,학부모,PR_SAT_DETAIL_10,학교에 대한 세부적인 만족도 - 10)학생의 안전을 위해 노력하고 있다,likert,Y,68.84,환산100점,1291,0,3.7537,0.7459,4.0,3.0,4.0,68.84,68.84,65.14,,,,,,,시계열,,,
경기학교교육실태조사,중학교,2025,2주기,1.0,중소도시,C09,만족도,S0902,세부 만족도,학부모,PR_SAT_DETAIL_10,학교에 대한 세부적인 만족도 - 10)학생의 안전을 위해 노력하고 있다,likert,Y,69.89,환산100점,1222,0,3.7954,0.7312,4.0,3.0,4.0,69.89,69.89,67.84,,,,,,,시계열,,,
경기학교교육실태조사,중학교,2025,2주기,2.0,읍면지역,C09,만족도,S0902,세부 만족도,학부모,PR_SAT_DETAIL_10,학교에 대한 세부적인 만족도 - 10)학생의 안전을 위해 노력하고 있다,likert,Y,71.15,환산100점,260,0,3.8462,0.7807,4.0,3.0,4.0,71.15,71.15,70.38,,,,,,,시계열,,,
경기학교교육실태조사,중학교,2021,1주기,1.0,중소도시,C09,만족도,S0902,세부 만족도,학생,ST_SAT_DETAIL_01,세부적인 만족도 - 1)학습능력 신장,likert,Y,63.35,환산100점,6985,0,3.5341,0.88,4.0,3.0,4.0,63.35,63.35,50.44,,,,,,,시계열,,,
경기학교교육실태조사,중학교,2021,1주기,2.0,읍면지역,C09,만족도,S0902,세부 만족도,학생,ST_SAT_DETAIL_01,세부적인 만족도 - 1)학습능력 신장,likert,Y,64.53,환산100점,1899,0,3.5814,0.8626,4.0,3.0,4.0,64.53,64.53,53.34,,,,,,,시계열,,,
경기학교교육실태조사,중학교,2025,2주기,1.0,중소도시,C09,만족도,S0902,세부 만족도,학생,ST_SAT_DETAIL_01,세부적인 만족도 - 1)학습능력 신장,likert,Y,63.55,환산100점,4351,0,3.5422,0.9403,4.0,3.0,4.0,63.55,63.55,51.0,,,,,,,시계열,,,
경기학교교육실태조사,중학교,2025,2주기,2.0,읍면지역,C09,만족도,S0902,세부 만족도,학생,ST_SAT_DETAIL_01,세부적인 만족도 - 1)학습능력 신장,likert,Y,66.73,환산100점,822,0,3.6691,0.9101,4.0,3.0,4.0,66.73,66.73,57.06,,,,,,,시계열,,,
경기학교교육실태조사,중학교,2021,1주기,1.0,중소도시,C09,만족도,S0902,세부 만족도,학생,ST_SAT_DETAIL_02,세부적인 만족도 - 2)특기적성 신장,likert,Y,59.67,환산100점,6985,0,3.387,0.9403,3.0,3.0,4.0,59.67,59.67,42.89,,,,,,,시계열,,,
경기학교교육실태조사,중학교,2021,1주기,2.0,읍면지역,C09,만족도,S0902,세부 만족도,학생,ST_SAT_DETAIL_02,세부적인 만족도 - 2)특기적성 신장,likert,Y,61.7,환산100점,1899,0,3.4681,0.9292,3.0,3.0,4.0,61.7,61.7,47.13,,,,,,,시계열,,,
경기학교교육실태조사,중학교,2025,2주기,1.0,중소도시,C09,만족도,S0902,세부 만족도,학생,ST_SAT_DETAIL_02,세부적인 만족도 - 2)특기적성 신장,likert,Y,60.41,환산100점,4351,0,3.4165,0.9956,3.0,3.0,4.0,60.41,60.41,45.25,,,,,,,시계열,,,
경기학교교육실태조사,중학교,2025,2주기,2.0,읍면지역,C09,만족도,S0902,세부 만족도,학생,ST_SAT_DETAIL_02,세부적인 만족도 - 2)특기적성 신장,likert,Y,64.02,환산100점,822,0,3.5608,0.9911,4.0,3.0,4.0,64.02,64.02,52.92,,,,,,,시계열,,,
경기학교교육실태조사,중학교,2021,1주기,1.0,중소도시,C09,만족도,S0902,세부 만족도,학생,ST_SAT_DETAIL_03,세부적인 만족도 - 3)진로상담,likert,조건부,63.36,환산100점,6985,0,3.5346,0.942,4.0,3.0,4.0,63.36,63.36,50.99,,,,,,,시계열,,,
경기학교교육실태조사,중학교,2021,1주기,2.0,읍면지역,C09,만족도,S0902,세부 만족도,학생,ST_SAT_DETAIL_03,세부적인 만족도 - 3)진로상담,likert,조건부,64.22,환산100점,1899,0,3.5687,0.9519,4.0,3.0,4.0,64.22,64.22,53.08,,,,,,,시계열,,,
경기학교교육실태조사,중학교,2025,2주기,1.0,중소도시,C09,만족도,S0902,세부 만족도,학생,ST_SAT_DETAIL_03,세부적인 만족도 - 3)진로상담,likert,조건부,64.25,환산100점,4351,0,3.57,0.9597,4.0,3.0,4.0,64.25,64.25,52.56,,,,,,,시계열,,,
경기학교교육실태조사,중학교,2025,2주기,2.0,읍면지역,C09,만족도,S0902,세부 만족도,학생,ST_SAT_DETAIL_03,세부적인 만족도 - 3)진로상담,likert,조건부,66.48,환산100점,822,0,3.6594,0.9511,4.0,3.0,4.0,66.48,66.48,57.3,,,,,,,시계열,,,
경기학교교육실태조사,중학교,2021,1주기,1.0,중소도시,C09,만족도,S0902,세부 만족도,학생,ST_SAT_DETAIL_04,세부적인 만족도 - 4)학교급식,likert,Y,57.38,환산100점,6985,0,3.2951,1.2081,3.0,3.0,4.0,57.38,57.38,45.31,,,,,,,시계열,,,
경기학교교육실태조사,중학교,2021,1주기,2.0,읍면지역,C09,만족도,S0902,세부 만족도,학생,ST_SAT_DETAIL_04,세부적인 만족도 - 4)학교급식,likert,Y,59.24,환산100점,1899,0,3.3697,1.1875,3.0,3.0,4.0,59.24,59.24,47.08,,,,,,,시계열,,,
경기학교교육실태조사,중학교,2025,2주기,1.0,중소도시,C09,만족도,S0902,세부 만족도,학생,ST_SAT_DETAIL_04,세부적인 만족도 - 4)학교급식,likert,Y,68.17,환산100점,4351,0,3.7267,1.0883,4.0,3.0,5.0,68.17,68.17,60.54,,,,,,,시계열,,,
경기학교교육실태조사,중학교,2025,2주기,2.0,읍면지역,C09,만족도,S0902,세부 만족도,학생,ST_SAT_DETAIL_04,세부적인 만족도 - 4)학교급식,likert,Y,72.9,환산100점,822,0,3.9161,0.9989,4.0,3.0,5.0,72.9,72.9,67.88,,,,,,,시계열,,,
경기학교교육실태조사,중학교,2021,1주기,1.0,중소도시,C09,만족도,S0902,세부 만족도,학생,ST_SAT_DETAIL_05,세부적인 만족도 - 5)다양한 학습 프로그램,likert,Y,60.62,환산100점,6985,0,3.4246,0.9454,3.0,3.0,4.0,60.62,60.62,45.14,,,,,,,시계열,,,
경기학교교육실태조사,중학교,2021,1주기,2.0,읍면지역,C09,만족도,S0902,세부 만족도,학생,ST_SAT_DETAIL_05,세부적인 만족도 - 5)다양한 학습 프로그램,likert,Y,62.24,환산100점,1899,0,3.4897,0.9252,3.0,3.0,4.0,62.24,62.24,47.55,,,,,,,시계열,,,
경기학교교육실태조사,중학교,2025,2주기,1.0,중소도시,C09,만족도,S0902,세부 만족도,학생,ST_SAT_DETAIL_05,세부적인 만족도 - 5)다양한 학습 프로그램,likert,Y,63.87,환산100점,4351,0,3.5548,0.9585,4.0,3.0,4.0,63.87,63.87,51.87,,,,,,,시계열,,,
경기학교교육실태조사,중학교,2025,2주기,2.0,읍면지역,C09,만족도,S0902,세부 만족도,학생,ST_SAT_DETAIL_05,세부적인 만족도 - 5)다양한 학습 프로그램,likert,Y,66.85,환산100점,822,0,3.674,0.9369,4.0,3.0,4.0,66.85,66.85,57.06,,,,,,,시계열,,,
경기학교교육실태조사,중학교,2021,1주기,1.0,중소도시,C09,만족도,S0902,세부 만족도,학생,ST_SAT_DETAIL_06,세부적인 만족도 - 6)교육시설과 환경,likert,Y,62.47,환산100점,6985,0,3.4986,0.9308,3.0,3.0,4.0,62.47,62.47,49.33,,,,,,,시계열,,,
경기학교교육실태조사,중학교,2021,1주기,2.0,읍면지역,C09,만족도,S0902,세부 만족도,학생,ST_SAT_DETAIL_06,세부적인 만족도 - 6)교육시설과 환경,likert,Y,63.24,환산100점,1899,0,3.5298,0.927,3.0,3.0,4.0,63.24,63.24,49.76,,,,,,,시계열,,,
경기학교교육실태조사,중학교,2025,2주기,1.0,중소도시,C09,만족도,S0902,세부 만족도,학생,ST_SAT_DETAIL_06,세부적인 만족도 - 6)교육시설과 환경,likert,Y,63.7,환산100점,4351,0,3.5479,0.9699,4.0,3.0,4.0,63.7,63.7,53.83,,,,,,,시계열,,,
경기학교교육실태조사,중학교,2025,2주기,2.0,읍면지역,C09,만족도,S0902,세부 만족도,학생,ST_SAT_DETAIL_06,세부적인 만족도 - 6)교육시설과 환경,likert,Y,65.91,환산100점,822,0,3.6363,0.9648,4.0,3.0,4.0,65.91,65.91,59.37,,,,,,,시계열,,,
경기학교교육실태조사,중학교,2021,1주기,1.0,중소도시,C09,만족도,S0902,세부 만족도,교사,TR_SAT_DETAIL_01,학교만족도(세부) - 1)학교의 비전 및 중점추진사항,likert,Y,70.91,환산100점,4172,0,3.8365,0.8499,4.0,3.0,4.0,70.91,70.91,67.23,,,,,,,시계열,,,
경기학교교육실태조사,중학교,2021,1주기,2.0,읍면지역,C09,만족도,S0902,세부 만족도,교사,TR_SAT_DETAIL_01,학교만족도(세부) - 1)학교의 비전 및 중점추진사항,likert,Y,70.99,환산100점,1017,0,3.8397,0.8642,4.0,3.0,4.0,70.99,70.99,66.57,,,,,,,시계열,,,
경기학교교육실태조사,중학교,2025,2주기,1.0,중소도시,C09,만족도,S0902,세부 만족도,교사,TR_SAT_DETAIL_01,학교만족도(세부) - 1)학교의 비전 및 중점추진사항,likert,Y,68.79,환산100점,2286,0,3.7515,0.8551,4.0,3.0,4.0,68.79,68.79,65.0,,,,,,,시계열,,,
경기학교교육실태조사,중학교,2025,2주기,2.0,읍면지역,C09,만족도,S0902,세부 만족도,교사,TR_SAT_DETAIL_01,학교만족도(세부) - 1)학교의 비전 및 중점추진사항,likert,Y,74.12,환산100점,514,0,3.965,0.7841,4.0,4.0,4.0,74.12,74.12,76.46,,,,,,,시계열,,,
경기학교교육실태조사,중학교,2021,1주기,1.0,중소도시,C09,만족도,S0902,세부 만족도,교사,TR_SAT_DETAIL_02,학교만족도(세부) - 2)학교운영 참여,likert,Y,70.46,환산100점,4172,0,3.8183,0.8688,4.0,3.0,4.0,70.46,70.46,66.9,,,,,,,시계열,,,
경기학교교육실태조사,중학교,2021,1주기,2.0,읍면지역,C09,만족도,S0902,세부 만족도,교사,TR_SAT_DETAIL_02,학교만족도(세부) - 2)학교운영 참여,likert,Y,71.24,환산100점,1017,0,3.8496,0.8762,4.0,3.0,4.0,71.24,71.24,67.35,,,,,,,시계열,,,
경기학교교육실태조사,중학교,2025,2주기,1.0,중소도시,C09,만족도,S0902,세부 만족도,교사,TR_SAT_DETAIL_02,학교만족도(세부) - 2)학교운영 참여,likert,Y,66.62,환산100점,2286,0,3.6649,0.8819,4.0,3.0,4.0,66.62,66.62,60.06,,,,,,,시계열,,,
경기학교교육실태조사,중학교,2025,2주기,2.0,읍면지역,C09,만족도,S0902,세부 만족도,교사,TR_SAT_DETAIL_02,학교만족도(세부) - 2)학교운영 참여,likert,Y,72.37,환산100점,514,0,3.8949,0.8381,4.0,3.0,4.0,72.37,72.37,71.79,,,,,,,시계열,,,
경기학교교육실태조사,중학교,2021,1주기,1.0,중소도시,C09,만족도,S0902,세부 만족도,교사,TR_SAT_DETAIL_03,학교만족도(세부) - 3)교수-학습 활동 결과,likert,Y,73.88,환산100점,4172,0,3.9552,0.7555,4.0,3.0,4.0,73.88,73.88,74.33,,,,,,,시계열,,,
경기학교교육실태조사,중학교,2021,1주기,2.0,읍면지역,C09,만족도,S0902,세부 만족도,교사,TR_SAT_DETAIL_03,학교만족도(세부) - 3)교수-학습 활동 결과,likert,Y,73.6,환산100점,1017,0,3.944,0.7811,4.0,3.0,4.0,73.6,73.6,72.96,,,,,,,시계열,,,
경기학교교육실태조사,중학교,2025,2주기,1.0,중소도시,C09,만족도,S0902,세부 만족도,교사,TR_SAT_DETAIL_03,학교만족도(세부) - 3)교수-학습 활동 결과,likert,Y,71.97,환산100점,2286,0,3.8788,0.7876,4.0,3.0,4.0,71.97,71.97,72.22,,,,,,,시계열,,,
경기학교교육실태조사,중학교,2025,2주기,2.0,읍면지역,C09,만족도,S0902,세부 만족도,교사,TR_SAT_DETAIL_03,학교만족도(세부) - 3)교수-학습 활동 결과,likert,Y,75.58,환산100점,514,0,4.0233,0.7411,4.0,4.0,4.75,75.58,75.58,79.96,,,,,,,시계열,,,
경기학교교육실태조사,중학교,2021,1주기,1.0,중소도시,C09,만족도,S0902,세부 만족도,교사,TR_SAT_DETAIL_04,학교만족도(세부) - 4)새로운 교육활동 시도,likert,Y,72.76,환산100점,4172,0,3.9104,0.8109,4.0,3.0,4.0,72.76,72.76,71.14,,,,,,,시계열,,,
경기학교교육실태조사,중학교,2021,1주기,2.0,읍면지역,C09,만족도,S0902,세부 만족도,교사,TR_SAT_DETAIL_04,학교만족도(세부) - 4)새로운 교육활동 시도,likert,Y,73.03,환산100점,1017,0,3.9213,0.8251,4.0,3.0,5.0,73.03,73.03,70.99,,,,,,,시계열,,,
경기학교교육실태조사,중학교,2025,2주기,1.0,중소도시,C09,만족도,S0902,세부 만족도,교사,TR_SAT_DETAIL_04,학교만족도(세부) - 4)새로운 교육활동 시도,likert,Y,69.71,환산100점,2286,0,3.7883,0.8665,4.0,3.0,4.0,69.71,69.71,66.32,,,,,,,시계열,,,
경기학교교육실태조사,중학교,2025,2주기,2.0,읍면지역,C09,만족도,S0902,세부 만족도,교사,TR_SAT_DETAIL_04,학교만족도(세부) - 4)새로운 교육활동 시도,likert,Y,74.66,환산100점,514,0,3.9864,0.808,4.0,3.0,5.0,74.66,74.66,74.71,,,,,,,시계열,,,
경기학교교육실태조사,중학교,2021,1주기,1.0,중소도시,C10,진로·진학,S1001,교육포부,학부모,PR_ASPIRE_01,교육포부 - 교육포부,likert,Y,57.92,환산100점,4657,0,3.3169,0.897,3.0,3.0,4.0,57.92,57.92,28.26,,,,,,,시계열,,,
경기학교교육실태조사,중학교,2021,1주기,2.0,읍면지역,C10,진로·진학,S1001,교육포부,학부모,PR_ASPIRE_01,교육포부 - 교육포부,likert,Y,54.53,환산100점,1291,0,3.1813,0.9241,3.0,3.0,3.0,54.53,54.53,22.46,,,,,,,시계열,,,
경기학교교육실태조사,중학교,2025,2주기,1.0,중소도시,C10,진로·진학,S1001,교육포부,학부모,PR_ASPIRE_01,교육포부 - 교육포부,likert,Y,58.31,환산100점,1222,0,3.3322,0.8466,3.0,3.0,4.0,58.31,58.31,29.13,,,,,,,시계열,,,
경기학교교육실태조사,중학교,2025,2주기,2.0,읍면지역,C10,진로·진학,S1001,교육포부,학부모,PR_ASPIRE_01,교육포부 - 교육포부,likert,Y,54.04,환산100점,260,0,3.1615,0.877,3.0,3.0,3.0,54.04,54.04,18.85,,,,,,,시계열,,,
경기학교교육실태조사,중학교,2021,1주기,1.0,중소도시,C10,진로·진학,S1001,교육포부,학생,ST_ASPIRE_01,교육포부 - 교육포부,likert,Y,47.6,환산100점,6985,0,3.38,1.3914,3.0,3.0,4.0,47.6,47.6,22.79,,,,,,,시계열,,,
경기학교교육실태조사,중학교,2021,1주기,2.0,읍면지역,C10,진로·진학,S1001,교육포부,학생,ST_ASPIRE_01,교육포부 - 교육포부,likert,Y,46.87,환산100점,1899,0,3.3433,1.4901,3.0,3.0,4.0,46.87,46.87,23.28,,,,,,,시계열,,,
경기학교교육실태조사,중학교,2025,2주기,1.0,중소도시,C10,진로·진학,S1001,교육포부,학생,ST_ASPIRE_01,교육포부 - 교육포부,likert,Y,47.92,환산100점,4351,0,3.3962,1.4136,3.0,3.0,4.0,47.92,47.92,22.18,,,,,,,시계열,,,
경기학교교육실태조사,중학교,2025,2주기,2.0,읍면지역,C10,진로·진학,S1001,교육포부,학생,ST_ASPIRE_01,교육포부 - 교육포부,likert,Y,45.67,환산100점,822,0,3.2835,1.4343,3.0,3.0,4.0,45.67,45.67,19.83,,,,,,,시계열,,,
경기학교교육실태조사,중학교,2021,1주기,1.0,중소도시,C10,진로·진학,S1002,진로·진학 준비,학부모,PR_CAREER_01,진로·진학 준비 경험 및 인식 - 1)학교 담임교사와 상담(전화 상담 및 비대면 상담 포함),binary,Y,0.0,긍정응답률(%),4657,0,1.2899,0.4538,1.0,1.0,2.0,,,,0.0,,,,,,시계열,,,
경기학교교육실태조사,중학교,2021,1주기,2.0,읍면지역,C10,진로·진학,S1002,진로·진학 준비,학부모,PR_CAREER_01,진로·진학 준비 경험 및 인식 - 1)학교 담임교사와 상담(전화 상담 및 비대면 상담 포함),binary,Y,0.0,긍정응답률(%),1291,0,1.2905,0.4542,1.0,1.0,2.0,,,,0.0,,,,,,시계열,,,
경기학교교육실태조사,중학교,2025,2주기,1.0,중소도시,C10,진로·진학,S1002,진로·진학 준비,학부모,PR_CAREER_01,진로·진학 준비 경험 및 인식 - 1)학교 담임교사와 상담(전화 상담 및 비대면 상담 포함),binary,Y,0.0,긍정응답률(%),1222,0,1.2831,0.4507,1.0,1.0,2.0,,,,0.0,,,,,,시계열,,,
경기학교교육실태조사,중학교,2025,2주기,2.0,읍면지역,C10,진로·진학,S1002,진로·진학 준비,학부모,PR_CAREER_01,진로·진학 준비 경험 및 인식 - 1)학교 담임교사와 상담(전화 상담 및 비대면 상담 포함),binary,Y,0.0,긍정응답률(%),260,0,1.2038,0.4036,1.0,1.0,1.0,,,,0.0,,,,,,시계열,,,
경기학교교육실태조사,중학교,2021,1주기,1.0,중소도시,C10,진로·진학,S1002,진로·진학 준비,학부모,PR_CAREER_02,진로·진학 준비 경험 및 인식 - 2)학교 진로담당교사와 상담(전화 상담 및 비대면 상담 포함),binary,Y,0.0,긍정응답률(%),4657,0,1.8634,0.3434,2.0,2.0,2.0,,,,0.0,,,,,,시계열,,,
경기학교교육실태조사,중학교,2021,1주기,2.0,읍면지역,C10,진로·진학,S1002,진로·진학 준비,학부모,PR_CAREER_02,진로·진학 준비 경험 및 인식 - 2)학교 진로담당교사와 상담(전화 상담 및 비대면 상담 포함),binary,Y,0.0,긍정응답률(%),1291,0,1.8095,0.3929,2.0,2.0,2.0,,,,0.0,,,,,,시계열,,,
경기학교교육실태조사,중학교,2025,2주기,1.0,중소도시,C10,진로·진학,S1002,진로·진학 준비,학부모,PR_CAREER_02,진로·진학 준비 경험 및 인식 - 2)학교 진로담당교사와 상담(전화 상담 및 비대면 상담 포함),binary,Y,0.0,긍정응답률(%),1222,0,1.7856,0.4106,2.0,2.0,2.0,,,,0.0,,,,,,시계열,,,
경기학교교육실태조사,중학교,2025,2주기,2.0,읍면지역,C10,진로·진학,S1002,진로·진학 준비,학부모,PR_CAREER_02,진로·진학 준비 경험 및 인식 - 2)학교 진로담당교사와 상담(전화 상담 및 비대면 상담 포함),binary,Y,0.0,긍정응답률(%),260,0,1.6962,0.4608,2.0,1.0,2.0,,,,0.0,,,,,,시계열,,,
경기학교교육실태조사,중학교,2021,1주기,1.0,중소도시,C10,진로·진학,S1002,진로·진학 준비,학부모,PR_CAREER_03,진로·진학 준비 경험 및 인식 - 3)학교 교과담당교사와 상담(전화 상담 및 비대면 상담 포함),binary,Y,0.0,긍정응답률(%),4657,0,1.898,0.3027,2.0,2.0,2.0,,,,0.0,,,,,,시계열,,,
경기학교교육실태조사,중학교,2021,1주기,2.0,읍면지역,C10,진로·진학,S1002,진로·진학 준비,학부모,PR_CAREER_03,진로·진학 준비 경험 및 인식 - 3)학교 교과담당교사와 상담(전화 상담 및 비대면 상담 포함),binary,Y,0.0,긍정응답률(%),1291,0,1.8629,0.3441,2.0,2.0,2.0,,,,0.0,,,,,,시계열,,,
경기학교교육실태조사,중학교,2025,2주기,1.0,중소도시,C10,진로·진학,S1002,진로·진학 준비,학부모,PR_CAREER_03,진로·진학 준비 경험 및 인식 - 3)학교 교과담당교사와 상담(전화 상담 및 비대면 상담 포함),binary,Y,0.0,긍정응답률(%),1222,0,1.8208,0.3837,2.0,2.0,2.0,,,,0.0,,,,,,시계열,,,
경기학교교육실태조사,중학교,2025,2주기,2.0,읍면지역,C10,진로·진학,S1002,진로·진학 준비,학부모,PR_CAREER_03,진로·진학 준비 경험 및 인식 - 3)학교 교과담당교사와 상담(전화 상담 및 비대면 상담 포함),binary,Y,0.0,긍정응답률(%),260,0,1.7462,0.436,2.0,1.0,2.0,,,,0.0,,,,,,시계열,,,
경기학교교육실태조사,중학교,2021,1주기,1.0,중소도시,C10,진로·진학,S1002,진로·진학 준비,학부모,PR_CAREER_04,"진로·진학 준비 경험 및 인식 - 4)사교육종사자(학원강사, 과외교사, 입시진로 컨설팅 회사 등)와 상담",binary,Y,0.0,긍정응답률(%),4657,0,1.3406,0.4739,1.0,1.0,2.0,,,,0.0,,,,,,시계열,,,
경기학교교육실태조사,중학교,2021,1주기,2.0,읍면지역,C10,진로·진학,S1002,진로·진학 준비,학부모,PR_CAREER_04,"진로·진학 준비 경험 및 인식 - 4)사교육종사자(학원강사, 과외교사, 입시진로 컨설팅 회사 등)와 상담",binary,Y,0.0,긍정응답률(%),1291,0,1.4338,0.4958,1.0,1.0,2.0,,,,0.0,,,,,,시계열,,,
경기학교교육실태조사,중학교,2025,2주기,1.0,중소도시,C10,진로·진학,S1002,진로·진학 준비,학부모,PR_CAREER_04,"진로·진학 준비 경험 및 인식 - 4)사교육종사자(학원강사, 과외교사, 입시진로 컨설팅 회사 등)와 상담",binary,Y,0.0,긍정응답률(%),1222,0,1.3314,0.4709,1.0,1.0,2.0,,,,0.0,,,,,,시계열,,,
경기학교교육실태조사,중학교,2025,2주기,2.0,읍면지역,C10,진로·진학,S1002,진로·진학 준비,학부모,PR_CAREER_04,"진로·진학 준비 경험 및 인식 - 4)사교육종사자(학원강사, 과외교사, 입시진로 컨설팅 회사 등)와 상담",binary,Y,0.0,긍정응답률(%),260,0,1.3808,0.4865,1.0,1.0,2.0,,,,0.0,,,,,,시계열,,,
경기학교교육실태조사,중학교,2021,1주기,1.0,중소도시,C10,진로·진학,S1002,진로·진학 준비,학부모,PR_CAREER_05,"진로·진학 준비 경험 및 인식 - 5)진로 관련 검사(적성, 흥미검사 등) 실시",binary,Y,0.0,긍정응답률(%),4657,0,1.5585,0.4966,2.0,1.0,2.0,,,,0.0,,,,,,시계열,,,
경기학교교육실태조사,중학교,2021,1주기,2.0,읍면지역,C10,진로·진학,S1002,진로·진학 준비,학부모,PR_CAREER_05,"진로·진학 준비 경험 및 인식 - 5)진로 관련 검사(적성, 흥미검사 등) 실시",binary,Y,0.0,긍정응답률(%),1291,0,1.6019,0.4897,2.0,1.0,2.0,,,,0.0,,,,,,시계열,,,
경기학교교육실태조사,중학교,2025,2주기,1.0,중소도시,C10,진로·진학,S1002,진로·진학 준비,학부모,PR_CAREER_05,"진로·진학 준비 경험 및 인식 - 5)진로 관련 검사(적성, 흥미검사 등) 실시",binary,Y,0.0,긍정응답률(%),1222,0,1.491,0.5001,1.0,1.0,2.0,,,,0.0,,,,,,시계열,,,
경기학교교육실태조사,중학교,2025,2주기,2.0,읍면지역,C10,진로·진학,S1002,진로·진학 준비,학부모,PR_CAREER_05,"진로·진학 준비 경험 및 인식 - 5)진로 관련 검사(적성, 흥미검사 등) 실시",binary,Y,0.0,긍정응답률(%),260,0,1.5769,0.495,2.0,1.0,2.0,,,,0.0,,,,,,시계열,,,
경기학교교육실태조사,중학교,2021,1주기,1.0,중소도시,C10,진로·진학,S1002,진로·진학 준비,학부모,PR_CAREER_06,진로·진학 준비 경험 및 인식 - 6)상급학교(고등학교·대학교) 직접 방문(입시설명회 포함) 및 전화 상담,binary,조건부,0.0,긍정응답률(%),4657,0,1.8012,0.3992,2.0,2.0,2.0,,,,0.0,,,,,,시계열,,,
경기학교교육실태조사,중학교,2021,1주기,2.0,읍면지역,C10,진로·진학,S1002,진로·진학 준비,학부모,PR_CAREER_06,진로·진학 준비 경험 및 인식 - 6)상급학교(고등학교·대학교) 직접 방문(입시설명회 포함) 및 전화 상담,binary,조건부,0.0,긍정응답률(%),1291,0,1.7607,0.4269,2.0,2.0,2.0,,,,0.0,,,,,,시계열,,,
경기학교교육실태조사,중학교,2025,2주기,1.0,중소도시,C10,진로·진학,S1002,진로·진학 준비,학부모,PR_CAREER_06,진로·진학 준비 경험 및 인식 - 6)상급학교(고등학교·대학교) 직접 방문(입시설명회 포함) 및 전화 상담,binary,조건부,0.0,긍정응답률(%),1222,0,1.464,0.4989,1.0,1.0,2.0,,,,0.0,,,,,,시계열,,,
경기학교교육실태조사,중학교,2025,2주기,2.0,읍면지역,C10,진로·진학,S1002,진로·진학 준비,학부모,PR_CAREER_06,진로·진학 준비 경험 및 인식 - 6)상급학교(고등학교·대학교) 직접 방문(입시설명회 포함) 및 전화 상담,binary,조건부,0.0,긍정응답률(%),260,0,1.4846,0.5007,1.0,1.0,2.0,,,,0.0,,,,,,시계열,,,
경기학교교육실태조사,중학교,2021,1주기,1.0,중소도시,C10,진로·진학,S1002,진로·진학 준비,학부모,PR_CAREER_07,진로·진학 준비 경험 및 인식 - 7)상급학교 안내책자(홍보자료)를 통한 정보 수집,binary,Y,0.0,긍정응답률(%),4657,0,1.4685,0.4991,1.0,1.0,2.0,,,,0.0,,,,,,시계열,,,
경기학교교육실태조사,중학교,2021,1주기,2.0,읍면지역,C10,진로·진학,S1002,진로·진학 준비,학부모,PR_CAREER_07,진로·진학 준비 경험 및 인식 - 7)상급학교 안내책자(홍보자료)를 통한 정보 수집,binary,Y,0.0,긍정응답률(%),1291,0,1.5058,0.5002,2.0,1.0,2.0,,,,0.0,,,,,,시계열,,,
경기학교교육실태조사,중학교,2025,2주기,1.0,중소도시,C10,진로·진학,S1002,진로·진학 준비,학부모,PR_CAREER_07,진로·진학 준비 경험 및 인식 - 7)상급학교 안내책자(홍보자료)를 통한 정보 수집,binary,Y,0.0,긍정응답률(%),1222,0,1.2962,0.4568,1.0,1.0,2.0,,,,0.0,,,,,,시계열,,,
경기학교교육실태조사,중학교,2025,2주기,2.0,읍면지역,C10,진로·진학,S1002,진로·진학 준비,학부모,PR_CAREER_07,진로·진학 준비 경험 및 인식 - 7)상급학교 안내책자(홍보자료)를 통한 정보 수집,binary,Y,0.0,긍정응답률(%),260,0,1.3423,0.4754,1.0,1.0,2.0,,,,0.0,,,,,,시계열,,,
경기학교교육실태조사,중학교,2021,1주기,1.0,중소도시,C10,진로·진학,S1002,진로·진학 준비,학부모,PR_CAREER_08,"진로·진학 준비 경험 및 인식 - 8)대중매체(TV, 신문 등)를 통한 정보 수집",binary,Y,0.0,긍정응답률(%),4657,0,1.5111,0.4999,2.0,1.0,2.0,,,,0.0,,,,,,시계열,,,
경기학교교육실태조사,중학교,2021,1주기,2.0,읍면지역,C10,진로·진학,S1002,진로·진학 준비,학부모,PR_CAREER_08,"진로·진학 준비 경험 및 인식 - 8)대중매체(TV, 신문 등)를 통한 정보 수집",binary,Y,0.0,긍정응답률(%),1291,0,1.567,0.4957,2.0,1.0,2.0,,,,0.0,,,,,,시계열,,,
경기학교교육실태조사,중학교,2025,2주기,1.0,중소도시,C10,진로·진학,S1002,진로·진학 준비,학부모,PR_CAREER_08,"진로·진학 준비 경험 및 인식 - 8)대중매체(TV, 신문 등)를 통한 정보 수집",binary,Y,0.0,긍정응답률(%),1222,0,1.3576,0.4795,1.0,1.0,2.0,,,,0.0,,,,,,시계열,,,
경기학교교육실태조사,중학교,2025,2주기,2.0,읍면지역,C10,진로·진학,S1002,진로·진학 준비,학부모,PR_CAREER_08,"진로·진학 준비 경험 및 인식 - 8)대중매체(TV, 신문 등)를 통한 정보 수집",binary,Y,0.0,긍정응답률(%),260,0,1.3846,0.4874,1.0,1.0,2.0,,,,0.0,,,,,,시계열,,,
경기학교교육실태조사,중학교,2021,1주기,1.0,중소도시,C10,진로·진학,S1002,진로·진학 준비,학부모,PR_CAREER_09,진로·진학 준비 경험 및 인식 - 9)온라인 커뮤니티를 통한 정보 수집,binary,Y,0.0,긍정응답률(%),4657,0,1.3732,0.4837,1.0,1.0,2.0,,,,0.0,,,,,,시계열,,,
경기학교교육실태조사,중학교,2021,1주기,2.0,읍면지역,C10,진로·진학,S1002,진로·진학 준비,학부모,PR_CAREER_09,진로·진학 준비 경험 및 인식 - 9)온라인 커뮤니티를 통한 정보 수집,binary,Y,0.0,긍정응답률(%),1291,0,1.4601,0.4986,1.0,1.0,2.0,,,,0.0,,,,,,시계열,,,
경기학교교육실태조사,중학교,2025,2주기,1.0,중소도시,C10,진로·진학,S1002,진로·진학 준비,학부모,PR_CAREER_09,진로·진학 준비 경험 및 인식 - 9)온라인 커뮤니티를 통한 정보 수집,binary,Y,0.0,긍정응답률(%),1222,0,1.2537,0.4353,1.0,1.0,2.0,,,,0.0,,,,,,시계열,,,
경기학교교육실태조사,중학교,2025,2주기,2.0,읍면지역,C10,진로·진학,S1002,진로·진학 준비,학부모,PR_CAREER_09,진로·진학 준비 경험 및 인식 - 9)온라인 커뮤니티를 통한 정보 수집,binary,Y,0.0,긍정응답률(%),260,0,1.2731,0.4464,1.0,1.0,2.0,,,,0.0,,,,,,시계열,,,
경기학교교육실태조사,중학교,2021,1주기,1.0,중소도시,C10,진로·진학,S1002,진로·진학 준비,학부모,PR_CAREER_10,진로·진학 준비 경험 및 인식 - 1)학교 담임교사와 상담(전화 상담 및 비대면 상담 포함),likert,Y,62.96,환산100점,3307,1350,3.5183,0.8064,4.0,3.0,4.0,62.96,62.96,52.68,,,,,,,시계열,,,
경기학교교육실태조사,중학교,2021,1주기,2.0,읍면지역,C10,진로·진학,S1002,진로·진학 준비,학부모,PR_CAREER_10,진로·진학 준비 경험 및 인식 - 1)학교 담임교사와 상담(전화 상담 및 비대면 상담 포함),likert,Y,61.9,환산100점,916,375,3.476,0.8141,4.0,3.0,4.0,61.9,61.9,50.44,,,,,,,시계열,,,
경기학교교육실태조사,중학교,2025,2주기,1.0,중소도시,C10,진로·진학,S1002,진로·진학 준비,학부모,PR_CAREER_10,진로·진학 준비 경험 및 인식 - 1)학교 담임교사와 상담(전화 상담 및 비대면 상담 포함),likert,Y,76.51,환산100점,876,346,4.0605,0.8055,4.0,4.0,5.0,76.51,76.51,76.71,,,,,,,시계열,,,
경기학교교육실태조사,중학교,2025,2주기,2.0,읍면지역,C10,진로·진학,S1002,진로·진학 준비,학부모,PR_CAREER_10,진로·진학 준비 경험 및 인식 - 1)학교 담임교사와 상담(전화 상담 및 비대면 상담 포함),likert,Y,75.6,환산100점,207,53,4.0242,0.8386,4.0,4.0,5.0,75.6,75.6,75.85,,,,,,,시계열,,,
경기학교교육실태조사,중학교,2021,1주기,1.0,중소도시,C10,진로·진학,S1002,진로·진학 준비,학부모,PR_CAREER_11,진로·진학 준비 경험 및 인식 - 2)학교 진로담당교사와 상담(전화 상담 및 비대면 상담 포함),likert,Y,59.51,환산100점,636,4021,3.3805,0.8694,3.0,3.0,4.0,59.51,59.51,47.8,,,,,,,시계열,,,
경기학교교육실태조사,중학교,2021,1주기,2.0,읍면지역,C10,진로·진학,S1002,진로·진학 준비,학부모,PR_CAREER_11,진로·진학 준비 경험 및 인식 - 2)학교 진로담당교사와 상담(전화 상담 및 비대면 상담 포함),likert,Y,62.4,환산100점,246,1045,3.4959,0.8415,3.0,3.0,4.0,62.4,62.4,49.19,,,,,,,시계열,,,
경기학교교육실태조사,중학교,2025,2주기,1.0,중소도시,C10,진로·진학,S1002,진로·진학 준비,학부모,PR_CAREER_11,진로·진학 준비 경험 및 인식 - 2)학교 진로담당교사와 상담(전화 상담 및 비대면 상담 포함),likert,Y,72.81,환산100점,262,960,3.9122,0.8731,4.0,3.0,5.0,72.81,72.81,69.47,,,,,,,시계열,,,
경기학교교육실태조사,중학교,2025,2주기,2.0,읍면지역,C10,진로·진학,S1002,진로·진학 준비,학부모,PR_CAREER_11,진로·진학 준비 경험 및 인식 - 2)학교 진로담당교사와 상담(전화 상담 및 비대면 상담 포함),likert,Y,74.05,환산100점,79,181,3.962,0.7415,4.0,4.0,4.0,74.05,74.05,75.95,,,,,,,시계열,,,
경기학교교육실태조사,중학교,2021,1주기,1.0,중소도시,C10,진로·진학,S1002,진로·진학 준비,학부모,PR_CAREER_12,진로·진학 준비 경험 및 인식 - 3)학교 교과담당교사와 상담(전화 상담 및 비대면 상담 포함),likert,Y,60.21,환산100점,475,4182,3.4084,0.8429,3.0,3.0,4.0,60.21,60.21,48.21,,,,,,,시계열,,,
경기학교교육실태조사,중학교,2021,1주기,2.0,읍면지역,C10,진로·진학,S1002,진로·진학 준비,학부모,PR_CAREER_12,진로·진학 준비 경험 및 인식 - 3)학교 교과담당교사와 상담(전화 상담 및 비대면 상담 포함),likert,Y,62.43,환산100점,177,1114,3.4972,0.899,4.0,3.0,4.0,62.43,62.43,50.28,,,,,,,시계열,,,
경기학교교육실태조사,중학교,2025,2주기,1.0,중소도시,C10,진로·진학,S1002,진로·진학 준비,학부모,PR_CAREER_12,진로·진학 준비 경험 및 인식 - 3)학교 교과담당교사와 상담(전화 상담 및 비대면 상담 포함),likert,Y,72.83,환산100점,219,1003,3.9132,0.8603,4.0,3.0,5.0,72.83,72.83,71.23,,,,,,,시계열,,,
경기학교교육실태조사,중학교,2025,2주기,2.0,읍면지역,C10,진로·진학,S1002,진로·진학 준비,학부모,PR_CAREER_12,진로·진학 준비 경험 및 인식 - 3)학교 교과담당교사와 상담(전화 상담 및 비대면 상담 포함),likert,Y,76.14,환산100점,66,194,4.0455,0.6891,4.0,4.0,4.0,76.14,76.14,81.82,,,,,,,시계열,,,
경기학교교육실태조사,중학교,2021,1주기,1.0,중소도시,C10,진로·진학,S1002,진로·진학 준비,학부모,PR_CAREER_13,"진로·진학 준비 경험 및 인식 - 4)사교육종사자(학원강사, 과외교사, 입시진로 컨설팅 회사 등)와 상담",likert,Y,61.51,환산100점,3071,1586,3.4604,0.7408,3.0,3.0,4.0,61.51,61.51,48.71,,,,,,,시계열,,,
경기학교교육실태조사,중학교,2021,1주기,2.0,읍면지역,C10,진로·진학,S1002,진로·진학 준비,학부모,PR_CAREER_13,"진로·진학 준비 경험 및 인식 - 4)사교육종사자(학원강사, 과외교사, 입시진로 컨설팅 회사 등)와 상담",likert,Y,60.81,환산100점,731,560,3.4323,0.7598,3.0,3.0,4.0,60.81,60.81,47.06,,,,,,,시계열,,,
경기학교교육실태조사,중학교,2025,2주기,1.0,중소도시,C10,진로·진학,S1002,진로·진학 준비,학부모,PR_CAREER_13,"진로·진학 준비 경험 및 인식 - 4)사교육종사자(학원강사, 과외교사, 입시진로 컨설팅 회사 등)와 상담",likert,Y,73.68,환산100점,817,405,3.9474,0.663,4.0,4.0,4.0,73.68,73.68,77.48,,,,,,,시계열,,,
경기학교교육실태조사,중학교,2025,2주기,2.0,읍면지역,C10,진로·진학,S1002,진로·진학 준비,학부모,PR_CAREER_13,"진로·진학 준비 경험 및 인식 - 4)사교육종사자(학원강사, 과외교사, 입시진로 컨설팅 회사 등)와 상담",likert,Y,73.45,환산100점,161,99,3.9379,0.6679,4.0,4.0,4.0,73.45,73.45,77.02,,,,,,,시계열,,,
경기학교교육실태조사,중학교,2021,1주기,1.0,중소도시,C10,진로·진학,S1002,진로·진학 준비,학부모,PR_CAREER_14,"진로·진학 준비 경험 및 인식 - 5)진로 관련 검사(적성, 흥미검사 등) 실시",likert,Y,57.13,환산100점,2056,2601,3.285,0.7386,3.0,3.0,4.0,57.13,57.13,37.94,,,,,,,시계열,,,
경기학교교육실태조사,중학교,2021,1주기,2.0,읍면지역,C10,진로·진학,S1002,진로·진학 준비,학부모,PR_CAREER_14,"진로·진학 준비 경험 및 인식 - 5)진로 관련 검사(적성, 흥미검사 등) 실시",likert,Y,57.73,환산100점,514,777,3.3093,0.7568,3.0,3.0,4.0,57.73,57.73,37.74,,,,,,,시계열,,,
경기학교교육실태조사,중학교,2025,2주기,1.0,중소도시,C10,진로·진학,S1002,진로·진학 준비,학부모,PR_CAREER_14,"진로·진학 준비 경험 및 인식 - 5)진로 관련 검사(적성, 흥미검사 등) 실시",likert,Y,69.21,환산100점,622,600,3.7685,0.7231,4.0,3.0,4.0,69.21,69.21,65.27,,,,,,,시계열,,,
경기학교교육실태조사,중학교,2025,2주기,2.0,읍면지역,C10,진로·진학,S1002,진로·진학 준비,학부모,PR_CAREER_14,"진로·진학 준비 경험 및 인식 - 5)진로 관련 검사(적성, 흥미검사 등) 실시",likert,Y,71.59,환산100점,110,150,3.8636,0.71,4.0,4.0,4.0,71.59,71.59,76.36,,,,,,,시계열,,,
경기학교교육실태조사,중학교,2021,1주기,1.0,중소도시,C10,진로·진학,S1002,진로·진학 준비,학부모,PR_CAREER_15,진로·진학 준비 경험 및 인식 - 6)상급학교(고등학교·대학교) 직접 방문(입시설명회 포함) 및 전화 상담,likert,조건부,61.91,환산100점,926,3731,3.4762,0.7746,4.0,3.0,4.0,61.91,61.91,50.32,,,,,,,시계열,,,
경기학교교육실태조사,중학교,2021,1주기,2.0,읍면지역,C10,진로·진학,S1002,진로·진학 준비,학부모,PR_CAREER_15,진로·진학 준비 경험 및 인식 - 6)상급학교(고등학교·대학교) 직접 방문(입시설명회 포함) 및 전화 상담,likert,조건부,64.16,환산100점,309,982,3.5663,0.781,4.0,3.0,4.0,64.16,64.16,56.96,,,,,,,시계열,,,
경기학교교육실태조사,중학교,2025,2주기,1.0,중소도시,C10,진로·진학,S1002,진로·진학 준비,학부모,PR_CAREER_15,진로·진학 준비 경험 및 인식 - 6)상급학교(고등학교·대학교) 직접 방문(입시설명회 포함) 및 전화 상담,likert,조건부,77.02,환산100점,655,567,4.0809,0.6598,4.0,4.0,5.0,77.02,77.02,83.21,,,,,,,시계열,,,
경기학교교육실태조사,중학교,2025,2주기,2.0,읍면지역,C10,진로·진학,S1002,진로·진학 준비,학부모,PR_CAREER_15,진로·진학 준비 경험 및 인식 - 6)상급학교(고등학교·대학교) 직접 방문(입시설명회 포함) 및 전화 상담,likert,조건부,75.19,환산100점,134,126,4.0075,0.7097,4.0,4.0,4.0,75.19,75.19,80.6,,,,,,,시계열,,,
경기학교교육실태조사,중학교,2021,1주기,1.0,중소도시,C10,진로·진학,S1002,진로·진학 준비,학부모,PR_CAREER_16,진로·진학 준비 경험 및 인식 - 7)상급학교 안내책자(홍보자료)를 통한 정보 수집,likert,Y,57.15,환산100점,2475,2182,3.2861,0.7275,3.0,3.0,4.0,57.15,57.15,37.54,,,,,,,시계열,,,
경기학교교육실태조사,중학교,2021,1주기,2.0,읍면지역,C10,진로·진학,S1002,진로·진학 준비,학부모,PR_CAREER_16,진로·진학 준비 경험 및 인식 - 7)상급학교 안내책자(홍보자료)를 통한 정보 수집,likert,Y,58.07,환산100점,638,653,3.3229,0.7595,3.0,3.0,4.0,58.07,58.07,39.81,,,,,,,시계열,,,
경기학교교육실태조사,중학교,2025,2주기,1.0,중소도시,C10,진로·진학,S1002,진로·진학 준비,학부모,PR_CAREER_16,진로·진학 준비 경험 및 인식 - 7)상급학교 안내책자(홍보자료)를 통한 정보 수집,likert,Y,70.49,환산100점,860,362,3.8198,0.6799,4.0,3.0,4.0,70.49,70.49,68.95,,,,,,,시계열,,,
경기학교교육실태조사,중학교,2025,2주기,2.0,읍면지역,C10,진로·진학,S1002,진로·진학 준비,학부모,PR_CAREER_16,진로·진학 준비 경험 및 인식 - 7)상급학교 안내책자(홍보자료)를 통한 정보 수집,likert,Y,69.01,환산100점,171,89,3.7602,0.7161,4.0,3.0,4.0,69.01,69.01,64.33,,,,,,,시계열,,,
경기학교교육실태조사,중학교,2021,1주기,1.0,중소도시,C10,진로·진학,S1002,진로·진학 준비,학부모,PR_CAREER_17,"진로·진학 준비 경험 및 인식 - 8)대중매체(TV, 신문 등)를 통한 정보 수집",likert,Y,57.55,환산100점,2277,2380,3.3022,0.7071,3.0,3.0,4.0,57.55,57.55,37.24,,,,,,,시계열,,,
경기학교교육실태조사,중학교,2021,1주기,2.0,읍면지역,C10,진로·진학,S1002,진로·진학 준비,학부모,PR_CAREER_17,"진로·진학 준비 경험 및 인식 - 8)대중매체(TV, 신문 등)를 통한 정보 수집",likert,Y,57.16,환산100점,559,732,3.2862,0.7599,3.0,3.0,4.0,57.16,57.16,37.57,,,,,,,시계열,,,
경기학교교육실태조사,중학교,2025,2주기,1.0,중소도시,C10,진로·진학,S1002,진로·진학 준비,학부모,PR_CAREER_17,"진로·진학 준비 경험 및 인식 - 8)대중매체(TV, 신문 등)를 통한 정보 수집",likert,Y,67.42,환산100점,785,437,3.6968,0.6887,4.0,3.0,4.0,67.42,67.42,63.18,,,,,,,시계열,,,
경기학교교육실태조사,중학교,2025,2주기,2.0,읍면지역,C10,진로·진학,S1002,진로·진학 준비,학부모,PR_CAREER_17,"진로·진학 준비 경험 및 인식 - 8)대중매체(TV, 신문 등)를 통한 정보 수집",likert,Y,66.25,환산100점,160,100,3.65,0.6364,4.0,3.0,4.0,66.25,66.25,60.0,,,,,,,시계열,,,
경기학교교육실태조사,중학교,2021,1주기,1.0,중소도시,C10,진로·진학,S1002,진로·진학 준비,학부모,PR_CAREER_18,진로·진학 준비 경험 및 인식 - 9)온라인 커뮤니티를 통한 정보 수집,likert,Y,58.32,환산100점,2919,1738,3.3326,0.7222,3.0,3.0,4.0,58.32,58.32,39.53,,,,,,,시계열,,,
경기학교교육실태조사,중학교,2021,1주기,2.0,읍면지역,C10,진로·진학,S1002,진로·진학 준비,학부모,PR_CAREER_18,진로·진학 준비 경험 및 인식 - 9)온라인 커뮤니티를 통한 정보 수집,likert,Y,58.07,환산100점,697,594,3.3228,0.7508,3.0,3.0,4.0,58.07,58.07,40.03,,,,,,,시계열,,,
경기학교교육실태조사,중학교,2025,2주기,1.0,중소도시,C10,진로·진학,S1002,진로·진학 준비,학부모,PR_CAREER_18,진로·진학 준비 경험 및 인식 - 9)온라인 커뮤니티를 통한 정보 수집,likert,Y,69.54,환산100점,912,310,3.7818,0.6883,4.0,3.0,4.0,69.54,69.54,67.11,,,,,,,시계열,,,
경기학교교육실태조사,중학교,2025,2주기,2.0,읍면지역,C10,진로·진학,S1002,진로·진학 준비,학부모,PR_CAREER_18,진로·진학 준비 경험 및 인식 - 9)온라인 커뮤니티를 통한 정보 수집,likert,Y,66.27,환산100점,189,71,3.6508,0.6722,4.0,3.0,4.0,66.27,66.27,59.26,,,,,,,시계열,,,
경기학교교육실태조사,중학교,2021,1주기,1.0,중소도시,C11,교사 전문성,S1101A,교사효능감,교사,TR_EFFICACY_01,교사효능감·교사의 사기 - 1)학생들이 수업에 집중하지 않을 때 왜 그런지 이유를 파악할 수 있다,likert,Y,78.21,환산100점,4172,0,4.1285,0.6483,4.0,4.0,5.0,78.21,78.21,88.45,,,,,,,시계열,,,
경기학교교육실태조사,중학교,2021,1주기,2.0,읍면지역,C11,교사 전문성,S1101A,교사효능감,교사,TR_EFFICACY_01,교사효능감·교사의 사기 - 1)학생들이 수업에 집중하지 않을 때 왜 그런지 이유를 파악할 수 있다,likert,Y,78.42,환산100점,1017,0,4.1367,0.6551,4.0,4.0,5.0,78.42,78.42,87.81,,,,,,,시계열,,,
경기학교교육실태조사,중학교,2025,2주기,1.0,중소도시,C11,교사 전문성,S1101A,교사효능감,교사,TR_EFFICACY_01,교사효능감·교사의 사기 - 1)학생들이 수업에 집중하지 않을 때 왜 그런지 이유를 파악할 수 있다,likert,Y,73.52,환산100점,2286,0,3.9409,0.6465,4.0,4.0,4.0,73.52,73.52,81.45,,,,,,,시계열,,,
경기학교교육실태조사,중학교,2025,2주기,2.0,읍면지역,C11,교사 전문성,S1101A,교사효능감,교사,TR_EFFICACY_01,교사효능감·교사의 사기 - 1)학생들이 수업에 집중하지 않을 때 왜 그런지 이유를 파악할 수 있다,likert,Y,74.37,환산100점,514,0,3.9747,0.6378,4.0,4.0,4.0,74.37,74.37,81.91,,,,,,,시계열,,,
경기학교교육실태조사,중학교,2021,1주기,1.0,중소도시,C11,교사 전문성,S1101A,교사효능감,교사,TR_EFFICACY_02,교사효능감·교사의 사기 - 2)학생들의 학업 능력에 대해 판단할 수 있다,likert,Y,80.18,환산100점,4172,0,4.2073,0.5952,4.0,4.0,5.0,80.18,80.18,92.09,,,,,,,시계열,,,
경기학교교육실태조사,중학교,2021,1주기,2.0,읍면지역,C11,교사 전문성,S1101A,교사효능감,교사,TR_EFFICACY_02,교사효능감·교사의 사기 - 2)학생들의 학업 능력에 대해 판단할 수 있다,likert,Y,80.7,환산100점,1017,0,4.2281,0.6267,4.0,4.0,5.0,80.7,80.7,91.05,,,,,,,시계열,,,
경기학교교육실태조사,중학교,2025,2주기,1.0,중소도시,C11,교사 전문성,S1101A,교사효능감,교사,TR_EFFICACY_02,교사효능감·교사의 사기 - 2)학생들의 학업 능력에 대해 판단할 수 있다,likert,Y,78.0,환산100점,2286,0,4.1199,0.6024,4.0,4.0,4.0,78.0,78.0,89.33,,,,,,,시계열,,,
경기학교교육실태조사,중학교,2025,2주기,2.0,읍면지역,C11,교사 전문성,S1101A,교사효능감,교사,TR_EFFICACY_02,교사효능감·교사의 사기 - 2)학생들의 학업 능력에 대해 판단할 수 있다,likert,Y,79.09,환산100점,514,0,4.1634,0.6154,4.0,4.0,5.0,79.09,79.09,89.11,,,,,,,시계열,,,
경기학교교육실태조사,중학교,2021,1주기,1.0,중소도시,C11,교사 전문성,S1101A,교사효능감,교사,TR_EFFICACY_03,교사효능감·교사의 사기 - 3)수업에 대한 학생들의 관심 정도를 파악할 수 있다,likert,Y,83.82,환산100점,4172,0,4.3528,0.5661,4.0,4.0,5.0,83.82,83.82,96.28,,,,,,,시계열,,,
경기학교교육실태조사,중학교,2021,1주기,2.0,읍면지역,C11,교사 전문성,S1101A,교사효능감,교사,TR_EFFICACY_03,교사효능감·교사의 사기 - 3)수업에 대한 학생들의 관심 정도를 파악할 수 있다,likert,Y,84.64,환산100점,1017,0,4.3854,0.5843,4.0,4.0,5.0,84.64,84.64,96.17,,,,,,,시계열,,,
경기학교교육실태조사,중학교,2025,2주기,1.0,중소도시,C11,교사 전문성,S1101A,교사효능감,교사,TR_EFFICACY_03,교사효능감·교사의 사기 - 3)수업에 대한 학생들의 관심 정도를 파악할 수 있다,likert,Y,81.01,환산100점,2286,0,4.2406,0.5728,4.0,4.0,5.0,81.01,81.01,93.18,,,,,,,시계열,,,
경기학교교육실태조사,중학교,2025,2주기,2.0,읍면지역,C11,교사 전문성,S1101A,교사효능감,교사,TR_EFFICACY_03,교사효능감·교사의 사기 - 3)수업에 대한 학생들의 관심 정도를 파악할 수 있다,likert,Y,81.61,환산100점,514,0,4.2646,0.5924,4.0,4.0,5.0,81.61,81.61,93.0,,,,,,,시계열,,,
경기학교교육실태조사,중학교,2021,1주기,1.0,중소도시,C11,교사 전문성,S1101A,교사효능감,교사,TR_EFFICACY_04,교사효능감·교사의 사기 - 4)학생들이 학업에 흥미를 가지지 못하는 이유를 분석할 수 있다,likert,Y,75.67,환산100점,4172,0,4.0266,0.6313,4.0,4.0,4.0,75.67,75.67,84.16,,,,,,,시계열,,,
경기학교교육실태조사,중학교,2021,1주기,2.0,읍면지역,C11,교사 전문성,S1101A,교사효능감,교사,TR_EFFICACY_04,교사효능감·교사의 사기 - 4)학생들이 학업에 흥미를 가지지 못하는 이유를 분석할 수 있다,likert,Y,75.98,환산100점,1017,0,4.0393,0.6448,4.0,4.0,4.0,75.98,75.98,84.46,,,,,,,시계열,,,
경기학교교육실태조사,중학교,2025,2주기,1.0,중소도시,C11,교사 전문성,S1101A,교사효능감,교사,TR_EFFICACY_04,교사효능감·교사의 사기 - 4)학생들이 학업에 흥미를 가지지 못하는 이유를 분석할 수 있다,likert,Y,74.96,환산100점,2286,0,3.9983,0.6373,4.0,4.0,4.0,74.96,74.96,83.38,,,,,,,시계열,,,
경기학교교육실태조사,중학교,2025,2주기,2.0,읍면지역,C11,교사 전문성,S1101A,교사효능감,교사,TR_EFFICACY_04,교사효능감·교사의 사기 - 4)학생들이 학업에 흥미를 가지지 못하는 이유를 분석할 수 있다,likert,Y,75.63,환산100점,514,0,4.0253,0.6285,4.0,4.0,4.0,75.63,75.63,82.68,,,,,,,시계열,,,
경기학교교육실태조사,중학교,2021,1주기,1.0,중소도시,C11,교사 전문성,S1101A,교사효능감,교사,TR_EFFICACY_05,교사효능감·교사의 사기 - 5)문제행동을 하는 학생들이 왜 그렇게 행동하는지 이유를 분석할 수 있다,likert,Y,72.09,환산100점,4172,0,3.8837,0.725,4.0,3.0,4.0,72.09,72.09,74.66,,,,,,,시계열,,,
경기학교교육실태조사,중학교,2021,1주기,2.0,읍면지역,C11,교사 전문성,S1101A,교사효능감,교사,TR_EFFICACY_05,교사효능감·교사의 사기 - 5)문제행동을 하는 학생들이 왜 그렇게 행동하는지 이유를 분석할 수 있다,likert,Y,72.12,환산100점,1017,0,3.885,0.7408,4.0,3.0,4.0,72.12,72.12,73.35,,,,,,,시계열,,,
경기학교교육실태조사,중학교,2025,2주기,1.0,중소도시,C11,교사 전문성,S1101A,교사효능감,교사,TR_EFFICACY_05,교사효능감·교사의 사기 - 5)문제행동을 하는 학생들이 왜 그렇게 행동하는지 이유를 분석할 수 있다,likert,Y,70.46,환산100점,2286,0,3.8185,0.7366,4.0,3.0,4.0,70.46,70.46,71.43,,,,,,,시계열,,,
경기학교교육실태조사,중학교,2025,2주기,2.0,읍면지역,C11,교사 전문성,S1101A,교사효능감,교사,TR_EFFICACY_05,교사효능감·교사의 사기 - 5)문제행동을 하는 학생들이 왜 그렇게 행동하는지 이유를 분석할 수 있다,likert,Y,72.13,환산100점,514,0,3.8852,0.7443,4.0,4.0,4.0,72.13,72.13,76.46,,,,,,,시계열,,,
경기학교교육실태조사,중학교,2021,1주기,1.0,중소도시,C11,교사 전문성,S1101A,교사효능감,교사,TR_EFFICACY_06,교사효능감·교사의 사기 - 6)생활지도를 할 때 학생 개인의 특성을 충분히  고려할 수 있다,likert,조건부,76.52,환산100점,4172,0,4.0606,0.7112,4.0,4.0,5.0,76.52,76.52,82.12,,,,,,,시계열,,,
경기학교교육실태조사,중학교,2021,1주기,2.0,읍면지역,C11,교사 전문성,S1101A,교사효능감,교사,TR_EFFICACY_06,교사효능감·교사의 사기 - 6)생활지도를 할 때 학생 개인의 특성을 충분히  고려할 수 있다,likert,조건부,77.24,환산100점,1017,0,4.0895,0.7296,4.0,4.0,5.0,77.24,77.24,82.5,,,,,,,시계열,,,
경기학교교육실태조사,중학교,2025,2주기,1.0,중소도시,C11,교사 전문성,S1101A,교사효능감,교사,TR_EFFICACY_06,교사효능감·교사의 사기 - 6)생활지도를 할 때 학생 개인의 특성을 충분히  고려할 수 있다,likert,조건부,74.11,환산100점,2286,0,3.9646,0.7156,4.0,4.0,4.0,74.11,74.11,78.92,,,,,,,시계열,,,
경기학교교육실태조사,중학교,2025,2주기,2.0,읍면지역,C11,교사 전문성,S1101A,교사효능감,교사,TR_EFFICACY_06,교사효능감·교사의 사기 - 6)생활지도를 할 때 학생 개인의 특성을 충분히  고려할 수 있다,likert,조건부,76.22,환산100점,514,0,4.0486,0.7411,4.0,4.0,5.0,76.22,76.22,81.13,,,,,,,시계열,,,
경기학교교육실태조사,중학교,2021,1주기,1.0,중소도시,C11,교사 전문성,S1101A,교사효능감,교사,TR_EFFICACY_07,교사효능감·교사의 사기 - 7)문제행동을 하는 학생을 보면 나의 지도에 따른 변화가능성을 예상할 수 있다,likert,조건부,75.95,환산100점,4172,0,4.0379,0.6973,4.0,4.0,4.0,75.95,75.95,83.08,,,,,,,시계열,,,
경기학교교육실태조사,중학교,2021,1주기,2.0,읍면지역,C11,교사 전문성,S1101A,교사효능감,교사,TR_EFFICACY_07,교사효능감·교사의 사기 - 7)문제행동을 하는 학생을 보면 나의 지도에 따른 변화가능성을 예상할 수 있다,likert,조건부,75.79,환산100점,1017,0,4.0315,0.7351,4.0,4.0,4.0,75.79,75.79,81.91,,,,,,,시계열,,,
경기학교교육실태조사,중학교,2025,2주기,1.0,중소도시,C11,교사 전문성,S1101A,교사효능감,교사,TR_EFFICACY_07,교사효능감·교사의 사기 - 7)문제행동을 하는 학생을 보면 나의 지도에 따른 변화가능성을 예상할 수 있다,likert,조건부,67.98,환산100점,2286,0,3.7192,0.7982,4.0,3.0,4.0,67.98,67.98,66.45,,,,,,,시계열,,,
경기학교교육실태조사,중학교,2025,2주기,2.0,읍면지역,C11,교사 전문성,S1101A,교사효능감,교사,TR_EFFICACY_07,교사효능감·교사의 사기 - 7)문제행동을 하는 학생을 보면 나의 지도에 따른 변화가능성을 예상할 수 있다,likert,조건부,69.36,환산100점,514,0,3.7743,0.8115,4.0,3.0,4.0,69.36,69.36,68.87,,,,,,,시계열,,,
경기학교교육실태조사,중학교,2021,1주기,1.0,중소도시,C11,교사 전문성,S1101B,교사 사기,교사,TR_EFFICACY_08,교사효능감·교사의 사기 - 8)나는 책임감이 높다,likert,N,76.05,환산100점,4172,0,4.0419,0.7754,4.0,4.0,5.0,76.05,76.05,79.0,,,,,,,숨김,,,
경기학교교육실태조사,중학교,2021,1주기,2.0,읍면지역,C11,교사 전문성,S1101B,교사 사기,교사,TR_EFFICACY_08,교사효능감·교사의 사기 - 8)나는 책임감이 높다,likert,N,76.5,환산100점,1017,0,4.06,0.7982,4.0,4.0,5.0,76.5,76.5,76.99,,,,,,,숨김,,,
경기학교교육실태조사,중학교,2025,2주기,1.0,중소도시,C11,교사 전문성,S1101B,교사 사기,교사,TR_EFFICACY_08,교사효능감·교사의 사기 - 8)나는 책임감이 높다,likert,N,86.14,환산100점,2286,0,4.4458,0.6478,5.0,4.0,5.0,86.14,86.14,92.74,,,,,,,숨김,,,
경기학교교육실태조사,중학교,2025,2주기,2.0,읍면지역,C11,교사 전문성,S1101B,교사 사기,교사,TR_EFFICACY_08,교사효능감·교사의 사기 - 8)나는 책임감이 높다,likert,N,87.55,환산100점,514,0,4.5019,0.6189,5.0,4.0,5.0,87.55,87.55,93.77,,,,,,,숨김,,,
경기학교교육실태조사,중학교,2021,1주기,1.0,중소도시,C11,교사 전문성,S1101B,교사 사기,교사,TR_EFFICACY_09,교사효능감·교사의 사기 - 9)나는 열의를 갖고 근무한다,likert,Y,80.94,환산100점,4172,0,4.2375,0.7159,4.0,4.0,5.0,80.94,80.94,87.13,,,,,,,시계열,,,
경기학교교육실태조사,중학교,2021,1주기,2.0,읍면지역,C11,교사 전문성,S1101B,교사 사기,교사,TR_EFFICACY_09,교사효능감·교사의 사기 - 9)나는 열의를 갖고 근무한다,likert,Y,81.05,환산100점,1017,0,4.2419,0.7253,4.0,4.0,5.0,81.05,81.05,86.23,,,,,,,시계열,,,
경기학교교육실태조사,중학교,2025,2주기,1.0,중소도시,C11,교사 전문성,S1101B,교사 사기,교사,TR_EFFICACY_09,교사효능감·교사의 사기 - 9)나는 열의를 갖고 근무한다,likert,Y,83.97,환산100점,2286,0,4.3587,0.6957,4.0,4.0,5.0,83.97,83.97,89.98,,,,,,,시계열,,,
경기학교교육실태조사,중학교,2025,2주기,2.0,읍면지역,C11,교사 전문성,S1101B,교사 사기,교사,TR_EFFICACY_09,교사효능감·교사의 사기 - 9)나는 열의를 갖고 근무한다,likert,Y,86.04,환산100점,514,0,4.4416,0.65,5.0,4.0,5.0,86.04,86.04,91.63,,,,,,,시계열,,,
경기학교교육실태조사,중학교,2021,1주기,1.0,중소도시,C11,교사 전문성,S1101B,교사 사기,교사,TR_EFFICACY_10,교사효능감·교사의 사기 - 10)나는 교사로서 자부심을 갖고 있다,likert,Y,81.35,환산100점,4172,0,4.2541,0.7709,4.0,4.0,5.0,81.35,81.35,85.86,,,,,,,시계열,,,
경기학교교육실태조사,중학교,2021,1주기,2.0,읍면지역,C11,교사 전문성,S1101B,교사 사기,교사,TR_EFFICACY_10,교사효능감·교사의 사기 - 10)나는 교사로서 자부심을 갖고 있다,likert,Y,82.35,환산100점,1017,0,4.294,0.7831,4.0,4.0,5.0,82.35,82.35,85.35,,,,,,,시계열,,,
경기학교교육실태조사,중학교,2025,2주기,1.0,중소도시,C11,교사 전문성,S1101B,교사 사기,교사,TR_EFFICACY_10,교사효능감·교사의 사기 - 10)나는 교사로서 자부심을 갖고 있다,likert,Y,78.16,환산100점,2286,0,4.1264,0.8782,4.0,4.0,5.0,78.16,78.16,78.96,,,,,,,시계열,,,
경기학교교육실태조사,중학교,2025,2주기,2.0,읍면지역,C11,교사 전문성,S1101B,교사 사기,교사,TR_EFFICACY_10,교사효능감·교사의 사기 - 10)나는 교사로서 자부심을 갖고 있다,likert,Y,80.79,환산100점,514,0,4.2315,0.8735,4.0,4.0,5.0,80.79,80.79,82.49,,,,,,,시계열,,,
경기학교교육실태조사,중학교,2021,1주기,1.0,중소도시,C11,교사 전문성,S1102,동료 협력,교사,TR_COLLAB_01,협력을 통한 수업개선활동 - 1)학부모에게 나의 수업공개,likert,Y,33.55,환산100점,4172,0,2.6776,1.1115,3.0,2.0,3.0,33.55,33.55,7.26,,,,,,,시계열,,,
경기학교교육실태조사,중학교,2021,1주기,2.0,읍면지역,C11,교사 전문성,S1102,동료 협력,교사,TR_COLLAB_01,협력을 통한 수업개선활동 - 1)학부모에게 나의 수업공개,likert,Y,29.58,환산100점,1017,0,2.4789,1.0675,2.0,2.0,3.0,29.58,29.58,5.21,,,,,,,시계열,,,
경기학교교육실태조사,중학교,2025,2주기,1.0,중소도시,C11,교사 전문성,S1102,동료 협력,교사,TR_COLLAB_01,협력을 통한 수업개선활동 - 1)학부모에게 나의 수업공개,likert,Y,24.44,환산100점,2286,0,2.2218,0.7682,2.0,2.0,3.0,24.44,24.44,1.53,,,,,,,시계열,,,
경기학교교육실태조사,중학교,2025,2주기,2.0,읍면지역,C11,교사 전문성,S1102,동료 협력,교사,TR_COLLAB_01,협력을 통한 수업개선활동 - 1)학부모에게 나의 수업공개,likert,Y,21.75,환산100점,514,0,2.0875,0.7188,2.0,2.0,2.0,21.75,21.75,0.78,,,,,,,시계열,,,
경기학교교육실태조사,중학교,2021,1주기,1.0,중소도시,C11,교사 전문성,S1102,동료 협력,교사,TR_COLLAB_02,협력을 통한 수업개선활동 - 2)동료교사에게 나의 수업공개,likert,Y,30.59,환산100점,4172,0,2.5295,1.0428,2.0,2.0,3.0,30.59,30.59,5.78,,,,,,,시계열,,,
경기학교교육실태조사,중학교,2021,1주기,2.0,읍면지역,C11,교사 전문성,S1102,동료 협력,교사,TR_COLLAB_02,협력을 통한 수업개선활동 - 2)동료교사에게 나의 수업공개,likert,Y,27.08,환산100점,1017,0,2.354,1.0455,2.0,2.0,3.0,27.08,27.08,4.42,,,,,,,시계열,,,
경기학교교육실태조사,중학교,2025,2주기,1.0,중소도시,C11,교사 전문성,S1102,동료 협력,교사,TR_COLLAB_02,협력을 통한 수업개선활동 - 2)동료교사에게 나의 수업공개,likert,Y,26.92,환산100점,2286,0,2.346,0.8957,2.0,2.0,3.0,26.92,26.92,3.02,,,,,,,시계열,,,
경기학교교육실태조사,중학교,2025,2주기,2.0,읍면지역,C11,교사 전문성,S1102,동료 협력,교사,TR_COLLAB_02,협력을 통한 수업개선활동 - 2)동료교사에게 나의 수업공개,likert,Y,25.95,환산100점,514,0,2.2977,0.9828,2.0,2.0,3.0,25.95,25.95,3.89,,,,,,,시계열,,,
경기학교교육실태조사,중학교,2021,1주기,1.0,중소도시,C11,교사 전문성,S1102,동료 협력,교사,TR_COLLAB_03,협력을 통한 수업개선활동 - 3)동료교사의 수업 참관,likert,Y,43.48,환산100점,4172,0,3.174,1.3863,3.0,2.0,4.0,43.48,43.48,17.64,,,,,,,시계열,,,
경기학교교육실태조사,중학교,2021,1주기,2.0,읍면지역,C11,교사 전문성,S1102,동료 협력,교사,TR_COLLAB_03,협력을 통한 수업개선활동 - 3)동료교사의 수업 참관,likert,Y,41.69,환산100점,1017,0,3.0846,1.5087,3.0,2.0,4.0,41.69,41.69,18.98,,,,,,,시계열,,,
경기학교교육실태조사,중학교,2025,2주기,1.0,중소도시,C11,교사 전문성,S1102,동료 협력,교사,TR_COLLAB_03,협력을 통한 수업개선활동 - 3)동료교사의 수업 참관,likert,Y,43.03,환산100점,2286,0,3.1514,1.2376,3.0,2.0,4.0,43.03,43.03,14.48,,,,,,,시계열,,,
경기학교교육실태조사,중학교,2025,2주기,2.0,읍면지역,C11,교사 전문성,S1102,동료 협력,교사,TR_COLLAB_03,협력을 통한 수업개선활동 - 3)동료교사의 수업 참관,likert,Y,43.42,환산100점,514,0,3.1712,1.3178,3.0,2.0,4.0,43.42,43.42,14.59,,,,,,,시계열,,,
경기학교교육실태조사,중학교,2021,1주기,1.0,중소도시,C11,교사 전문성,S1102,동료 협력,교사,TR_COLLAB_04,협력을 통한 수업개선활동 - 4)교내 교과 협의회 활동,likert,Y,76.22,환산100점,4172,0,4.8111,1.5657,6.0,3.0,6.0,76.22,76.22,66.75,,,,,,,시계열,,,
경기학교교육실태조사,중학교,2021,1주기,2.0,읍면지역,C11,교사 전문성,S1102,동료 협력,교사,TR_COLLAB_04,협력을 통한 수업개선활동 - 4)교내 교과 협의회 활동,likert,Y,70.29,환산100점,1017,0,4.5143,1.6731,5.0,3.0,6.0,70.29,70.29,59.1,,,,,,,시계열,,,
경기학교교육실태조사,중학교,2025,2주기,1.0,중소도시,C11,교사 전문성,S1102,동료 협력,교사,TR_COLLAB_04,협력을 통한 수업개선활동 - 4)교내 교과 협의회 활동,likert,Y,73.04,환산100점,2286,0,4.6518,1.6692,6.0,3.0,6.0,73.04,73.04,63.56,,,,,,,시계열,,,
경기학교교육실태조사,중학교,2025,2주기,2.0,읍면지역,C11,교사 전문성,S1102,동료 협력,교사,TR_COLLAB_04,협력을 통한 수업개선활동 - 4)교내 교과 협의회 활동,likert,Y,71.36,환산100점,514,0,4.5681,1.71,6.0,3.0,6.0,71.36,71.36,60.31,,,,,,,시계열,,,
경기학교교육실태조사,중학교,2021,1주기,1.0,중소도시,C11,교사 전문성,S1102,동료 협력,교사,TR_COLLAB_05,협력을 통한 수업개선활동 - 5)교육청 차원의 교과교육연구회 활동,likert,Y,22.33,환산100점,4172,0,2.1167,1.6387,1.0,1.0,3.0,22.33,22.33,12.46,,,,,,,시계열,,,
경기학교교육실태조사,중학교,2021,1주기,2.0,읍면지역,C11,교사 전문성,S1102,동료 협력,교사,TR_COLLAB_05,협력을 통한 수업개선활동 - 5)교육청 차원의 교과교육연구회 활동,likert,Y,27.39,환산100점,1017,0,2.3697,1.7739,2.0,1.0,3.0,27.39,27.39,16.72,,,,,,,시계열,,,
경기학교교육실태조사,중학교,2025,2주기,1.0,중소도시,C11,교사 전문성,S1102,동료 협력,교사,TR_COLLAB_05,협력을 통한 수업개선활동 - 5)교육청 차원의 교과교육연구회 활동,likert,Y,19.8,환산100점,2286,0,1.9899,1.6574,1.0,1.0,2.0,19.8,19.8,12.64,,,,,,,시계열,,,
경기학교교육실태조사,중학교,2025,2주기,2.0,읍면지역,C11,교사 전문성,S1102,동료 협력,교사,TR_COLLAB_05,협력을 통한 수업개선활동 - 5)교육청 차원의 교과교육연구회 활동,likert,Y,24.59,환산100점,514,0,2.2296,1.8058,1.0,1.0,3.0,24.59,24.59,16.15,,,,,,,시계열,,,
경기학교교육실태조사,중학교,2021,1주기,1.0,중소도시,C11,교사 전문성,S1102,동료 협력,교사,TR_COLLAB_06,협력을 통한 수업개선활동 - 6)교사들의 학교 안 전문적 학습 활동,likert,Y,91.2,환산100점,4172,0,5.5599,1.133,6.0,6.0,6.0,91.2,91.2,87.7,,,,,,,시계열,,,
경기학교교육실태조사,중학교,2021,1주기,2.0,읍면지역,C11,교사 전문성,S1102,동료 협력,교사,TR_COLLAB_06,협력을 통한 수업개선활동 - 6)교사들의 학교 안 전문적 학습 활동,likert,Y,85.55,환산100점,1017,0,5.2773,1.4681,6.0,6.0,6.0,85.55,85.55,80.43,,,,,,,시계열,,,
경기학교교육실태조사,중학교,2025,2주기,1.0,중소도시,C11,교사 전문성,S1102,동료 협력,교사,TR_COLLAB_06,협력을 통한 수업개선활동 - 6)교사들의 학교 안 전문적 학습 활동,likert,Y,87.23,환산100점,2286,0,5.3613,1.4135,6.0,6.0,6.0,87.23,87.23,83.07,,,,,,,시계열,,,
경기학교교육실태조사,중학교,2025,2주기,2.0,읍면지역,C11,교사 전문성,S1102,동료 협력,교사,TR_COLLAB_06,협력을 통한 수업개선활동 - 6)교사들의 학교 안 전문적 학습 활동,likert,Y,87.0,환산100점,514,0,5.3502,1.4476,6.0,6.0,6.0,87.0,87.0,82.88,,,,,,,시계열,,,
경기학교교육실태조사,중학교,2021,1주기,1.0,중소도시,C11,교사 전문성,S1102,동료 협력,교사,TR_COLLAB_07,협력을 통한 수업개선활동 - 7)교사들의 학교 밖 전문적 학습 활동,likert,Y,25.61,환산100점,4172,0,2.2807,1.8334,1.0,1.0,3.0,25.61,25.61,17.55,,,,,,,시계열,,,
경기학교교육실태조사,중학교,2021,1주기,2.0,읍면지역,C11,교사 전문성,S1102,동료 협력,교사,TR_COLLAB_07,협력을 통한 수업개선활동 - 7)교사들의 학교 밖 전문적 학습 활동,likert,Y,29.54,환산100점,1017,0,2.4769,1.8891,1.0,1.0,3.0,29.54,29.54,19.96,,,,,,,시계열,,,
경기학교교육실태조사,중학교,2025,2주기,1.0,중소도시,C11,교사 전문성,S1102,동료 협력,교사,TR_COLLAB_07,협력을 통한 수업개선활동 - 7)교사들의 학교 밖 전문적 학습 활동,likert,Y,24.38,환산100점,2286,0,2.2192,1.8068,1.0,1.0,3.0,24.38,24.38,16.75,,,,,,,시계열,,,
경기학교교육실태조사,중학교,2025,2주기,2.0,읍면지역,C11,교사 전문성,S1102,동료 협력,교사,TR_COLLAB_07,협력을 통한 수업개선활동 - 7)교사들의 학교 밖 전문적 학습 활동,likert,Y,26.34,환산100점,514,0,2.3171,1.8296,1.0,1.0,3.0,26.34,26.34,17.51,,,,,,,시계열,,,
경기학교교육실태조사,중학교,2021,1주기,1.0,중소도시,C11,교사 전문성,S1102,동료 협력,교사,TR_PLC_01,전문적 학습공동체 - 1)우리 학교는 학습공동체를 통해 처한 공동의 문제를 해결하려고 한다,likert,Y,80.42,환산100점,4172,0,4.2167,0.7859,4.0,4.0,5.0,80.42,80.42,85.45,,,,,,,시계열,,,
경기학교교육실태조사,중학교,2021,1주기,2.0,읍면지역,C11,교사 전문성,S1102,동료 협력,교사,TR_PLC_01,전문적 학습공동체 - 1)우리 학교는 학습공동체를 통해 처한 공동의 문제를 해결하려고 한다,likert,Y,79.3,환산100점,1017,0,4.1721,0.8388,4.0,4.0,5.0,79.3,79.3,83.78,,,,,,,시계열,,,
경기학교교육실태조사,중학교,2025,2주기,1.0,중소도시,C11,교사 전문성,S1102,동료 협력,교사,TR_PLC_01,전문적 학습공동체 - 1)우리 학교는 학습공동체를 통해 처한 공동의 문제를 해결하려고 한다,likert,Y,73.92,환산100점,2286,0,3.9567,0.8576,4.0,3.0,5.0,73.92,73.92,74.72,,,,,,,시계열,,,
경기학교교육실태조사,중학교,2025,2주기,2.0,읍면지역,C11,교사 전문성,S1102,동료 협력,교사,TR_PLC_01,전문적 학습공동체 - 1)우리 학교는 학습공동체를 통해 처한 공동의 문제를 해결하려고 한다,likert,Y,78.79,환산100점,514,0,4.1518,0.7875,4.0,4.0,5.0,78.79,78.79,83.07,,,,,,,시계열,,,
경기학교교육실태조사,중학교,2021,1주기,1.0,중소도시,C11,교사 전문성,S1102,동료 협력,교사,TR_PLC_02,전문적 학습공동체 - 2)우리 학교 선생님들은 협력하여 교육과정을 재구성하거나 공동 수업안을 개발한다,likert,Y,77.37,환산100점,4172,0,4.0949,0.8405,4.0,4.0,5.0,77.37,77.37,79.58,,,,,,,시계열,,,
경기학교교육실태조사,중학교,2021,1주기,2.0,읍면지역,C11,교사 전문성,S1102,동료 협력,교사,TR_PLC_02,전문적 학습공동체 - 2)우리 학교 선생님들은 협력하여 교육과정을 재구성하거나 공동 수업안을 개발한다,likert,Y,75.34,환산100점,1017,0,4.0138,0.8983,4.0,4.0,5.0,75.34,75.34,75.71,,,,,,,시계열,,,
경기학교교육실태조사,중학교,2025,2주기,1.0,중소도시,C11,교사 전문성,S1102,동료 협력,교사,TR_PLC_02,전문적 학습공동체 - 2)우리 학교 선생님들은 협력하여 교육과정을 재구성하거나 공동 수업안을 개발한다,likert,Y,73.0,환산100점,2286,0,3.9199,0.8343,4.0,3.0,4.0,73.0,73.0,72.48,,,,,,,시계열,,,
경기학교교육실태조사,중학교,2025,2주기,2.0,읍면지역,C11,교사 전문성,S1102,동료 협력,교사,TR_PLC_02,전문적 학습공동체 - 2)우리 학교 선생님들은 협력하여 교육과정을 재구성하거나 공동 수업안을 개발한다,likert,Y,75.24,환산100점,514,0,4.0097,0.8411,4.0,4.0,5.0,75.24,75.24,76.46,,,,,,,시계열,,,
경기학교교육실태조사,중학교,2021,1주기,1.0,중소도시,C11,교사 전문성,S1102,동료 협력,교사,TR_PLC_03,"전문적 학습공동체 - 3)교육과정 세미나, 교수학습활동 워크숍, 교사 학급경영 발표회 등 협력적 연구 활동을 운영한다",likert,Y,76.34,환산100점,4172,0,4.0535,0.8645,4.0,4.0,5.0,76.34,76.34,77.44,,,,,,,시계열,,,
경기학교교육실태조사,중학교,2021,1주기,2.0,읍면지역,C11,교사 전문성,S1102,동료 협력,교사,TR_PLC_03,"전문적 학습공동체 - 3)교육과정 세미나, 교수학습활동 워크숍, 교사 학급경영 발표회 등 협력적 연구 활동을 운영한다",likert,Y,74.95,환산100점,1017,0,3.998,0.8896,4.0,3.0,5.0,74.95,74.95,74.24,,,,,,,시계열,,,
경기학교교육실태조사,중학교,2025,2주기,1.0,중소도시,C11,교사 전문성,S1102,동료 협력,교사,TR_PLC_03,"전문적 학습공동체 - 3)교육과정 세미나, 교수학습활동 워크숍, 교사 학급경영 발표회 등 협력적 연구 활동을 운영한다",likert,Y,71.15,환산100점,2286,0,3.846,0.8676,4.0,3.0,4.0,71.15,71.15,68.24,,,,,,,시계열,,,
경기학교교육실태조사,중학교,2025,2주기,2.0,읍면지역,C11,교사 전문성,S1102,동료 협력,교사,TR_PLC_03,"전문적 학습공동체 - 3)교육과정 세미나, 교수학습활동 워크숍, 교사 학급경영 발표회 등 협력적 연구 활동을 운영한다",likert,Y,74.66,환산100점,514,0,3.9864,0.8341,4.0,3.0,5.0,74.66,74.66,73.54,,,,,,,시계열,,,
경기학교교육실태조사,중학교,2021,1주기,1.0,중소도시,C11,교사 전문성,S1102,동료 협력,교사,TR_PLC_04,전문적 학습공동체 - 4)우리 학교는 학습하는 조직이다.,likert,Y,75.62,환산100점,4172,0,4.0247,0.8546,4.0,4.0,5.0,75.62,75.62,76.58,,,,,,,시계열,,,
경기학교교육실태조사,중학교,2021,1주기,2.0,읍면지역,C11,교사 전문성,S1102,동료 협력,교사,TR_PLC_04,전문적 학습공동체 - 4)우리 학교는 학습하는 조직이다.,likert,Y,73.92,환산100점,1017,0,3.9567,0.9093,4.0,3.0,5.0,73.92,73.92,72.07,,,,,,,시계열,,,
경기학교교육실태조사,중학교,2025,2주기,1.0,중소도시,C11,교사 전문성,S1102,동료 협력,교사,TR_PLC_04,전문적 학습공동체 - 4)우리 학교는 학습하는 조직이다.,likert,Y,71.61,환산100점,2286,0,3.8644,0.843,4.0,3.0,4.0,71.61,71.61,69.82,,,,,,,시계열,,,
경기학교교육실태조사,중학교,2025,2주기,2.0,읍면지역,C11,교사 전문성,S1102,동료 협력,교사,TR_PLC_04,전문적 학습공동체 - 4)우리 학교는 학습하는 조직이다.,likert,Y,75.44,환산100점,514,0,4.0175,0.8223,4.0,4.0,5.0,75.44,75.44,77.43,,,,,,,시계열,,,
경기학교교육실태조사,중학교,2021,1주기,1.0,중소도시,C11,교사 전문성,S1102,동료 협력,교사,TR_TALK_01,동료교사와의 대화(주제와 시간) - 1)수업 및 평가,likert,Y,38.69,환산100점,4172,0,2.9346,1.5435,3.0,2.0,4.0,38.69,38.69,17.98,,,,,,,시계열,,,
경기학교교육실태조사,중학교,2021,1주기,2.0,읍면지역,C11,교사 전문성,S1102,동료 협력,교사,TR_TALK_01,동료교사와의 대화(주제와 시간) - 1)수업 및 평가,likert,Y,35.87,환산100점,1017,0,2.7935,1.5035,2.0,2.0,4.0,35.87,35.87,15.54,,,,,,,시계열,,,
경기학교교육실태조사,중학교,2025,2주기,1.0,중소도시,C11,교사 전문성,S1102,동료 협력,교사,TR_TALK_01,동료교사와의 대화(주제와 시간) - 1)수업 및 평가,likert,Y,40.03,환산100점,2286,0,3.0017,1.5247,3.0,2.0,4.0,40.03,40.03,17.63,,,,,,,시계열,,,
경기학교교육실태조사,중학교,2025,2주기,2.0,읍면지역,C11,교사 전문성,S1102,동료 협력,교사,TR_TALK_01,동료교사와의 대화(주제와 시간) - 1)수업 및 평가,likert,Y,36.54,환산100점,514,0,2.8268,1.4222,2.0,2.0,4.0,36.54,36.54,14.01,,,,,,,시계열,,,
경기학교교육실태조사,중학교,2021,1주기,1.0,중소도시,C11,교사 전문성,S1102,동료 협력,교사,TR_TALK_02,동료교사와의 대화(주제와 시간) - 2)진학·진로 지도,likert,Y,38.87,환산100점,4172,0,2.9437,1.5878,3.0,2.0,4.0,38.87,38.87,18.96,,,,,,,시계열,,,
경기학교교육실태조사,중학교,2021,1주기,2.0,읍면지역,C11,교사 전문성,S1102,동료 협력,교사,TR_TALK_02,동료교사와의 대화(주제와 시간) - 2)진학·진로 지도,likert,Y,38.54,환산100점,1017,0,2.9272,1.56,3.0,2.0,4.0,38.54,38.54,18.49,,,,,,,시계열,,,
경기학교교육실태조사,중학교,2025,2주기,1.0,중소도시,C11,교사 전문성,S1102,동료 협력,교사,TR_TALK_02,동료교사와의 대화(주제와 시간) - 2)진학·진로 지도,likert,Y,34.07,환산100점,2286,0,2.7034,1.5482,2.0,1.0,4.0,34.07,34.07,14.96,,,,,,,시계열,,,
경기학교교육실태조사,중학교,2025,2주기,2.0,읍면지역,C11,교사 전문성,S1102,동료 협력,교사,TR_TALK_02,동료교사와의 대화(주제와 시간) - 2)진학·진로 지도,likert,Y,34.12,환산100점,514,0,2.7062,1.5158,2.0,2.0,4.0,34.12,34.12,14.4,,,,,,,시계열,,,
경기학교교육실태조사,중학교,2021,1주기,1.0,중소도시,C11,교사 전문성,S1102,동료 협력,교사,TR_TALK_03,동료교사와의 대화(주제와 시간) - 3)학교 행정업무,likert,Y,51.69,환산100점,4172,0,3.5844,1.6463,3.0,2.0,5.0,51.69,51.69,31.52,,,,,,,시계열,,,
경기학교교육실태조사,중학교,2021,1주기,2.0,읍면지역,C11,교사 전문성,S1102,동료 협력,교사,TR_TALK_03,동료교사와의 대화(주제와 시간) - 3)학교 행정업무,likert,Y,51.11,환산100점,1017,0,3.5556,1.658,3.0,2.0,5.0,51.11,51.11,30.97,,,,,,,시계열,,,
경기학교교육실태조사,중학교,2025,2주기,1.0,중소도시,C11,교사 전문성,S1102,동료 협력,교사,TR_TALK_03,동료교사와의 대화(주제와 시간) - 3)학교 행정업무,likert,Y,49.65,환산100점,2286,0,3.4825,1.6257,3.0,2.0,5.0,49.65,49.65,28.48,,,,,,,시계열,,,
경기학교교육실태조사,중학교,2025,2주기,2.0,읍면지역,C11,교사 전문성,S1102,동료 협력,교사,TR_TALK_03,동료교사와의 대화(주제와 시간) - 3)학교 행정업무,likert,Y,48.09,환산100점,514,0,3.4047,1.5646,3.0,2.0,5.0,48.09,48.09,25.88,,,,,,,시계열,,,
경기학교교육실태조사,중학교,2021,1주기,1.0,중소도시,C11,교사 전문성,S1102,동료 협력,교사,TR_TALK_04,동료교사와의 대화(주제와 시간) - 4)학생 생활지도 및 상담,likert,조건부,49.55,환산100점,4172,0,3.4775,1.5706,3.0,2.0,5.0,49.55,49.55,27.59,,,,,,,시계열,,,
경기학교교육실태조사,중학교,2021,1주기,2.0,읍면지역,C11,교사 전문성,S1102,동료 협력,교사,TR_TALK_04,동료교사와의 대화(주제와 시간) - 4)학생 생활지도 및 상담,likert,조건부,49.48,환산100점,1017,0,3.4739,1.5903,3.0,2.0,5.0,49.48,49.48,28.12,,,,,,,시계열,,,
경기학교교육실태조사,중학교,2025,2주기,1.0,중소도시,C11,교사 전문성,S1102,동료 협력,교사,TR_TALK_04,동료교사와의 대화(주제와 시간) - 4)학생 생활지도 및 상담,likert,조건부,54.86,환산100점,2286,0,3.7432,1.5855,4.0,2.0,5.0,54.86,54.86,33.95,,,,,,,시계열,,,
경기학교교육실태조사,중학교,2025,2주기,2.0,읍면지역,C11,교사 전문성,S1102,동료 협력,교사,TR_TALK_04,동료교사와의 대화(주제와 시간) - 4)학생 생활지도 및 상담,likert,조건부,53.31,환산100점,514,0,3.6654,1.5725,4.0,2.0,5.0,53.31,53.31,31.32,,,,,,,시계열,,,
경기학교교육실태조사,중학교,2021,1주기,1.0,중소도시,C11,교사 전문성,S1103,교사 연수,교사,TR_TRAIN_01,교사 연수 항목 및 수강 시간 - 1)교수학습 및 평가,likert,Y,38.02,환산100점,4172,0,2.9012,1.3869,3.0,2.0,4.0,38.02,38.02,14.91,,,,,,,시계열,,,
경기학교교육실태조사,중학교,2021,1주기,2.0,읍면지역,C11,교사 전문성,S1103,교사 연수,교사,TR_TRAIN_01,교사 연수 항목 및 수강 시간 - 1)교수학습 및 평가,likert,Y,37.9,환산100점,1017,0,2.8948,1.3775,3.0,2.0,4.0,37.9,37.9,14.55,,,,,,,시계열,,,
경기학교교육실태조사,중학교,2025,2주기,1.0,중소도시,C11,교사 전문성,S1103,교사 연수,교사,TR_TRAIN_01,교사 연수 항목 및 수강 시간 - 1)교수학습 및 평가,likert,Y,44.53,환산100점,2286,0,3.2266,1.5348,3.0,2.0,4.0,44.53,44.53,21.96,,,,,,,시계열,,,
경기학교교육실태조사,중학교,2025,2주기,2.0,읍면지역,C11,교사 전문성,S1103,교사 연수,교사,TR_TRAIN_01,교사 연수 항목 및 수강 시간 - 1)교수학습 및 평가,likert,Y,47.94,환산100점,514,0,3.3969,1.5839,3.0,2.0,4.0,47.94,47.94,24.9,,,,,,,시계열,,,
경기학교교육실태조사,중학교,2021,1주기,1.0,중소도시,C11,교사 전문성,S1103,교사 연수,교사,TR_TRAIN_02,교사 연수 항목 및 수강 시간 - 2)교육정보화 및 에듀테크 활용,likert,조건부,26.03,환산100점,4172,0,2.3015,1.1914,2.0,2.0,3.0,26.03,26.03,6.95,,,,,,,시계열,,,
경기학교교육실태조사,중학교,2021,1주기,2.0,읍면지역,C11,교사 전문성,S1103,교사 연수,교사,TR_TRAIN_02,교사 연수 항목 및 수강 시간 - 2)교육정보화 및 에듀테크 활용,likert,조건부,27.71,환산100점,1017,0,2.3854,1.2275,2.0,2.0,3.0,27.71,27.71,7.87,,,,,,,시계열,,,
경기학교교육실태조사,중학교,2025,2주기,1.0,중소도시,C11,교사 전문성,S1103,교사 연수,교사,TR_TRAIN_02,교사 연수 항목 및 수강 시간 - 2)교육정보화 및 에듀테크 활용,likert,조건부,36.92,환산100점,2286,0,2.846,1.1602,3.0,2.0,3.0,36.92,36.92,9.32,,,,,,,시계열,,,
경기학교교육실태조사,중학교,2025,2주기,2.0,읍면지역,C11,교사 전문성,S1103,교사 연수,교사,TR_TRAIN_02,교사 연수 항목 및 수강 시간 - 2)교육정보화 및 에듀테크 활용,likert,조건부,38.95,환산100점,514,0,2.9475,1.1476,3.0,2.0,3.0,38.95,38.95,8.95,,,,,,,시계열,,,
경기학교교육실태조사,중학교,2021,1주기,1.0,중소도시,C11,교사 전문성,S1103,교사 연수,교사,TR_TRAIN_03,교사 연수 항목 및 수강 시간 - 3)자기계발,excluded,N,,,4172,0,2.5765,1.3331,2.0,2.0,3.0,,,,,,,,,,숨김,,,
경기학교교육실태조사,중학교,2021,1주기,2.0,읍면지역,C11,교사 전문성,S1103,교사 연수,교사,TR_TRAIN_03,교사 연수 항목 및 수강 시간 - 3)자기계발,excluded,N,,,1017,0,2.8014,1.4211,2.0,2.0,4.0,,,,,,,,,,숨김,,,
경기학교교육실태조사,중학교,2021,1주기,1.0,중소도시,C11,교사 전문성,S1103,교사 연수,교사,TR_TRAIN_04,교사 연수 항목 및 수강 시간 - 3)진로 및 진학 지도,likert,Y,20.54,환산100점,4172,0,2.0271,1.1372,2.0,1.0,2.0,20.54,20.54,5.13,,,,,,,시계열,,,
경기학교교육실태조사,중학교,2021,1주기,2.0,읍면지역,C11,교사 전문성,S1103,교사 연수,교사,TR_TRAIN_04,교사 연수 항목 및 수강 시간 - 3)진로 및 진학 지도,likert,Y,23.4,환산100점,1017,0,2.1701,1.2286,2.0,1.0,3.0,23.4,23.4,6.59,,,,,,,시계열,,,
경기학교교육실태조사,중학교,2025,2주기,1.0,중소도시,C11,교사 전문성,S1103,교사 연수,교사,TR_TRAIN_04,교사 연수 항목 및 수강 시간 - 3)진로 및 진학 지도,likert,Y,22.85,환산100점,2286,0,2.1426,1.1148,2.0,1.0,2.0,22.85,22.85,5.12,,,,,,,시계열,,,
경기학교교육실태조사,중학교,2025,2주기,2.0,읍면지역,C11,교사 전문성,S1103,교사 연수,교사,TR_TRAIN_04,교사 연수 항목 및 수강 시간 - 3)진로 및 진학 지도,likert,Y,23.58,환산100점,514,0,2.179,1.1165,2.0,1.0,3.0,23.58,23.58,4.47,,,,,,,시계열,,,
경기학교교육실태조사,중학교,2021,1주기,1.0,중소도시,C11,교사 전문성,S1103,교사 연수,교사,TR_TRAIN_05,교사 연수 항목 및 수강 시간 - 4)교육과정 및 교육정책,likert,Y,19.52,환산100점,4172,0,1.9758,1.1183,2.0,1.0,2.0,19.52,19.52,4.82,,,,,,,시계열,,,
경기학교교육실태조사,중학교,2021,1주기,2.0,읍면지역,C11,교사 전문성,S1103,교사 연수,교사,TR_TRAIN_05,교사 연수 항목 및 수강 시간 - 4)교육과정 및 교육정책,likert,Y,23.34,환산100점,1017,0,2.1672,1.2189,2.0,1.0,2.0,23.34,23.34,6.78,,,,,,,시계열,,,
경기학교교육실태조사,중학교,2025,2주기,1.0,중소도시,C11,교사 전문성,S1103,교사 연수,교사,TR_TRAIN_05,교사 연수 항목 및 수강 시간 - 4)교육과정 및 교육정책,likert,Y,24.26,환산100점,2286,0,2.213,1.007,2.0,2.0,3.0,24.26,24.26,3.94,,,,,,,시계열,,,
경기학교교육실태조사,중학교,2025,2주기,2.0,읍면지역,C11,교사 전문성,S1103,교사 연수,교사,TR_TRAIN_05,교사 연수 항목 및 수강 시간 - 4)교육과정 및 교육정책,likert,Y,26.26,환산100점,514,0,2.3132,1.0657,2.0,2.0,3.0,26.26,26.26,4.67,,,,,,,시계열,,,
경기학교교육실태조사,중학교,2021,1주기,1.0,중소도시,C11,교사 전문성,S1103,교사 연수,교사,TR_TRAIN_06,교사 연수 항목 및 수강 시간 - 5)상담 및 학급경영,likert,Y,22.14,환산100점,4172,0,2.1069,1.1416,2.0,1.0,2.0,22.14,22.14,5.63,,,,,,,시계열,,,
경기학교교육실태조사,중학교,2021,1주기,2.0,읍면지역,C11,교사 전문성,S1103,교사 연수,교사,TR_TRAIN_06,교사 연수 항목 및 수강 시간 - 5)상담 및 학급경영,likert,Y,24.23,환산100점,1017,0,2.2114,1.227,2.0,1.0,3.0,24.23,24.23,7.08,,,,,,,시계열,,,
경기학교교육실태조사,중학교,2025,2주기,1.0,중소도시,C11,교사 전문성,S1103,교사 연수,교사,TR_TRAIN_06,교사 연수 항목 및 수강 시간 - 5)상담 및 학급경영,likert,Y,23.63,환산100점,2286,0,2.1815,1.1187,2.0,1.0,3.0,23.63,23.63,5.42,,,,,,,시계열,,,
경기학교교육실태조사,중학교,2025,2주기,2.0,읍면지역,C11,교사 전문성,S1103,교사 연수,교사,TR_TRAIN_06,교사 연수 항목 및 수강 시간 - 5)상담 및 학급경영,likert,Y,24.32,환산100점,514,0,2.216,1.1589,2.0,1.0,3.0,24.32,24.32,6.03,,,,,,,시계열,,,
경기학교교육실태조사,중학교,2021,1주기,1.0,중소도시,C11,교사 전문성,S1103,교사 연수,교사,TR_TRAIN_07,교사 연수 항목 및 수강 시간 - 6)학교폭력예방 교육 및 성교육,likert,Y,29.76,환산100점,4172,0,2.488,0.9638,2.0,2.0,3.0,29.76,29.76,5.58,,,,,,,시계열,,,
경기학교교육실태조사,중학교,2021,1주기,2.0,읍면지역,C11,교사 전문성,S1103,교사 연수,교사,TR_TRAIN_07,교사 연수 항목 및 수강 시간 - 6)학교폭력예방 교육 및 성교육,likert,Y,32.47,환산100점,1017,0,2.6234,1.0361,2.0,2.0,3.0,32.47,32.47,6.88,,,,,,,시계열,,,
경기학교교육실태조사,중학교,2025,2주기,1.0,중소도시,C11,교사 전문성,S1103,교사 연수,교사,TR_TRAIN_07,교사 연수 항목 및 수강 시간 - 6)학교폭력예방 교육 및 성교육,likert,Y,29.54,환산100점,2286,0,2.4768,0.8792,2.0,2.0,3.0,29.54,29.54,4.2,,,,,,,시계열,,,
경기학교교육실태조사,중학교,2025,2주기,2.0,읍면지역,C11,교사 전문성,S1103,교사 연수,교사,TR_TRAIN_07,교사 연수 항목 및 수강 시간 - 6)학교폭력예방 교육 및 성교육,likert,Y,30.66,환산100점,514,0,2.5331,0.9026,2.0,2.0,3.0,30.66,30.66,4.47,,,,,,,시계열,,,
경기학교교육실태조사,중학교,2021,1주기,1.0,중소도시,C12,학교풍토·리더십,S1201,학교장 리더십,교사,TR_LEADER_01,"학교장의 리더십(구:학교장의 변혁적 리더십) - 1)교장선생님은 학교발전에 대해 분명한 계획을 가지고, 교사 및 학부모와 학교 교육목표를 공유한다",likert,Y,77.62,환산100점,4172,0,4.1047,0.8853,4.0,4.0,5.0,77.62,77.62,79.17,,,,,,,시계열,,,
경기학교교육실태조사,중학교,2021,1주기,2.0,읍면지역,C12,학교풍토·리더십,S1201,학교장 리더십,교사,TR_LEADER_01,"학교장의 리더십(구:학교장의 변혁적 리더십) - 1)교장선생님은 학교발전에 대해 분명한 계획을 가지고, 교사 및 학부모와 학교 교육목표를 공유한다",likert,Y,78.12,환산100점,1017,0,4.1249,0.8835,4.0,4.0,5.0,78.12,78.12,78.86,,,,,,,시계열,,,
경기학교교육실태조사,중학교,2025,2주기,1.0,중소도시,C12,학교풍토·리더십,S1201,학교장 리더십,교사,TR_LEADER_01,"학교장의 리더십(구:학교장의 변혁적 리더십) - 1)교장선생님은 학교발전에 대해 분명한 계획을 가지고, 교사 및 학부모와 학교 교육목표를 공유한다",likert,Y,75.05,환산100점,2286,0,4.0022,0.9372,4.0,4.0,5.0,75.05,75.05,75.9,,,,,,,시계열,,,
경기학교교육실태조사,중학교,2025,2주기,2.0,읍면지역,C12,학교풍토·리더십,S1201,학교장 리더십,교사,TR_LEADER_01,"학교장의 리더십(구:학교장의 변혁적 리더십) - 1)교장선생님은 학교발전에 대해 분명한 계획을 가지고, 교사 및 학부모와 학교 교육목표를 공유한다",likert,Y,78.75,환산100점,514,0,4.1498,0.8623,4.0,4.0,5.0,78.75,78.75,82.49,,,,,,,시계열,,,
경기학교교육실태조사,중학교,2021,1주기,1.0,중소도시,C12,학교풍토·리더십,S1201,학교장 리더십,교사,TR_LEADER_02,학교장의 리더십(구:학교장의 변혁적 리더십) - 2)교장선생님은 학교목표의 설정과 학교 자체 평가 과정에 교사를 참여시킨다,likert,Y,76.83,환산100점,4172,0,4.0733,0.9297,4.0,4.0,5.0,76.83,76.83,77.85,,,,,,,시계열,,,
경기학교교육실태조사,중학교,2021,1주기,2.0,읍면지역,C12,학교풍토·리더십,S1201,학교장 리더십,교사,TR_LEADER_02,학교장의 리더십(구:학교장의 변혁적 리더십) - 2)교장선생님은 학교목표의 설정과 학교 자체 평가 과정에 교사를 참여시킨다,likert,Y,77.16,환산100점,1017,0,4.0865,0.9213,4.0,4.0,5.0,77.16,77.16,77.48,,,,,,,시계열,,,
경기학교교육실태조사,중학교,2025,2주기,1.0,중소도시,C12,학교풍토·리더십,S1201,학교장 리더십,교사,TR_LEADER_02,학교장의 리더십(구:학교장의 변혁적 리더십) - 2)교장선생님은 학교목표의 설정과 학교 자체 평가 과정에 교사를 참여시킨다,likert,Y,73.3,환산100점,2286,0,3.9322,0.9924,4.0,3.0,5.0,73.3,73.3,73.32,,,,,,,시계열,,,
경기학교교육실태조사,중학교,2025,2주기,2.0,읍면지역,C12,학교풍토·리더십,S1201,학교장 리더십,교사,TR_LEADER_02,학교장의 리더십(구:학교장의 변혁적 리더십) - 2)교장선생님은 학교목표의 설정과 학교 자체 평가 과정에 교사를 참여시킨다,likert,Y,79.04,환산100점,514,0,4.1615,0.8759,4.0,4.0,5.0,79.04,79.04,81.32,,,,,,,시계열,,,
경기학교교육실태조사,중학교,2021,1주기,1.0,중소도시,C12,학교풍토·리더십,S1201,학교장 리더십,교사,TR_LEADER_03,"학교장의 리더십(구:학교장의 변혁적 리더십) - 3)교장선생님은 학교혁신과 발전에 대해서 교사와 학부모, 학생에게 조언을 구한다",likert,Y,75.97,환산100점,4172,0,4.0388,0.9487,4.0,4.0,5.0,75.97,75.97,76.2,,,,,,,시계열,,,
경기학교교육실태조사,중학교,2021,1주기,2.0,읍면지역,C12,학교풍토·리더십,S1201,학교장 리더십,교사,TR_LEADER_03,"학교장의 리더십(구:학교장의 변혁적 리더십) - 3)교장선생님은 학교혁신과 발전에 대해서 교사와 학부모, 학생에게 조언을 구한다",likert,Y,76.77,환산100점,1017,0,4.0708,0.9541,4.0,4.0,5.0,76.77,76.77,76.4,,,,,,,시계열,,,
경기학교교육실태조사,중학교,2025,2주기,1.0,중소도시,C12,학교풍토·리더십,S1201,학교장 리더십,교사,TR_LEADER_03,"학교장의 리더십(구:학교장의 변혁적 리더십) - 3)교장선생님은 학교혁신과 발전에 대해서 교사와 학부모, 학생에게 조언을 구한다",likert,Y,70.87,환산100점,2286,0,3.8346,1.0269,4.0,3.0,5.0,70.87,70.87,69.25,,,,,,,시계열,,,
경기학교교육실태조사,중학교,2025,2주기,2.0,읍면지역,C12,학교풍토·리더십,S1201,학교장 리더십,교사,TR_LEADER_03,"학교장의 리더십(구:학교장의 변혁적 리더십) - 3)교장선생님은 학교혁신과 발전에 대해서 교사와 학부모, 학생에게 조언을 구한다",likert,Y,77.53,환산100점,514,0,4.1012,0.8882,4.0,4.0,5.0,77.53,77.53,78.99,,,,,,,시계열,,,
경기학교교육실태조사,중학교,2021,1주기,1.0,중소도시,C12,학교풍토·리더십,S1201,학교장 리더십,교사,TR_LEADER_04,학교장의 리더십(구:학교장의 변혁적 리더십) - 4)교장선생님은 교사에게 영향을 줄 수 있는 의사결정에 대해 교사들과 상의한다,likert,Y,75.03,환산100점,4172,0,4.0012,1.0131,4.0,3.0,5.0,75.03,75.03,74.74,,,,,,,시계열,,,
경기학교교육실태조사,중학교,2021,1주기,2.0,읍면지역,C12,학교풍토·리더십,S1201,학교장 리더십,교사,TR_LEADER_04,학교장의 리더십(구:학교장의 변혁적 리더십) - 4)교장선생님은 교사에게 영향을 줄 수 있는 의사결정에 대해 교사들과 상의한다,likert,Y,76.7,환산100점,1017,0,4.0678,0.9712,4.0,4.0,5.0,76.7,76.7,77.09,,,,,,,시계열,,,
경기학교교육실태조사,중학교,2025,2주기,1.0,중소도시,C12,학교풍토·리더십,S1201,학교장 리더십,교사,TR_LEADER_04,학교장의 리더십(구:학교장의 변혁적 리더십) - 4)교장선생님은 교사에게 영향을 줄 수 있는 의사결정에 대해 교사들과 상의한다,likert,Y,69.56,환산100점,2286,0,3.7826,1.1178,4.0,3.0,5.0,69.56,69.56,67.41,,,,,,,시계열,,,
경기학교교육실태조사,중학교,2025,2주기,2.0,읍면지역,C12,학교풍토·리더십,S1201,학교장 리더십,교사,TR_LEADER_04,학교장의 리더십(구:학교장의 변혁적 리더십) - 4)교장선생님은 교사에게 영향을 줄 수 있는 의사결정에 대해 교사들과 상의한다,likert,Y,76.9,환산100점,514,0,4.0759,0.9853,4.0,4.0,5.0,76.9,76.9,80.16,,,,,,,시계열,,,
경기학교교육실태조사,중학교,2021,1주기,1.0,중소도시,C12,학교풍토·리더십,S1202,민주적 학교문화,교사,TR_SCH_CULTURE_01,혁신적·민주적 학교 문화 - 1)교사 개개인의 실수나 시행착오를 학습의 기회로 삼는 분위기이다,likert,Y,69.19,환산100점,4172,0,3.7677,0.9301,4.0,3.0,4.0,69.19,69.19,68.31,,,,,,,시계열,,,
경기학교교육실태조사,중학교,2021,1주기,2.0,읍면지역,C12,학교풍토·리더십,S1202,민주적 학교문화,교사,TR_SCH_CULTURE_01,혁신적·민주적 학교 문화 - 1)교사 개개인의 실수나 시행착오를 학습의 기회로 삼는 분위기이다,likert,Y,69.81,환산100점,1017,0,3.7925,0.9345,4.0,3.0,4.0,69.81,69.81,68.63,,,,,,,시계열,,,
경기학교교육실태조사,중학교,2025,2주기,1.0,중소도시,C12,학교풍토·리더십,S1202,민주적 학교문화,교사,TR_SCH_CULTURE_01,혁신적·민주적 학교 문화 - 1)교사 개개인의 실수나 시행착오를 학습의 기회로 삼는 분위기이다,likert,Y,67.48,환산100점,2286,0,3.699,0.9169,4.0,3.0,4.0,67.48,67.48,64.79,,,,,,,시계열,,,
경기학교교육실태조사,중학교,2025,2주기,2.0,읍면지역,C12,학교풍토·리더십,S1202,민주적 학교문화,교사,TR_SCH_CULTURE_01,혁신적·민주적 학교 문화 - 1)교사 개개인의 실수나 시행착오를 학습의 기회로 삼는 분위기이다,likert,Y,71.45,환산100점,514,0,3.858,0.8859,4.0,3.0,4.0,71.45,71.45,72.37,,,,,,,시계열,,,
경기학교교육실태조사,중학교,2021,1주기,1.0,중소도시,C12,학교풍토·리더십,S1202,민주적 학교문화,교사,TR_SCH_CULTURE_02,혁신적·민주적 학교 문화 - 2)직위나 경력에 관계없이 교사들이 참신한 아이디어를 내도록 서로 격려한다,likert,Y,73.43,환산100점,4172,0,3.9372,0.9362,4.0,3.0,5.0,73.43,73.43,74.38,,,,,,,시계열,,,
경기학교교육실태조사,중학교,2021,1주기,2.0,읍면지역,C12,학교풍토·리더십,S1202,민주적 학교문화,교사,TR_SCH_CULTURE_02,혁신적·민주적 학교 문화 - 2)직위나 경력에 관계없이 교사들이 참신한 아이디어를 내도록 서로 격려한다,likert,Y,73.89,환산100점,1017,0,3.9558,0.9634,4.0,3.0,5.0,73.89,73.89,73.94,,,,,,,시계열,,,
경기학교교육실태조사,중학교,2025,2주기,1.0,중소도시,C12,학교풍토·리더십,S1202,민주적 학교문화,교사,TR_SCH_CULTURE_02,혁신적·민주적 학교 문화 - 2)직위나 경력에 관계없이 교사들이 참신한 아이디어를 내도록 서로 격려한다,likert,Y,71.02,환산100점,2286,0,3.8408,0.9477,4.0,3.0,4.0,71.02,71.02,70.65,,,,,,,시계열,,,
경기학교교육실태조사,중학교,2025,2주기,2.0,읍면지역,C12,학교풍토·리더십,S1202,민주적 학교문화,교사,TR_SCH_CULTURE_02,혁신적·민주적 학교 문화 - 2)직위나 경력에 관계없이 교사들이 참신한 아이디어를 내도록 서로 격려한다,likert,Y,76.17,환산100점,514,0,4.0467,0.8906,4.0,4.0,5.0,76.17,76.17,77.82,,,,,,,시계열,,,
경기학교교육실태조사,중학교,2021,1주기,1.0,중소도시,C12,학교풍토·리더십,S1202,민주적 학교문화,교사,TR_SCH_CULTURE_03,혁신적·민주적 학교 문화 - 3)교장선생님의 학교경영에 대해 구성원이 자유롭게 의견을 제시한다,likert,Y,69.06,환산100점,4172,0,3.7625,1.0375,4.0,3.0,5.0,69.06,69.06,65.65,,,,,,,시계열,,,
경기학교교육실태조사,중학교,2021,1주기,2.0,읍면지역,C12,학교풍토·리더십,S1202,민주적 학교문화,교사,TR_SCH_CULTURE_03,혁신적·민주적 학교 문화 - 3)교장선생님의 학교경영에 대해 구성원이 자유롭게 의견을 제시한다,likert,Y,70.11,환산100점,1017,0,3.8043,1.0301,4.0,3.0,5.0,70.11,70.11,67.35,,,,,,,시계열,,,
경기학교교육실태조사,중학교,2025,2주기,1.0,중소도시,C12,학교풍토·리더십,S1202,민주적 학교문화,교사,TR_SCH_CULTURE_03,혁신적·민주적 학교 문화 - 3)교장선생님의 학교경영에 대해 구성원이 자유롭게 의견을 제시한다,likert,Y,63.92,환산100점,2286,0,3.5569,1.1176,4.0,3.0,4.0,63.92,63.92,58.01,,,,,,,시계열,,,
경기학교교육실태조사,중학교,2025,2주기,2.0,읍면지역,C12,학교풍토·리더십,S1202,민주적 학교문화,교사,TR_SCH_CULTURE_03,혁신적·민주적 학교 문화 - 3)교장선생님의 학교경영에 대해 구성원이 자유롭게 의견을 제시한다,likert,Y,72.13,환산100점,514,0,3.8852,1.0469,4.0,3.0,5.0,72.13,72.13,71.21,,,,,,,시계열,,,
경기학교교육실태조사,중학교,2021,1주기,1.0,중소도시,C12,학교풍토·리더십,S1202,민주적 학교문화,교사,TR_SCH_CULTURE_04,혁신적·민주적 학교 문화 - 4)교사들의 아이디어가 학교 운영에 적극적으로 반영된다,likert,Y,69.91,환산100점,4172,0,3.7963,0.9799,4.0,3.0,5.0,69.91,69.91,66.47,,,,,,,시계열,,,
경기학교교육실태조사,중학교,2021,1주기,2.0,읍면지역,C12,학교풍토·리더십,S1202,민주적 학교문화,교사,TR_SCH_CULTURE_04,혁신적·민주적 학교 문화 - 4)교사들의 아이디어가 학교 운영에 적극적으로 반영된다,likert,Y,71.61,환산100점,1017,0,3.8643,0.9737,4.0,3.0,5.0,71.61,71.61,68.83,,,,,,,시계열,,,
경기학교교육실태조사,중학교,2025,2주기,1.0,중소도시,C12,학교풍토·리더십,S1202,민주적 학교문화,교사,TR_SCH_CULTURE_04,혁신적·민주적 학교 문화 - 4)교사들의 아이디어가 학교 운영에 적극적으로 반영된다,likert,Y,65.72,환산100점,2286,0,3.6286,1.0145,4.0,3.0,4.0,65.72,65.72,59.84,,,,,,,시계열,,,
경기학교교육실태조사,중학교,2025,2주기,2.0,읍면지역,C12,학교풍토·리더십,S1202,민주적 학교문화,교사,TR_SCH_CULTURE_04,혁신적·민주적 학교 문화 - 4)교사들의 아이디어가 학교 운영에 적극적으로 반영된다,likert,Y,73.01,환산100점,514,0,3.9202,0.9405,4.0,3.0,5.0,73.01,73.01,71.98,,,,,,,시계열,,,
경기학교교육실태조사,중학교,2021,1주기,1.0,중소도시,C12,학교풍토·리더십,S1202,민주적 학교문화,교사,TR_SCH_CULTURE_05,혁신적·민주적 학교 문화 - 5)환경 변화에 대응하여 학교를 개선하기 위해 교사들이 능동적으로 노력한다,likert,Y,73.63,환산100점,4172,0,3.9453,0.8926,4.0,3.0,5.0,73.63,73.63,73.92,,,,,,,시계열,,,
경기학교교육실태조사,중학교,2021,1주기,2.0,읍면지역,C12,학교풍토·리더십,S1202,민주적 학교문화,교사,TR_SCH_CULTURE_05,혁신적·민주적 학교 문화 - 5)환경 변화에 대응하여 학교를 개선하기 위해 교사들이 능동적으로 노력한다,likert,Y,74.02,환산100점,1017,0,3.9607,0.9127,4.0,3.0,5.0,74.02,74.02,73.75,,,,,,,시계열,,,
경기학교교육실태조사,중학교,2025,2주기,1.0,중소도시,C12,학교풍토·리더십,S1202,민주적 학교문화,교사,TR_SCH_CULTURE_05,혁신적·민주적 학교 문화 - 5)환경 변화에 대응하여 학교를 개선하기 위해 교사들이 능동적으로 노력한다,likert,Y,71.35,환산100점,2286,0,3.8539,0.8991,4.0,3.0,4.0,71.35,71.35,69.25,,,,,,,시계열,,,
경기학교교육실태조사,중학교,2025,2주기,2.0,읍면지역,C12,학교풍토·리더십,S1202,민주적 학교문화,교사,TR_SCH_CULTURE_05,혁신적·민주적 학교 문화 - 5)환경 변화에 대응하여 학교를 개선하기 위해 교사들이 능동적으로 노력한다,likert,Y,76.12,환산100점,514,0,4.0447,0.8606,4.0,4.0,5.0,76.12,76.12,78.99,,,,,,,시계열,,,
경기학교교육실태조사,중학교,2021,1주기,1.0,중소도시,C12,학교풍토·리더십,S1202,민주적 학교문화,교사,TR_SCH_CULTURE_06,혁신적·민주적 학교 문화 - 6)지역사회와의 연계를 강화하기 위하여 노력한다,likert,Y,67.29,환산100점,4172,0,3.6918,0.9233,4.0,3.0,4.0,67.29,67.29,59.97,,,,,,,시계열,,,
경기학교교육실태조사,중학교,2021,1주기,2.0,읍면지역,C12,학교풍토·리더십,S1202,민주적 학교문화,교사,TR_SCH_CULTURE_06,혁신적·민주적 학교 문화 - 6)지역사회와의 연계를 강화하기 위하여 노력한다,likert,Y,69.0,환산100점,1017,0,3.7601,0.9219,4.0,3.0,4.0,69.0,69.0,63.52,,,,,,,시계열,,,
경기학교교육실태조사,중학교,2025,2주기,1.0,중소도시,C12,학교풍토·리더십,S1202,민주적 학교문화,교사,TR_SCH_CULTURE_06,혁신적·민주적 학교 문화 - 6)지역사회와의 연계를 강화하기 위하여 노력한다,likert,Y,63.09,환산100점,2286,0,3.5236,0.9008,4.0,3.0,4.0,63.09,63.09,51.84,,,,,,,시계열,,,
경기학교교육실태조사,중학교,2025,2주기,2.0,읍면지역,C12,학교풍토·리더십,S1202,민주적 학교문화,교사,TR_SCH_CULTURE_06,혁신적·민주적 학교 문화 - 6)지역사회와의 연계를 강화하기 위하여 노력한다,likert,Y,69.07,환산100점,514,0,3.7626,0.8842,4.0,3.0,4.0,69.07,69.07,65.56,,,,,,,시계열,,,
경기학교교육실태조사,중학교,2021,1주기,1.0,중소도시,C12,학교풍토·리더십,S1203,지역사회 연계,교사,TR_COMMUNITY_01,지역사회와의 연계 - 1)우리 학교는 학교와 학부모 혹은 지역사회기관과의 연계협력을 중요하게 생각한다,likert,Y,74.48,환산100점,4172,0,3.9794,0.7917,4.0,3.0,5.0,74.48,74.48,74.5,,,,,,,시계열,,,
경기학교교육실태조사,중학교,2021,1주기,2.0,읍면지역,C12,학교풍토·리더십,S1203,지역사회 연계,교사,TR_COMMUNITY_01,지역사회와의 연계 - 1)우리 학교는 학교와 학부모 혹은 지역사회기관과의 연계협력을 중요하게 생각한다,likert,Y,76.43,환산100점,1017,0,4.057,0.7941,4.0,4.0,5.0,76.43,76.43,78.27,,,,,,,시계열,,,
경기학교교육실태조사,중학교,2025,2주기,1.0,중소도시,C12,학교풍토·리더십,S1203,지역사회 연계,교사,TR_COMMUNITY_01,지역사회와의 연계 - 1)우리 학교는 학교와 학부모 혹은 지역사회기관과의 연계협력을 중요하게 생각한다,likert,Y,70.63,환산100점,2286,0,3.825,0.7961,4.0,3.0,4.0,70.63,70.63,67.63,,,,,,,시계열,,,
경기학교교육실태조사,중학교,2025,2주기,2.0,읍면지역,C12,학교풍토·리더십,S1203,지역사회 연계,교사,TR_COMMUNITY_01,지역사회와의 연계 - 1)우리 학교는 학교와 학부모 혹은 지역사회기관과의 연계협력을 중요하게 생각한다,likert,Y,75.39,환산100점,514,0,4.0156,0.7491,4.0,4.0,5.0,75.39,75.39,78.79,,,,,,,시계열,,,
경기학교교육실태조사,중학교,2021,1주기,1.0,중소도시,C12,학교풍토·리더십,S1203,지역사회 연계,교사,TR_COMMUNITY_02,지역사회와의 연계 - 2)우리 학교는 학부모나 지역사회기관으로부터 학교 교육활동에 대한 다양한 도움을 받고 있다,likert,Y,71.43,환산100점,4172,0,3.8571,0.8357,4.0,3.0,4.0,71.43,71.43,67.28,,,,,,,시계열,,,
경기학교교육실태조사,중학교,2021,1주기,2.0,읍면지역,C12,학교풍토·리더십,S1203,지역사회 연계,교사,TR_COMMUNITY_02,지역사회와의 연계 - 2)우리 학교는 학부모나 지역사회기관으로부터 학교 교육활동에 대한 다양한 도움을 받고 있다,likert,Y,73.8,환산100점,1017,0,3.9518,0.834,4.0,3.0,5.0,73.8,73.8,73.06,,,,,,,시계열,,,
경기학교교육실태조사,중학교,2025,2주기,1.0,중소도시,C12,학교풍토·리더십,S1203,지역사회 연계,교사,TR_COMMUNITY_02,지역사회와의 연계 - 2)우리 학교는 학부모나 지역사회기관으로부터 학교 교육활동에 대한 다양한 도움을 받고 있다,likert,Y,67.92,환산100점,2286,0,3.717,0.8252,4.0,3.0,4.0,67.92,67.92,61.9,,,,,,,시계열,,,
경기학교교육실태조사,중학교,2025,2주기,2.0,읍면지역,C12,학교풍토·리더십,S1203,지역사회 연계,교사,TR_COMMUNITY_02,지역사회와의 연계 - 2)우리 학교는 학부모나 지역사회기관으로부터 학교 교육활동에 대한 다양한 도움을 받고 있다,likert,Y,73.59,환산100점,514,0,3.9436,0.7964,4.0,3.0,4.0,73.59,73.59,73.93,,,,,,,시계열,,,
경기학교교육실태조사,중학교,2021,1주기,1.0,중소도시,C12,학교풍토·리더십,S1203,지역사회 연계,교사,TR_COMMUNITY_03,지역사회와의 연계 - 3)우리 학교는 지역사회에 도움을 준다,likert,Y,71.81,환산100점,4172,0,3.8725,0.8096,4.0,3.0,4.0,71.81,71.81,67.62,,,,,,,시계열,,,
경기학교교육실태조사,중학교,2021,1주기,2.0,읍면지역,C12,학교풍토·리더십,S1203,지역사회 연계,교사,TR_COMMUNITY_03,지역사회와의 연계 - 3)우리 학교는 지역사회에 도움을 준다,likert,Y,74.39,환산100점,1017,0,3.9754,0.7827,4.0,3.0,5.0,74.39,74.39,73.94,,,,,,,시계열,,,
경기학교교육실태조사,중학교,2025,2주기,1.0,중소도시,C12,학교풍토·리더십,S1203,지역사회 연계,교사,TR_COMMUNITY_03,지역사회와의 연계 - 3)우리 학교는 지역사회에 도움을 준다,likert,Y,69.05,환산100점,2286,0,3.762,0.8211,4.0,3.0,4.0,69.05,69.05,62.82,,,,,,,시계열,,,
경기학교교육실태조사,중학교,2025,2주기,2.0,읍면지역,C12,학교풍토·리더십,S1203,지역사회 연계,교사,TR_COMMUNITY_03,지역사회와의 연계 - 3)우리 학교는 지역사회에 도움을 준다,likert,Y,75.44,환산100점,514,0,4.0175,0.7933,4.0,4.0,5.0,75.44,75.44,76.85,,,,,,,시계열,,,
경기학교교육실태조사,중학교,2021,1주기,1.0,중소도시,C12,학교풍토·리더십,S1203,지역사회 연계,교사,TR_COMMUNITY_04,지역사회와의 연계 - 4)우리 학교는 학부모나 지역사회기관과 연계하여 진행하고 있는 프로그램에 학생들이 적극적으로 참여한다,likert,Y,70.53,환산100점,4172,0,3.8212,0.8445,4.0,3.0,4.0,70.53,70.53,64.84,,,,,,,시계열,,,
경기학교교육실태조사,중학교,2021,1주기,2.0,읍면지역,C12,학교풍토·리더십,S1203,지역사회 연계,교사,TR_COMMUNITY_04,지역사회와의 연계 - 4)우리 학교는 학부모나 지역사회기관과 연계하여 진행하고 있는 프로그램에 학생들이 적극적으로 참여한다,likert,Y,73.13,환산100점,1017,0,3.9253,0.8338,4.0,3.0,5.0,73.13,73.13,71.19,,,,,,,시계열,,,
경기학교교육실태조사,중학교,2025,2주기,1.0,중소도시,C12,학교풍토·리더십,S1203,지역사회 연계,교사,TR_COMMUNITY_04,지역사회와의 연계 - 4)우리 학교는 학부모나 지역사회기관과 연계하여 진행하고 있는 프로그램에 학생들이 적극적으로 참여한다,likert,Y,68.0,환산100점,2286,0,3.72,0.8612,4.0,3.0,4.0,68.0,68.0,60.98,,,,,,,시계열,,,
경기학교교육실태조사,중학교,2025,2주기,2.0,읍면지역,C12,학교풍토·리더십,S1203,지역사회 연계,교사,TR_COMMUNITY_04,지역사회와의 연계 - 4)우리 학교는 학부모나 지역사회기관과 연계하여 진행하고 있는 프로그램에 학생들이 적극적으로 참여한다,likert,Y,74.27,환산100점,514,0,3.9708,0.8172,4.0,3.0,5.0,74.27,74.27,73.54,,,,,,,시계열,,,
경기학교교육실태조사,중학교,2021,1주기,1.0,중소도시,C12,학교풍토·리더십,S1203,지역사회 연계,교사,TR_COMMUNITY_05,지역사회와의 연계 - 5)우리 학교는 학생들을 지원하기 위해 학부모나 지역사회기관과 협의회나 모임을 적극적으로 개최한다,likert,Y,69.06,환산100점,4172,0,3.7622,0.8627,4.0,3.0,4.0,69.06,69.06,61.0,,,,,,,시계열,,,
경기학교교육실태조사,중학교,2021,1주기,2.0,읍면지역,C12,학교풍토·리더십,S1203,지역사회 연계,교사,TR_COMMUNITY_05,지역사회와의 연계 - 5)우리 학교는 학생들을 지원하기 위해 학부모나 지역사회기관과 협의회나 모임을 적극적으로 개최한다,likert,Y,71.09,환산100점,1017,0,3.8437,0.8661,4.0,3.0,4.0,71.09,71.09,65.59,,,,,,,시계열,,,
경기학교교육실태조사,중학교,2025,2주기,1.0,중소도시,C12,학교풍토·리더십,S1203,지역사회 연계,교사,TR_COMMUNITY_05,지역사회와의 연계 - 5)우리 학교는 학생들을 지원하기 위해 학부모나 지역사회기관과 협의회나 모임을 적극적으로 개최한다,likert,Y,63.39,환산100점,2286,0,3.5354,0.8753,4.0,3.0,4.0,63.39,63.39,50.83,,,,,,,시계열,,,
경기학교교육실태조사,중학교,2025,2주기,2.0,읍면지역,C12,학교풍토·리더십,S1203,지역사회 연계,교사,TR_COMMUNITY_05,지역사회와의 연계 - 5)우리 학교는 학생들을 지원하기 위해 학부모나 지역사회기관과 협의회나 모임을 적극적으로 개최한다,likert,Y,69.89,환산100점,514,0,3.7957,0.8395,4.0,3.0,4.0,69.89,69.89,63.23,,,,,,,시계열,,,
